==============================================================
Vitis HLS - High-Level Synthesis from C, C++ and OpenCL v2023.2 (64-bit)
Tool Version Limit: 2023.10
Copyright 1986-2022 Xilinx, Inc. All Rights Reserved.
Copyright 2022-2023 Advanced Micro Devices, Inc. All Rights Reserved.

==============================================================
INFO: [HLS 200-1505] Using flow_target 'vitis'
INFO: [HLS 200-435] Setting 'open_solution -flow_target vitis' configuration: config_interface -m_axi_latency=64
INFO: [HLS 200-435] Setting 'open_solution -flow_target vitis' configuration: config_interface -m_axi_alignment_byte_size=64
INFO: [HLS 200-435] Setting 'open_solution -flow_target vitis' configuration: config_interface -m_axi_max_widen_bitwidth=512
INFO: [HLS 200-435] Setting 'open_solution -flow_target vitis' configuration: config_rtl -register_reset_num=3
INFO: [HLS 200-1510] Running: set_part xcvc1902-vsva2197-2MP-e-S 
INFO: [HLS 200-1611] Setting target device to 'xcvc1902-vsva2197-2MP-e-S'
INFO: [HLS 200-1510] Running: create_clock -period 300MHz -name default 
INFO: [SYN 201-201] Setting up clock 'default' with a period of 3.333ns.
INFO: [HLS 200-1510] Running: config_compile -pipeline_loops 0 
INFO: [HLS 200-1510] Running: config_interface -m_axi_conservative_mode=0 
INFO: [HLS 200-1510] Running: config_compile -enable_auto_rewind 
INFO: [HLS 200-1510] Running: config_rtl -add_register_in_block_condition=false 
INFO: [HLS 200-1510] Running: config_storage fifo -impl auto -auto_srl_max_bits 0 -auto_srl_max_depth 0 
INFO: [HLS 200-1510] Running: config_compile -unsafe_math_optimizations 
INFO: [XFORM 203-1172] Optimizing floating point zeros and discarding its signedness.
INFO: [XFORM 203-1176] Optimizing floating point comparison without checking NaN.
INFO: [XFORM 203-1173] Reordering floating point operations aggressively.
INFO: [HLS 200-1510] Running: config_array_partition -throughput_driven off 
INFO: [HLS 200-1510] Running: config_array_partition -complete_threshold 1 
INFO: [XFORM 203-102] Size-based automatic array partition enabled: cut-off elements per dimension is 1.
INFO: [HLS 200-1510] Running: csim_design 
INFO: [SIM 211-2] *************** CSIM start ***************
INFO: [SIM 211-4] CSIM will launch GCC as the compiler.
INFO: [HLS 200-2036] Building debug C Simulation binaries
INFO: [SIM 211-1] CSim done with 0 errors.
INFO: [SIM 211-3] *************** CSIM finish ***************
INFO: [HLS 200-111] Finished Command csim_design CPU user time: 1.9 seconds. CPU system time: 0.28 seconds. Elapsed time: 2.19 seconds; current allocated memory: 0.559 MB.
INFO: [HLS 200-1510] Running: csynth_design 
INFO: [HLS 200-111] Finished File checks and directory preparation: CPU user time: 0.04 seconds. CPU system time: 0.01 seconds. Elapsed time: 0.05 seconds; current allocated memory: 236.426 MB.
INFO: [HLS 200-10] Analyzing design file 'source/gemm.cpp' ... 
WARNING: [HLS 207-5571] Only 'for' loop or function body support the dataflow pragma (source/gemm.cpp:31:9)
WARNING: [HLS 214-111] Static scalars and arrays declared inside a dataflow region will be treated like local variables (source/tiling_manager.hpp:55:15)
WARNING: [HLS 214-114] Since the only kind of statements allowed in a canonical dataflow region are variable declarations and function calls, the compiler may not be able to correctly handle the region (source/sa_functions.hpp:31:9)
WARNING: [HLS 200-471] Dataflow form checks found 2 issue(s) in file source/gemm.cpp
INFO: [HLS 200-111] Finished Source Code Analysis and Preprocessing: CPU user time: 2.69 seconds. CPU system time: 0.38 seconds. Elapsed time: 3.08 seconds; current allocated memory: 240.520 MB.
INFO: [HLS 200-777] Using interface defaults for 'Vitis' flow target.
INFO: [HLS 200-1995] There were 836 instructions in the design after the 'Compile/Link' phase of compilation. See the Design Size Report for more details: /home/jonivar/Documents/Uni/DIPLOMA_THESIS/HLSProjects/gemm-with-systolic-array/hls_project/gemm2/syn/report/csynth_design_size.rpt
INFO: [HLS 200-1995] There were 5,457 instructions in the design after the 'Unroll/Inline (step 1)' phase of compilation. See the Design Size Report for more details: /home/jonivar/Documents/Uni/DIPLOMA_THESIS/HLSProjects/gemm-with-systolic-array/hls_project/gemm2/syn/report/csynth_design_size.rpt
INFO: [HLS 200-1995] There were 4,446 instructions in the design after the 'Unroll/Inline (step 2)' phase of compilation. See the Design Size Report for more details: /home/jonivar/Documents/Uni/DIPLOMA_THESIS/HLSProjects/gemm-with-systolic-array/hls_project/gemm2/syn/report/csynth_design_size.rpt
INFO: [HLS 200-1995] There were 4,352 instructions in the design after the 'Unroll/Inline (step 3)' phase of compilation. See the Design Size Report for more details: /home/jonivar/Documents/Uni/DIPLOMA_THESIS/HLSProjects/gemm-with-systolic-array/hls_project/gemm2/syn/report/csynth_design_size.rpt
INFO: [HLS 200-1995] There were 4,216 instructions in the design after the 'Unroll/Inline (step 4)' phase of compilation. See the Design Size Report for more details: /home/jonivar/Documents/Uni/DIPLOMA_THESIS/HLSProjects/gemm-with-systolic-array/hls_project/gemm2/syn/report/csynth_design_size.rpt
INFO: [HLS 200-1995] There were 14,333 instructions in the design after the 'Array/Struct (step 1)' phase of compilation. See the Design Size Report for more details: /home/jonivar/Documents/Uni/DIPLOMA_THESIS/HLSProjects/gemm-with-systolic-array/hls_project/gemm2/syn/report/csynth_design_size.rpt
INFO: [HLS 200-1995] There were 10,692 instructions in the design after the 'Array/Struct (step 2)' phase of compilation. See the Design Size Report for more details: /home/jonivar/Documents/Uni/DIPLOMA_THESIS/HLSProjects/gemm-with-systolic-array/hls_project/gemm2/syn/report/csynth_design_size.rpt
INFO: [HLS 200-1995] There were 9,988 instructions in the design after the 'Array/Struct (step 3)' phase of compilation. See the Design Size Report for more details: /home/jonivar/Documents/Uni/DIPLOMA_THESIS/HLSProjects/gemm-with-systolic-array/hls_project/gemm2/syn/report/csynth_design_size.rpt
INFO: [HLS 200-1995] There were 9,983 instructions in the design after the 'Array/Struct (step 4)' phase of compilation. See the Design Size Report for more details: /home/jonivar/Documents/Uni/DIPLOMA_THESIS/HLSProjects/gemm-with-systolic-array/hls_project/gemm2/syn/report/csynth_design_size.rpt
INFO: [HLS 200-1995] There were 10,111 instructions in the design after the 'Array/Struct (step 5)' phase of compilation. See the Design Size Report for more details: /home/jonivar/Documents/Uni/DIPLOMA_THESIS/HLSProjects/gemm-with-systolic-array/hls_project/gemm2/syn/report/csynth_design_size.rpt
INFO: [HLS 200-1995] There were 9,983 instructions in the design after the 'Performance' phase of compilation. See the Design Size Report for more details: /home/jonivar/Documents/Uni/DIPLOMA_THESIS/HLSProjects/gemm-with-systolic-array/hls_project/gemm2/syn/report/csynth_design_size.rpt
INFO: [HLS 200-1995] There were 9,983 instructions in the design after the 'Performance (step 2)' phase of compilation. See the Design Size Report for more details: /home/jonivar/Documents/Uni/DIPLOMA_THESIS/HLSProjects/gemm-with-systolic-array/hls_project/gemm2/syn/report/csynth_design_size.rpt
INFO: [HLS 200-1995] There were 9,983 instructions in the design after the 'Performance (step 3)' phase of compilation. See the Design Size Report for more details: /home/jonivar/Documents/Uni/DIPLOMA_THESIS/HLSProjects/gemm-with-systolic-array/hls_project/gemm2/syn/report/csynth_design_size.rpt
INFO: [HLS 200-1995] There were 11,551 instructions in the design after the 'HW Transforms (step 1)' phase of compilation. See the Design Size Report for more details: /home/jonivar/Documents/Uni/DIPLOMA_THESIS/HLSProjects/gemm-with-systolic-array/hls_project/gemm2/syn/report/csynth_design_size.rpt
INFO: [HLS 200-1995] There were 11,921 instructions in the design after the 'HW Transforms (step 2)' phase of compilation. See the Design Size Report for more details: /home/jonivar/Documents/Uni/DIPLOMA_THESIS/HLSProjects/gemm-with-systolic-array/hls_project/gemm2/syn/report/csynth_design_size.rpt
INFO: [HLS 214-291] Loop 'VITIS_LOOP_52_2' is marked as complete unroll implied by the pipeline pragma (source/dram.hpp:52:19)
INFO: [HLS 214-291] Loop 'VITIS_LOOP_54_3' is marked as complete unroll implied by the pipeline pragma (source/dram.hpp:54:19)
INFO: [HLS 214-291] Loop 'VITIS_LOOP_57_4' is marked as complete unroll implied by the pipeline pragma (source/dram.hpp:57:34)
INFO: [HLS 214-291] Loop 'VITIS_LOOP_29_3' is marked as complete unroll implied by the pipeline pragma (source/dram.hpp:29:22)
INFO: [HLS 214-291] Loop 'VITIS_LOOP_8_2' is marked as complete unroll implied by the pipeline pragma (source/dram.hpp:8:18)
INFO: [HLS 214-291] Loop 'VITIS_LOOP_10_3' is marked as complete unroll implied by the pipeline pragma (source/dram.hpp:10:30)
INFO: [HLS 214-186] Unrolling loop 'VITIS_LOOP_52_2' (source/dram.hpp:52:19) in function 'storeOutputToDRAM' completely with a factor of 2 (source/dram.hpp:46:0)
INFO: [HLS 214-186] Unrolling loop 'VITIS_LOOP_54_3' (source/dram.hpp:54:19) in function 'storeOutputToDRAM' completely with a factor of 1 (source/dram.hpp:46:0)
INFO: [HLS 214-186] Unrolling loop 'VITIS_LOOP_57_4' (source/dram.hpp:57:34) in function 'storeOutputToDRAM' completely with a factor of 8 (source/dram.hpp:46:0)
INFO: [HLS 214-186] Unrolling loop 'tile_loop_B' (source/sa_functions.hpp:43:9) in function 'runSystolicArray' completely with a factor of 2 (source/sa_functions.hpp:26:0)
INFO: [HLS 214-186] Unrolling loop 'calculate_matmul' (source/sa_functions.hpp:49:13) in function 'runSystolicArray' completely with a factor of 8 (source/sa_functions.hpp:26:0)
INFO: [HLS 214-186] Unrolling loop 'VITIS_LOOP_51_1' (source/sa_functions.hpp:51:19) in function 'runSystolicArray' completely with a factor of 8 (source/sa_functions.hpp:26:0)
INFO: [HLS 214-186] Unrolling loop 'VITIS_LOOP_5_1' (source/tiling_manager.hpp:5:18) in function 'stream_to_C_Buf' completely with a factor of 8 (source/tiling_manager.hpp:3:0)
INFO: [HLS 214-186] Unrolling loop 'VITIS_LOOP_7_2' (source/tiling_manager.hpp:7:18) in function 'stream_to_C_Buf' completely with a factor of 8 (source/tiling_manager.hpp:3:0)
INFO: [HLS 214-186] Unrolling loop 'sink_b' (source/sa_functions.hpp:17:5) in function 'sink_streams' completely with a factor of 8 (source/sa_functions.hpp:4:0)
INFO: [HLS 214-186] Unrolling loop 'VITIS_LOOP_19_2' (source/sa_functions.hpp:19:19) in function 'sink_streams' completely with a factor of 8 (source/sa_functions.hpp:4:0)
INFO: [HLS 214-186] Unrolling loop 'sink_a' (source/sa_functions.hpp:8:5) in function 'sink_streams' completely with a factor of 8 (source/sa_functions.hpp:4:0)
INFO: [HLS 214-186] Unrolling loop 'VITIS_LOOP_10_1' (source/sa_functions.hpp:10:19) in function 'sink_streams' completely with a factor of 8 (source/sa_functions.hpp:4:0)
INFO: [HLS 214-186] Unrolling loop 'VITIS_LOOP_16_1' (source/tiling_manager.hpp:16:19) in function 'B_Buf_to_stream' completely with a factor of 8 (source/tiling_manager.hpp:14:0)
INFO: [HLS 214-186] Unrolling loop 'VITIS_LOOP_18_2' (source/tiling_manager.hpp:18:19) in function 'B_Buf_to_stream' completely with a factor of 8 (source/tiling_manager.hpp:14:0)
INFO: [HLS 214-186] Unrolling loop 'VITIS_LOOP_39_1' (source/tiling_manager.hpp:39:19) in function 'tile_A_to_stream' completely with a factor of 8 (source/tiling_manager.hpp:37:0)
INFO: [HLS 214-186] Unrolling loop 'VITIS_LOOP_41_2' (source/tiling_manager.hpp:41:19) in function 'tile_A_to_stream' completely with a factor of 8 (source/tiling_manager.hpp:37:0)
INFO: [HLS 214-186] Unrolling loop 'VITIS_LOOP_43_3' (source/tiling_manager.hpp:43:19) in function 'tile_A_to_stream' completely with a factor of 2 (source/tiling_manager.hpp:37:0)
INFO: [HLS 214-186] Unrolling loop 'VITIS_LOOP_28_1' (source/tiling_manager.hpp:28:19) in function 'load_tile_A' completely with a factor of 8 (source/tiling_manager.hpp:25:0)
INFO: [HLS 214-186] Unrolling loop 'VITIS_LOOP_30_2' (source/tiling_manager.hpp:30:19) in function 'load_tile_A' completely with a factor of 8 (source/tiling_manager.hpp:25:0)
INFO: [HLS 214-186] Unrolling loop 'VITIS_LOOP_29_3' (source/dram.hpp:29:22) in function 'load_B' completely with a factor of 8 (source/dram.hpp:19:0)
INFO: [HLS 214-186] Unrolling loop 'VITIS_LOOP_8_2' (source/dram.hpp:8:18) in function 'load_A' completely with a factor of 1 (source/dram.hpp:3:0)
INFO: [HLS 214-186] Unrolling loop 'VITIS_LOOP_10_3' (source/dram.hpp:10:30) in function 'load_A' completely with a factor of 8 (source/dram.hpp:3:0)
INFO: [HLS 214-178] Inlining function 'std::__array_traits<float, 8ul>::_S_ref(float const (&) [8], unsigned long)' into 'std::array<float, 8ul>::operator[](unsigned long)' (/home/jonivar/Documents/Xilinx/Vitis_HLS/2023.2/tps/lnx64/gcc-8.3.0/lib/gcc/x86_64-pc-linux-gnu/8.3.0/../../../../include/c++/8.3.0/array:186:0)
INFO: [HLS 214-178] Inlining function 'std::array<float, 8ul>::operator[](unsigned long)' into 'load_A(hls::burst_maxi<hls::vector<float, 8ul> >, float (*) [8])' (source/dram.hpp:3:0)
INFO: [HLS 214-178] Inlining function 'std::__array_traits<float, 8ul>::_S_ref(float const (&) [8], unsigned long)' into 'std::array<float, 8ul>::operator[](unsigned long) const' (/home/jonivar/Documents/Xilinx/Vitis_HLS/2023.2/tps/lnx64/gcc-8.3.0/lib/gcc/x86_64-pc-linux-gnu/8.3.0/../../../../include/c++/8.3.0/array:190:0)
INFO: [HLS 214-178] Inlining function 'std::array<float, 8ul>::operator[](unsigned long) const' into 'load_B(hls::burst_maxi<hls::vector<float, 8ul> >, float (*) [8][8])' (source/dram.hpp:19:0)
INFO: [HLS 214-178] Inlining function 'std::array<float, 8ul>::operator[](unsigned long)' into 'storeOutputToDRAM(float (*) [2][8][8], hls::burst_maxi<hls::vector<float, 8ul> >)' (source/dram.hpp:46:0)
INFO: [HLS 214-248] Applying array_partition to '_ZZ4tm_APA8_fPA8_A9_N3hls6streamIfLi0EEEiE6A_TILE': Complete partitioning on dimension 1. Complete partitioning on dimension 2. (source/tiling_manager.hpp:55:0)
INFO: [HLS 214-248] Applying array_partition to 'A_stream': Complete partitioning on dimension 1. Complete partitioning on dimension 2. Complete partitioning on dimension 3. (source/sa_functions.hpp:33:21)
INFO: [HLS 214-248] Applying array_partition to 'B_stream': Complete partitioning on dimension 1. Complete partitioning on dimension 2. Complete partitioning on dimension 3. (source/sa_functions.hpp:35:21)
INFO: [HLS 214-248] Applying array_partition to 'C_stream': Complete partitioning on dimension 1. Complete partitioning on dimension 2. Complete partitioning on dimension 3. (source/sa_functions.hpp:37:21)
INFO: [HLS 214-248] Applying array_partition to 'A_BUF': Block partitioning with factor 4 on dimension 1. Complete partitioning on dimension 2. (source/gemm.cpp:14:8)
INFO: [HLS 214-248] Applying array_partition to 'B_BUF': Complete partitioning on dimension 1. Complete partitioning on dimension 2. Complete partitioning on dimension 3. (source/gemm.cpp:20:8)
INFO: [HLS 214-248] Applying array_partition to 'C_BUF': Complete partitioning on dimension 1. Complete partitioning on dimension 2. Complete partitioning on dimension 3. Complete partitioning on dimension 4. (source/gemm.cpp:33:8)
WARNING: [HLS 214-322] Unsuported scalar variable on pragma 'Stream', ignore it. (source/gemm.cpp:21:9)
WARNING: [HLS 214-322] Unsuported scalar variable on pragma 'Stream', ignore it. (source/gemm.cpp:34:9)
WARNING: [HLS 214-322] Unsuported scalar variable on pragma 'Stream', ignore it. (source/tiling_manager.hpp:56:9)
INFO: [HLS 214-306] Performing burst_maxi read of length 32 and bit width 256 on bundle 'gmem0'. These burst requests might be further partitioned into multiple requests during RTL generation, based on max_read_burst_length or max_write_burst_length settings. (source/dram.hpp:5:9)
INFO: [HLS 214-306] Performing burst_maxi read of length 16 and bit width 256 on bundle 'gmem1'. These burst requests might be further partitioned into multiple requests during RTL generation, based on max_read_burst_length or max_write_burst_length settings. (source/dram.hpp:21:9)
INFO: [HLS 214-306] Performing burst_maxi write of length 64 and bit width 256 on bundle 'gmem2'. These burst requests might be further partitioned into multiple requests during RTL generation, based on max_read_burst_length or max_write_burst_length settings. (source/dram.hpp:48:9)
INFO: [HLS 200-111] Finished Compiling Optimization and Transform: CPU user time: 11.08 seconds. CPU system time: 0.83 seconds. Elapsed time: 14.11 seconds; current allocated memory: 249.348 MB.
INFO: [HLS 200-111] Finished Checking Pragmas: CPU user time: 0 seconds. CPU system time: 0 seconds. Elapsed time: 0 seconds; current allocated memory: 249.348 MB.
INFO: [HLS 200-10] Starting code transformations ...
INFO: [HLS 200-111] Finished Standard Transforms: CPU user time: 1.14 seconds. CPU system time: 0.01 seconds. Elapsed time: 1.15 seconds; current allocated memory: 264.434 MB.
INFO: [HLS 200-10] Checking synthesizability ...
INFO: [HLS 200-111] Finished Checking Synthesizability: CPU user time: 2.56 seconds. CPU system time: 0.01 seconds. Elapsed time: 2.58 seconds; current allocated memory: 282.973 MB.
INFO: [XFORM 203-712] Applying dataflow to function 'loadInputsFromDRAM' (source/dram.hpp:40:1), detected/extracted 2 process function(s): 
	 'load_A'
	 'load_B'.
INFO: [XFORM 203-712] Applying dataflow to function 'tm_A2' (source/sa_functions.hpp:40:2), detected/extracted 2 process function(s): 
	 'load_tile_A161'
	 'tile_A_to_stream162'.
INFO: [XFORM 203-712] Applying dataflow to function 'dataflow_in_loop_tile_loop_A' (source/sa_functions.hpp:33:9), detected/extracted 135 process function(s): 
	 'tm_A2'
	 'B_Buf_to_stream3'
	 'PE4'
	 'PE.129'
	 'PE.230'
	 'PE.331'
	 'PE.432'
	 'PE.533'
	 'PE.634'
	 'PE.735'
	 'PE.836'
	 'PE.937'
	 'PE.1038'
	 'PE.1139'
	 'PE.1240'
	 'PE.1341'
	 'PE.1442'
	 'PE.1543'
	 'PE.1644'
	 'PE.1745'
	 'PE.1846'
	 'PE.1947'
	 'PE.2048'
	 'PE.2149'
	 'PE.2250'
	 'PE.2351'
	 'PE.2452'
	 'PE.2553'
	 'PE.2654'
	 'PE.2755'
	 'PE.2856'
	 'PE.2957'
	 'PE.3058'
	 'PE.3159'
	 'PE.3260'
	 'PE.3361'
	 'PE.3462'
	 'PE.3563'
	 'PE.3664'
	 'PE.3765'
	 'PE.3866'
	 'PE.3967'
	 'PE.4068'
	 'PE.4169'
	 'PE.4270'
	 'PE.4371'
	 'PE.4472'
	 'PE.4573'
	 'PE.4674'
	 'PE.4775'
	 'PE.4876'
	 'PE.4977'
	 'PE.5078'
	 'PE.5179'
	 'PE.5280'
	 'PE.5381'
	 'PE.5482'
	 'PE.5583'
	 'PE.5684'
	 'PE.5785'
	 'PE.5886'
	 'PE.5987'
	 'PE.6088'
	 'PE.6189'
	 'PE.6290'
	 'PE.6391'
	 'sink_streams92'
	 'stream_to_C_Buf93'
	 'B_Buf_to_stream.6494'
	 'PE.6595'
	 'PE.6696'
	 'PE.6797'
	 'PE.6898'
	 'PE.6999'
	 'PE.70100'
	 'PE.71101'
	 'PE.72102'
	 'PE.73103'
	 'PE.74104'
	 'PE.75105'
	 'PE.76106'
	 'PE.77107'
	 'PE.78108'
	 'PE.79109'
	 'PE.80110'
	 'PE.81111'
	 'PE.82112'
	 'PE.83113'
	 'PE.84114'
	 'PE.85115'
	 'PE.86116'
	 'PE.87117'
	 'PE.88118'
	 'PE.89119'
	 'PE.90120'
	 'PE.91121'
	 'PE.92122'
	 'PE.93123'
	 'PE.94124'
	 'PE.95125'
	 'PE.96126'
	 'PE.97127'
	 'PE.98128'
	 'PE.99129'
	 'PE.100130'
	 'PE.101131'
	 'PE.102132'
	 'PE.103133'
	 'PE.104134'
	 'PE.105135'
	 'PE.106136'
	 'PE.107137'
	 'PE.108138'
	 'PE.109139'
	 'PE.110140'
	 'PE.111141'
	 'PE.112142'
	 'PE.113143'
	 'PE.114144'
	 'PE.115145'
	 'PE.116146'
	 'PE.117147'
	 'PE.118148'
	 'PE.119149'
	 'PE.120150'
	 'PE.121151'
	 'PE.122152'
	 'PE.123153'
	 'PE.124154'
	 'PE.125155'
	 'PE.126156'
	 'PE.127157'
	 'PE.128158'
	 'sink_streams.129159'
	 'stream_to_C_Buf.130160'.
INFO: [HLS 200-111] Finished Loop, function and other optimizations: CPU user time: 8.01 seconds. CPU system time: 0.01 seconds. Elapsed time: 8.03 seconds; current allocated memory: 323.391 MB.
INFO: [HLS 200-2061] Successfully converted nested loops 'VITIS_LOOP_24_1'(source/dram.hpp:24:20) and 'VITIS_LOOP_25_2'(source/dram.hpp:25:21) in function 'load_B' into perfectly nested loops.
INFO: [XFORM 203-541] Flattening a loop nest 'VITIS_LOOP_24_1' (source/dram.hpp:24:20) in function 'load_B'.
WARNING: [HLS 200-1992] Performance of loop 'VITIS_LOOP_6_1'(source/dram.hpp:6:21) in function 'load_A' can be improved with loop rewind inference if the loop is called from a region that can be executed in overlapped fashion such as a dataflow region or the top function.
INFO: [HLS 200-1856] Using 'standard' precision for all 'fmac' operations
INFO: [XFORM 203-531] Rewinding loop 'VITIS_LOOP_6_1' (source/dram.hpp:6) in function 'load_A'.
INFO: [XFORM 203-531] Rewinding loop 'VITIS_LOOP_8_1' (source/pe.h:8) in function 'PE4'.
INFO: [XFORM 203-531] Rewinding loop 'VITIS_LOOP_8_1' (source/pe.h:8) in function 'PE.99129'.
INFO: [XFORM 203-531] Rewinding loop 'VITIS_LOOP_8_1' (source/pe.h:8) in function 'PE.98128'.
INFO: [XFORM 203-531] Rewinding loop 'VITIS_LOOP_8_1' (source/pe.h:8) in function 'PE.97127'.
INFO: [XFORM 203-531] Rewinding loop 'VITIS_LOOP_8_1' (source/pe.h:8) in function 'PE.96126'.
INFO: [XFORM 203-531] Rewinding loop 'VITIS_LOOP_8_1' (source/pe.h:8) in function 'PE.95125'.
INFO: [XFORM 203-531] Rewinding loop 'VITIS_LOOP_8_1' (source/pe.h:8) in function 'PE.94124'.
INFO: [XFORM 203-531] Rewinding loop 'VITIS_LOOP_8_1' (source/pe.h:8) in function 'PE.937'.
INFO: [XFORM 203-531] Rewinding loop 'VITIS_LOOP_8_1' (source/pe.h:8) in function 'PE.93123'.
INFO: [XFORM 203-531] Rewinding loop 'VITIS_LOOP_8_1' (source/pe.h:8) in function 'PE.92122'.
INFO: [XFORM 203-531] Rewinding loop 'VITIS_LOOP_8_1' (source/pe.h:8) in function 'PE.91121'.
INFO: [XFORM 203-531] Rewinding loop 'VITIS_LOOP_8_1' (source/pe.h:8) in function 'PE.90120'.
INFO: [XFORM 203-531] Rewinding loop 'VITIS_LOOP_8_1' (source/pe.h:8) in function 'PE.89119'.
INFO: [XFORM 203-531] Rewinding loop 'VITIS_LOOP_8_1' (source/pe.h:8) in function 'PE.88118'.
INFO: [XFORM 203-531] Rewinding loop 'VITIS_LOOP_8_1' (source/pe.h:8) in function 'PE.87117'.
INFO: [XFORM 203-531] Rewinding loop 'VITIS_LOOP_8_1' (source/pe.h:8) in function 'PE.86116'.
INFO: [XFORM 203-531] Rewinding loop 'VITIS_LOOP_8_1' (source/pe.h:8) in function 'PE.85115'.
INFO: [XFORM 203-531] Rewinding loop 'VITIS_LOOP_8_1' (source/pe.h:8) in function 'PE.84114'.
INFO: [XFORM 203-531] Rewinding loop 'VITIS_LOOP_8_1' (source/pe.h:8) in function 'PE.836'.
INFO: [XFORM 203-531] Rewinding loop 'VITIS_LOOP_8_1' (source/pe.h:8) in function 'PE.83113'.
INFO: [XFORM 203-531] Rewinding loop 'VITIS_LOOP_8_1' (source/pe.h:8) in function 'PE.82112'.
INFO: [XFORM 203-531] Rewinding loop 'VITIS_LOOP_8_1' (source/pe.h:8) in function 'PE.81111'.
INFO: [XFORM 203-531] Rewinding loop 'VITIS_LOOP_8_1' (source/pe.h:8) in function 'PE.80110'.
INFO: [XFORM 203-531] Rewinding loop 'VITIS_LOOP_8_1' (source/pe.h:8) in function 'PE.79109'.
INFO: [XFORM 203-531] Rewinding loop 'VITIS_LOOP_8_1' (source/pe.h:8) in function 'PE.78108'.
INFO: [XFORM 203-531] Rewinding loop 'VITIS_LOOP_8_1' (source/pe.h:8) in function 'PE.77107'.
INFO: [XFORM 203-531] Rewinding loop 'VITIS_LOOP_8_1' (source/pe.h:8) in function 'PE.76106'.
INFO: [XFORM 203-531] Rewinding loop 'VITIS_LOOP_8_1' (source/pe.h:8) in function 'PE.75105'.
INFO: [XFORM 203-531] Rewinding loop 'VITIS_LOOP_8_1' (source/pe.h:8) in function 'PE.74104'.
INFO: [XFORM 203-531] Rewinding loop 'VITIS_LOOP_8_1' (source/pe.h:8) in function 'PE.735'.
INFO: [XFORM 203-531] Rewinding loop 'VITIS_LOOP_8_1' (source/pe.h:8) in function 'PE.73103'.
INFO: [XFORM 203-531] Rewinding loop 'VITIS_LOOP_8_1' (source/pe.h:8) in function 'PE.72102'.
INFO: [XFORM 203-531] Rewinding loop 'VITIS_LOOP_8_1' (source/pe.h:8) in function 'PE.71101'.
INFO: [XFORM 203-531] Rewinding loop 'VITIS_LOOP_8_1' (source/pe.h:8) in function 'PE.70100'.
INFO: [XFORM 203-531] Rewinding loop 'VITIS_LOOP_8_1' (source/pe.h:8) in function 'PE.6999'.
INFO: [XFORM 203-531] Rewinding loop 'VITIS_LOOP_8_1' (source/pe.h:8) in function 'PE.6898'.
INFO: [XFORM 203-531] Rewinding loop 'VITIS_LOOP_8_1' (source/pe.h:8) in function 'PE.6797'.
INFO: [XFORM 203-531] Rewinding loop 'VITIS_LOOP_8_1' (source/pe.h:8) in function 'PE.6696'.
INFO: [XFORM 203-531] Rewinding loop 'VITIS_LOOP_8_1' (source/pe.h:8) in function 'PE.6595'.
INFO: [XFORM 203-531] Rewinding loop 'VITIS_LOOP_8_1' (source/pe.h:8) in function 'PE.6391'.
INFO: [XFORM 203-531] Rewinding loop 'VITIS_LOOP_8_1' (source/pe.h:8) in function 'PE.634'.
INFO: [XFORM 203-531] Rewinding loop 'VITIS_LOOP_8_1' (source/pe.h:8) in function 'PE.6290'.
INFO: [XFORM 203-531] Rewinding loop 'VITIS_LOOP_8_1' (source/pe.h:8) in function 'PE.6189'.
INFO: [XFORM 203-531] Rewinding loop 'VITIS_LOOP_8_1' (source/pe.h:8) in function 'PE.6088'.
INFO: [XFORM 203-531] Rewinding loop 'VITIS_LOOP_8_1' (source/pe.h:8) in function 'PE.5987'.
INFO: [XFORM 203-531] Rewinding loop 'VITIS_LOOP_8_1' (source/pe.h:8) in function 'PE.5886'.
INFO: [XFORM 203-531] Rewinding loop 'VITIS_LOOP_8_1' (source/pe.h:8) in function 'PE.5785'.
INFO: [XFORM 203-531] Rewinding loop 'VITIS_LOOP_8_1' (source/pe.h:8) in function 'PE.5684'.
INFO: [XFORM 203-531] Rewinding loop 'VITIS_LOOP_8_1' (source/pe.h:8) in function 'PE.5583'.
INFO: [XFORM 203-531] Rewinding loop 'VITIS_LOOP_8_1' (source/pe.h:8) in function 'PE.5482'.
INFO: [XFORM 203-531] Rewinding loop 'VITIS_LOOP_8_1' (source/pe.h:8) in function 'PE.5381'.
INFO: [XFORM 203-531] Rewinding loop 'VITIS_LOOP_8_1' (source/pe.h:8) in function 'PE.533'.
INFO: [XFORM 203-531] Rewinding loop 'VITIS_LOOP_8_1' (source/pe.h:8) in function 'PE.5280'.
INFO: [XFORM 203-531] Rewinding loop 'VITIS_LOOP_8_1' (source/pe.h:8) in function 'PE.5179'.
INFO: [XFORM 203-531] Rewinding loop 'VITIS_LOOP_8_1' (source/pe.h:8) in function 'PE.5078'.
INFO: [XFORM 203-531] Rewinding loop 'VITIS_LOOP_8_1' (source/pe.h:8) in function 'PE.4977'.
INFO: [XFORM 203-531] Rewinding loop 'VITIS_LOOP_8_1' (source/pe.h:8) in function 'PE.4876'.
INFO: [XFORM 203-531] Rewinding loop 'VITIS_LOOP_8_1' (source/pe.h:8) in function 'PE.4775'.
INFO: [XFORM 203-531] Rewinding loop 'VITIS_LOOP_8_1' (source/pe.h:8) in function 'PE.4674'.
INFO: [XFORM 203-531] Rewinding loop 'VITIS_LOOP_8_1' (source/pe.h:8) in function 'PE.4573'.
INFO: [XFORM 203-531] Rewinding loop 'VITIS_LOOP_8_1' (source/pe.h:8) in function 'PE.4472'.
INFO: [XFORM 203-531] Rewinding loop 'VITIS_LOOP_8_1' (source/pe.h:8) in function 'PE.4371'.
INFO: [XFORM 203-531] Rewinding loop 'VITIS_LOOP_8_1' (source/pe.h:8) in function 'PE.432'.
INFO: [XFORM 203-531] Rewinding loop 'VITIS_LOOP_8_1' (source/pe.h:8) in function 'PE.4270'.
INFO: [XFORM 203-531] Rewinding loop 'VITIS_LOOP_8_1' (source/pe.h:8) in function 'PE.4169'.
INFO: [XFORM 203-531] Rewinding loop 'VITIS_LOOP_8_1' (source/pe.h:8) in function 'PE.4068'.
INFO: [XFORM 203-531] Rewinding loop 'VITIS_LOOP_8_1' (source/pe.h:8) in function 'PE.3967'.
INFO: [XFORM 203-531] Rewinding loop 'VITIS_LOOP_8_1' (source/pe.h:8) in function 'PE.3866'.
INFO: [XFORM 203-531] Rewinding loop 'VITIS_LOOP_8_1' (source/pe.h:8) in function 'PE.3765'.
INFO: [XFORM 203-531] Rewinding loop 'VITIS_LOOP_8_1' (source/pe.h:8) in function 'PE.3664'.
INFO: [XFORM 203-531] Rewinding loop 'VITIS_LOOP_8_1' (source/pe.h:8) in function 'PE.3563'.
INFO: [XFORM 203-531] Rewinding loop 'VITIS_LOOP_8_1' (source/pe.h:8) in function 'PE.3462'.
INFO: [XFORM 203-531] Rewinding loop 'VITIS_LOOP_8_1' (source/pe.h:8) in function 'PE.3361'.
INFO: [XFORM 203-531] Rewinding loop 'VITIS_LOOP_8_1' (source/pe.h:8) in function 'PE.331'.
INFO: [XFORM 203-531] Rewinding loop 'VITIS_LOOP_8_1' (source/pe.h:8) in function 'PE.3260'.
INFO: [XFORM 203-531] Rewinding loop 'VITIS_LOOP_8_1' (source/pe.h:8) in function 'PE.3159'.
INFO: [XFORM 203-531] Rewinding loop 'VITIS_LOOP_8_1' (source/pe.h:8) in function 'PE.3058'.
INFO: [XFORM 203-531] Rewinding loop 'VITIS_LOOP_8_1' (source/pe.h:8) in function 'PE.2957'.
INFO: [XFORM 203-531] Rewinding loop 'VITIS_LOOP_8_1' (source/pe.h:8) in function 'PE.2856'.
INFO: [XFORM 203-531] Rewinding loop 'VITIS_LOOP_8_1' (source/pe.h:8) in function 'PE.2755'.
INFO: [XFORM 203-531] Rewinding loop 'VITIS_LOOP_8_1' (source/pe.h:8) in function 'PE.2654'.
INFO: [XFORM 203-531] Rewinding loop 'VITIS_LOOP_8_1' (source/pe.h:8) in function 'PE.2553'.
INFO: [XFORM 203-531] Rewinding loop 'VITIS_LOOP_8_1' (source/pe.h:8) in function 'PE.2452'.
INFO: [XFORM 203-531] Rewinding loop 'VITIS_LOOP_8_1' (source/pe.h:8) in function 'PE.2351'.
INFO: [XFORM 203-531] Rewinding loop 'VITIS_LOOP_8_1' (source/pe.h:8) in function 'PE.230'.
INFO: [XFORM 203-531] Rewinding loop 'VITIS_LOOP_8_1' (source/pe.h:8) in function 'PE.2250'.
INFO: [XFORM 203-531] Rewinding loop 'VITIS_LOOP_8_1' (source/pe.h:8) in function 'PE.2149'.
INFO: [XFORM 203-531] Rewinding loop 'VITIS_LOOP_8_1' (source/pe.h:8) in function 'PE.2048'.
INFO: [XFORM 203-531] Rewinding loop 'VITIS_LOOP_8_1' (source/pe.h:8) in function 'PE.1947'.
INFO: [XFORM 203-531] Rewinding loop 'VITIS_LOOP_8_1' (source/pe.h:8) in function 'PE.1846'.
INFO: [XFORM 203-531] Rewinding loop 'VITIS_LOOP_8_1' (source/pe.h:8) in function 'PE.1745'.
INFO: [XFORM 203-531] Rewinding loop 'VITIS_LOOP_8_1' (source/pe.h:8) in function 'PE.1644'.
INFO: [XFORM 203-531] Rewinding loop 'VITIS_LOOP_8_1' (source/pe.h:8) in function 'PE.1543'.
INFO: [XFORM 203-531] Rewinding loop 'VITIS_LOOP_8_1' (source/pe.h:8) in function 'PE.1442'.
INFO: [XFORM 203-531] Rewinding loop 'VITIS_LOOP_8_1' (source/pe.h:8) in function 'PE.1341'.
INFO: [XFORM 203-531] Rewinding loop 'VITIS_LOOP_8_1' (source/pe.h:8) in function 'PE.129'.
INFO: [XFORM 203-531] Rewinding loop 'VITIS_LOOP_8_1' (source/pe.h:8) in function 'PE.128158'.
INFO: [XFORM 203-531] Rewinding loop 'VITIS_LOOP_8_1' (source/pe.h:8) in function 'PE.127157'.
INFO: [XFORM 203-531] Rewinding loop 'VITIS_LOOP_8_1' (source/pe.h:8) in function 'PE.126156'.
INFO: [XFORM 203-531] Rewinding loop 'VITIS_LOOP_8_1' (source/pe.h:8) in function 'PE.125155'.
INFO: [XFORM 203-531] Rewinding loop 'VITIS_LOOP_8_1' (source/pe.h:8) in function 'PE.124154'.
INFO: [XFORM 203-531] Rewinding loop 'VITIS_LOOP_8_1' (source/pe.h:8) in function 'PE.1240'.
INFO: [XFORM 203-531] Rewinding loop 'VITIS_LOOP_8_1' (source/pe.h:8) in function 'PE.123153'.
INFO: [XFORM 203-531] Rewinding loop 'VITIS_LOOP_8_1' (source/pe.h:8) in function 'PE.122152'.
INFO: [XFORM 203-531] Rewinding loop 'VITIS_LOOP_8_1' (source/pe.h:8) in function 'PE.121151'.
INFO: [XFORM 203-531] Rewinding loop 'VITIS_LOOP_8_1' (source/pe.h:8) in function 'PE.120150'.
INFO: [XFORM 203-531] Rewinding loop 'VITIS_LOOP_8_1' (source/pe.h:8) in function 'PE.119149'.
INFO: [XFORM 203-531] Rewinding loop 'VITIS_LOOP_8_1' (source/pe.h:8) in function 'PE.118148'.
INFO: [XFORM 203-531] Rewinding loop 'VITIS_LOOP_8_1' (source/pe.h:8) in function 'PE.117147'.
INFO: [XFORM 203-531] Rewinding loop 'VITIS_LOOP_8_1' (source/pe.h:8) in function 'PE.116146'.
INFO: [XFORM 203-531] Rewinding loop 'VITIS_LOOP_8_1' (source/pe.h:8) in function 'PE.115145'.
INFO: [XFORM 203-531] Rewinding loop 'VITIS_LOOP_8_1' (source/pe.h:8) in function 'PE.114144'.
INFO: [XFORM 203-531] Rewinding loop 'VITIS_LOOP_8_1' (source/pe.h:8) in function 'PE.1139'.
INFO: [XFORM 203-531] Rewinding loop 'VITIS_LOOP_8_1' (source/pe.h:8) in function 'PE.113143'.
INFO: [XFORM 203-531] Rewinding loop 'VITIS_LOOP_8_1' (source/pe.h:8) in function 'PE.112142'.
INFO: [XFORM 203-531] Rewinding loop 'VITIS_LOOP_8_1' (source/pe.h:8) in function 'PE.111141'.
INFO: [XFORM 203-531] Rewinding loop 'VITIS_LOOP_8_1' (source/pe.h:8) in function 'PE.110140'.
INFO: [XFORM 203-531] Rewinding loop 'VITIS_LOOP_8_1' (source/pe.h:8) in function 'PE.109139'.
INFO: [XFORM 203-531] Rewinding loop 'VITIS_LOOP_8_1' (source/pe.h:8) in function 'PE.108138'.
INFO: [XFORM 203-531] Rewinding loop 'VITIS_LOOP_8_1' (source/pe.h:8) in function 'PE.107137'.
INFO: [XFORM 203-531] Rewinding loop 'VITIS_LOOP_8_1' (source/pe.h:8) in function 'PE.106136'.
INFO: [XFORM 203-531] Rewinding loop 'VITIS_LOOP_8_1' (source/pe.h:8) in function 'PE.105135'.
INFO: [XFORM 203-531] Rewinding loop 'VITIS_LOOP_8_1' (source/pe.h:8) in function 'PE.104134'.
INFO: [XFORM 203-531] Rewinding loop 'VITIS_LOOP_8_1' (source/pe.h:8) in function 'PE.1038'.
INFO: [XFORM 203-531] Rewinding loop 'VITIS_LOOP_8_1' (source/pe.h:8) in function 'PE.103133'.
INFO: [XFORM 203-531] Rewinding loop 'VITIS_LOOP_8_1' (source/pe.h:8) in function 'PE.102132'.
INFO: [XFORM 203-531] Rewinding loop 'VITIS_LOOP_8_1' (source/pe.h:8) in function 'PE.101131'.
INFO: [XFORM 203-531] Rewinding loop 'VITIS_LOOP_8_1' (source/pe.h:8) in function 'PE.100130'.
WARNING: [HLS 200-1449] Process dataflow_in_loop_tile_loop_A has both a predecessor and reads an input from its caller (see the GUI dataflow viewer). This may lead to lower throughput. Consider copying this input via a predecessor process.
INFO: [HLS 200-111] Finished Architecture Synthesis: CPU user time: 4.04 seconds. CPU system time: 0.36 seconds. Elapsed time: 4.41 seconds; current allocated memory: 1.726 GB.
INFO: [HLS 200-10] Starting hardware synthesis ...
INFO: [HLS 200-10] Synthesizing 'gemm' ...
WARNING: [SYN 201-103] Legalizing function name 'PE.129' to 'PE_129'.
WARNING: [SYN 201-103] Legalizing function name 'PE.230' to 'PE_230'.
WARNING: [SYN 201-103] Legalizing function name 'PE.331' to 'PE_331'.
WARNING: [SYN 201-103] Legalizing function name 'PE.432' to 'PE_432'.
WARNING: [SYN 201-103] Legalizing function name 'PE.533' to 'PE_533'.
WARNING: [SYN 201-103] Legalizing function name 'PE.634' to 'PE_634'.
WARNING: [SYN 201-103] Legalizing function name 'PE.735' to 'PE_735'.
WARNING: [SYN 201-103] Legalizing function name 'PE.836' to 'PE_836'.
WARNING: [SYN 201-103] Legalizing function name 'PE.937' to 'PE_937'.
WARNING: [SYN 201-103] Legalizing function name 'PE.1038' to 'PE_1038'.
WARNING: [SYN 201-103] Legalizing function name 'PE.1139' to 'PE_1139'.
WARNING: [SYN 201-103] Legalizing function name 'PE.1240' to 'PE_1240'.
WARNING: [SYN 201-103] Legalizing function name 'PE.1341' to 'PE_1341'.
WARNING: [SYN 201-103] Legalizing function name 'PE.1442' to 'PE_1442'.
WARNING: [SYN 201-103] Legalizing function name 'PE.1543' to 'PE_1543'.
WARNING: [SYN 201-103] Legalizing function name 'PE.1644' to 'PE_1644'.
WARNING: [SYN 201-103] Legalizing function name 'PE.1745' to 'PE_1745'.
WARNING: [SYN 201-103] Legalizing function name 'PE.1846' to 'PE_1846'.
WARNING: [SYN 201-103] Legalizing function name 'PE.1947' to 'PE_1947'.
WARNING: [SYN 201-103] Legalizing function name 'PE.2048' to 'PE_2048'.
WARNING: [SYN 201-103] Legalizing function name 'PE.2149' to 'PE_2149'.
WARNING: [SYN 201-103] Legalizing function name 'PE.2250' to 'PE_2250'.
WARNING: [SYN 201-103] Legalizing function name 'PE.2351' to 'PE_2351'.
WARNING: [SYN 201-103] Legalizing function name 'PE.2452' to 'PE_2452'.
WARNING: [SYN 201-103] Legalizing function name 'PE.2553' to 'PE_2553'.
WARNING: [SYN 201-103] Legalizing function name 'PE.2654' to 'PE_2654'.
WARNING: [SYN 201-103] Legalizing function name 'PE.2755' to 'PE_2755'.
WARNING: [SYN 201-103] Legalizing function name 'PE.2856' to 'PE_2856'.
WARNING: [SYN 201-103] Legalizing function name 'PE.2957' to 'PE_2957'.
WARNING: [SYN 201-103] Legalizing function name 'PE.3058' to 'PE_3058'.
WARNING: [SYN 201-103] Legalizing function name 'PE.3159' to 'PE_3159'.
WARNING: [SYN 201-103] Legalizing function name 'PE.3260' to 'PE_3260'.
WARNING: [SYN 201-103] Legalizing function name 'PE.3361' to 'PE_3361'.
WARNING: [SYN 201-103] Legalizing function name 'PE.3462' to 'PE_3462'.
WARNING: [SYN 201-103] Legalizing function name 'PE.3563' to 'PE_3563'.
WARNING: [SYN 201-103] Legalizing function name 'PE.3664' to 'PE_3664'.
WARNING: [SYN 201-103] Legalizing function name 'PE.3765' to 'PE_3765'.
WARNING: [SYN 201-103] Legalizing function name 'PE.3866' to 'PE_3866'.
WARNING: [SYN 201-103] Legalizing function name 'PE.3967' to 'PE_3967'.
WARNING: [SYN 201-103] Legalizing function name 'PE.4068' to 'PE_4068'.
WARNING: [SYN 201-103] Legalizing function name 'PE.4169' to 'PE_4169'.
WARNING: [SYN 201-103] Legalizing function name 'PE.4270' to 'PE_4270'.
WARNING: [SYN 201-103] Legalizing function name 'PE.4371' to 'PE_4371'.
WARNING: [SYN 201-103] Legalizing function name 'PE.4472' to 'PE_4472'.
WARNING: [SYN 201-103] Legalizing function name 'PE.4573' to 'PE_4573'.
WARNING: [SYN 201-103] Legalizing function name 'PE.4674' to 'PE_4674'.
WARNING: [SYN 201-103] Legalizing function name 'PE.4775' to 'PE_4775'.
WARNING: [SYN 201-103] Legalizing function name 'PE.4876' to 'PE_4876'.
WARNING: [SYN 201-103] Legalizing function name 'PE.4977' to 'PE_4977'.
WARNING: [SYN 201-103] Legalizing function name 'PE.5078' to 'PE_5078'.
WARNING: [SYN 201-103] Legalizing function name 'PE.5179' to 'PE_5179'.
WARNING: [SYN 201-103] Legalizing function name 'PE.5280' to 'PE_5280'.
WARNING: [SYN 201-103] Legalizing function name 'PE.5381' to 'PE_5381'.
WARNING: [SYN 201-103] Legalizing function name 'PE.5482' to 'PE_5482'.
WARNING: [SYN 201-103] Legalizing function name 'PE.5583' to 'PE_5583'.
WARNING: [SYN 201-103] Legalizing function name 'PE.5684' to 'PE_5684'.
WARNING: [SYN 201-103] Legalizing function name 'PE.5785' to 'PE_5785'.
WARNING: [SYN 201-103] Legalizing function name 'PE.5886' to 'PE_5886'.
WARNING: [SYN 201-103] Legalizing function name 'PE.5987' to 'PE_5987'.
WARNING: [SYN 201-103] Legalizing function name 'PE.6088' to 'PE_6088'.
WARNING: [SYN 201-103] Legalizing function name 'PE.6189' to 'PE_6189'.
WARNING: [SYN 201-103] Legalizing function name 'PE.6290' to 'PE_6290'.
WARNING: [SYN 201-103] Legalizing function name 'PE.6391' to 'PE_6391'.
WARNING: [SYN 201-103] Legalizing function name 'B_Buf_to_stream.6494' to 'B_Buf_to_stream_6494'.
WARNING: [SYN 201-103] Legalizing function name 'PE.6595' to 'PE_6595'.
WARNING: [SYN 201-103] Legalizing function name 'PE.6696' to 'PE_6696'.
WARNING: [SYN 201-103] Legalizing function name 'PE.6797' to 'PE_6797'.
WARNING: [SYN 201-103] Legalizing function name 'PE.6898' to 'PE_6898'.
WARNING: [SYN 201-103] Legalizing function name 'PE.6999' to 'PE_6999'.
WARNING: [SYN 201-103] Legalizing function name 'PE.70100' to 'PE_70100'.
WARNING: [SYN 201-103] Legalizing function name 'PE.71101' to 'PE_71101'.
WARNING: [SYN 201-103] Legalizing function name 'PE.72102' to 'PE_72102'.
WARNING: [SYN 201-103] Legalizing function name 'PE.73103' to 'PE_73103'.
WARNING: [SYN 201-103] Legalizing function name 'PE.74104' to 'PE_74104'.
WARNING: [SYN 201-103] Legalizing function name 'PE.75105' to 'PE_75105'.
WARNING: [SYN 201-103] Legalizing function name 'PE.76106' to 'PE_76106'.
WARNING: [SYN 201-103] Legalizing function name 'PE.77107' to 'PE_77107'.
WARNING: [SYN 201-103] Legalizing function name 'PE.78108' to 'PE_78108'.
WARNING: [SYN 201-103] Legalizing function name 'PE.79109' to 'PE_79109'.
WARNING: [SYN 201-103] Legalizing function name 'PE.80110' to 'PE_80110'.
WARNING: [SYN 201-103] Legalizing function name 'PE.81111' to 'PE_81111'.
WARNING: [SYN 201-103] Legalizing function name 'PE.82112' to 'PE_82112'.
WARNING: [SYN 201-103] Legalizing function name 'PE.83113' to 'PE_83113'.
WARNING: [SYN 201-103] Legalizing function name 'PE.84114' to 'PE_84114'.
WARNING: [SYN 201-103] Legalizing function name 'PE.85115' to 'PE_85115'.
WARNING: [SYN 201-103] Legalizing function name 'PE.86116' to 'PE_86116'.
WARNING: [SYN 201-103] Legalizing function name 'PE.87117' to 'PE_87117'.
WARNING: [SYN 201-103] Legalizing function name 'PE.88118' to 'PE_88118'.
WARNING: [SYN 201-103] Legalizing function name 'PE.89119' to 'PE_89119'.
WARNING: [SYN 201-103] Legalizing function name 'PE.90120' to 'PE_90120'.
WARNING: [SYN 201-103] Legalizing function name 'PE.91121' to 'PE_91121'.
WARNING: [SYN 201-103] Legalizing function name 'PE.92122' to 'PE_92122'.
WARNING: [SYN 201-103] Legalizing function name 'PE.93123' to 'PE_93123'.
WARNING: [SYN 201-103] Legalizing function name 'PE.94124' to 'PE_94124'.
WARNING: [SYN 201-103] Legalizing function name 'PE.95125' to 'PE_95125'.
WARNING: [SYN 201-103] Legalizing function name 'PE.96126' to 'PE_96126'.
WARNING: [SYN 201-103] Legalizing function name 'PE.97127' to 'PE_97127'.
WARNING: [SYN 201-103] Legalizing function name 'PE.98128' to 'PE_98128'.
WARNING: [SYN 201-103] Legalizing function name 'PE.99129' to 'PE_99129'.
WARNING: [SYN 201-103] Legalizing function name 'PE.100130' to 'PE_100130'.
WARNING: [SYN 201-103] Legalizing function name 'PE.101131' to 'PE_101131'.
WARNING: [SYN 201-103] Legalizing function name 'PE.102132' to 'PE_102132'.
WARNING: [SYN 201-103] Legalizing function name 'PE.103133' to 'PE_103133'.
WARNING: [SYN 201-103] Legalizing function name 'PE.104134' to 'PE_104134'.
WARNING: [SYN 201-103] Legalizing function name 'PE.105135' to 'PE_105135'.
WARNING: [SYN 201-103] Legalizing function name 'PE.106136' to 'PE_106136'.
WARNING: [SYN 201-103] Legalizing function name 'PE.107137' to 'PE_107137'.
WARNING: [SYN 201-103] Legalizing function name 'PE.108138' to 'PE_108138'.
WARNING: [SYN 201-103] Legalizing function name 'PE.109139' to 'PE_109139'.
WARNING: [SYN 201-103] Legalizing function name 'PE.110140' to 'PE_110140'.
WARNING: [SYN 201-103] Legalizing function name 'PE.111141' to 'PE_111141'.
WARNING: [SYN 201-103] Legalizing function name 'PE.112142' to 'PE_112142'.
WARNING: [SYN 201-103] Legalizing function name 'PE.113143' to 'PE_113143'.
WARNING: [SYN 201-103] Legalizing function name 'PE.114144' to 'PE_114144'.
WARNING: [SYN 201-103] Legalizing function name 'PE.115145' to 'PE_115145'.
WARNING: [SYN 201-103] Legalizing function name 'PE.116146' to 'PE_116146'.
WARNING: [SYN 201-103] Legalizing function name 'PE.117147' to 'PE_117147'.
WARNING: [SYN 201-103] Legalizing function name 'PE.118148' to 'PE_118148'.
WARNING: [SYN 201-103] Legalizing function name 'PE.119149' to 'PE_119149'.
WARNING: [SYN 201-103] Legalizing function name 'PE.120150' to 'PE_120150'.
WARNING: [SYN 201-103] Legalizing function name 'PE.121151' to 'PE_121151'.
WARNING: [SYN 201-103] Legalizing function name 'PE.122152' to 'PE_122152'.
WARNING: [SYN 201-103] Legalizing function name 'PE.123153' to 'PE_123153'.
WARNING: [SYN 201-103] Legalizing function name 'PE.124154' to 'PE_124154'.
WARNING: [SYN 201-103] Legalizing function name 'PE.125155' to 'PE_125155'.
WARNING: [SYN 201-103] Legalizing function name 'PE.126156' to 'PE_126156'.
WARNING: [SYN 201-103] Legalizing function name 'PE.127157' to 'PE_127157'.
WARNING: [SYN 201-103] Legalizing function name 'PE.128158' to 'PE_128158'.
WARNING: [SYN 201-103] Legalizing function name 'sink_streams.129159' to 'sink_streams_129159'.
WARNING: [SYN 201-103] Legalizing function name 'stream_to_C_Buf.130160' to 'stream_to_C_Buf_130160'.
INFO: [HLS 200-10] ----------------------------------------------------------------
INFO: [HLS 200-42] -- Implementing module 'load_A' 
INFO: [HLS 200-10] ----------------------------------------------------------------
INFO: [SCHED 204-11] Starting scheduling ...
INFO: [SCHED 204-61] Pipelining loop 'VITIS_LOOP_6_1'.
INFO: [HLS 200-1470] Pipelining result : Target II = 1, Final II = 1, Depth = 73, loop 'VITIS_LOOP_6_1'
INFO: [SCHED 204-11] Finished scheduling.
INFO: [HLS 200-111] Finished Scheduling: CPU user time: 1.29 seconds. CPU system time: 0.07 seconds. Elapsed time: 1.36 seconds; current allocated memory: 1.735 GB.
INFO: [BIND 205-100] Starting micro-architecture generation ...
INFO: [BIND 205-101] Performing variable lifetime analysis.
INFO: [BIND 205-101] Exploring resource sharing.
INFO: [BIND 205-101] Binding ...
INFO: [BIND 205-100] Finished micro-architecture generation.
INFO: [HLS 200-111] Finished Binding: CPU user time: 0.04 seconds. CPU system time: 0 seconds. Elapsed time: 0.04 seconds; current allocated memory: 1.735 GB.
INFO: [HLS 200-10] ----------------------------------------------------------------
INFO: [HLS 200-42] -- Implementing module 'load_B_Pipeline_VITIS_LOOP_24_1_VITIS_LOOP_25_2' 
INFO: [HLS 200-10] ----------------------------------------------------------------
INFO: [SCHED 204-11] Starting scheduling ...
INFO: [SCHED 204-61] Pipelining loop 'VITIS_LOOP_24_1_VITIS_LOOP_25_2'.
INFO: [HLS 200-1470] Pipelining result : Target II = 1, Final II = 1, Depth = 2, loop 'VITIS_LOOP_24_1_VITIS_LOOP_25_2'
INFO: [SCHED 204-11] Finished scheduling.
INFO: [HLS 200-111] Finished Scheduling: CPU user time: 0.17 seconds. CPU system time: 0 seconds. Elapsed time: 0.18 seconds; current allocated memory: 1.738 GB.
INFO: [BIND 205-100] Starting micro-architecture generation ...
INFO: [BIND 205-101] Performing variable lifetime analysis.
INFO: [BIND 205-101] Exploring resource sharing.
INFO: [BIND 205-101] Binding ...
INFO: [BIND 205-100] Finished micro-architecture generation.
INFO: [HLS 200-111] Finished Binding: CPU user time: 0.05 seconds. CPU system time: 0 seconds. Elapsed time: 0.05 seconds; current allocated memory: 1.738 GB.
INFO: [HLS 200-10] ----------------------------------------------------------------
INFO: [HLS 200-42] -- Implementing module 'load_B' 
INFO: [HLS 200-10] ----------------------------------------------------------------
INFO: [SCHED 204-11] Starting scheduling ...
INFO: [SCHED 204-11] Finished scheduling.
INFO: [HLS 200-111] Finished Scheduling: CPU user time: 0.03 seconds. CPU system time: 0.01 seconds. Elapsed time: 0.03 seconds; current allocated memory: 1.738 GB.
INFO: [BIND 205-100] Starting micro-architecture generation ...
INFO: [BIND 205-101] Performing variable lifetime analysis.
INFO: [BIND 205-101] Exploring resource sharing.
INFO: [BIND 205-101] Binding ...
INFO: [BIND 205-100] Finished micro-architecture generation.
INFO: [HLS 200-111] Finished Binding: CPU user time: 0.02 seconds. CPU system time: 0 seconds. Elapsed time: 0.02 seconds; current allocated memory: 1.738 GB.
INFO: [HLS 200-10] ----------------------------------------------------------------
INFO: [HLS 200-42] -- Implementing module 'loadInputsFromDRAM' 
INFO: [HLS 200-10] ----------------------------------------------------------------
INFO: [SCHED 204-11] Starting scheduling ...
INFO: [SCHED 204-11] Finished scheduling.
INFO: [HLS 200-111] Finished Scheduling: CPU user time: 0.05 seconds. CPU system time: 0 seconds. Elapsed time: 0.05 seconds; current allocated memory: 1.739 GB.
INFO: [BIND 205-100] Starting micro-architecture generation ...
INFO: [BIND 205-101] Performing variable lifetime analysis.
INFO: [BIND 205-101] Exploring resource sharing.
INFO: [BIND 205-101] Binding ...
INFO: [BIND 205-100] Finished micro-architecture generation.
INFO: [HLS 200-111] Finished Binding: CPU user time: 0.03 seconds. CPU system time: 0 seconds. Elapsed time: 0.02 seconds; current allocated memory: 1.739 GB.
INFO: [HLS 200-10] ----------------------------------------------------------------
INFO: [HLS 200-42] -- Implementing module 'load_tile_A1612' 
INFO: [HLS 200-10] ----------------------------------------------------------------
INFO: [SCHED 204-11] Starting scheduling ...
INFO: [SCHED 204-11] Finished scheduling.
INFO: [HLS 200-111] Finished Scheduling: CPU user time: 0.64 seconds. CPU system time: 0 seconds. Elapsed time: 0.65 seconds; current allocated memory: 1.748 GB.
INFO: [BIND 205-100] Starting micro-architecture generation ...
INFO: [BIND 205-101] Performing variable lifetime analysis.
INFO: [BIND 205-101] Exploring resource sharing.
INFO: [BIND 205-101] Binding ...
INFO: [BIND 205-100] Finished micro-architecture generation.
INFO: [HLS 200-111] Finished Binding: CPU user time: 0.12 seconds. CPU system time: 0 seconds. Elapsed time: 0.12 seconds; current allocated memory: 1.748 GB.
INFO: [HLS 200-10] ----------------------------------------------------------------
INFO: [HLS 200-42] -- Implementing module 'tile_A_to_stream162' 
INFO: [HLS 200-10] ----------------------------------------------------------------
INFO: [SCHED 204-11] Starting scheduling ...
INFO: [SCHED 204-11] Finished scheduling.
INFO: [HLS 200-111] Finished Scheduling: CPU user time: 0.15 seconds. CPU system time: 0.01 seconds. Elapsed time: 0.15 seconds; current allocated memory: 1.749 GB.
INFO: [BIND 205-100] Starting micro-architecture generation ...
INFO: [BIND 205-101] Performing variable lifetime analysis.
INFO: [BIND 205-101] Exploring resource sharing.
INFO: [BIND 205-101] Binding ...
INFO: [BIND 205-100] Finished micro-architecture generation.
INFO: [HLS 200-111] Finished Binding: CPU user time: 0.04 seconds. CPU system time: 0 seconds. Elapsed time: 0.04 seconds; current allocated memory: 1.749 GB.
INFO: [HLS 200-10] ----------------------------------------------------------------
INFO: [HLS 200-42] -- Implementing module 'tm_A2' 
INFO: [HLS 200-10] ----------------------------------------------------------------
INFO: [SCHED 204-11] Starting scheduling ...
INFO: [SCHED 204-11] Finished scheduling.
INFO: [HLS 200-111] Finished Scheduling: CPU user time: 0.09 seconds. CPU system time: 0 seconds. Elapsed time: 0.08 seconds; current allocated memory: 1.749 GB.
INFO: [BIND 205-100] Starting micro-architecture generation ...
INFO: [BIND 205-101] Performing variable lifetime analysis.
INFO: [BIND 205-101] Exploring resource sharing.
INFO: [BIND 205-101] Binding ...
INFO: [BIND 205-100] Finished micro-architecture generation.
INFO: [HLS 200-111] Finished Binding: CPU user time: 0.03 seconds. CPU system time: 0 seconds. Elapsed time: 0.02 seconds; current allocated memory: 1.749 GB.
INFO: [HLS 200-10] ----------------------------------------------------------------
INFO: [HLS 200-42] -- Implementing module 'B_Buf_to_stream3' 
INFO: [HLS 200-10] ----------------------------------------------------------------
INFO: [SCHED 204-11] Starting scheduling ...
INFO: [SCHED 204-11] Finished scheduling.
INFO: [HLS 200-111] Finished Scheduling: CPU user time: 0.11 seconds. CPU system time: 0 seconds. Elapsed time: 0.11 seconds; current allocated memory: 1.751 GB.
INFO: [BIND 205-100] Starting micro-architecture generation ...
INFO: [BIND 205-101] Performing variable lifetime analysis.
INFO: [BIND 205-101] Exploring resource sharing.
INFO: [BIND 205-101] Binding ...
INFO: [BIND 205-100] Finished micro-architecture generation.
INFO: [HLS 200-111] Finished Binding: CPU user time: 0.04 seconds. CPU system time: 0.01 seconds. Elapsed time: 0.03 seconds; current allocated memory: 1.751 GB.
INFO: [HLS 200-10] ----------------------------------------------------------------
INFO: [HLS 200-42] -- Implementing module 'PE4' 
INFO: [HLS 200-10] ----------------------------------------------------------------
INFO: [SCHED 204-11] Starting scheduling ...
INFO: [SCHED 204-61] Pipelining loop 'VITIS_LOOP_8_1'.
INFO: [HLS 200-1470] Pipelining result : Target II = 1, Final II = 1, Depth = 4, loop 'VITIS_LOOP_8_1'
INFO: [SCHED 204-11] Finished scheduling.
INFO: [HLS 200-111] Finished Scheduling: CPU user time: 0.05 seconds. CPU system time: 0 seconds. Elapsed time: 0.06 seconds; current allocated memory: 1.751 GB.
INFO: [BIND 205-100] Starting micro-architecture generation ...
INFO: [BIND 205-101] Performing variable lifetime analysis.
INFO: [BIND 205-101] Exploring resource sharing.
INFO: [BIND 205-101] Binding ...
INFO: [BIND 205-100] Finished micro-architecture generation.
INFO: [HLS 200-111] Finished Binding: CPU user time: 0.01 seconds. CPU system time: 0 seconds. Elapsed time: 0.02 seconds; current allocated memory: 1.751 GB.
INFO: [HLS 200-10] ----------------------------------------------------------------
INFO: [HLS 200-42] -- Implementing module 'PE_129' 
INFO: [HLS 200-10] ----------------------------------------------------------------
INFO: [SCHED 204-11] Starting scheduling ...
INFO: [SCHED 204-61] Pipelining loop 'VITIS_LOOP_8_1'.
INFO: [HLS 200-1470] Pipelining result : Target II = 1, Final II = 1, Depth = 4, loop 'VITIS_LOOP_8_1'
INFO: [SCHED 204-11] Finished scheduling.
INFO: [HLS 200-111] Finished Scheduling: CPU user time: 0.04 seconds. CPU system time: 0 seconds. Elapsed time: 0.05 seconds; current allocated memory: 1.751 GB.
INFO: [BIND 205-100] Starting micro-architecture generation ...
INFO: [BIND 205-101] Performing variable lifetime analysis.
INFO: [BIND 205-101] Exploring resource sharing.
INFO: [BIND 205-101] Binding ...
INFO: [BIND 205-100] Finished micro-architecture generation.
INFO: [HLS 200-111] Finished Binding: CPU user time: 0.01 seconds. CPU system time: 0 seconds. Elapsed time: 0.02 seconds; current allocated memory: 1.751 GB.
INFO: [HLS 200-10] ----------------------------------------------------------------
INFO: [HLS 200-42] -- Implementing module 'PE_230' 
INFO: [HLS 200-10] ----------------------------------------------------------------
INFO: [SCHED 204-11] Starting scheduling ...
INFO: [SCHED 204-61] Pipelining loop 'VITIS_LOOP_8_1'.
INFO: [HLS 200-1470] Pipelining result : Target II = 1, Final II = 1, Depth = 4, loop 'VITIS_LOOP_8_1'
INFO: [SCHED 204-11] Finished scheduling.
INFO: [HLS 200-111] Finished Scheduling: CPU user time: 0.04 seconds. CPU system time: 0.01 seconds. Elapsed time: 0.05 seconds; current allocated memory: 1.752 GB.
INFO: [BIND 205-100] Starting micro-architecture generation ...
INFO: [BIND 205-101] Performing variable lifetime analysis.
INFO: [BIND 205-101] Exploring resource sharing.
INFO: [BIND 205-101] Binding ...
INFO: [BIND 205-100] Finished micro-architecture generation.
INFO: [HLS 200-111] Finished Binding: CPU user time: 0.02 seconds. CPU system time: 0 seconds. Elapsed time: 0.02 seconds; current allocated memory: 1.752 GB.
INFO: [HLS 200-10] ----------------------------------------------------------------
INFO: [HLS 200-42] -- Implementing module 'PE_331' 
INFO: [HLS 200-10] ----------------------------------------------------------------
INFO: [SCHED 204-11] Starting scheduling ...
INFO: [SCHED 204-61] Pipelining loop 'VITIS_LOOP_8_1'.
INFO: [HLS 200-1470] Pipelining result : Target II = 1, Final II = 1, Depth = 4, loop 'VITIS_LOOP_8_1'
INFO: [SCHED 204-11] Finished scheduling.
INFO: [HLS 200-111] Finished Scheduling: CPU user time: 0.05 seconds. CPU system time: 0 seconds. Elapsed time: 0.05 seconds; current allocated memory: 1.752 GB.
INFO: [BIND 205-100] Starting micro-architecture generation ...
INFO: [BIND 205-101] Performing variable lifetime analysis.
INFO: [BIND 205-101] Exploring resource sharing.
INFO: [BIND 205-101] Binding ...
INFO: [BIND 205-100] Finished micro-architecture generation.
INFO: [HLS 200-111] Finished Binding: CPU user time: 0.02 seconds. CPU system time: 0 seconds. Elapsed time: 0.02 seconds; current allocated memory: 1.752 GB.
INFO: [HLS 200-10] ----------------------------------------------------------------
INFO: [HLS 200-42] -- Implementing module 'PE_432' 
INFO: [HLS 200-10] ----------------------------------------------------------------
INFO: [SCHED 204-11] Starting scheduling ...
INFO: [SCHED 204-61] Pipelining loop 'VITIS_LOOP_8_1'.
INFO: [HLS 200-1470] Pipelining result : Target II = 1, Final II = 1, Depth = 4, loop 'VITIS_LOOP_8_1'
INFO: [SCHED 204-11] Finished scheduling.
INFO: [HLS 200-111] Finished Scheduling: CPU user time: 0.04 seconds. CPU system time: 0 seconds. Elapsed time: 0.04 seconds; current allocated memory: 1.752 GB.
INFO: [BIND 205-100] Starting micro-architecture generation ...
INFO: [BIND 205-101] Performing variable lifetime analysis.
INFO: [BIND 205-101] Exploring resource sharing.
INFO: [BIND 205-101] Binding ...
INFO: [BIND 205-100] Finished micro-architecture generation.
INFO: [HLS 200-111] Finished Binding: CPU user time: 0.02 seconds. CPU system time: 0 seconds. Elapsed time: 0.02 seconds; current allocated memory: 1.752 GB.
INFO: [HLS 200-10] ----------------------------------------------------------------
INFO: [HLS 200-42] -- Implementing module 'PE_533' 
INFO: [HLS 200-10] ----------------------------------------------------------------
INFO: [SCHED 204-11] Starting scheduling ...
INFO: [SCHED 204-61] Pipelining loop 'VITIS_LOOP_8_1'.
INFO: [HLS 200-1470] Pipelining result : Target II = 1, Final II = 1, Depth = 4, loop 'VITIS_LOOP_8_1'
INFO: [SCHED 204-11] Finished scheduling.
INFO: [HLS 200-111] Finished Scheduling: CPU user time: 0.04 seconds. CPU system time: 0.01 seconds. Elapsed time: 0.04 seconds; current allocated memory: 1.753 GB.
INFO: [BIND 205-100] Starting micro-architecture generation ...
INFO: [BIND 205-101] Performing variable lifetime analysis.
INFO: [BIND 205-101] Exploring resource sharing.
INFO: [BIND 205-101] Binding ...
INFO: [BIND 205-100] Finished micro-architecture generation.
INFO: [HLS 200-111] Finished Binding: CPU user time: 0.02 seconds. CPU system time: 0 seconds. Elapsed time: 0.02 seconds; current allocated memory: 1.753 GB.
INFO: [HLS 200-10] ----------------------------------------------------------------
INFO: [HLS 200-42] -- Implementing module 'PE_634' 
INFO: [HLS 200-10] ----------------------------------------------------------------
INFO: [SCHED 204-11] Starting scheduling ...
INFO: [SCHED 204-61] Pipelining loop 'VITIS_LOOP_8_1'.
INFO: [HLS 200-1470] Pipelining result : Target II = 1, Final II = 1, Depth = 4, loop 'VITIS_LOOP_8_1'
INFO: [SCHED 204-11] Finished scheduling.
INFO: [HLS 200-111] Finished Scheduling: CPU user time: 0.04 seconds. CPU system time: 0 seconds. Elapsed time: 0.05 seconds; current allocated memory: 1.753 GB.
INFO: [BIND 205-100] Starting micro-architecture generation ...
INFO: [BIND 205-101] Performing variable lifetime analysis.
INFO: [BIND 205-101] Exploring resource sharing.
INFO: [BIND 205-101] Binding ...
INFO: [BIND 205-100] Finished micro-architecture generation.
INFO: [HLS 200-111] Finished Binding: CPU user time: 0.01 seconds. CPU system time: 0 seconds. Elapsed time: 0.02 seconds; current allocated memory: 1.753 GB.
INFO: [HLS 200-10] ----------------------------------------------------------------
INFO: [HLS 200-42] -- Implementing module 'PE_735' 
INFO: [HLS 200-10] ----------------------------------------------------------------
INFO: [SCHED 204-11] Starting scheduling ...
INFO: [SCHED 204-61] Pipelining loop 'VITIS_LOOP_8_1'.
INFO: [HLS 200-1470] Pipelining result : Target II = 1, Final II = 1, Depth = 4, loop 'VITIS_LOOP_8_1'
INFO: [SCHED 204-11] Finished scheduling.
INFO: [HLS 200-111] Finished Scheduling: CPU user time: 0.04 seconds. CPU system time: 0 seconds. Elapsed time: 0.05 seconds; current allocated memory: 1.753 GB.
INFO: [BIND 205-100] Starting micro-architecture generation ...
INFO: [BIND 205-101] Performing variable lifetime analysis.
INFO: [BIND 205-101] Exploring resource sharing.
INFO: [BIND 205-101] Binding ...
INFO: [BIND 205-100] Finished micro-architecture generation.
INFO: [HLS 200-111] Finished Binding: CPU user time: 0.02 seconds. CPU system time: 0 seconds. Elapsed time: 0.03 seconds; current allocated memory: 1.753 GB.
INFO: [HLS 200-10] ----------------------------------------------------------------
INFO: [HLS 200-42] -- Implementing module 'PE_836' 
INFO: [HLS 200-10] ----------------------------------------------------------------
INFO: [SCHED 204-11] Starting scheduling ...
INFO: [SCHED 204-61] Pipelining loop 'VITIS_LOOP_8_1'.
INFO: [HLS 200-1470] Pipelining result : Target II = 1, Final II = 1, Depth = 4, loop 'VITIS_LOOP_8_1'
INFO: [SCHED 204-11] Finished scheduling.
INFO: [HLS 200-111] Finished Scheduling: CPU user time: 0.05 seconds. CPU system time: 0.01 seconds. Elapsed time: 0.05 seconds; current allocated memory: 1.754 GB.
INFO: [BIND 205-100] Starting micro-architecture generation ...
INFO: [BIND 205-101] Performing variable lifetime analysis.
INFO: [BIND 205-101] Exploring resource sharing.
INFO: [BIND 205-101] Binding ...
INFO: [BIND 205-100] Finished micro-architecture generation.
INFO: [HLS 200-111] Finished Binding: CPU user time: 0.02 seconds. CPU system time: 0 seconds. Elapsed time: 0.02 seconds; current allocated memory: 1.754 GB.
INFO: [HLS 200-10] ----------------------------------------------------------------
INFO: [HLS 200-42] -- Implementing module 'PE_937' 
INFO: [HLS 200-10] ----------------------------------------------------------------
INFO: [SCHED 204-11] Starting scheduling ...
INFO: [SCHED 204-61] Pipelining loop 'VITIS_LOOP_8_1'.
INFO: [HLS 200-1470] Pipelining result : Target II = 1, Final II = 1, Depth = 4, loop 'VITIS_LOOP_8_1'
INFO: [SCHED 204-11] Finished scheduling.
INFO: [HLS 200-111] Finished Scheduling: CPU user time: 0.05 seconds. CPU system time: 0 seconds. Elapsed time: 0.04 seconds; current allocated memory: 1.754 GB.
INFO: [BIND 205-100] Starting micro-architecture generation ...
INFO: [BIND 205-101] Performing variable lifetime analysis.
INFO: [BIND 205-101] Exploring resource sharing.
INFO: [BIND 205-101] Binding ...
INFO: [BIND 205-100] Finished micro-architecture generation.
INFO: [HLS 200-111] Finished Binding: CPU user time: 0.02 seconds. CPU system time: 0 seconds. Elapsed time: 0.02 seconds; current allocated memory: 1.754 GB.
INFO: [HLS 200-10] ----------------------------------------------------------------
INFO: [HLS 200-42] -- Implementing module 'PE_1038' 
INFO: [HLS 200-10] ----------------------------------------------------------------
INFO: [SCHED 204-11] Starting scheduling ...
INFO: [SCHED 204-61] Pipelining loop 'VITIS_LOOP_8_1'.
INFO: [HLS 200-1470] Pipelining result : Target II = 1, Final II = 1, Depth = 4, loop 'VITIS_LOOP_8_1'
INFO: [SCHED 204-11] Finished scheduling.
INFO: [HLS 200-111] Finished Scheduling: CPU user time: 0.04 seconds. CPU system time: 0 seconds. Elapsed time: 0.05 seconds; current allocated memory: 1.754 GB.
INFO: [BIND 205-100] Starting micro-architecture generation ...
INFO: [BIND 205-101] Performing variable lifetime analysis.
INFO: [BIND 205-101] Exploring resource sharing.
INFO: [BIND 205-101] Binding ...
INFO: [BIND 205-100] Finished micro-architecture generation.
INFO: [HLS 200-111] Finished Binding: CPU user time: 0.02 seconds. CPU system time: 0 seconds. Elapsed time: 0.02 seconds; current allocated memory: 1.754 GB.
INFO: [HLS 200-10] ----------------------------------------------------------------
INFO: [HLS 200-42] -- Implementing module 'PE_1139' 
INFO: [HLS 200-10] ----------------------------------------------------------------
INFO: [SCHED 204-11] Starting scheduling ...
INFO: [SCHED 204-61] Pipelining loop 'VITIS_LOOP_8_1'.
INFO: [HLS 200-1470] Pipelining result : Target II = 1, Final II = 1, Depth = 4, loop 'VITIS_LOOP_8_1'
INFO: [SCHED 204-11] Finished scheduling.
INFO: [HLS 200-111] Finished Scheduling: CPU user time: 0.05 seconds. CPU system time: 0.01 seconds. Elapsed time: 0.05 seconds; current allocated memory: 1.755 GB.
INFO: [BIND 205-100] Starting micro-architecture generation ...
INFO: [BIND 205-101] Performing variable lifetime analysis.
INFO: [BIND 205-101] Exploring resource sharing.
INFO: [BIND 205-101] Binding ...
INFO: [BIND 205-100] Finished micro-architecture generation.
INFO: [HLS 200-111] Finished Binding: CPU user time: 0.03 seconds. CPU system time: 0 seconds. Elapsed time: 0.03 seconds; current allocated memory: 1.755 GB.
INFO: [HLS 200-10] ----------------------------------------------------------------
INFO: [HLS 200-42] -- Implementing module 'PE_1240' 
INFO: [HLS 200-10] ----------------------------------------------------------------
INFO: [SCHED 204-11] Starting scheduling ...
INFO: [SCHED 204-61] Pipelining loop 'VITIS_LOOP_8_1'.
INFO: [HLS 200-1470] Pipelining result : Target II = 1, Final II = 1, Depth = 4, loop 'VITIS_LOOP_8_1'
INFO: [SCHED 204-11] Finished scheduling.
INFO: [HLS 200-111] Finished Scheduling: CPU user time: 0.05 seconds. CPU system time: 0 seconds. Elapsed time: 0.06 seconds; current allocated memory: 1.755 GB.
INFO: [BIND 205-100] Starting micro-architecture generation ...
INFO: [BIND 205-101] Performing variable lifetime analysis.
INFO: [BIND 205-101] Exploring resource sharing.
INFO: [BIND 205-101] Binding ...
INFO: [BIND 205-100] Finished micro-architecture generation.
INFO: [HLS 200-111] Finished Binding: CPU user time: 0.02 seconds. CPU system time: 0 seconds. Elapsed time: 0.02 seconds; current allocated memory: 1.755 GB.
INFO: [HLS 200-10] ----------------------------------------------------------------
INFO: [HLS 200-42] -- Implementing module 'PE_1341' 
INFO: [HLS 200-10] ----------------------------------------------------------------
INFO: [SCHED 204-11] Starting scheduling ...
INFO: [SCHED 204-61] Pipelining loop 'VITIS_LOOP_8_1'.
INFO: [HLS 200-1470] Pipelining result : Target II = 1, Final II = 1, Depth = 4, loop 'VITIS_LOOP_8_1'
INFO: [SCHED 204-11] Finished scheduling.
INFO: [HLS 200-111] Finished Scheduling: CPU user time: 0.05 seconds. CPU system time: 0 seconds. Elapsed time: 0.05 seconds; current allocated memory: 1.755 GB.
INFO: [BIND 205-100] Starting micro-architecture generation ...
INFO: [BIND 205-101] Performing variable lifetime analysis.
INFO: [BIND 205-101] Exploring resource sharing.
INFO: [BIND 205-101] Binding ...
INFO: [BIND 205-100] Finished micro-architecture generation.
INFO: [HLS 200-111] Finished Binding: CPU user time: 0.02 seconds. CPU system time: 0 seconds. Elapsed time: 0.03 seconds; current allocated memory: 1.755 GB.
INFO: [HLS 200-10] ----------------------------------------------------------------
INFO: [HLS 200-42] -- Implementing module 'PE_1442' 
INFO: [HLS 200-10] ----------------------------------------------------------------
INFO: [SCHED 204-11] Starting scheduling ...
INFO: [SCHED 204-61] Pipelining loop 'VITIS_LOOP_8_1'.
INFO: [HLS 200-1470] Pipelining result : Target II = 1, Final II = 1, Depth = 4, loop 'VITIS_LOOP_8_1'
INFO: [SCHED 204-11] Finished scheduling.
INFO: [HLS 200-111] Finished Scheduling: CPU user time: 0.05 seconds. CPU system time: 0.01 seconds. Elapsed time: 0.05 seconds; current allocated memory: 1.756 GB.
INFO: [BIND 205-100] Starting micro-architecture generation ...
INFO: [BIND 205-101] Performing variable lifetime analysis.
INFO: [BIND 205-101] Exploring resource sharing.
INFO: [BIND 205-101] Binding ...
INFO: [BIND 205-100] Finished micro-architecture generation.
INFO: [HLS 200-111] Finished Binding: CPU user time: 0.03 seconds. CPU system time: 0 seconds. Elapsed time: 0.03 seconds; current allocated memory: 1.756 GB.
INFO: [HLS 200-10] ----------------------------------------------------------------
INFO: [HLS 200-42] -- Implementing module 'PE_1543' 
INFO: [HLS 200-10] ----------------------------------------------------------------
INFO: [SCHED 204-11] Starting scheduling ...
INFO: [SCHED 204-61] Pipelining loop 'VITIS_LOOP_8_1'.
INFO: [HLS 200-1470] Pipelining result : Target II = 1, Final II = 1, Depth = 4, loop 'VITIS_LOOP_8_1'
INFO: [SCHED 204-11] Finished scheduling.
INFO: [HLS 200-111] Finished Scheduling: CPU user time: 0.05 seconds. CPU system time: 0 seconds. Elapsed time: 0.05 seconds; current allocated memory: 1.756 GB.
INFO: [BIND 205-100] Starting micro-architecture generation ...
INFO: [BIND 205-101] Performing variable lifetime analysis.
INFO: [BIND 205-101] Exploring resource sharing.
INFO: [BIND 205-101] Binding ...
INFO: [BIND 205-100] Finished micro-architecture generation.
INFO: [HLS 200-111] Finished Binding: CPU user time: 0.02 seconds. CPU system time: 0 seconds. Elapsed time: 0.02 seconds; current allocated memory: 1.756 GB.
INFO: [HLS 200-10] ----------------------------------------------------------------
INFO: [HLS 200-42] -- Implementing module 'PE_1644' 
INFO: [HLS 200-10] ----------------------------------------------------------------
INFO: [SCHED 204-11] Starting scheduling ...
INFO: [SCHED 204-61] Pipelining loop 'VITIS_LOOP_8_1'.
INFO: [HLS 200-1470] Pipelining result : Target II = 1, Final II = 1, Depth = 4, loop 'VITIS_LOOP_8_1'
INFO: [SCHED 204-11] Finished scheduling.
INFO: [HLS 200-111] Finished Scheduling: CPU user time: 0.04 seconds. CPU system time: 0.01 seconds. Elapsed time: 0.06 seconds; current allocated memory: 1.756 GB.
INFO: [BIND 205-100] Starting micro-architecture generation ...
INFO: [BIND 205-101] Performing variable lifetime analysis.
INFO: [BIND 205-101] Exploring resource sharing.
INFO: [BIND 205-101] Binding ...
INFO: [BIND 205-100] Finished micro-architecture generation.
INFO: [HLS 200-111] Finished Binding: CPU user time: 0.02 seconds. CPU system time: 0 seconds. Elapsed time: 0.03 seconds; current allocated memory: 1.756 GB.
INFO: [HLS 200-10] ----------------------------------------------------------------
INFO: [HLS 200-42] -- Implementing module 'PE_1745' 
INFO: [HLS 200-10] ----------------------------------------------------------------
INFO: [SCHED 204-11] Starting scheduling ...
INFO: [SCHED 204-61] Pipelining loop 'VITIS_LOOP_8_1'.
INFO: [HLS 200-1470] Pipelining result : Target II = 1, Final II = 1, Depth = 4, loop 'VITIS_LOOP_8_1'
INFO: [SCHED 204-11] Finished scheduling.
INFO: [HLS 200-111] Finished Scheduling: CPU user time: 0.05 seconds. CPU system time: 0 seconds. Elapsed time: 0.05 seconds; current allocated memory: 1.757 GB.
INFO: [BIND 205-100] Starting micro-architecture generation ...
INFO: [BIND 205-101] Performing variable lifetime analysis.
INFO: [BIND 205-101] Exploring resource sharing.
INFO: [BIND 205-101] Binding ...
INFO: [BIND 205-100] Finished micro-architecture generation.
INFO: [HLS 200-111] Finished Binding: CPU user time: 0.02 seconds. CPU system time: 0.01 seconds. Elapsed time: 0.03 seconds; current allocated memory: 1.757 GB.
INFO: [HLS 200-10] ----------------------------------------------------------------
INFO: [HLS 200-42] -- Implementing module 'PE_1846' 
INFO: [HLS 200-10] ----------------------------------------------------------------
INFO: [SCHED 204-11] Starting scheduling ...
INFO: [SCHED 204-61] Pipelining loop 'VITIS_LOOP_8_1'.
INFO: [HLS 200-1470] Pipelining result : Target II = 1, Final II = 1, Depth = 4, loop 'VITIS_LOOP_8_1'
INFO: [SCHED 204-11] Finished scheduling.
INFO: [HLS 200-111] Finished Scheduling: CPU user time: 0.05 seconds. CPU system time: 0 seconds. Elapsed time: 0.06 seconds; current allocated memory: 1.757 GB.
INFO: [BIND 205-100] Starting micro-architecture generation ...
INFO: [BIND 205-101] Performing variable lifetime analysis.
INFO: [BIND 205-101] Exploring resource sharing.
INFO: [BIND 205-101] Binding ...
INFO: [BIND 205-100] Finished micro-architecture generation.
INFO: [HLS 200-111] Finished Binding: CPU user time: 0.02 seconds. CPU system time: 0 seconds. Elapsed time: 0.03 seconds; current allocated memory: 1.757 GB.
INFO: [HLS 200-10] ----------------------------------------------------------------
INFO: [HLS 200-42] -- Implementing module 'PE_1947' 
INFO: [HLS 200-10] ----------------------------------------------------------------
INFO: [SCHED 204-11] Starting scheduling ...
INFO: [SCHED 204-61] Pipelining loop 'VITIS_LOOP_8_1'.
INFO: [HLS 200-1470] Pipelining result : Target II = 1, Final II = 1, Depth = 4, loop 'VITIS_LOOP_8_1'
INFO: [SCHED 204-11] Finished scheduling.
INFO: [HLS 200-111] Finished Scheduling: CPU user time: 0.06 seconds. CPU system time: 0.01 seconds. Elapsed time: 0.06 seconds; current allocated memory: 1.757 GB.
INFO: [BIND 205-100] Starting micro-architecture generation ...
INFO: [BIND 205-101] Performing variable lifetime analysis.
INFO: [BIND 205-101] Exploring resource sharing.
INFO: [BIND 205-101] Binding ...
INFO: [BIND 205-100] Finished micro-architecture generation.
INFO: [HLS 200-111] Finished Binding: CPU user time: 0.02 seconds. CPU system time: 0 seconds. Elapsed time: 0.03 seconds; current allocated memory: 1.757 GB.
INFO: [HLS 200-10] ----------------------------------------------------------------
INFO: [HLS 200-42] -- Implementing module 'PE_2048' 
INFO: [HLS 200-10] ----------------------------------------------------------------
INFO: [SCHED 204-11] Starting scheduling ...
INFO: [SCHED 204-61] Pipelining loop 'VITIS_LOOP_8_1'.
INFO: [HLS 200-1470] Pipelining result : Target II = 1, Final II = 1, Depth = 4, loop 'VITIS_LOOP_8_1'
INFO: [SCHED 204-11] Finished scheduling.
INFO: [HLS 200-111] Finished Scheduling: CPU user time: 0.05 seconds. CPU system time: 0 seconds. Elapsed time: 0.05 seconds; current allocated memory: 1.758 GB.
INFO: [BIND 205-100] Starting micro-architecture generation ...
INFO: [BIND 205-101] Performing variable lifetime analysis.
INFO: [BIND 205-101] Exploring resource sharing.
INFO: [BIND 205-101] Binding ...
INFO: [BIND 205-100] Finished micro-architecture generation.
INFO: [HLS 200-111] Finished Binding: CPU user time: 0.02 seconds. CPU system time: 0 seconds. Elapsed time: 0.02 seconds; current allocated memory: 1.758 GB.
INFO: [HLS 200-10] ----------------------------------------------------------------
INFO: [HLS 200-42] -- Implementing module 'PE_2149' 
INFO: [HLS 200-10] ----------------------------------------------------------------
INFO: [SCHED 204-11] Starting scheduling ...
INFO: [SCHED 204-61] Pipelining loop 'VITIS_LOOP_8_1'.
INFO: [HLS 200-1470] Pipelining result : Target II = 1, Final II = 1, Depth = 4, loop 'VITIS_LOOP_8_1'
INFO: [SCHED 204-11] Finished scheduling.
INFO: [HLS 200-111] Finished Scheduling: CPU user time: 0.05 seconds. CPU system time: 0.01 seconds. Elapsed time: 0.05 seconds; current allocated memory: 1.758 GB.
INFO: [BIND 205-100] Starting micro-architecture generation ...
INFO: [BIND 205-101] Performing variable lifetime analysis.
INFO: [BIND 205-101] Exploring resource sharing.
INFO: [BIND 205-101] Binding ...
INFO: [BIND 205-100] Finished micro-architecture generation.
INFO: [HLS 200-111] Finished Binding: CPU user time: 0.02 seconds. CPU system time: 0 seconds. Elapsed time: 0.03 seconds; current allocated memory: 1.758 GB.
INFO: [HLS 200-10] ----------------------------------------------------------------
INFO: [HLS 200-42] -- Implementing module 'PE_2250' 
INFO: [HLS 200-10] ----------------------------------------------------------------
INFO: [SCHED 204-11] Starting scheduling ...
INFO: [SCHED 204-61] Pipelining loop 'VITIS_LOOP_8_1'.
INFO: [HLS 200-1470] Pipelining result : Target II = 1, Final II = 1, Depth = 4, loop 'VITIS_LOOP_8_1'
INFO: [SCHED 204-11] Finished scheduling.
INFO: [HLS 200-111] Finished Scheduling: CPU user time: 0.05 seconds. CPU system time: 0 seconds. Elapsed time: 0.06 seconds; current allocated memory: 1.758 GB.
INFO: [BIND 205-100] Starting micro-architecture generation ...
INFO: [BIND 205-101] Performing variable lifetime analysis.
INFO: [BIND 205-101] Exploring resource sharing.
INFO: [BIND 205-101] Binding ...
INFO: [BIND 205-100] Finished micro-architecture generation.
INFO: [HLS 200-111] Finished Binding: CPU user time: 0.03 seconds. CPU system time: 0 seconds. Elapsed time: 0.03 seconds; current allocated memory: 1.758 GB.
INFO: [HLS 200-10] ----------------------------------------------------------------
INFO: [HLS 200-42] -- Implementing module 'PE_2351' 
INFO: [HLS 200-10] ----------------------------------------------------------------
INFO: [SCHED 204-11] Starting scheduling ...
INFO: [SCHED 204-61] Pipelining loop 'VITIS_LOOP_8_1'.
INFO: [HLS 200-1470] Pipelining result : Target II = 1, Final II = 1, Depth = 4, loop 'VITIS_LOOP_8_1'
INFO: [SCHED 204-11] Finished scheduling.
INFO: [HLS 200-111] Finished Scheduling: CPU user time: 0.05 seconds. CPU system time: 0 seconds. Elapsed time: 0.05 seconds; current allocated memory: 1.759 GB.
INFO: [BIND 205-100] Starting micro-architecture generation ...
INFO: [BIND 205-101] Performing variable lifetime analysis.
INFO: [BIND 205-101] Exploring resource sharing.
INFO: [BIND 205-101] Binding ...
INFO: [BIND 205-100] Finished micro-architecture generation.
INFO: [HLS 200-111] Finished Binding: CPU user time: 0.02 seconds. CPU system time: 0.01 seconds. Elapsed time: 0.02 seconds; current allocated memory: 1.759 GB.
INFO: [HLS 200-10] ----------------------------------------------------------------
INFO: [HLS 200-42] -- Implementing module 'PE_2452' 
INFO: [HLS 200-10] ----------------------------------------------------------------
INFO: [SCHED 204-11] Starting scheduling ...
INFO: [SCHED 204-61] Pipelining loop 'VITIS_LOOP_8_1'.
INFO: [HLS 200-1470] Pipelining result : Target II = 1, Final II = 1, Depth = 4, loop 'VITIS_LOOP_8_1'
INFO: [SCHED 204-11] Finished scheduling.
INFO: [HLS 200-111] Finished Scheduling: CPU user time: 0.05 seconds. CPU system time: 0 seconds. Elapsed time: 0.05 seconds; current allocated memory: 1.759 GB.
INFO: [BIND 205-100] Starting micro-architecture generation ...
INFO: [BIND 205-101] Performing variable lifetime analysis.
INFO: [BIND 205-101] Exploring resource sharing.
INFO: [BIND 205-101] Binding ...
INFO: [BIND 205-100] Finished micro-architecture generation.
INFO: [HLS 200-111] Finished Binding: CPU user time: 0.02 seconds. CPU system time: 0 seconds. Elapsed time: 0.03 seconds; current allocated memory: 1.759 GB.
INFO: [HLS 200-10] ----------------------------------------------------------------
INFO: [HLS 200-42] -- Implementing module 'PE_2553' 
INFO: [HLS 200-10] ----------------------------------------------------------------
INFO: [SCHED 204-11] Starting scheduling ...
INFO: [SCHED 204-61] Pipelining loop 'VITIS_LOOP_8_1'.
INFO: [HLS 200-1470] Pipelining result : Target II = 1, Final II = 1, Depth = 4, loop 'VITIS_LOOP_8_1'
INFO: [SCHED 204-11] Finished scheduling.
INFO: [HLS 200-111] Finished Scheduling: CPU user time: 0.05 seconds. CPU system time: 0 seconds. Elapsed time: 0.06 seconds; current allocated memory: 1.759 GB.
INFO: [BIND 205-100] Starting micro-architecture generation ...
INFO: [BIND 205-101] Performing variable lifetime analysis.
INFO: [BIND 205-101] Exploring resource sharing.
INFO: [BIND 205-101] Binding ...
INFO: [BIND 205-100] Finished micro-architecture generation.
INFO: [HLS 200-111] Finished Binding: CPU user time: 0.03 seconds. CPU system time: 0 seconds. Elapsed time: 0.03 seconds; current allocated memory: 1.759 GB.
INFO: [HLS 200-10] ----------------------------------------------------------------
INFO: [HLS 200-42] -- Implementing module 'PE_2654' 
INFO: [HLS 200-10] ----------------------------------------------------------------
INFO: [SCHED 204-11] Starting scheduling ...
INFO: [SCHED 204-61] Pipelining loop 'VITIS_LOOP_8_1'.
INFO: [HLS 200-1470] Pipelining result : Target II = 1, Final II = 1, Depth = 4, loop 'VITIS_LOOP_8_1'
INFO: [SCHED 204-11] Finished scheduling.
INFO: [HLS 200-111] Finished Scheduling: CPU user time: 0.06 seconds. CPU system time: 0 seconds. Elapsed time: 0.05 seconds; current allocated memory: 1.760 GB.
INFO: [BIND 205-100] Starting micro-architecture generation ...
INFO: [BIND 205-101] Performing variable lifetime analysis.
INFO: [BIND 205-101] Exploring resource sharing.
INFO: [BIND 205-101] Binding ...
INFO: [BIND 205-100] Finished micro-architecture generation.
INFO: [HLS 200-111] Finished Binding: CPU user time: 0.03 seconds. CPU system time: 0.01 seconds. Elapsed time: 0.03 seconds; current allocated memory: 1.760 GB.
INFO: [HLS 200-10] ----------------------------------------------------------------
INFO: [HLS 200-42] -- Implementing module 'PE_2755' 
INFO: [HLS 200-10] ----------------------------------------------------------------
INFO: [SCHED 204-11] Starting scheduling ...
INFO: [SCHED 204-61] Pipelining loop 'VITIS_LOOP_8_1'.
INFO: [HLS 200-1470] Pipelining result : Target II = 1, Final II = 1, Depth = 4, loop 'VITIS_LOOP_8_1'
INFO: [SCHED 204-11] Finished scheduling.
INFO: [HLS 200-111] Finished Scheduling: CPU user time: 0.06 seconds. CPU system time: 0 seconds. Elapsed time: 0.06 seconds; current allocated memory: 1.760 GB.
INFO: [BIND 205-100] Starting micro-architecture generation ...
INFO: [BIND 205-101] Performing variable lifetime analysis.
INFO: [BIND 205-101] Exploring resource sharing.
INFO: [BIND 205-101] Binding ...
INFO: [BIND 205-100] Finished micro-architecture generation.
INFO: [HLS 200-111] Finished Binding: CPU user time: 0.04 seconds. CPU system time: 0 seconds. Elapsed time: 0.04 seconds; current allocated memory: 1.760 GB.
INFO: [HLS 200-10] ----------------------------------------------------------------
INFO: [HLS 200-42] -- Implementing module 'PE_2856' 
INFO: [HLS 200-10] ----------------------------------------------------------------
INFO: [SCHED 204-11] Starting scheduling ...
INFO: [SCHED 204-61] Pipelining loop 'VITIS_LOOP_8_1'.
INFO: [HLS 200-1470] Pipelining result : Target II = 1, Final II = 1, Depth = 4, loop 'VITIS_LOOP_8_1'
INFO: [SCHED 204-11] Finished scheduling.
INFO: [HLS 200-111] Finished Scheduling: CPU user time: 0.06 seconds. CPU system time: 0 seconds. Elapsed time: 0.05 seconds; current allocated memory: 1.760 GB.
INFO: [BIND 205-100] Starting micro-architecture generation ...
INFO: [BIND 205-101] Performing variable lifetime analysis.
INFO: [BIND 205-101] Exploring resource sharing.
INFO: [BIND 205-101] Binding ...
INFO: [BIND 205-100] Finished micro-architecture generation.
INFO: [HLS 200-111] Finished Binding: CPU user time: 0.03 seconds. CPU system time: 0.01 seconds. Elapsed time: 0.03 seconds; current allocated memory: 1.760 GB.
INFO: [HLS 200-10] ----------------------------------------------------------------
INFO: [HLS 200-42] -- Implementing module 'PE_2957' 
INFO: [HLS 200-10] ----------------------------------------------------------------
INFO: [SCHED 204-11] Starting scheduling ...
INFO: [SCHED 204-61] Pipelining loop 'VITIS_LOOP_8_1'.
INFO: [HLS 200-1470] Pipelining result : Target II = 1, Final II = 1, Depth = 4, loop 'VITIS_LOOP_8_1'
INFO: [SCHED 204-11] Finished scheduling.
INFO: [HLS 200-111] Finished Scheduling: CPU user time: 0.06 seconds. CPU system time: 0 seconds. Elapsed time: 0.06 seconds; current allocated memory: 1.761 GB.
INFO: [BIND 205-100] Starting micro-architecture generation ...
INFO: [BIND 205-101] Performing variable lifetime analysis.
INFO: [BIND 205-101] Exploring resource sharing.
INFO: [BIND 205-101] Binding ...
INFO: [BIND 205-100] Finished micro-architecture generation.
INFO: [HLS 200-111] Finished Binding: CPU user time: 0.03 seconds. CPU system time: 0 seconds. Elapsed time: 0.03 seconds; current allocated memory: 1.761 GB.
INFO: [HLS 200-10] ----------------------------------------------------------------
INFO: [HLS 200-42] -- Implementing module 'PE_3058' 
INFO: [HLS 200-10] ----------------------------------------------------------------
INFO: [SCHED 204-11] Starting scheduling ...
INFO: [SCHED 204-61] Pipelining loop 'VITIS_LOOP_8_1'.
INFO: [HLS 200-1470] Pipelining result : Target II = 1, Final II = 1, Depth = 4, loop 'VITIS_LOOP_8_1'
INFO: [SCHED 204-11] Finished scheduling.
INFO: [HLS 200-111] Finished Scheduling: CPU user time: 0.06 seconds. CPU system time: 0 seconds. Elapsed time: 0.05 seconds; current allocated memory: 1.761 GB.
INFO: [BIND 205-100] Starting micro-architecture generation ...
INFO: [BIND 205-101] Performing variable lifetime analysis.
INFO: [BIND 205-101] Exploring resource sharing.
INFO: [BIND 205-101] Binding ...
INFO: [BIND 205-100] Finished micro-architecture generation.
INFO: [HLS 200-111] Finished Binding: CPU user time: 0.03 seconds. CPU system time: 0.01 seconds. Elapsed time: 0.03 seconds; current allocated memory: 1.761 GB.
INFO: [HLS 200-10] ----------------------------------------------------------------
INFO: [HLS 200-42] -- Implementing module 'PE_3159' 
INFO: [HLS 200-10] ----------------------------------------------------------------
INFO: [SCHED 204-11] Starting scheduling ...
INFO: [SCHED 204-61] Pipelining loop 'VITIS_LOOP_8_1'.
INFO: [HLS 200-1470] Pipelining result : Target II = 1, Final II = 1, Depth = 4, loop 'VITIS_LOOP_8_1'
INFO: [SCHED 204-11] Finished scheduling.
INFO: [HLS 200-111] Finished Scheduling: CPU user time: 0.05 seconds. CPU system time: 0 seconds. Elapsed time: 0.06 seconds; current allocated memory: 1.762 GB.
INFO: [BIND 205-100] Starting micro-architecture generation ...
INFO: [BIND 205-101] Performing variable lifetime analysis.
INFO: [BIND 205-101] Exploring resource sharing.
INFO: [BIND 205-101] Binding ...
INFO: [BIND 205-100] Finished micro-architecture generation.
INFO: [HLS 200-111] Finished Binding: CPU user time: 0.02 seconds. CPU system time: 0 seconds. Elapsed time: 0.03 seconds; current allocated memory: 1.762 GB.
INFO: [HLS 200-10] ----------------------------------------------------------------
INFO: [HLS 200-42] -- Implementing module 'PE_3260' 
INFO: [HLS 200-10] ----------------------------------------------------------------
INFO: [SCHED 204-11] Starting scheduling ...
INFO: [SCHED 204-61] Pipelining loop 'VITIS_LOOP_8_1'.
INFO: [HLS 200-1470] Pipelining result : Target II = 1, Final II = 1, Depth = 4, loop 'VITIS_LOOP_8_1'
INFO: [SCHED 204-11] Finished scheduling.
INFO: [HLS 200-111] Finished Scheduling: CPU user time: 0.05 seconds. CPU system time: 0.01 seconds. Elapsed time: 0.05 seconds; current allocated memory: 1.762 GB.
INFO: [BIND 205-100] Starting micro-architecture generation ...
INFO: [BIND 205-101] Performing variable lifetime analysis.
INFO: [BIND 205-101] Exploring resource sharing.
INFO: [BIND 205-101] Binding ...
INFO: [BIND 205-100] Finished micro-architecture generation.
INFO: [HLS 200-111] Finished Binding: CPU user time: 0.02 seconds. CPU system time: 0 seconds. Elapsed time: 0.03 seconds; current allocated memory: 1.762 GB.
INFO: [HLS 200-10] ----------------------------------------------------------------
INFO: [HLS 200-42] -- Implementing module 'PE_3361' 
INFO: [HLS 200-10] ----------------------------------------------------------------
INFO: [SCHED 204-11] Starting scheduling ...
INFO: [SCHED 204-61] Pipelining loop 'VITIS_LOOP_8_1'.
INFO: [HLS 200-1470] Pipelining result : Target II = 1, Final II = 1, Depth = 4, loop 'VITIS_LOOP_8_1'
INFO: [SCHED 204-11] Finished scheduling.
INFO: [HLS 200-111] Finished Scheduling: CPU user time: 0.05 seconds. CPU system time: 0 seconds. Elapsed time: 0.06 seconds; current allocated memory: 1.762 GB.
INFO: [BIND 205-100] Starting micro-architecture generation ...
INFO: [BIND 205-101] Performing variable lifetime analysis.
INFO: [BIND 205-101] Exploring resource sharing.
INFO: [BIND 205-101] Binding ...
INFO: [BIND 205-100] Finished micro-architecture generation.
INFO: [HLS 200-111] Finished Binding: CPU user time: 0.03 seconds. CPU system time: 0.01 seconds. Elapsed time: 0.03 seconds; current allocated memory: 1.762 GB.
INFO: [HLS 200-10] ----------------------------------------------------------------
INFO: [HLS 200-42] -- Implementing module 'PE_3462' 
INFO: [HLS 200-10] ----------------------------------------------------------------
INFO: [SCHED 204-11] Starting scheduling ...
INFO: [SCHED 204-61] Pipelining loop 'VITIS_LOOP_8_1'.
INFO: [HLS 200-1470] Pipelining result : Target II = 1, Final II = 1, Depth = 4, loop 'VITIS_LOOP_8_1'
INFO: [SCHED 204-11] Finished scheduling.
INFO: [HLS 200-111] Finished Scheduling: CPU user time: 0.06 seconds. CPU system time: 0 seconds. Elapsed time: 0.06 seconds; current allocated memory: 1.763 GB.
INFO: [BIND 205-100] Starting micro-architecture generation ...
INFO: [BIND 205-101] Performing variable lifetime analysis.
INFO: [BIND 205-101] Exploring resource sharing.
INFO: [BIND 205-101] Binding ...
INFO: [BIND 205-100] Finished micro-architecture generation.
INFO: [HLS 200-111] Finished Binding: CPU user time: 0.03 seconds. CPU system time: 0 seconds. Elapsed time: 0.03 seconds; current allocated memory: 1.763 GB.
INFO: [HLS 200-10] ----------------------------------------------------------------
INFO: [HLS 200-42] -- Implementing module 'PE_3563' 
INFO: [HLS 200-10] ----------------------------------------------------------------
INFO: [SCHED 204-11] Starting scheduling ...
INFO: [SCHED 204-61] Pipelining loop 'VITIS_LOOP_8_1'.
INFO: [HLS 200-1470] Pipelining result : Target II = 1, Final II = 1, Depth = 4, loop 'VITIS_LOOP_8_1'
INFO: [SCHED 204-11] Finished scheduling.
INFO: [HLS 200-111] Finished Scheduling: CPU user time: 0.06 seconds. CPU system time: 0 seconds. Elapsed time: 0.07 seconds; current allocated memory: 1.763 GB.
INFO: [BIND 205-100] Starting micro-architecture generation ...
INFO: [BIND 205-101] Performing variable lifetime analysis.
INFO: [BIND 205-101] Exploring resource sharing.
INFO: [BIND 205-101] Binding ...
INFO: [BIND 205-100] Finished micro-architecture generation.
INFO: [HLS 200-111] Finished Binding: CPU user time: 0.03 seconds. CPU system time: 0.01 seconds. Elapsed time: 0.03 seconds; current allocated memory: 1.763 GB.
INFO: [HLS 200-10] ----------------------------------------------------------------
INFO: [HLS 200-42] -- Implementing module 'PE_3664' 
INFO: [HLS 200-10] ----------------------------------------------------------------
INFO: [SCHED 204-11] Starting scheduling ...
INFO: [SCHED 204-61] Pipelining loop 'VITIS_LOOP_8_1'.
INFO: [HLS 200-1470] Pipelining result : Target II = 1, Final II = 1, Depth = 4, loop 'VITIS_LOOP_8_1'
INFO: [SCHED 204-11] Finished scheduling.
INFO: [HLS 200-111] Finished Scheduling: CPU user time: 0.07 seconds. CPU system time: 0 seconds. Elapsed time: 0.07 seconds; current allocated memory: 1.763 GB.
INFO: [BIND 205-100] Starting micro-architecture generation ...
INFO: [BIND 205-101] Performing variable lifetime analysis.
INFO: [BIND 205-101] Exploring resource sharing.
INFO: [BIND 205-101] Binding ...
INFO: [BIND 205-100] Finished micro-architecture generation.
INFO: [HLS 200-111] Finished Binding: CPU user time: 0.03 seconds. CPU system time: 0 seconds. Elapsed time: 0.03 seconds; current allocated memory: 1.763 GB.
INFO: [HLS 200-10] ----------------------------------------------------------------
INFO: [HLS 200-42] -- Implementing module 'PE_3765' 
INFO: [HLS 200-10] ----------------------------------------------------------------
INFO: [SCHED 204-11] Starting scheduling ...
INFO: [SCHED 204-61] Pipelining loop 'VITIS_LOOP_8_1'.
INFO: [HLS 200-1470] Pipelining result : Target II = 1, Final II = 1, Depth = 4, loop 'VITIS_LOOP_8_1'
INFO: [SCHED 204-11] Finished scheduling.
INFO: [HLS 200-111] Finished Scheduling: CPU user time: 0.07 seconds. CPU system time: 0 seconds. Elapsed time: 0.06 seconds; current allocated memory: 1.764 GB.
INFO: [BIND 205-100] Starting micro-architecture generation ...
INFO: [BIND 205-101] Performing variable lifetime analysis.
INFO: [BIND 205-101] Exploring resource sharing.
INFO: [BIND 205-101] Binding ...
INFO: [BIND 205-100] Finished micro-architecture generation.
INFO: [HLS 200-111] Finished Binding: CPU user time: 0.04 seconds. CPU system time: 0 seconds. Elapsed time: 0.04 seconds; current allocated memory: 1.764 GB.
INFO: [HLS 200-10] ----------------------------------------------------------------
INFO: [HLS 200-42] -- Implementing module 'PE_3866' 
INFO: [HLS 200-10] ----------------------------------------------------------------
INFO: [SCHED 204-11] Starting scheduling ...
INFO: [SCHED 204-61] Pipelining loop 'VITIS_LOOP_8_1'.
INFO: [HLS 200-1470] Pipelining result : Target II = 1, Final II = 1, Depth = 4, loop 'VITIS_LOOP_8_1'
INFO: [SCHED 204-11] Finished scheduling.
INFO: [HLS 200-111] Finished Scheduling: CPU user time: 0.07 seconds. CPU system time: 0.01 seconds. Elapsed time: 0.07 seconds; current allocated memory: 1.764 GB.
INFO: [BIND 205-100] Starting micro-architecture generation ...
INFO: [BIND 205-101] Performing variable lifetime analysis.
INFO: [BIND 205-101] Exploring resource sharing.
INFO: [BIND 205-101] Binding ...
INFO: [BIND 205-100] Finished micro-architecture generation.
INFO: [HLS 200-111] Finished Binding: CPU user time: 0.04 seconds. CPU system time: 0 seconds. Elapsed time: 0.03 seconds; current allocated memory: 1.764 GB.
INFO: [HLS 200-10] ----------------------------------------------------------------
INFO: [HLS 200-42] -- Implementing module 'PE_3967' 
INFO: [HLS 200-10] ----------------------------------------------------------------
INFO: [SCHED 204-11] Starting scheduling ...
INFO: [SCHED 204-61] Pipelining loop 'VITIS_LOOP_8_1'.
INFO: [HLS 200-1470] Pipelining result : Target II = 1, Final II = 1, Depth = 4, loop 'VITIS_LOOP_8_1'
INFO: [SCHED 204-11] Finished scheduling.
INFO: [HLS 200-111] Finished Scheduling: CPU user time: 0.07 seconds. CPU system time: 0 seconds. Elapsed time: 0.07 seconds; current allocated memory: 1.764 GB.
INFO: [BIND 205-100] Starting micro-architecture generation ...
INFO: [BIND 205-101] Performing variable lifetime analysis.
INFO: [BIND 205-101] Exploring resource sharing.
INFO: [BIND 205-101] Binding ...
INFO: [BIND 205-100] Finished micro-architecture generation.
INFO: [HLS 200-111] Finished Binding: CPU user time: 0.04 seconds. CPU system time: 0 seconds. Elapsed time: 0.04 seconds; current allocated memory: 1.764 GB.
INFO: [HLS 200-10] ----------------------------------------------------------------
INFO: [HLS 200-42] -- Implementing module 'PE_4068' 
INFO: [HLS 200-10] ----------------------------------------------------------------
INFO: [SCHED 204-11] Starting scheduling ...
INFO: [SCHED 204-61] Pipelining loop 'VITIS_LOOP_8_1'.
INFO: [HLS 200-1470] Pipelining result : Target II = 1, Final II = 1, Depth = 4, loop 'VITIS_LOOP_8_1'
INFO: [SCHED 204-11] Finished scheduling.
INFO: [HLS 200-111] Finished Scheduling: CPU user time: 0.06 seconds. CPU system time: 0 seconds. Elapsed time: 0.07 seconds; current allocated memory: 1.765 GB.
INFO: [BIND 205-100] Starting micro-architecture generation ...
INFO: [BIND 205-101] Performing variable lifetime analysis.
INFO: [BIND 205-101] Exploring resource sharing.
INFO: [BIND 205-101] Binding ...
INFO: [BIND 205-100] Finished micro-architecture generation.
INFO: [HLS 200-111] Finished Binding: CPU user time: 0.03 seconds. CPU system time: 0 seconds. Elapsed time: 0.03 seconds; current allocated memory: 1.765 GB.
INFO: [HLS 200-10] ----------------------------------------------------------------
INFO: [HLS 200-42] -- Implementing module 'PE_4169' 
INFO: [HLS 200-10] ----------------------------------------------------------------
INFO: [SCHED 204-11] Starting scheduling ...
INFO: [SCHED 204-61] Pipelining loop 'VITIS_LOOP_8_1'.
INFO: [HLS 200-1470] Pipelining result : Target II = 1, Final II = 1, Depth = 4, loop 'VITIS_LOOP_8_1'
INFO: [SCHED 204-11] Finished scheduling.
INFO: [HLS 200-111] Finished Scheduling: CPU user time: 0.06 seconds. CPU system time: 0 seconds. Elapsed time: 0.07 seconds; current allocated memory: 1.765 GB.
INFO: [BIND 205-100] Starting micro-architecture generation ...
INFO: [BIND 205-101] Performing variable lifetime analysis.
INFO: [BIND 205-101] Exploring resource sharing.
INFO: [BIND 205-101] Binding ...
INFO: [BIND 205-100] Finished micro-architecture generation.
INFO: [HLS 200-111] Finished Binding: CPU user time: 0.03 seconds. CPU system time: 0 seconds. Elapsed time: 0.04 seconds; current allocated memory: 1.765 GB.
INFO: [HLS 200-10] ----------------------------------------------------------------
INFO: [HLS 200-42] -- Implementing module 'PE_4270' 
INFO: [HLS 200-10] ----------------------------------------------------------------
INFO: [SCHED 204-11] Starting scheduling ...
INFO: [SCHED 204-61] Pipelining loop 'VITIS_LOOP_8_1'.
INFO: [HLS 200-1470] Pipelining result : Target II = 1, Final II = 1, Depth = 4, loop 'VITIS_LOOP_8_1'
INFO: [SCHED 204-11] Finished scheduling.
INFO: [HLS 200-111] Finished Scheduling: CPU user time: 0.06 seconds. CPU system time: 0 seconds. Elapsed time: 0.07 seconds; current allocated memory: 1.766 GB.
INFO: [BIND 205-100] Starting micro-architecture generation ...
INFO: [BIND 205-101] Performing variable lifetime analysis.
INFO: [BIND 205-101] Exploring resource sharing.
INFO: [BIND 205-101] Binding ...
INFO: [BIND 205-100] Finished micro-architecture generation.
INFO: [HLS 200-111] Finished Binding: CPU user time: 0.04 seconds. CPU system time: 0.01 seconds. Elapsed time: 0.04 seconds; current allocated memory: 1.766 GB.
INFO: [HLS 200-10] ----------------------------------------------------------------
INFO: [HLS 200-42] -- Implementing module 'PE_4371' 
INFO: [HLS 200-10] ----------------------------------------------------------------
INFO: [SCHED 204-11] Starting scheduling ...
INFO: [SCHED 204-61] Pipelining loop 'VITIS_LOOP_8_1'.
INFO: [HLS 200-1470] Pipelining result : Target II = 1, Final II = 1, Depth = 4, loop 'VITIS_LOOP_8_1'
INFO: [SCHED 204-11] Finished scheduling.
INFO: [HLS 200-111] Finished Scheduling: CPU user time: 0.06 seconds. CPU system time: 0 seconds. Elapsed time: 0.07 seconds; current allocated memory: 1.766 GB.
INFO: [BIND 205-100] Starting micro-architecture generation ...
INFO: [BIND 205-101] Performing variable lifetime analysis.
INFO: [BIND 205-101] Exploring resource sharing.
INFO: [BIND 205-101] Binding ...
INFO: [BIND 205-100] Finished micro-architecture generation.
INFO: [HLS 200-111] Finished Binding: CPU user time: 0.03 seconds. CPU system time: 0 seconds. Elapsed time: 0.04 seconds; current allocated memory: 1.766 GB.
INFO: [HLS 200-10] ----------------------------------------------------------------
INFO: [HLS 200-42] -- Implementing module 'PE_4472' 
INFO: [HLS 200-10] ----------------------------------------------------------------
INFO: [SCHED 204-11] Starting scheduling ...
INFO: [SCHED 204-61] Pipelining loop 'VITIS_LOOP_8_1'.
INFO: [HLS 200-1470] Pipelining result : Target II = 1, Final II = 1, Depth = 4, loop 'VITIS_LOOP_8_1'
INFO: [SCHED 204-11] Finished scheduling.
INFO: [HLS 200-111] Finished Scheduling: CPU user time: 0.07 seconds. CPU system time: 0.01 seconds. Elapsed time: 0.07 seconds; current allocated memory: 1.766 GB.
INFO: [BIND 205-100] Starting micro-architecture generation ...
INFO: [BIND 205-101] Performing variable lifetime analysis.
INFO: [BIND 205-101] Exploring resource sharing.
INFO: [BIND 205-101] Binding ...
INFO: [BIND 205-100] Finished micro-architecture generation.
INFO: [HLS 200-111] Finished Binding: CPU user time: 0.03 seconds. CPU system time: 0 seconds. Elapsed time: 0.04 seconds; current allocated memory: 1.766 GB.
INFO: [HLS 200-10] ----------------------------------------------------------------
INFO: [HLS 200-42] -- Implementing module 'PE_4573' 
INFO: [HLS 200-10] ----------------------------------------------------------------
INFO: [SCHED 204-11] Starting scheduling ...
INFO: [SCHED 204-61] Pipelining loop 'VITIS_LOOP_8_1'.
INFO: [HLS 200-1470] Pipelining result : Target II = 1, Final II = 1, Depth = 4, loop 'VITIS_LOOP_8_1'
INFO: [SCHED 204-11] Finished scheduling.
INFO: [HLS 200-111] Finished Scheduling: CPU user time: 0.06 seconds. CPU system time: 0 seconds. Elapsed time: 0.07 seconds; current allocated memory: 1.767 GB.
INFO: [BIND 205-100] Starting micro-architecture generation ...
INFO: [BIND 205-101] Performing variable lifetime analysis.
INFO: [BIND 205-101] Exploring resource sharing.
INFO: [BIND 205-101] Binding ...
INFO: [BIND 205-100] Finished micro-architecture generation.
INFO: [HLS 200-111] Finished Binding: CPU user time: 0.04 seconds. CPU system time: 0.01 seconds. Elapsed time: 0.04 seconds; current allocated memory: 1.767 GB.
INFO: [HLS 200-10] ----------------------------------------------------------------
INFO: [HLS 200-42] -- Implementing module 'PE_4674' 
INFO: [HLS 200-10] ----------------------------------------------------------------
INFO: [SCHED 204-11] Starting scheduling ...
INFO: [SCHED 204-61] Pipelining loop 'VITIS_LOOP_8_1'.
INFO: [HLS 200-1470] Pipelining result : Target II = 1, Final II = 1, Depth = 4, loop 'VITIS_LOOP_8_1'
INFO: [SCHED 204-11] Finished scheduling.
INFO: [HLS 200-111] Finished Scheduling: CPU user time: 0.07 seconds. CPU system time: 0 seconds. Elapsed time: 0.07 seconds; current allocated memory: 1.767 GB.
INFO: [BIND 205-100] Starting micro-architecture generation ...
INFO: [BIND 205-101] Performing variable lifetime analysis.
INFO: [BIND 205-101] Exploring resource sharing.
INFO: [BIND 205-101] Binding ...
INFO: [BIND 205-100] Finished micro-architecture generation.
INFO: [HLS 200-111] Finished Binding: CPU user time: 0.04 seconds. CPU system time: 0 seconds. Elapsed time: 0.03 seconds; current allocated memory: 1.767 GB.
INFO: [HLS 200-10] ----------------------------------------------------------------
INFO: [HLS 200-42] -- Implementing module 'PE_4775' 
INFO: [HLS 200-10] ----------------------------------------------------------------
INFO: [SCHED 204-11] Starting scheduling ...
INFO: [SCHED 204-61] Pipelining loop 'VITIS_LOOP_8_1'.
INFO: [HLS 200-1470] Pipelining result : Target II = 1, Final II = 1, Depth = 4, loop 'VITIS_LOOP_8_1'
INFO: [SCHED 204-11] Finished scheduling.
INFO: [HLS 200-111] Finished Scheduling: CPU user time: 0.07 seconds. CPU system time: 0 seconds. Elapsed time: 0.06 seconds; current allocated memory: 1.767 GB.
INFO: [BIND 205-100] Starting micro-architecture generation ...
INFO: [BIND 205-101] Performing variable lifetime analysis.
INFO: [BIND 205-101] Exploring resource sharing.
INFO: [BIND 205-101] Binding ...
INFO: [BIND 205-100] Finished micro-architecture generation.
INFO: [HLS 200-111] Finished Binding: CPU user time: 0.04 seconds. CPU system time: 0 seconds. Elapsed time: 0.04 seconds; current allocated memory: 1.767 GB.
INFO: [HLS 200-10] ----------------------------------------------------------------
INFO: [HLS 200-42] -- Implementing module 'PE_4876' 
INFO: [HLS 200-10] ----------------------------------------------------------------
INFO: [SCHED 204-11] Starting scheduling ...
INFO: [SCHED 204-61] Pipelining loop 'VITIS_LOOP_8_1'.
INFO: [HLS 200-1470] Pipelining result : Target II = 1, Final II = 1, Depth = 4, loop 'VITIS_LOOP_8_1'
INFO: [SCHED 204-11] Finished scheduling.
INFO: [HLS 200-111] Finished Scheduling: CPU user time: 0.07 seconds. CPU system time: 0.01 seconds. Elapsed time: 0.07 seconds; current allocated memory: 1.768 GB.
INFO: [BIND 205-100] Starting micro-architecture generation ...
INFO: [BIND 205-101] Performing variable lifetime analysis.
INFO: [BIND 205-101] Exploring resource sharing.
INFO: [BIND 205-101] Binding ...
INFO: [BIND 205-100] Finished micro-architecture generation.
INFO: [HLS 200-111] Finished Binding: CPU user time: 0.04 seconds. CPU system time: 0 seconds. Elapsed time: 0.04 seconds; current allocated memory: 1.768 GB.
INFO: [HLS 200-10] ----------------------------------------------------------------
INFO: [HLS 200-42] -- Implementing module 'PE_4977' 
INFO: [HLS 200-10] ----------------------------------------------------------------
INFO: [SCHED 204-11] Starting scheduling ...
INFO: [SCHED 204-61] Pipelining loop 'VITIS_LOOP_8_1'.
INFO: [HLS 200-1470] Pipelining result : Target II = 1, Final II = 1, Depth = 4, loop 'VITIS_LOOP_8_1'
INFO: [SCHED 204-11] Finished scheduling.
INFO: [HLS 200-111] Finished Scheduling: CPU user time: 0.07 seconds. CPU system time: 0 seconds. Elapsed time: 0.06 seconds; current allocated memory: 1.768 GB.
INFO: [BIND 205-100] Starting micro-architecture generation ...
INFO: [BIND 205-101] Performing variable lifetime analysis.
INFO: [BIND 205-101] Exploring resource sharing.
INFO: [BIND 205-101] Binding ...
INFO: [BIND 205-100] Finished micro-architecture generation.
INFO: [HLS 200-111] Finished Binding: CPU user time: 0.04 seconds. CPU system time: 0 seconds. Elapsed time: 0.04 seconds; current allocated memory: 1.768 GB.
INFO: [HLS 200-10] ----------------------------------------------------------------
INFO: [HLS 200-42] -- Implementing module 'PE_5078' 
INFO: [HLS 200-10] ----------------------------------------------------------------
INFO: [SCHED 204-11] Starting scheduling ...
INFO: [SCHED 204-61] Pipelining loop 'VITIS_LOOP_8_1'.
INFO: [HLS 200-1470] Pipelining result : Target II = 1, Final II = 1, Depth = 4, loop 'VITIS_LOOP_8_1'
INFO: [SCHED 204-11] Finished scheduling.
INFO: [HLS 200-111] Finished Scheduling: CPU user time: 0.07 seconds. CPU system time: 0.01 seconds. Elapsed time: 0.07 seconds; current allocated memory: 1.768 GB.
INFO: [BIND 205-100] Starting micro-architecture generation ...
INFO: [BIND 205-101] Performing variable lifetime analysis.
INFO: [BIND 205-101] Exploring resource sharing.
INFO: [BIND 205-101] Binding ...
INFO: [BIND 205-100] Finished micro-architecture generation.
INFO: [HLS 200-111] Finished Binding: CPU user time: 0.04 seconds. CPU system time: 0 seconds. Elapsed time: 0.03 seconds; current allocated memory: 1.768 GB.
INFO: [HLS 200-10] ----------------------------------------------------------------
INFO: [HLS 200-42] -- Implementing module 'PE_5179' 
INFO: [HLS 200-10] ----------------------------------------------------------------
INFO: [SCHED 204-11] Starting scheduling ...
INFO: [SCHED 204-61] Pipelining loop 'VITIS_LOOP_8_1'.
INFO: [HLS 200-1470] Pipelining result : Target II = 1, Final II = 1, Depth = 4, loop 'VITIS_LOOP_8_1'
INFO: [SCHED 204-11] Finished scheduling.
INFO: [HLS 200-111] Finished Scheduling: CPU user time: 0.07 seconds. CPU system time: 0 seconds. Elapsed time: 0.07 seconds; current allocated memory: 1.769 GB.
INFO: [BIND 205-100] Starting micro-architecture generation ...
INFO: [BIND 205-101] Performing variable lifetime analysis.
INFO: [BIND 205-101] Exploring resource sharing.
INFO: [BIND 205-101] Binding ...
INFO: [BIND 205-100] Finished micro-architecture generation.
INFO: [HLS 200-111] Finished Binding: CPU user time: 0.04 seconds. CPU system time: 0.01 seconds. Elapsed time: 0.04 seconds; current allocated memory: 1.769 GB.
INFO: [HLS 200-10] ----------------------------------------------------------------
INFO: [HLS 200-42] -- Implementing module 'PE_5280' 
INFO: [HLS 200-10] ----------------------------------------------------------------
INFO: [SCHED 204-11] Starting scheduling ...
INFO: [SCHED 204-61] Pipelining loop 'VITIS_LOOP_8_1'.
INFO: [HLS 200-1470] Pipelining result : Target II = 1, Final II = 1, Depth = 4, loop 'VITIS_LOOP_8_1'
INFO: [SCHED 204-11] Finished scheduling.
INFO: [HLS 200-111] Finished Scheduling: CPU user time: 0.07 seconds. CPU system time: 0 seconds. Elapsed time: 0.07 seconds; current allocated memory: 1.769 GB.
INFO: [BIND 205-100] Starting micro-architecture generation ...
INFO: [BIND 205-101] Performing variable lifetime analysis.
INFO: [BIND 205-101] Exploring resource sharing.
INFO: [BIND 205-101] Binding ...
INFO: [BIND 205-100] Finished micro-architecture generation.
INFO: [HLS 200-111] Finished Binding: CPU user time: 0.04 seconds. CPU system time: 0 seconds. Elapsed time: 0.04 seconds; current allocated memory: 1.769 GB.
INFO: [HLS 200-10] ----------------------------------------------------------------
INFO: [HLS 200-42] -- Implementing module 'PE_5381' 
INFO: [HLS 200-10] ----------------------------------------------------------------
INFO: [SCHED 204-11] Starting scheduling ...
INFO: [SCHED 204-61] Pipelining loop 'VITIS_LOOP_8_1'.
INFO: [HLS 200-1470] Pipelining result : Target II = 1, Final II = 1, Depth = 4, loop 'VITIS_LOOP_8_1'
INFO: [SCHED 204-11] Finished scheduling.
INFO: [HLS 200-111] Finished Scheduling: CPU user time: 0.07 seconds. CPU system time: 0 seconds. Elapsed time: 0.07 seconds; current allocated memory: 1.769 GB.
INFO: [BIND 205-100] Starting micro-architecture generation ...
INFO: [BIND 205-101] Performing variable lifetime analysis.
INFO: [BIND 205-101] Exploring resource sharing.
INFO: [BIND 205-101] Binding ...
INFO: [BIND 205-100] Finished micro-architecture generation.
INFO: [HLS 200-111] Finished Binding: CPU user time: 0.04 seconds. CPU system time: 0 seconds. Elapsed time: 0.03 seconds; current allocated memory: 1.769 GB.
INFO: [HLS 200-10] ----------------------------------------------------------------
INFO: [HLS 200-42] -- Implementing module 'PE_5482' 
INFO: [HLS 200-10] ----------------------------------------------------------------
INFO: [SCHED 204-11] Starting scheduling ...
INFO: [SCHED 204-61] Pipelining loop 'VITIS_LOOP_8_1'.
INFO: [HLS 200-1470] Pipelining result : Target II = 1, Final II = 1, Depth = 4, loop 'VITIS_LOOP_8_1'
INFO: [SCHED 204-11] Finished scheduling.
INFO: [HLS 200-111] Finished Scheduling: CPU user time: 0.07 seconds. CPU system time: 0 seconds. Elapsed time: 0.07 seconds; current allocated memory: 1.770 GB.
INFO: [BIND 205-100] Starting micro-architecture generation ...
INFO: [BIND 205-101] Performing variable lifetime analysis.
INFO: [BIND 205-101] Exploring resource sharing.
INFO: [BIND 205-101] Binding ...
INFO: [BIND 205-100] Finished micro-architecture generation.
INFO: [HLS 200-111] Finished Binding: CPU user time: 0.04 seconds. CPU system time: 0 seconds. Elapsed time: 0.04 seconds; current allocated memory: 1.770 GB.
INFO: [HLS 200-10] ----------------------------------------------------------------
INFO: [HLS 200-42] -- Implementing module 'PE_5583' 
INFO: [HLS 200-10] ----------------------------------------------------------------
INFO: [SCHED 204-11] Starting scheduling ...
INFO: [SCHED 204-61] Pipelining loop 'VITIS_LOOP_8_1'.
INFO: [HLS 200-1470] Pipelining result : Target II = 1, Final II = 1, Depth = 4, loop 'VITIS_LOOP_8_1'
INFO: [SCHED 204-11] Finished scheduling.
INFO: [HLS 200-111] Finished Scheduling: CPU user time: 0.07 seconds. CPU system time: 0 seconds. Elapsed time: 0.08 seconds; current allocated memory: 1.770 GB.
INFO: [BIND 205-100] Starting micro-architecture generation ...
INFO: [BIND 205-101] Performing variable lifetime analysis.
INFO: [BIND 205-101] Exploring resource sharing.
INFO: [BIND 205-101] Binding ...
INFO: [BIND 205-100] Finished micro-architecture generation.
INFO: [HLS 200-111] Finished Binding: CPU user time: 0.04 seconds. CPU system time: 0 seconds. Elapsed time: 0.04 seconds; current allocated memory: 1.770 GB.
INFO: [HLS 200-10] ----------------------------------------------------------------
INFO: [HLS 200-42] -- Implementing module 'PE_5684' 
INFO: [HLS 200-10] ----------------------------------------------------------------
INFO: [SCHED 204-11] Starting scheduling ...
INFO: [SCHED 204-61] Pipelining loop 'VITIS_LOOP_8_1'.
INFO: [HLS 200-1470] Pipelining result : Target II = 1, Final II = 1, Depth = 4, loop 'VITIS_LOOP_8_1'
INFO: [SCHED 204-11] Finished scheduling.
INFO: [HLS 200-111] Finished Scheduling: CPU user time: 0.06 seconds. CPU system time: 0 seconds. Elapsed time: 0.07 seconds; current allocated memory: 1.770 GB.
INFO: [BIND 205-100] Starting micro-architecture generation ...
INFO: [BIND 205-101] Performing variable lifetime analysis.
INFO: [BIND 205-101] Exploring resource sharing.
INFO: [BIND 205-101] Binding ...
INFO: [BIND 205-100] Finished micro-architecture generation.
INFO: [HLS 200-111] Finished Binding: CPU user time: 0.03 seconds. CPU system time: 0.01 seconds. Elapsed time: 0.04 seconds; current allocated memory: 1.770 GB.
INFO: [HLS 200-10] ----------------------------------------------------------------
INFO: [HLS 200-42] -- Implementing module 'PE_5785' 
INFO: [HLS 200-10] ----------------------------------------------------------------
INFO: [SCHED 204-11] Starting scheduling ...
INFO: [SCHED 204-61] Pipelining loop 'VITIS_LOOP_8_1'.
INFO: [HLS 200-1470] Pipelining result : Target II = 1, Final II = 1, Depth = 4, loop 'VITIS_LOOP_8_1'
INFO: [SCHED 204-11] Finished scheduling.
INFO: [HLS 200-111] Finished Scheduling: CPU user time: 0.07 seconds. CPU system time: 0 seconds. Elapsed time: 0.07 seconds; current allocated memory: 1.771 GB.
INFO: [BIND 205-100] Starting micro-architecture generation ...
INFO: [BIND 205-101] Performing variable lifetime analysis.
INFO: [BIND 205-101] Exploring resource sharing.
INFO: [BIND 205-101] Binding ...
INFO: [BIND 205-100] Finished micro-architecture generation.
INFO: [HLS 200-111] Finished Binding: CPU user time: 0.03 seconds. CPU system time: 0 seconds. Elapsed time: 0.04 seconds; current allocated memory: 1.771 GB.
INFO: [HLS 200-10] ----------------------------------------------------------------
INFO: [HLS 200-42] -- Implementing module 'PE_5886' 
INFO: [HLS 200-10] ----------------------------------------------------------------
INFO: [SCHED 204-11] Starting scheduling ...
INFO: [SCHED 204-61] Pipelining loop 'VITIS_LOOP_8_1'.
INFO: [HLS 200-1470] Pipelining result : Target II = 1, Final II = 1, Depth = 4, loop 'VITIS_LOOP_8_1'
INFO: [SCHED 204-11] Finished scheduling.
INFO: [HLS 200-111] Finished Scheduling: CPU user time: 0.07 seconds. CPU system time: 0.01 seconds. Elapsed time: 0.07 seconds; current allocated memory: 1.771 GB.
INFO: [BIND 205-100] Starting micro-architecture generation ...
INFO: [BIND 205-101] Performing variable lifetime analysis.
INFO: [BIND 205-101] Exploring resource sharing.
INFO: [BIND 205-101] Binding ...
INFO: [BIND 205-100] Finished micro-architecture generation.
INFO: [HLS 200-111] Finished Binding: CPU user time: 0.04 seconds. CPU system time: 0 seconds. Elapsed time: 0.04 seconds; current allocated memory: 1.771 GB.
INFO: [HLS 200-10] ----------------------------------------------------------------
INFO: [HLS 200-42] -- Implementing module 'PE_5987' 
INFO: [HLS 200-10] ----------------------------------------------------------------
INFO: [SCHED 204-11] Starting scheduling ...
INFO: [SCHED 204-61] Pipelining loop 'VITIS_LOOP_8_1'.
INFO: [HLS 200-1470] Pipelining result : Target II = 1, Final II = 1, Depth = 4, loop 'VITIS_LOOP_8_1'
INFO: [SCHED 204-11] Finished scheduling.
INFO: [HLS 200-111] Finished Scheduling: CPU user time: 0.07 seconds. CPU system time: 0 seconds. Elapsed time: 0.07 seconds; current allocated memory: 1.771 GB.
INFO: [BIND 205-100] Starting micro-architecture generation ...
INFO: [BIND 205-101] Performing variable lifetime analysis.
INFO: [BIND 205-101] Exploring resource sharing.
INFO: [BIND 205-101] Binding ...
INFO: [BIND 205-100] Finished micro-architecture generation.
INFO: [HLS 200-111] Finished Binding: CPU user time: 0.03 seconds. CPU system time: 0 seconds. Elapsed time: 0.04 seconds; current allocated memory: 1.771 GB.
INFO: [HLS 200-10] ----------------------------------------------------------------
INFO: [HLS 200-42] -- Implementing module 'PE_6088' 
INFO: [HLS 200-10] ----------------------------------------------------------------
INFO: [SCHED 204-11] Starting scheduling ...
INFO: [SCHED 204-61] Pipelining loop 'VITIS_LOOP_8_1'.
INFO: [HLS 200-1470] Pipelining result : Target II = 1, Final II = 1, Depth = 4, loop 'VITIS_LOOP_8_1'
INFO: [SCHED 204-11] Finished scheduling.
INFO: [HLS 200-111] Finished Scheduling: CPU user time: 0.07 seconds. CPU system time: 0.01 seconds. Elapsed time: 0.07 seconds; current allocated memory: 1.772 GB.
INFO: [BIND 205-100] Starting micro-architecture generation ...
INFO: [BIND 205-101] Performing variable lifetime analysis.
INFO: [BIND 205-101] Exploring resource sharing.
INFO: [BIND 205-101] Binding ...
INFO: [BIND 205-100] Finished micro-architecture generation.
INFO: [HLS 200-111] Finished Binding: CPU user time: 0.04 seconds. CPU system time: 0 seconds. Elapsed time: 0.04 seconds; current allocated memory: 1.772 GB.
INFO: [HLS 200-10] ----------------------------------------------------------------
INFO: [HLS 200-42] -- Implementing module 'PE_6189' 
INFO: [HLS 200-10] ----------------------------------------------------------------
INFO: [SCHED 204-11] Starting scheduling ...
INFO: [SCHED 204-61] Pipelining loop 'VITIS_LOOP_8_1'.
INFO: [HLS 200-1470] Pipelining result : Target II = 1, Final II = 1, Depth = 4, loop 'VITIS_LOOP_8_1'
INFO: [SCHED 204-11] Finished scheduling.
INFO: [HLS 200-111] Finished Scheduling: CPU user time: 0.07 seconds. CPU system time: 0 seconds. Elapsed time: 0.08 seconds; current allocated memory: 1.772 GB.
INFO: [BIND 205-100] Starting micro-architecture generation ...
INFO: [BIND 205-101] Performing variable lifetime analysis.
INFO: [BIND 205-101] Exploring resource sharing.
INFO: [BIND 205-101] Binding ...
INFO: [BIND 205-100] Finished micro-architecture generation.
INFO: [HLS 200-111] Finished Binding: CPU user time: 0.04 seconds. CPU system time: 0.01 seconds. Elapsed time: 0.04 seconds; current allocated memory: 1.772 GB.
INFO: [HLS 200-10] ----------------------------------------------------------------
INFO: [HLS 200-42] -- Implementing module 'PE_6290' 
INFO: [HLS 200-10] ----------------------------------------------------------------
INFO: [SCHED 204-11] Starting scheduling ...
INFO: [SCHED 204-61] Pipelining loop 'VITIS_LOOP_8_1'.
INFO: [HLS 200-1470] Pipelining result : Target II = 1, Final II = 1, Depth = 4, loop 'VITIS_LOOP_8_1'
INFO: [SCHED 204-11] Finished scheduling.
INFO: [HLS 200-111] Finished Scheduling: CPU user time: 0.06 seconds. CPU system time: 0 seconds. Elapsed time: 0.07 seconds; current allocated memory: 1.773 GB.
INFO: [BIND 205-100] Starting micro-architecture generation ...
INFO: [BIND 205-101] Performing variable lifetime analysis.
INFO: [BIND 205-101] Exploring resource sharing.
INFO: [BIND 205-101] Binding ...
INFO: [BIND 205-100] Finished micro-architecture generation.
INFO: [HLS 200-111] Finished Binding: CPU user time: 0.04 seconds. CPU system time: 0.01 seconds. Elapsed time: 0.04 seconds; current allocated memory: 1.773 GB.
INFO: [HLS 200-10] ----------------------------------------------------------------
INFO: [HLS 200-42] -- Implementing module 'PE_6391' 
INFO: [HLS 200-10] ----------------------------------------------------------------
INFO: [SCHED 204-11] Starting scheduling ...
INFO: [SCHED 204-61] Pipelining loop 'VITIS_LOOP_8_1'.
INFO: [HLS 200-1470] Pipelining result : Target II = 1, Final II = 1, Depth = 4, loop 'VITIS_LOOP_8_1'
INFO: [SCHED 204-11] Finished scheduling.
INFO: [HLS 200-111] Finished Scheduling: CPU user time: 0.08 seconds. CPU system time: 0 seconds. Elapsed time: 0.07 seconds; current allocated memory: 1.773 GB.
INFO: [BIND 205-100] Starting micro-architecture generation ...
INFO: [BIND 205-101] Performing variable lifetime analysis.
INFO: [BIND 205-101] Exploring resource sharing.
INFO: [BIND 205-101] Binding ...
INFO: [BIND 205-100] Finished micro-architecture generation.
INFO: [HLS 200-111] Finished Binding: CPU user time: 0.04 seconds. CPU system time: 0 seconds. Elapsed time: 0.04 seconds; current allocated memory: 1.773 GB.
INFO: [HLS 200-10] ----------------------------------------------------------------
INFO: [HLS 200-42] -- Implementing module 'sink_streams92' 
INFO: [HLS 200-10] ----------------------------------------------------------------
INFO: [SCHED 204-11] Starting scheduling ...
INFO: [SCHED 204-11] Finished scheduling.
INFO: [HLS 200-111] Finished Scheduling: CPU user time: 0.14 seconds. CPU system time: 0.01 seconds. Elapsed time: 0.14 seconds; current allocated memory: 1.774 GB.
INFO: [BIND 205-100] Starting micro-architecture generation ...
INFO: [BIND 205-101] Performing variable lifetime analysis.
INFO: [BIND 205-101] Exploring resource sharing.
INFO: [BIND 205-101] Binding ...
INFO: [BIND 205-100] Finished micro-architecture generation.
INFO: [HLS 200-111] Finished Binding: CPU user time: 0.05 seconds. CPU system time: 0 seconds. Elapsed time: 0.06 seconds; current allocated memory: 1.774 GB.
INFO: [HLS 200-10] ----------------------------------------------------------------
INFO: [HLS 200-42] -- Implementing module 'stream_to_C_Buf93' 
INFO: [HLS 200-10] ----------------------------------------------------------------
INFO: [SCHED 204-11] Starting scheduling ...
INFO: [SCHED 204-11] Finished scheduling.
INFO: [HLS 200-111] Finished Scheduling: CPU user time: 0.17 seconds. CPU system time: 0.01 seconds. Elapsed time: 0.18 seconds; current allocated memory: 1.778 GB.
INFO: [BIND 205-100] Starting micro-architecture generation ...
INFO: [BIND 205-101] Performing variable lifetime analysis.
INFO: [BIND 205-101] Exploring resource sharing.
INFO: [BIND 205-101] Binding ...
INFO: [BIND 205-100] Finished micro-architecture generation.
INFO: [HLS 200-111] Finished Binding: CPU user time: 0.12 seconds. CPU system time: 0 seconds. Elapsed time: 0.12 seconds; current allocated memory: 1.778 GB.
INFO: [HLS 200-10] ----------------------------------------------------------------
INFO: [HLS 200-42] -- Implementing module 'B_Buf_to_stream_6494' 
INFO: [HLS 200-10] ----------------------------------------------------------------
INFO: [SCHED 204-11] Starting scheduling ...
INFO: [SCHED 204-11] Finished scheduling.
INFO: [HLS 200-111] Finished Scheduling: CPU user time: 0.14 seconds. CPU system time: 0.01 seconds. Elapsed time: 0.14 seconds; current allocated memory: 1.780 GB.
INFO: [BIND 205-100] Starting micro-architecture generation ...
INFO: [BIND 205-101] Performing variable lifetime analysis.
INFO: [BIND 205-101] Exploring resource sharing.
INFO: [BIND 205-101] Binding ...
INFO: [BIND 205-100] Finished micro-architecture generation.
INFO: [HLS 200-111] Finished Binding: CPU user time: 0.05 seconds. CPU system time: 0 seconds. Elapsed time: 0.05 seconds; current allocated memory: 1.780 GB.
INFO: [HLS 200-10] ----------------------------------------------------------------
INFO: [HLS 200-42] -- Implementing module 'PE_6595' 
INFO: [HLS 200-10] ----------------------------------------------------------------
INFO: [SCHED 204-11] Starting scheduling ...
INFO: [SCHED 204-61] Pipelining loop 'VITIS_LOOP_8_1'.
INFO: [HLS 200-1470] Pipelining result : Target II = 1, Final II = 1, Depth = 4, loop 'VITIS_LOOP_8_1'
INFO: [SCHED 204-11] Finished scheduling.
INFO: [HLS 200-111] Finished Scheduling: CPU user time: 0.07 seconds. CPU system time: 0.01 seconds. Elapsed time: 0.08 seconds; current allocated memory: 1.781 GB.
INFO: [BIND 205-100] Starting micro-architecture generation ...
INFO: [BIND 205-101] Performing variable lifetime analysis.
INFO: [BIND 205-101] Exploring resource sharing.
INFO: [BIND 205-101] Binding ...
INFO: [BIND 205-100] Finished micro-architecture generation.
INFO: [HLS 200-111] Finished Binding: CPU user time: 0.04 seconds. CPU system time: 0 seconds. Elapsed time: 0.04 seconds; current allocated memory: 1.781 GB.
INFO: [HLS 200-10] ----------------------------------------------------------------
INFO: [HLS 200-42] -- Implementing module 'PE_6696' 
INFO: [HLS 200-10] ----------------------------------------------------------------
INFO: [SCHED 204-11] Starting scheduling ...
INFO: [SCHED 204-61] Pipelining loop 'VITIS_LOOP_8_1'.
INFO: [HLS 200-1470] Pipelining result : Target II = 1, Final II = 1, Depth = 4, loop 'VITIS_LOOP_8_1'
INFO: [SCHED 204-11] Finished scheduling.
INFO: [HLS 200-111] Finished Scheduling: CPU user time: 0.07 seconds. CPU system time: 0.01 seconds. Elapsed time: 0.07 seconds; current allocated memory: 1.781 GB.
INFO: [BIND 205-100] Starting micro-architecture generation ...
INFO: [BIND 205-101] Performing variable lifetime analysis.
INFO: [BIND 205-101] Exploring resource sharing.
INFO: [BIND 205-101] Binding ...
INFO: [BIND 205-100] Finished micro-architecture generation.
INFO: [HLS 200-111] Finished Binding: CPU user time: 0.04 seconds. CPU system time: 0 seconds. Elapsed time: 0.04 seconds; current allocated memory: 1.781 GB.
INFO: [HLS 200-10] ----------------------------------------------------------------
INFO: [HLS 200-42] -- Implementing module 'PE_6797' 
INFO: [HLS 200-10] ----------------------------------------------------------------
INFO: [SCHED 204-11] Starting scheduling ...
INFO: [SCHED 204-61] Pipelining loop 'VITIS_LOOP_8_1'.
INFO: [HLS 200-1470] Pipelining result : Target II = 1, Final II = 1, Depth = 4, loop 'VITIS_LOOP_8_1'
INFO: [SCHED 204-11] Finished scheduling.
INFO: [HLS 200-111] Finished Scheduling: CPU user time: 0.08 seconds. CPU system time: 0.01 seconds. Elapsed time: 0.08 seconds; current allocated memory: 1.781 GB.
INFO: [BIND 205-100] Starting micro-architecture generation ...
INFO: [BIND 205-101] Performing variable lifetime analysis.
INFO: [BIND 205-101] Exploring resource sharing.
INFO: [BIND 205-101] Binding ...
INFO: [BIND 205-100] Finished micro-architecture generation.
INFO: [HLS 200-111] Finished Binding: CPU user time: 0.04 seconds. CPU system time: 0 seconds. Elapsed time: 0.04 seconds; current allocated memory: 1.781 GB.
INFO: [HLS 200-10] ----------------------------------------------------------------
INFO: [HLS 200-42] -- Implementing module 'PE_6898' 
INFO: [HLS 200-10] ----------------------------------------------------------------
INFO: [SCHED 204-11] Starting scheduling ...
INFO: [SCHED 204-61] Pipelining loop 'VITIS_LOOP_8_1'.
INFO: [HLS 200-1470] Pipelining result : Target II = 1, Final II = 1, Depth = 4, loop 'VITIS_LOOP_8_1'
INFO: [SCHED 204-11] Finished scheduling.
INFO: [HLS 200-111] Finished Scheduling: CPU user time: 0.08 seconds. CPU system time: 0 seconds. Elapsed time: 0.08 seconds; current allocated memory: 1.782 GB.
INFO: [BIND 205-100] Starting micro-architecture generation ...
INFO: [BIND 205-101] Performing variable lifetime analysis.
INFO: [BIND 205-101] Exploring resource sharing.
INFO: [BIND 205-101] Binding ...
INFO: [BIND 205-100] Finished micro-architecture generation.
INFO: [HLS 200-111] Finished Binding: CPU user time: 0.04 seconds. CPU system time: 0.01 seconds. Elapsed time: 0.04 seconds; current allocated memory: 1.782 GB.
INFO: [HLS 200-10] ----------------------------------------------------------------
INFO: [HLS 200-42] -- Implementing module 'PE_6999' 
INFO: [HLS 200-10] ----------------------------------------------------------------
INFO: [SCHED 204-11] Starting scheduling ...
INFO: [SCHED 204-61] Pipelining loop 'VITIS_LOOP_8_1'.
INFO: [HLS 200-1470] Pipelining result : Target II = 1, Final II = 1, Depth = 4, loop 'VITIS_LOOP_8_1'
INFO: [SCHED 204-11] Finished scheduling.
INFO: [HLS 200-111] Finished Scheduling: CPU user time: 0.07 seconds. CPU system time: 0 seconds. Elapsed time: 0.08 seconds; current allocated memory: 1.782 GB.
INFO: [BIND 205-100] Starting micro-architecture generation ...
INFO: [BIND 205-101] Performing variable lifetime analysis.
INFO: [BIND 205-101] Exploring resource sharing.
INFO: [BIND 205-101] Binding ...
INFO: [BIND 205-100] Finished micro-architecture generation.
INFO: [HLS 200-111] Finished Binding: CPU user time: 0.04 seconds. CPU system time: 0 seconds. Elapsed time: 0.05 seconds; current allocated memory: 1.782 GB.
INFO: [HLS 200-10] ----------------------------------------------------------------
INFO: [HLS 200-42] -- Implementing module 'PE_70100' 
INFO: [HLS 200-10] ----------------------------------------------------------------
INFO: [SCHED 204-11] Starting scheduling ...
INFO: [SCHED 204-61] Pipelining loop 'VITIS_LOOP_8_1'.
INFO: [HLS 200-1470] Pipelining result : Target II = 1, Final II = 1, Depth = 4, loop 'VITIS_LOOP_8_1'
INFO: [SCHED 204-11] Finished scheduling.
INFO: [HLS 200-111] Finished Scheduling: CPU user time: 0.07 seconds. CPU system time: 0.01 seconds. Elapsed time: 0.08 seconds; current allocated memory: 1.782 GB.
INFO: [BIND 205-100] Starting micro-architecture generation ...
INFO: [BIND 205-101] Performing variable lifetime analysis.
INFO: [BIND 205-101] Exploring resource sharing.
INFO: [BIND 205-101] Binding ...
INFO: [BIND 205-100] Finished micro-architecture generation.
INFO: [HLS 200-111] Finished Binding: CPU user time: 0.04 seconds. CPU system time: 0 seconds. Elapsed time: 0.05 seconds; current allocated memory: 1.782 GB.
INFO: [HLS 200-10] ----------------------------------------------------------------
INFO: [HLS 200-42] -- Implementing module 'PE_71101' 
INFO: [HLS 200-10] ----------------------------------------------------------------
INFO: [SCHED 204-11] Starting scheduling ...
INFO: [SCHED 204-61] Pipelining loop 'VITIS_LOOP_8_1'.
INFO: [HLS 200-1470] Pipelining result : Target II = 1, Final II = 1, Depth = 4, loop 'VITIS_LOOP_8_1'
INFO: [SCHED 204-11] Finished scheduling.
INFO: [HLS 200-111] Finished Scheduling: CPU user time: 0.08 seconds. CPU system time: 0 seconds. Elapsed time: 0.08 seconds; current allocated memory: 1.783 GB.
INFO: [BIND 205-100] Starting micro-architecture generation ...
INFO: [BIND 205-101] Performing variable lifetime analysis.
INFO: [BIND 205-101] Exploring resource sharing.
INFO: [BIND 205-101] Binding ...
INFO: [BIND 205-100] Finished micro-architecture generation.
INFO: [HLS 200-111] Finished Binding: CPU user time: 0.04 seconds. CPU system time: 0 seconds. Elapsed time: 0.04 seconds; current allocated memory: 1.783 GB.
INFO: [HLS 200-10] ----------------------------------------------------------------
INFO: [HLS 200-42] -- Implementing module 'PE_72102' 
INFO: [HLS 200-10] ----------------------------------------------------------------
INFO: [SCHED 204-11] Starting scheduling ...
INFO: [SCHED 204-61] Pipelining loop 'VITIS_LOOP_8_1'.
INFO: [HLS 200-1470] Pipelining result : Target II = 1, Final II = 1, Depth = 4, loop 'VITIS_LOOP_8_1'
INFO: [SCHED 204-11] Finished scheduling.
INFO: [HLS 200-111] Finished Scheduling: CPU user time: 0.07 seconds. CPU system time: 0.01 seconds. Elapsed time: 0.08 seconds; current allocated memory: 1.784 GB.
INFO: [BIND 205-100] Starting micro-architecture generation ...
INFO: [BIND 205-101] Performing variable lifetime analysis.
INFO: [BIND 205-101] Exploring resource sharing.
INFO: [BIND 205-101] Binding ...
INFO: [BIND 205-100] Finished micro-architecture generation.
INFO: [HLS 200-111] Finished Binding: CPU user time: 0.04 seconds. CPU system time: 0 seconds. Elapsed time: 0.05 seconds; current allocated memory: 1.784 GB.
INFO: [HLS 200-10] ----------------------------------------------------------------
INFO: [HLS 200-42] -- Implementing module 'PE_73103' 
INFO: [HLS 200-10] ----------------------------------------------------------------
INFO: [SCHED 204-11] Starting scheduling ...
INFO: [SCHED 204-61] Pipelining loop 'VITIS_LOOP_8_1'.
INFO: [HLS 200-1470] Pipelining result : Target II = 1, Final II = 1, Depth = 4, loop 'VITIS_LOOP_8_1'
INFO: [SCHED 204-11] Finished scheduling.
INFO: [HLS 200-111] Finished Scheduling: CPU user time: 0.07 seconds. CPU system time: 0.01 seconds. Elapsed time: 0.08 seconds; current allocated memory: 1.784 GB.
INFO: [BIND 205-100] Starting micro-architecture generation ...
INFO: [BIND 205-101] Performing variable lifetime analysis.
INFO: [BIND 205-101] Exploring resource sharing.
INFO: [BIND 205-101] Binding ...
INFO: [BIND 205-100] Finished micro-architecture generation.
INFO: [HLS 200-111] Finished Binding: CPU user time: 0.04 seconds. CPU system time: 0 seconds. Elapsed time: 0.05 seconds; current allocated memory: 1.784 GB.
INFO: [HLS 200-10] ----------------------------------------------------------------
INFO: [HLS 200-42] -- Implementing module 'PE_74104' 
INFO: [HLS 200-10] ----------------------------------------------------------------
INFO: [SCHED 204-11] Starting scheduling ...
INFO: [SCHED 204-61] Pipelining loop 'VITIS_LOOP_8_1'.
INFO: [HLS 200-1470] Pipelining result : Target II = 1, Final II = 1, Depth = 4, loop 'VITIS_LOOP_8_1'
INFO: [SCHED 204-11] Finished scheduling.
INFO: [HLS 200-111] Finished Scheduling: CPU user time: 0.07 seconds. CPU system time: 0 seconds. Elapsed time: 0.08 seconds; current allocated memory: 1.784 GB.
INFO: [BIND 205-100] Starting micro-architecture generation ...
INFO: [BIND 205-101] Performing variable lifetime analysis.
INFO: [BIND 205-101] Exploring resource sharing.
INFO: [BIND 205-101] Binding ...
INFO: [BIND 205-100] Finished micro-architecture generation.
INFO: [HLS 200-111] Finished Binding: CPU user time: 0.04 seconds. CPU system time: 0.01 seconds. Elapsed time: 0.05 seconds; current allocated memory: 1.784 GB.
INFO: [HLS 200-10] ----------------------------------------------------------------
INFO: [HLS 200-42] -- Implementing module 'PE_75105' 
INFO: [HLS 200-10] ----------------------------------------------------------------
INFO: [SCHED 204-11] Starting scheduling ...
INFO: [SCHED 204-61] Pipelining loop 'VITIS_LOOP_8_1'.
INFO: [HLS 200-1470] Pipelining result : Target II = 1, Final II = 1, Depth = 4, loop 'VITIS_LOOP_8_1'
INFO: [SCHED 204-11] Finished scheduling.
INFO: [HLS 200-111] Finished Scheduling: CPU user time: 0.08 seconds. CPU system time: 0 seconds. Elapsed time: 0.08 seconds; current allocated memory: 1.784 GB.
INFO: [BIND 205-100] Starting micro-architecture generation ...
INFO: [BIND 205-101] Performing variable lifetime analysis.
INFO: [BIND 205-101] Exploring resource sharing.
INFO: [BIND 205-101] Binding ...
INFO: [BIND 205-100] Finished micro-architecture generation.
INFO: [HLS 200-111] Finished Binding: CPU user time: 0.05 seconds. CPU system time: 0 seconds. Elapsed time: 0.04 seconds; current allocated memory: 1.785 GB.
INFO: [HLS 200-10] ----------------------------------------------------------------
INFO: [HLS 200-42] -- Implementing module 'PE_76106' 
INFO: [HLS 200-10] ----------------------------------------------------------------
INFO: [SCHED 204-11] Starting scheduling ...
INFO: [SCHED 204-61] Pipelining loop 'VITIS_LOOP_8_1'.
INFO: [HLS 200-1470] Pipelining result : Target II = 1, Final II = 1, Depth = 4, loop 'VITIS_LOOP_8_1'
INFO: [SCHED 204-11] Finished scheduling.
INFO: [HLS 200-111] Finished Scheduling: CPU user time: 0.08 seconds. CPU system time: 0 seconds. Elapsed time: 0.08 seconds; current allocated memory: 1.785 GB.
INFO: [BIND 205-100] Starting micro-architecture generation ...
INFO: [BIND 205-101] Performing variable lifetime analysis.
INFO: [BIND 205-101] Exploring resource sharing.
INFO: [BIND 205-101] Binding ...
INFO: [BIND 205-100] Finished micro-architecture generation.
INFO: [HLS 200-111] Finished Binding: CPU user time: 0.04 seconds. CPU system time: 0 seconds. Elapsed time: 0.05 seconds; current allocated memory: 1.785 GB.
INFO: [HLS 200-10] ----------------------------------------------------------------
INFO: [HLS 200-42] -- Implementing module 'PE_77107' 
INFO: [HLS 200-10] ----------------------------------------------------------------
INFO: [SCHED 204-11] Starting scheduling ...
INFO: [SCHED 204-61] Pipelining loop 'VITIS_LOOP_8_1'.
INFO: [HLS 200-1470] Pipelining result : Target II = 1, Final II = 1, Depth = 4, loop 'VITIS_LOOP_8_1'
INFO: [SCHED 204-11] Finished scheduling.
INFO: [HLS 200-111] Finished Scheduling: CPU user time: 0.08 seconds. CPU system time: 0 seconds. Elapsed time: 0.07 seconds; current allocated memory: 1.785 GB.
INFO: [BIND 205-100] Starting micro-architecture generation ...
INFO: [BIND 205-101] Performing variable lifetime analysis.
INFO: [BIND 205-101] Exploring resource sharing.
INFO: [BIND 205-101] Binding ...
INFO: [BIND 205-100] Finished micro-architecture generation.
INFO: [HLS 200-111] Finished Binding: CPU user time: 0.04 seconds. CPU system time: 0 seconds. Elapsed time: 0.05 seconds; current allocated memory: 1.785 GB.
INFO: [HLS 200-10] ----------------------------------------------------------------
INFO: [HLS 200-42] -- Implementing module 'PE_78108' 
INFO: [HLS 200-10] ----------------------------------------------------------------
INFO: [SCHED 204-11] Starting scheduling ...
INFO: [SCHED 204-61] Pipelining loop 'VITIS_LOOP_8_1'.
INFO: [HLS 200-1470] Pipelining result : Target II = 1, Final II = 1, Depth = 4, loop 'VITIS_LOOP_8_1'
INFO: [SCHED 204-11] Finished scheduling.
INFO: [HLS 200-111] Finished Scheduling: CPU user time: 0.08 seconds. CPU system time: 0 seconds. Elapsed time: 0.08 seconds; current allocated memory: 1.786 GB.
INFO: [BIND 205-100] Starting micro-architecture generation ...
INFO: [BIND 205-101] Performing variable lifetime analysis.
INFO: [BIND 205-101] Exploring resource sharing.
INFO: [BIND 205-101] Binding ...
INFO: [BIND 205-100] Finished micro-architecture generation.
INFO: [HLS 200-111] Finished Binding: CPU user time: 0.05 seconds. CPU system time: 0.01 seconds. Elapsed time: 0.05 seconds; current allocated memory: 1.786 GB.
INFO: [HLS 200-10] ----------------------------------------------------------------
INFO: [HLS 200-42] -- Implementing module 'PE_79109' 
INFO: [HLS 200-10] ----------------------------------------------------------------
INFO: [SCHED 204-11] Starting scheduling ...
INFO: [SCHED 204-61] Pipelining loop 'VITIS_LOOP_8_1'.
INFO: [HLS 200-1470] Pipelining result : Target II = 1, Final II = 1, Depth = 4, loop 'VITIS_LOOP_8_1'
INFO: [SCHED 204-11] Finished scheduling.
INFO: [HLS 200-111] Finished Scheduling: CPU user time: 0.07 seconds. CPU system time: 0 seconds. Elapsed time: 0.08 seconds; current allocated memory: 1.786 GB.
INFO: [BIND 205-100] Starting micro-architecture generation ...
INFO: [BIND 205-101] Performing variable lifetime analysis.
INFO: [BIND 205-101] Exploring resource sharing.
INFO: [BIND 205-101] Binding ...
INFO: [BIND 205-100] Finished micro-architecture generation.
INFO: [HLS 200-111] Finished Binding: CPU user time: 0.04 seconds. CPU system time: 0 seconds. Elapsed time: 0.05 seconds; current allocated memory: 1.786 GB.
INFO: [HLS 200-10] ----------------------------------------------------------------
INFO: [HLS 200-42] -- Implementing module 'PE_80110' 
INFO: [HLS 200-10] ----------------------------------------------------------------
INFO: [SCHED 204-11] Starting scheduling ...
INFO: [SCHED 204-61] Pipelining loop 'VITIS_LOOP_8_1'.
INFO: [HLS 200-1470] Pipelining result : Target II = 1, Final II = 1, Depth = 4, loop 'VITIS_LOOP_8_1'
INFO: [SCHED 204-11] Finished scheduling.
INFO: [HLS 200-111] Finished Scheduling: CPU user time: 0.07 seconds. CPU system time: 0.01 seconds. Elapsed time: 0.08 seconds; current allocated memory: 1.786 GB.
INFO: [BIND 205-100] Starting micro-architecture generation ...
INFO: [BIND 205-101] Performing variable lifetime analysis.
INFO: [BIND 205-101] Exploring resource sharing.
INFO: [BIND 205-101] Binding ...
INFO: [BIND 205-100] Finished micro-architecture generation.
INFO: [HLS 200-111] Finished Binding: CPU user time: 0.05 seconds. CPU system time: 0 seconds. Elapsed time: 0.05 seconds; current allocated memory: 1.786 GB.
INFO: [HLS 200-10] ----------------------------------------------------------------
INFO: [HLS 200-42] -- Implementing module 'PE_81111' 
INFO: [HLS 200-10] ----------------------------------------------------------------
INFO: [SCHED 204-11] Starting scheduling ...
INFO: [SCHED 204-61] Pipelining loop 'VITIS_LOOP_8_1'.
INFO: [HLS 200-1470] Pipelining result : Target II = 1, Final II = 1, Depth = 4, loop 'VITIS_LOOP_8_1'
INFO: [SCHED 204-11] Finished scheduling.
INFO: [HLS 200-111] Finished Scheduling: CPU user time: 0.09 seconds. CPU system time: 0 seconds. Elapsed time: 0.08 seconds; current allocated memory: 1.787 GB.
INFO: [BIND 205-100] Starting micro-architecture generation ...
INFO: [BIND 205-101] Performing variable lifetime analysis.
INFO: [BIND 205-101] Exploring resource sharing.
INFO: [BIND 205-101] Binding ...
INFO: [BIND 205-100] Finished micro-architecture generation.
INFO: [HLS 200-111] Finished Binding: CPU user time: 0.05 seconds. CPU system time: 0.01 seconds. Elapsed time: 0.05 seconds; current allocated memory: 1.787 GB.
INFO: [HLS 200-10] ----------------------------------------------------------------
INFO: [HLS 200-42] -- Implementing module 'PE_82112' 
INFO: [HLS 200-10] ----------------------------------------------------------------
INFO: [SCHED 204-11] Starting scheduling ...
INFO: [SCHED 204-61] Pipelining loop 'VITIS_LOOP_8_1'.
INFO: [HLS 200-1470] Pipelining result : Target II = 1, Final II = 1, Depth = 4, loop 'VITIS_LOOP_8_1'
INFO: [SCHED 204-11] Finished scheduling.
INFO: [HLS 200-111] Finished Scheduling: CPU user time: 0.09 seconds. CPU system time: 0 seconds. Elapsed time: 0.08 seconds; current allocated memory: 1.787 GB.
INFO: [BIND 205-100] Starting micro-architecture generation ...
INFO: [BIND 205-101] Performing variable lifetime analysis.
INFO: [BIND 205-101] Exploring resource sharing.
INFO: [BIND 205-101] Binding ...
INFO: [BIND 205-100] Finished micro-architecture generation.
INFO: [HLS 200-111] Finished Binding: CPU user time: 0.05 seconds. CPU system time: 0 seconds. Elapsed time: 0.05 seconds; current allocated memory: 1.787 GB.
INFO: [HLS 200-10] ----------------------------------------------------------------
INFO: [HLS 200-42] -- Implementing module 'PE_83113' 
INFO: [HLS 200-10] ----------------------------------------------------------------
INFO: [SCHED 204-11] Starting scheduling ...
INFO: [SCHED 204-61] Pipelining loop 'VITIS_LOOP_8_1'.
INFO: [HLS 200-1470] Pipelining result : Target II = 1, Final II = 1, Depth = 4, loop 'VITIS_LOOP_8_1'
INFO: [SCHED 204-11] Finished scheduling.
INFO: [HLS 200-111] Finished Scheduling: CPU user time: 0.11 seconds. CPU system time: 0.01 seconds. Elapsed time: 0.12 seconds; current allocated memory: 1.787 GB.
INFO: [BIND 205-100] Starting micro-architecture generation ...
INFO: [BIND 205-101] Performing variable lifetime analysis.
INFO: [BIND 205-101] Exploring resource sharing.
INFO: [BIND 205-101] Binding ...
INFO: [BIND 205-100] Finished micro-architecture generation.
INFO: [HLS 200-111] Finished Binding: CPU user time: 0.05 seconds. CPU system time: 0 seconds. Elapsed time: 0.04 seconds; current allocated memory: 1.787 GB.
INFO: [HLS 200-10] ----------------------------------------------------------------
INFO: [HLS 200-42] -- Implementing module 'PE_84114' 
INFO: [HLS 200-10] ----------------------------------------------------------------
INFO: [SCHED 204-11] Starting scheduling ...
INFO: [SCHED 204-61] Pipelining loop 'VITIS_LOOP_8_1'.
INFO: [HLS 200-1470] Pipelining result : Target II = 1, Final II = 1, Depth = 4, loop 'VITIS_LOOP_8_1'
INFO: [SCHED 204-11] Finished scheduling.
INFO: [HLS 200-111] Finished Scheduling: CPU user time: 0.08 seconds. CPU system time: 0.01 seconds. Elapsed time: 0.09 seconds; current allocated memory: 1.788 GB.
INFO: [BIND 205-100] Starting micro-architecture generation ...
INFO: [BIND 205-101] Performing variable lifetime analysis.
INFO: [BIND 205-101] Exploring resource sharing.
INFO: [BIND 205-101] Binding ...
INFO: [BIND 205-100] Finished micro-architecture generation.
INFO: [HLS 200-111] Finished Binding: CPU user time: 0.05 seconds. CPU system time: 0 seconds. Elapsed time: 0.05 seconds; current allocated memory: 1.788 GB.
INFO: [HLS 200-10] ----------------------------------------------------------------
INFO: [HLS 200-42] -- Implementing module 'PE_85115' 
INFO: [HLS 200-10] ----------------------------------------------------------------
INFO: [SCHED 204-11] Starting scheduling ...
INFO: [SCHED 204-61] Pipelining loop 'VITIS_LOOP_8_1'.
INFO: [HLS 200-1470] Pipelining result : Target II = 1, Final II = 1, Depth = 4, loop 'VITIS_LOOP_8_1'
INFO: [SCHED 204-11] Finished scheduling.
INFO: [HLS 200-111] Finished Scheduling: CPU user time: 0.08 seconds. CPU system time: 0 seconds. Elapsed time: 0.08 seconds; current allocated memory: 1.788 GB.
INFO: [BIND 205-100] Starting micro-architecture generation ...
INFO: [BIND 205-101] Performing variable lifetime analysis.
INFO: [BIND 205-101] Exploring resource sharing.
INFO: [BIND 205-101] Binding ...
INFO: [BIND 205-100] Finished micro-architecture generation.
INFO: [HLS 200-111] Finished Binding: CPU user time: 0.05 seconds. CPU system time: 0.01 seconds. Elapsed time: 0.05 seconds; current allocated memory: 1.788 GB.
INFO: [HLS 200-10] ----------------------------------------------------------------
INFO: [HLS 200-42] -- Implementing module 'PE_86116' 
INFO: [HLS 200-10] ----------------------------------------------------------------
INFO: [SCHED 204-11] Starting scheduling ...
INFO: [SCHED 204-61] Pipelining loop 'VITIS_LOOP_8_1'.
INFO: [HLS 200-1470] Pipelining result : Target II = 1, Final II = 1, Depth = 4, loop 'VITIS_LOOP_8_1'
INFO: [SCHED 204-11] Finished scheduling.
INFO: [HLS 200-111] Finished Scheduling: CPU user time: 0.07 seconds. CPU system time: 0 seconds. Elapsed time: 0.08 seconds; current allocated memory: 1.788 GB.
INFO: [BIND 205-100] Starting micro-architecture generation ...
INFO: [BIND 205-101] Performing variable lifetime analysis.
INFO: [BIND 205-101] Exploring resource sharing.
INFO: [BIND 205-101] Binding ...
INFO: [BIND 205-100] Finished micro-architecture generation.
INFO: [HLS 200-111] Finished Binding: CPU user time: 0.05 seconds. CPU system time: 0 seconds. Elapsed time: 0.04 seconds; current allocated memory: 1.788 GB.
INFO: [HLS 200-10] ----------------------------------------------------------------
INFO: [HLS 200-42] -- Implementing module 'PE_87117' 
INFO: [HLS 200-10] ----------------------------------------------------------------
INFO: [SCHED 204-11] Starting scheduling ...
INFO: [SCHED 204-61] Pipelining loop 'VITIS_LOOP_8_1'.
INFO: [HLS 200-1470] Pipelining result : Target II = 1, Final II = 1, Depth = 4, loop 'VITIS_LOOP_8_1'
INFO: [SCHED 204-11] Finished scheduling.
INFO: [HLS 200-111] Finished Scheduling: CPU user time: 0.08 seconds. CPU system time: 0 seconds. Elapsed time: 0.09 seconds; current allocated memory: 1.789 GB.
INFO: [BIND 205-100] Starting micro-architecture generation ...
INFO: [BIND 205-101] Performing variable lifetime analysis.
INFO: [BIND 205-101] Exploring resource sharing.
INFO: [BIND 205-101] Binding ...
INFO: [BIND 205-100] Finished micro-architecture generation.
INFO: [HLS 200-111] Finished Binding: CPU user time: 0.05 seconds. CPU system time: 0.01 seconds. Elapsed time: 0.05 seconds; current allocated memory: 1.789 GB.
INFO: [HLS 200-10] ----------------------------------------------------------------
INFO: [HLS 200-42] -- Implementing module 'PE_88118' 
INFO: [HLS 200-10] ----------------------------------------------------------------
INFO: [SCHED 204-11] Starting scheduling ...
INFO: [SCHED 204-61] Pipelining loop 'VITIS_LOOP_8_1'.
INFO: [HLS 200-1470] Pipelining result : Target II = 1, Final II = 1, Depth = 4, loop 'VITIS_LOOP_8_1'
INFO: [SCHED 204-11] Finished scheduling.
INFO: [HLS 200-111] Finished Scheduling: CPU user time: 0.08 seconds. CPU system time: 0 seconds. Elapsed time: 0.09 seconds; current allocated memory: 1.789 GB.
INFO: [BIND 205-100] Starting micro-architecture generation ...
INFO: [BIND 205-101] Performing variable lifetime analysis.
INFO: [BIND 205-101] Exploring resource sharing.
INFO: [BIND 205-101] Binding ...
INFO: [BIND 205-100] Finished micro-architecture generation.
INFO: [HLS 200-111] Finished Binding: CPU user time: 0.05 seconds. CPU system time: 0.01 seconds. Elapsed time: 0.05 seconds; current allocated memory: 1.789 GB.
INFO: [HLS 200-10] ----------------------------------------------------------------
INFO: [HLS 200-42] -- Implementing module 'PE_89119' 
INFO: [HLS 200-10] ----------------------------------------------------------------
INFO: [SCHED 204-11] Starting scheduling ...
INFO: [SCHED 204-61] Pipelining loop 'VITIS_LOOP_8_1'.
INFO: [HLS 200-1470] Pipelining result : Target II = 1, Final II = 1, Depth = 4, loop 'VITIS_LOOP_8_1'
INFO: [SCHED 204-11] Finished scheduling.
INFO: [HLS 200-111] Finished Scheduling: CPU user time: 0.08 seconds. CPU system time: 0 seconds. Elapsed time: 0.09 seconds; current allocated memory: 1.789 GB.
INFO: [BIND 205-100] Starting micro-architecture generation ...
INFO: [BIND 205-101] Performing variable lifetime analysis.
INFO: [BIND 205-101] Exploring resource sharing.
INFO: [BIND 205-101] Binding ...
INFO: [BIND 205-100] Finished micro-architecture generation.
INFO: [HLS 200-111] Finished Binding: CPU user time: 0.05 seconds. CPU system time: 0 seconds. Elapsed time: 0.05 seconds; current allocated memory: 1.790 GB.
INFO: [HLS 200-10] ----------------------------------------------------------------
INFO: [HLS 200-42] -- Implementing module 'PE_90120' 
INFO: [HLS 200-10] ----------------------------------------------------------------
INFO: [SCHED 204-11] Starting scheduling ...
INFO: [SCHED 204-61] Pipelining loop 'VITIS_LOOP_8_1'.
INFO: [HLS 200-1470] Pipelining result : Target II = 1, Final II = 1, Depth = 4, loop 'VITIS_LOOP_8_1'
INFO: [SCHED 204-11] Finished scheduling.
INFO: [HLS 200-111] Finished Scheduling: CPU user time: 0.08 seconds. CPU system time: 0 seconds. Elapsed time: 0.09 seconds; current allocated memory: 1.790 GB.
INFO: [BIND 205-100] Starting micro-architecture generation ...
INFO: [BIND 205-101] Performing variable lifetime analysis.
INFO: [BIND 205-101] Exploring resource sharing.
INFO: [BIND 205-101] Binding ...
INFO: [BIND 205-100] Finished micro-architecture generation.
INFO: [HLS 200-111] Finished Binding: CPU user time: 0.05 seconds. CPU system time: 0 seconds. Elapsed time: 0.05 seconds; current allocated memory: 1.790 GB.
INFO: [HLS 200-10] ----------------------------------------------------------------
INFO: [HLS 200-42] -- Implementing module 'PE_91121' 
INFO: [HLS 200-10] ----------------------------------------------------------------
INFO: [SCHED 204-11] Starting scheduling ...
INFO: [SCHED 204-61] Pipelining loop 'VITIS_LOOP_8_1'.
INFO: [HLS 200-1470] Pipelining result : Target II = 1, Final II = 1, Depth = 4, loop 'VITIS_LOOP_8_1'
INFO: [SCHED 204-11] Finished scheduling.
INFO: [HLS 200-111] Finished Scheduling: CPU user time: 0.09 seconds. CPU system time: 0 seconds. Elapsed time: 0.09 seconds; current allocated memory: 1.790 GB.
INFO: [BIND 205-100] Starting micro-architecture generation ...
INFO: [BIND 205-101] Performing variable lifetime analysis.
INFO: [BIND 205-101] Exploring resource sharing.
INFO: [BIND 205-101] Binding ...
INFO: [BIND 205-100] Finished micro-architecture generation.
INFO: [HLS 200-111] Finished Binding: CPU user time: 0.05 seconds. CPU system time: 0 seconds. Elapsed time: 0.06 seconds; current allocated memory: 1.790 GB.
INFO: [HLS 200-10] ----------------------------------------------------------------
INFO: [HLS 200-42] -- Implementing module 'PE_92122' 
INFO: [HLS 200-10] ----------------------------------------------------------------
INFO: [SCHED 204-11] Starting scheduling ...
INFO: [SCHED 204-61] Pipelining loop 'VITIS_LOOP_8_1'.
INFO: [HLS 200-1470] Pipelining result : Target II = 1, Final II = 1, Depth = 4, loop 'VITIS_LOOP_8_1'
INFO: [SCHED 204-11] Finished scheduling.
INFO: [HLS 200-111] Finished Scheduling: CPU user time: 0.09 seconds. CPU system time: 0 seconds. Elapsed time: 0.09 seconds; current allocated memory: 1.790 GB.
INFO: [BIND 205-100] Starting micro-architecture generation ...
INFO: [BIND 205-101] Performing variable lifetime analysis.
INFO: [BIND 205-101] Exploring resource sharing.
INFO: [BIND 205-101] Binding ...
INFO: [BIND 205-100] Finished micro-architecture generation.
INFO: [HLS 200-111] Finished Binding: CPU user time: 0.05 seconds. CPU system time: 0 seconds. Elapsed time: 0.05 seconds; current allocated memory: 1.791 GB.
INFO: [HLS 200-10] ----------------------------------------------------------------
INFO: [HLS 200-42] -- Implementing module 'PE_93123' 
INFO: [HLS 200-10] ----------------------------------------------------------------
INFO: [SCHED 204-11] Starting scheduling ...
INFO: [SCHED 204-61] Pipelining loop 'VITIS_LOOP_8_1'.
INFO: [HLS 200-1470] Pipelining result : Target II = 1, Final II = 1, Depth = 4, loop 'VITIS_LOOP_8_1'
INFO: [SCHED 204-11] Finished scheduling.
INFO: [HLS 200-111] Finished Scheduling: CPU user time: 0.08 seconds. CPU system time: 0.01 seconds. Elapsed time: 0.08 seconds; current allocated memory: 1.791 GB.
INFO: [BIND 205-100] Starting micro-architecture generation ...
INFO: [BIND 205-101] Performing variable lifetime analysis.
INFO: [BIND 205-101] Exploring resource sharing.
INFO: [BIND 205-101] Binding ...
INFO: [BIND 205-100] Finished micro-architecture generation.
INFO: [HLS 200-111] Finished Binding: CPU user time: 0.05 seconds. CPU system time: 0 seconds. Elapsed time: 0.05 seconds; current allocated memory: 1.791 GB.
INFO: [HLS 200-10] ----------------------------------------------------------------
INFO: [HLS 200-42] -- Implementing module 'PE_94124' 
INFO: [HLS 200-10] ----------------------------------------------------------------
INFO: [SCHED 204-11] Starting scheduling ...
INFO: [SCHED 204-61] Pipelining loop 'VITIS_LOOP_8_1'.
INFO: [HLS 200-1470] Pipelining result : Target II = 1, Final II = 1, Depth = 4, loop 'VITIS_LOOP_8_1'
INFO: [SCHED 204-11] Finished scheduling.
INFO: [HLS 200-111] Finished Scheduling: CPU user time: 0.1 seconds. CPU system time: 0 seconds. Elapsed time: 0.1 seconds; current allocated memory: 1.791 GB.
INFO: [BIND 205-100] Starting micro-architecture generation ...
INFO: [BIND 205-101] Performing variable lifetime analysis.
INFO: [BIND 205-101] Exploring resource sharing.
INFO: [BIND 205-101] Binding ...
INFO: [BIND 205-100] Finished micro-architecture generation.
INFO: [HLS 200-111] Finished Binding: CPU user time: 0.05 seconds. CPU system time: 0.01 seconds. Elapsed time: 0.06 seconds; current allocated memory: 1.791 GB.
INFO: [HLS 200-10] ----------------------------------------------------------------
INFO: [HLS 200-42] -- Implementing module 'PE_95125' 
INFO: [HLS 200-10] ----------------------------------------------------------------
INFO: [SCHED 204-11] Starting scheduling ...
INFO: [SCHED 204-61] Pipelining loop 'VITIS_LOOP_8_1'.
INFO: [HLS 200-1470] Pipelining result : Target II = 1, Final II = 1, Depth = 4, loop 'VITIS_LOOP_8_1'
INFO: [SCHED 204-11] Finished scheduling.
INFO: [HLS 200-111] Finished Scheduling: CPU user time: 0.09 seconds. CPU system time: 0 seconds. Elapsed time: 0.1 seconds; current allocated memory: 1.792 GB.
INFO: [BIND 205-100] Starting micro-architecture generation ...
INFO: [BIND 205-101] Performing variable lifetime analysis.
INFO: [BIND 205-101] Exploring resource sharing.
INFO: [BIND 205-101] Binding ...
INFO: [BIND 205-100] Finished micro-architecture generation.
INFO: [HLS 200-111] Finished Binding: CPU user time: 0.05 seconds. CPU system time: 0 seconds. Elapsed time: 0.05 seconds; current allocated memory: 1.792 GB.
INFO: [HLS 200-10] ----------------------------------------------------------------
INFO: [HLS 200-42] -- Implementing module 'PE_96126' 
INFO: [HLS 200-10] ----------------------------------------------------------------
INFO: [SCHED 204-11] Starting scheduling ...
INFO: [SCHED 204-61] Pipelining loop 'VITIS_LOOP_8_1'.
INFO: [HLS 200-1470] Pipelining result : Target II = 1, Final II = 1, Depth = 4, loop 'VITIS_LOOP_8_1'
INFO: [SCHED 204-11] Finished scheduling.
INFO: [HLS 200-111] Finished Scheduling: CPU user time: 0.08 seconds. CPU system time: 0 seconds. Elapsed time: 0.09 seconds; current allocated memory: 1.792 GB.
INFO: [BIND 205-100] Starting micro-architecture generation ...
INFO: [BIND 205-101] Performing variable lifetime analysis.
INFO: [BIND 205-101] Exploring resource sharing.
INFO: [BIND 205-101] Binding ...
INFO: [BIND 205-100] Finished micro-architecture generation.
INFO: [HLS 200-111] Finished Binding: CPU user time: 0.05 seconds. CPU system time: 0 seconds. Elapsed time: 0.05 seconds; current allocated memory: 1.792 GB.
INFO: [HLS 200-10] ----------------------------------------------------------------
INFO: [HLS 200-42] -- Implementing module 'PE_97127' 
INFO: [HLS 200-10] ----------------------------------------------------------------
INFO: [SCHED 204-11] Starting scheduling ...
INFO: [SCHED 204-61] Pipelining loop 'VITIS_LOOP_8_1'.
INFO: [HLS 200-1470] Pipelining result : Target II = 1, Final II = 1, Depth = 4, loop 'VITIS_LOOP_8_1'
INFO: [SCHED 204-11] Finished scheduling.
INFO: [HLS 200-111] Finished Scheduling: CPU user time: 0.09 seconds. CPU system time: 0 seconds. Elapsed time: 0.09 seconds; current allocated memory: 1.792 GB.
INFO: [BIND 205-100] Starting micro-architecture generation ...
INFO: [BIND 205-101] Performing variable lifetime analysis.
INFO: [BIND 205-101] Exploring resource sharing.
INFO: [BIND 205-101] Binding ...
INFO: [BIND 205-100] Finished micro-architecture generation.
INFO: [HLS 200-111] Finished Binding: CPU user time: 0.05 seconds. CPU system time: 0 seconds. Elapsed time: 0.05 seconds; current allocated memory: 1.792 GB.
INFO: [HLS 200-10] ----------------------------------------------------------------
INFO: [HLS 200-42] -- Implementing module 'PE_98128' 
INFO: [HLS 200-10] ----------------------------------------------------------------
INFO: [SCHED 204-11] Starting scheduling ...
INFO: [SCHED 204-61] Pipelining loop 'VITIS_LOOP_8_1'.
INFO: [HLS 200-1470] Pipelining result : Target II = 1, Final II = 1, Depth = 4, loop 'VITIS_LOOP_8_1'
INFO: [SCHED 204-11] Finished scheduling.
INFO: [HLS 200-111] Finished Scheduling: CPU user time: 0.1 seconds. CPU system time: 0 seconds. Elapsed time: 0.11 seconds; current allocated memory: 1.793 GB.
INFO: [BIND 205-100] Starting micro-architecture generation ...
INFO: [BIND 205-101] Performing variable lifetime analysis.
INFO: [BIND 205-101] Exploring resource sharing.
INFO: [BIND 205-101] Binding ...
INFO: [BIND 205-100] Finished micro-architecture generation.
INFO: [HLS 200-111] Finished Binding: CPU user time: 0.05 seconds. CPU system time: 0 seconds. Elapsed time: 0.06 seconds; current allocated memory: 1.793 GB.
INFO: [HLS 200-10] ----------------------------------------------------------------
INFO: [HLS 200-42] -- Implementing module 'PE_99129' 
INFO: [HLS 200-10] ----------------------------------------------------------------
INFO: [SCHED 204-11] Starting scheduling ...
INFO: [SCHED 204-61] Pipelining loop 'VITIS_LOOP_8_1'.
INFO: [HLS 200-1470] Pipelining result : Target II = 1, Final II = 1, Depth = 4, loop 'VITIS_LOOP_8_1'
INFO: [SCHED 204-11] Finished scheduling.
INFO: [HLS 200-111] Finished Scheduling: CPU user time: 0.09 seconds. CPU system time: 0.01 seconds. Elapsed time: 0.09 seconds; current allocated memory: 1.793 GB.
INFO: [BIND 205-100] Starting micro-architecture generation ...
INFO: [BIND 205-101] Performing variable lifetime analysis.
INFO: [BIND 205-101] Exploring resource sharing.
INFO: [BIND 205-101] Binding ...
INFO: [BIND 205-100] Finished micro-architecture generation.
INFO: [HLS 200-111] Finished Binding: CPU user time: 0.05 seconds. CPU system time: 0 seconds. Elapsed time: 0.05 seconds; current allocated memory: 1.793 GB.
INFO: [HLS 200-10] ----------------------------------------------------------------
INFO: [HLS 200-42] -- Implementing module 'PE_100130' 
INFO: [HLS 200-10] ----------------------------------------------------------------
INFO: [SCHED 204-11] Starting scheduling ...
INFO: [SCHED 204-61] Pipelining loop 'VITIS_LOOP_8_1'.
INFO: [HLS 200-1470] Pipelining result : Target II = 1, Final II = 1, Depth = 4, loop 'VITIS_LOOP_8_1'
INFO: [SCHED 204-11] Finished scheduling.
INFO: [HLS 200-111] Finished Scheduling: CPU user time: 0.09 seconds. CPU system time: 0.01 seconds. Elapsed time: 0.1 seconds; current allocated memory: 1.793 GB.
INFO: [BIND 205-100] Starting micro-architecture generation ...
INFO: [BIND 205-101] Performing variable lifetime analysis.
INFO: [BIND 205-101] Exploring resource sharing.
INFO: [BIND 205-101] Binding ...
INFO: [BIND 205-100] Finished micro-architecture generation.
INFO: [HLS 200-111] Finished Binding: CPU user time: 0.05 seconds. CPU system time: 0 seconds. Elapsed time: 0.05 seconds; current allocated memory: 1.793 GB.
INFO: [HLS 200-10] ----------------------------------------------------------------
INFO: [HLS 200-42] -- Implementing module 'PE_101131' 
INFO: [HLS 200-10] ----------------------------------------------------------------
INFO: [SCHED 204-11] Starting scheduling ...
INFO: [SCHED 204-61] Pipelining loop 'VITIS_LOOP_8_1'.
INFO: [HLS 200-1470] Pipelining result : Target II = 1, Final II = 1, Depth = 4, loop 'VITIS_LOOP_8_1'
INFO: [SCHED 204-11] Finished scheduling.
INFO: [HLS 200-111] Finished Scheduling: CPU user time: 0.09 seconds. CPU system time: 0.01 seconds. Elapsed time: 0.09 seconds; current allocated memory: 1.794 GB.
INFO: [BIND 205-100] Starting micro-architecture generation ...
INFO: [BIND 205-101] Performing variable lifetime analysis.
INFO: [BIND 205-101] Exploring resource sharing.
INFO: [BIND 205-101] Binding ...
INFO: [BIND 205-100] Finished micro-architecture generation.
INFO: [HLS 200-111] Finished Binding: CPU user time: 0.05 seconds. CPU system time: 0 seconds. Elapsed time: 0.05 seconds; current allocated memory: 1.794 GB.
INFO: [HLS 200-10] ----------------------------------------------------------------
INFO: [HLS 200-42] -- Implementing module 'PE_102132' 
INFO: [HLS 200-10] ----------------------------------------------------------------
INFO: [SCHED 204-11] Starting scheduling ...
INFO: [SCHED 204-61] Pipelining loop 'VITIS_LOOP_8_1'.
INFO: [HLS 200-1470] Pipelining result : Target II = 1, Final II = 1, Depth = 4, loop 'VITIS_LOOP_8_1'
INFO: [SCHED 204-11] Finished scheduling.
INFO: [HLS 200-111] Finished Scheduling: CPU user time: 0.09 seconds. CPU system time: 0 seconds. Elapsed time: 0.1 seconds; current allocated memory: 1.794 GB.
INFO: [BIND 205-100] Starting micro-architecture generation ...
INFO: [BIND 205-101] Performing variable lifetime analysis.
INFO: [BIND 205-101] Exploring resource sharing.
INFO: [BIND 205-101] Binding ...
INFO: [BIND 205-100] Finished micro-architecture generation.
INFO: [HLS 200-111] Finished Binding: CPU user time: 0.05 seconds. CPU system time: 0.01 seconds. Elapsed time: 0.05 seconds; current allocated memory: 1.794 GB.
INFO: [HLS 200-10] ----------------------------------------------------------------
INFO: [HLS 200-42] -- Implementing module 'PE_103133' 
INFO: [HLS 200-10] ----------------------------------------------------------------
INFO: [SCHED 204-11] Starting scheduling ...
INFO: [SCHED 204-61] Pipelining loop 'VITIS_LOOP_8_1'.
INFO: [HLS 200-1470] Pipelining result : Target II = 1, Final II = 1, Depth = 4, loop 'VITIS_LOOP_8_1'
INFO: [SCHED 204-11] Finished scheduling.
INFO: [HLS 200-111] Finished Scheduling: CPU user time: 0.09 seconds. CPU system time: 0 seconds. Elapsed time: 0.09 seconds; current allocated memory: 1.795 GB.
INFO: [BIND 205-100] Starting micro-architecture generation ...
INFO: [BIND 205-101] Performing variable lifetime analysis.
INFO: [BIND 205-101] Exploring resource sharing.
INFO: [BIND 205-101] Binding ...
INFO: [BIND 205-100] Finished micro-architecture generation.
INFO: [HLS 200-111] Finished Binding: CPU user time: 0.05 seconds. CPU system time: 0 seconds. Elapsed time: 0.06 seconds; current allocated memory: 1.795 GB.
INFO: [HLS 200-10] ----------------------------------------------------------------
INFO: [HLS 200-42] -- Implementing module 'PE_104134' 
INFO: [HLS 200-10] ----------------------------------------------------------------
INFO: [SCHED 204-11] Starting scheduling ...
INFO: [SCHED 204-61] Pipelining loop 'VITIS_LOOP_8_1'.
INFO: [HLS 200-1470] Pipelining result : Target II = 1, Final II = 1, Depth = 4, loop 'VITIS_LOOP_8_1'
INFO: [SCHED 204-11] Finished scheduling.
INFO: [HLS 200-111] Finished Scheduling: CPU user time: 0.09 seconds. CPU system time: 0.01 seconds. Elapsed time: 0.09 seconds; current allocated memory: 1.795 GB.
INFO: [BIND 205-100] Starting micro-architecture generation ...
INFO: [BIND 205-101] Performing variable lifetime analysis.
INFO: [BIND 205-101] Exploring resource sharing.
INFO: [BIND 205-101] Binding ...
INFO: [BIND 205-100] Finished micro-architecture generation.
INFO: [HLS 200-111] Finished Binding: CPU user time: 0.05 seconds. CPU system time: 0 seconds. Elapsed time: 0.06 seconds; current allocated memory: 1.795 GB.
INFO: [HLS 200-10] ----------------------------------------------------------------
INFO: [HLS 200-42] -- Implementing module 'PE_105135' 
INFO: [HLS 200-10] ----------------------------------------------------------------
INFO: [SCHED 204-11] Starting scheduling ...
INFO: [SCHED 204-61] Pipelining loop 'VITIS_LOOP_8_1'.
INFO: [HLS 200-1470] Pipelining result : Target II = 1, Final II = 1, Depth = 4, loop 'VITIS_LOOP_8_1'
INFO: [SCHED 204-11] Finished scheduling.
INFO: [HLS 200-111] Finished Scheduling: CPU user time: 0.1 seconds. CPU system time: 0.01 seconds. Elapsed time: 0.1 seconds; current allocated memory: 1.795 GB.
INFO: [BIND 205-100] Starting micro-architecture generation ...
INFO: [BIND 205-101] Performing variable lifetime analysis.
INFO: [BIND 205-101] Exploring resource sharing.
INFO: [BIND 205-101] Binding ...
INFO: [BIND 205-100] Finished micro-architecture generation.
INFO: [HLS 200-111] Finished Binding: CPU user time: 0.06 seconds. CPU system time: 0 seconds. Elapsed time: 0.05 seconds; current allocated memory: 1.795 GB.
INFO: [HLS 200-10] ----------------------------------------------------------------
INFO: [HLS 200-42] -- Implementing module 'PE_106136' 
INFO: [HLS 200-10] ----------------------------------------------------------------
INFO: [SCHED 204-11] Starting scheduling ...
INFO: [SCHED 204-61] Pipelining loop 'VITIS_LOOP_8_1'.
INFO: [HLS 200-1470] Pipelining result : Target II = 1, Final II = 1, Depth = 4, loop 'VITIS_LOOP_8_1'
INFO: [SCHED 204-11] Finished scheduling.
INFO: [HLS 200-111] Finished Scheduling: CPU user time: 0.1 seconds. CPU system time: 0 seconds. Elapsed time: 0.09 seconds; current allocated memory: 1.796 GB.
INFO: [BIND 205-100] Starting micro-architecture generation ...
INFO: [BIND 205-101] Performing variable lifetime analysis.
INFO: [BIND 205-101] Exploring resource sharing.
INFO: [BIND 205-101] Binding ...
INFO: [BIND 205-100] Finished micro-architecture generation.
INFO: [HLS 200-111] Finished Binding: CPU user time: 0.05 seconds. CPU system time: 0 seconds. Elapsed time: 0.06 seconds; current allocated memory: 1.796 GB.
INFO: [HLS 200-10] ----------------------------------------------------------------
INFO: [HLS 200-42] -- Implementing module 'PE_107137' 
INFO: [HLS 200-10] ----------------------------------------------------------------
INFO: [SCHED 204-11] Starting scheduling ...
INFO: [SCHED 204-61] Pipelining loop 'VITIS_LOOP_8_1'.
INFO: [HLS 200-1470] Pipelining result : Target II = 1, Final II = 1, Depth = 4, loop 'VITIS_LOOP_8_1'
INFO: [SCHED 204-11] Finished scheduling.
INFO: [HLS 200-111] Finished Scheduling: CPU user time: 0.1 seconds. CPU system time: 0 seconds. Elapsed time: 0.1 seconds; current allocated memory: 1.796 GB.
INFO: [BIND 205-100] Starting micro-architecture generation ...
INFO: [BIND 205-101] Performing variable lifetime analysis.
INFO: [BIND 205-101] Exploring resource sharing.
INFO: [BIND 205-101] Binding ...
INFO: [BIND 205-100] Finished micro-architecture generation.
INFO: [HLS 200-111] Finished Binding: CPU user time: 0.05 seconds. CPU system time: 0 seconds. Elapsed time: 0.06 seconds; current allocated memory: 1.796 GB.
INFO: [HLS 200-10] ----------------------------------------------------------------
INFO: [HLS 200-42] -- Implementing module 'PE_108138' 
INFO: [HLS 200-10] ----------------------------------------------------------------
INFO: [SCHED 204-11] Starting scheduling ...
INFO: [SCHED 204-61] Pipelining loop 'VITIS_LOOP_8_1'.
INFO: [HLS 200-1470] Pipelining result : Target II = 1, Final II = 1, Depth = 4, loop 'VITIS_LOOP_8_1'
INFO: [SCHED 204-11] Finished scheduling.
INFO: [HLS 200-111] Finished Scheduling: CPU user time: 0.09 seconds. CPU system time: 0.01 seconds. Elapsed time: 0.1 seconds; current allocated memory: 1.796 GB.
INFO: [BIND 205-100] Starting micro-architecture generation ...
INFO: [BIND 205-101] Performing variable lifetime analysis.
INFO: [BIND 205-101] Exploring resource sharing.
INFO: [BIND 205-101] Binding ...
INFO: [BIND 205-100] Finished micro-architecture generation.
INFO: [HLS 200-111] Finished Binding: CPU user time: 0.06 seconds. CPU system time: 0 seconds. Elapsed time: 0.05 seconds; current allocated memory: 1.796 GB.
INFO: [HLS 200-10] ----------------------------------------------------------------
INFO: [HLS 200-42] -- Implementing module 'PE_109139' 
INFO: [HLS 200-10] ----------------------------------------------------------------
INFO: [SCHED 204-11] Starting scheduling ...
INFO: [SCHED 204-61] Pipelining loop 'VITIS_LOOP_8_1'.
INFO: [HLS 200-1470] Pipelining result : Target II = 1, Final II = 1, Depth = 4, loop 'VITIS_LOOP_8_1'
INFO: [SCHED 204-11] Finished scheduling.
INFO: [HLS 200-111] Finished Scheduling: CPU user time: 0.1 seconds. CPU system time: 0 seconds. Elapsed time: 0.1 seconds; current allocated memory: 1.797 GB.
INFO: [BIND 205-100] Starting micro-architecture generation ...
INFO: [BIND 205-101] Performing variable lifetime analysis.
INFO: [BIND 205-101] Exploring resource sharing.
INFO: [BIND 205-101] Binding ...
INFO: [BIND 205-100] Finished micro-architecture generation.
INFO: [HLS 200-111] Finished Binding: CPU user time: 0.06 seconds. CPU system time: 0.01 seconds. Elapsed time: 0.06 seconds; current allocated memory: 1.797 GB.
INFO: [HLS 200-10] ----------------------------------------------------------------
INFO: [HLS 200-42] -- Implementing module 'PE_110140' 
INFO: [HLS 200-10] ----------------------------------------------------------------
INFO: [SCHED 204-11] Starting scheduling ...
INFO: [SCHED 204-61] Pipelining loop 'VITIS_LOOP_8_1'.
INFO: [HLS 200-1470] Pipelining result : Target II = 1, Final II = 1, Depth = 4, loop 'VITIS_LOOP_8_1'
INFO: [SCHED 204-11] Finished scheduling.
INFO: [HLS 200-111] Finished Scheduling: CPU user time: 0.1 seconds. CPU system time: 0 seconds. Elapsed time: 0.1 seconds; current allocated memory: 1.797 GB.
INFO: [BIND 205-100] Starting micro-architecture generation ...
INFO: [BIND 205-101] Performing variable lifetime analysis.
INFO: [BIND 205-101] Exploring resource sharing.
INFO: [BIND 205-101] Binding ...
INFO: [BIND 205-100] Finished micro-architecture generation.
INFO: [HLS 200-111] Finished Binding: CPU user time: 0.06 seconds. CPU system time: 0 seconds. Elapsed time: 0.06 seconds; current allocated memory: 1.797 GB.
INFO: [HLS 200-10] ----------------------------------------------------------------
INFO: [HLS 200-42] -- Implementing module 'PE_111141' 
INFO: [HLS 200-10] ----------------------------------------------------------------
INFO: [SCHED 204-11] Starting scheduling ...
INFO: [SCHED 204-61] Pipelining loop 'VITIS_LOOP_8_1'.
INFO: [HLS 200-1470] Pipelining result : Target II = 1, Final II = 1, Depth = 4, loop 'VITIS_LOOP_8_1'
INFO: [SCHED 204-11] Finished scheduling.
INFO: [HLS 200-111] Finished Scheduling: CPU user time: 0.1 seconds. CPU system time: 0.01 seconds. Elapsed time: 0.11 seconds; current allocated memory: 1.797 GB.
INFO: [BIND 205-100] Starting micro-architecture generation ...
INFO: [BIND 205-101] Performing variable lifetime analysis.
INFO: [BIND 205-101] Exploring resource sharing.
INFO: [BIND 205-101] Binding ...
INFO: [BIND 205-100] Finished micro-architecture generation.
INFO: [HLS 200-111] Finished Binding: CPU user time: 0.06 seconds. CPU system time: 0 seconds. Elapsed time: 0.06 seconds; current allocated memory: 1.798 GB.
INFO: [HLS 200-10] ----------------------------------------------------------------
INFO: [HLS 200-42] -- Implementing module 'PE_112142' 
INFO: [HLS 200-10] ----------------------------------------------------------------
INFO: [SCHED 204-11] Starting scheduling ...
INFO: [SCHED 204-61] Pipelining loop 'VITIS_LOOP_8_1'.
INFO: [HLS 200-1470] Pipelining result : Target II = 1, Final II = 1, Depth = 4, loop 'VITIS_LOOP_8_1'
INFO: [SCHED 204-11] Finished scheduling.
INFO: [HLS 200-111] Finished Scheduling: CPU user time: 0.09 seconds. CPU system time: 0.01 seconds. Elapsed time: 0.1 seconds; current allocated memory: 1.798 GB.
INFO: [BIND 205-100] Starting micro-architecture generation ...
INFO: [BIND 205-101] Performing variable lifetime analysis.
INFO: [BIND 205-101] Exploring resource sharing.
INFO: [BIND 205-101] Binding ...
INFO: [BIND 205-100] Finished micro-architecture generation.
INFO: [HLS 200-111] Finished Binding: CPU user time: 0.06 seconds. CPU system time: 0 seconds. Elapsed time: 0.06 seconds; current allocated memory: 1.798 GB.
INFO: [HLS 200-10] ----------------------------------------------------------------
INFO: [HLS 200-42] -- Implementing module 'PE_113143' 
INFO: [HLS 200-10] ----------------------------------------------------------------
INFO: [SCHED 204-11] Starting scheduling ...
INFO: [SCHED 204-61] Pipelining loop 'VITIS_LOOP_8_1'.
INFO: [HLS 200-1470] Pipelining result : Target II = 1, Final II = 1, Depth = 4, loop 'VITIS_LOOP_8_1'
INFO: [SCHED 204-11] Finished scheduling.
INFO: [HLS 200-111] Finished Scheduling: CPU user time: 0.12 seconds. CPU system time: 0 seconds. Elapsed time: 0.12 seconds; current allocated memory: 1.798 GB.
INFO: [BIND 205-100] Starting micro-architecture generation ...
INFO: [BIND 205-101] Performing variable lifetime analysis.
INFO: [BIND 205-101] Exploring resource sharing.
INFO: [BIND 205-101] Binding ...
INFO: [BIND 205-100] Finished micro-architecture generation.
INFO: [HLS 200-111] Finished Binding: CPU user time: 0.07 seconds. CPU system time: 0 seconds. Elapsed time: 0.07 seconds; current allocated memory: 1.798 GB.
INFO: [HLS 200-10] ----------------------------------------------------------------
INFO: [HLS 200-42] -- Implementing module 'PE_114144' 
INFO: [HLS 200-10] ----------------------------------------------------------------
INFO: [SCHED 204-11] Starting scheduling ...
INFO: [SCHED 204-61] Pipelining loop 'VITIS_LOOP_8_1'.
INFO: [HLS 200-1470] Pipelining result : Target II = 1, Final II = 1, Depth = 4, loop 'VITIS_LOOP_8_1'
INFO: [SCHED 204-11] Finished scheduling.
INFO: [HLS 200-111] Finished Scheduling: CPU user time: 0.11 seconds. CPU system time: 0.01 seconds. Elapsed time: 0.11 seconds; current allocated memory: 1.798 GB.
INFO: [BIND 205-100] Starting micro-architecture generation ...
INFO: [BIND 205-101] Performing variable lifetime analysis.
INFO: [BIND 205-101] Exploring resource sharing.
INFO: [BIND 205-101] Binding ...
INFO: [BIND 205-100] Finished micro-architecture generation.
INFO: [HLS 200-111] Finished Binding: CPU user time: 0.06 seconds. CPU system time: 0 seconds. Elapsed time: 0.06 seconds; current allocated memory: 1.799 GB.
INFO: [HLS 200-10] ----------------------------------------------------------------
INFO: [HLS 200-42] -- Implementing module 'PE_115145' 
INFO: [HLS 200-10] ----------------------------------------------------------------
INFO: [SCHED 204-11] Starting scheduling ...
INFO: [SCHED 204-61] Pipelining loop 'VITIS_LOOP_8_1'.
INFO: [HLS 200-1470] Pipelining result : Target II = 1, Final II = 1, Depth = 4, loop 'VITIS_LOOP_8_1'
INFO: [SCHED 204-11] Finished scheduling.
INFO: [HLS 200-111] Finished Scheduling: CPU user time: 0.1 seconds. CPU system time: 0 seconds. Elapsed time: 0.11 seconds; current allocated memory: 1.799 GB.
INFO: [BIND 205-100] Starting micro-architecture generation ...
INFO: [BIND 205-101] Performing variable lifetime analysis.
INFO: [BIND 205-101] Exploring resource sharing.
INFO: [BIND 205-101] Binding ...
INFO: [BIND 205-100] Finished micro-architecture generation.
INFO: [HLS 200-111] Finished Binding: CPU user time: 0.07 seconds. CPU system time: 0 seconds. Elapsed time: 0.06 seconds; current allocated memory: 1.799 GB.
INFO: [HLS 200-10] ----------------------------------------------------------------
INFO: [HLS 200-42] -- Implementing module 'PE_116146' 
INFO: [HLS 200-10] ----------------------------------------------------------------
INFO: [SCHED 204-11] Starting scheduling ...
INFO: [SCHED 204-61] Pipelining loop 'VITIS_LOOP_8_1'.
INFO: [HLS 200-1470] Pipelining result : Target II = 1, Final II = 1, Depth = 4, loop 'VITIS_LOOP_8_1'
INFO: [SCHED 204-11] Finished scheduling.
INFO: [HLS 200-111] Finished Scheduling: CPU user time: 0.1 seconds. CPU system time: 0 seconds. Elapsed time: 0.11 seconds; current allocated memory: 1.799 GB.
INFO: [BIND 205-100] Starting micro-architecture generation ...
INFO: [BIND 205-101] Performing variable lifetime analysis.
INFO: [BIND 205-101] Exploring resource sharing.
INFO: [BIND 205-101] Binding ...
INFO: [BIND 205-100] Finished micro-architecture generation.
INFO: [HLS 200-111] Finished Binding: CPU user time: 0.06 seconds. CPU system time: 0.01 seconds. Elapsed time: 0.07 seconds; current allocated memory: 1.799 GB.
INFO: [HLS 200-10] ----------------------------------------------------------------
INFO: [HLS 200-42] -- Implementing module 'PE_117147' 
INFO: [HLS 200-10] ----------------------------------------------------------------
INFO: [SCHED 204-11] Starting scheduling ...
INFO: [SCHED 204-61] Pipelining loop 'VITIS_LOOP_8_1'.
INFO: [HLS 200-1470] Pipelining result : Target II = 1, Final II = 1, Depth = 4, loop 'VITIS_LOOP_8_1'
INFO: [SCHED 204-11] Finished scheduling.
INFO: [HLS 200-111] Finished Scheduling: CPU user time: 0.09 seconds. CPU system time: 0 seconds. Elapsed time: 0.1 seconds; current allocated memory: 1.799 GB.
INFO: [BIND 205-100] Starting micro-architecture generation ...
INFO: [BIND 205-101] Performing variable lifetime analysis.
INFO: [BIND 205-101] Exploring resource sharing.
INFO: [BIND 205-101] Binding ...
INFO: [BIND 205-100] Finished micro-architecture generation.
INFO: [HLS 200-111] Finished Binding: CPU user time: 0.06 seconds. CPU system time: 0.01 seconds. Elapsed time: 0.07 seconds; current allocated memory: 1.800 GB.
INFO: [HLS 200-10] ----------------------------------------------------------------
INFO: [HLS 200-42] -- Implementing module 'PE_118148' 
INFO: [HLS 200-10] ----------------------------------------------------------------
INFO: [SCHED 204-11] Starting scheduling ...
INFO: [SCHED 204-61] Pipelining loop 'VITIS_LOOP_8_1'.
INFO: [HLS 200-1470] Pipelining result : Target II = 1, Final II = 1, Depth = 4, loop 'VITIS_LOOP_8_1'
INFO: [SCHED 204-11] Finished scheduling.
INFO: [HLS 200-111] Finished Scheduling: CPU user time: 0.1 seconds. CPU system time: 0.01 seconds. Elapsed time: 0.1 seconds; current allocated memory: 1.800 GB.
INFO: [BIND 205-100] Starting micro-architecture generation ...
INFO: [BIND 205-101] Performing variable lifetime analysis.
INFO: [BIND 205-101] Exploring resource sharing.
INFO: [BIND 205-101] Binding ...
INFO: [BIND 205-100] Finished micro-architecture generation.
INFO: [HLS 200-111] Finished Binding: CPU user time: 0.06 seconds. CPU system time: 0 seconds. Elapsed time: 0.06 seconds; current allocated memory: 1.800 GB.
INFO: [HLS 200-10] ----------------------------------------------------------------
INFO: [HLS 200-42] -- Implementing module 'PE_119149' 
INFO: [HLS 200-10] ----------------------------------------------------------------
INFO: [SCHED 204-11] Starting scheduling ...
INFO: [SCHED 204-61] Pipelining loop 'VITIS_LOOP_8_1'.
INFO: [HLS 200-1470] Pipelining result : Target II = 1, Final II = 1, Depth = 4, loop 'VITIS_LOOP_8_1'
INFO: [SCHED 204-11] Finished scheduling.
INFO: [HLS 200-111] Finished Scheduling: CPU user time: 0.1 seconds. CPU system time: 0.01 seconds. Elapsed time: 0.1 seconds; current allocated memory: 1.800 GB.
INFO: [BIND 205-100] Starting micro-architecture generation ...
INFO: [BIND 205-101] Performing variable lifetime analysis.
INFO: [BIND 205-101] Exploring resource sharing.
INFO: [BIND 205-101] Binding ...
INFO: [BIND 205-100] Finished micro-architecture generation.
INFO: [HLS 200-111] Finished Binding: CPU user time: 0.06 seconds. CPU system time: 0.01 seconds. Elapsed time: 0.06 seconds; current allocated memory: 1.800 GB.
INFO: [HLS 200-10] ----------------------------------------------------------------
INFO: [HLS 200-42] -- Implementing module 'PE_120150' 
INFO: [HLS 200-10] ----------------------------------------------------------------
INFO: [SCHED 204-11] Starting scheduling ...
INFO: [SCHED 204-61] Pipelining loop 'VITIS_LOOP_8_1'.
INFO: [HLS 200-1470] Pipelining result : Target II = 1, Final II = 1, Depth = 4, loop 'VITIS_LOOP_8_1'
INFO: [SCHED 204-11] Finished scheduling.
INFO: [HLS 200-111] Finished Scheduling: CPU user time: 0.1 seconds. CPU system time: 0 seconds. Elapsed time: 0.1 seconds; current allocated memory: 1.801 GB.
INFO: [BIND 205-100] Starting micro-architecture generation ...
INFO: [BIND 205-101] Performing variable lifetime analysis.
INFO: [BIND 205-101] Exploring resource sharing.
INFO: [BIND 205-101] Binding ...
INFO: [BIND 205-100] Finished micro-architecture generation.
INFO: [HLS 200-111] Finished Binding: CPU user time: 0.06 seconds. CPU system time: 0 seconds. Elapsed time: 0.06 seconds; current allocated memory: 1.801 GB.
INFO: [HLS 200-10] ----------------------------------------------------------------
INFO: [HLS 200-42] -- Implementing module 'PE_121151' 
INFO: [HLS 200-10] ----------------------------------------------------------------
INFO: [SCHED 204-11] Starting scheduling ...
INFO: [SCHED 204-61] Pipelining loop 'VITIS_LOOP_8_1'.
INFO: [HLS 200-1470] Pipelining result : Target II = 1, Final II = 1, Depth = 4, loop 'VITIS_LOOP_8_1'
INFO: [SCHED 204-11] Finished scheduling.
INFO: [HLS 200-111] Finished Scheduling: CPU user time: 0.1 seconds. CPU system time: 0 seconds. Elapsed time: 0.11 seconds; current allocated memory: 1.801 GB.
INFO: [BIND 205-100] Starting micro-architecture generation ...
INFO: [BIND 205-101] Performing variable lifetime analysis.
INFO: [BIND 205-101] Exploring resource sharing.
INFO: [BIND 205-101] Binding ...
INFO: [BIND 205-100] Finished micro-architecture generation.
INFO: [HLS 200-111] Finished Binding: CPU user time: 0.07 seconds. CPU system time: 0 seconds. Elapsed time: 0.06 seconds; current allocated memory: 1.801 GB.
INFO: [HLS 200-10] ----------------------------------------------------------------
INFO: [HLS 200-42] -- Implementing module 'PE_122152' 
INFO: [HLS 200-10] ----------------------------------------------------------------
INFO: [SCHED 204-11] Starting scheduling ...
INFO: [SCHED 204-61] Pipelining loop 'VITIS_LOOP_8_1'.
INFO: [HLS 200-1470] Pipelining result : Target II = 1, Final II = 1, Depth = 4, loop 'VITIS_LOOP_8_1'
INFO: [SCHED 204-11] Finished scheduling.
INFO: [HLS 200-111] Finished Scheduling: CPU user time: 0.1 seconds. CPU system time: 0 seconds. Elapsed time: 0.11 seconds; current allocated memory: 1.801 GB.
INFO: [BIND 205-100] Starting micro-architecture generation ...
INFO: [BIND 205-101] Performing variable lifetime analysis.
INFO: [BIND 205-101] Exploring resource sharing.
INFO: [BIND 205-101] Binding ...
INFO: [BIND 205-100] Finished micro-architecture generation.
INFO: [HLS 200-111] Finished Binding: CPU user time: 0.06 seconds. CPU system time: 0 seconds. Elapsed time: 0.06 seconds; current allocated memory: 1.802 GB.
INFO: [HLS 200-10] ----------------------------------------------------------------
INFO: [HLS 200-42] -- Implementing module 'PE_123153' 
INFO: [HLS 200-10] ----------------------------------------------------------------
INFO: [SCHED 204-11] Starting scheduling ...
INFO: [SCHED 204-61] Pipelining loop 'VITIS_LOOP_8_1'.
INFO: [HLS 200-1470] Pipelining result : Target II = 1, Final II = 1, Depth = 4, loop 'VITIS_LOOP_8_1'
INFO: [SCHED 204-11] Finished scheduling.
INFO: [HLS 200-111] Finished Scheduling: CPU user time: 0.11 seconds. CPU system time: 0 seconds. Elapsed time: 0.11 seconds; current allocated memory: 1.802 GB.
INFO: [BIND 205-100] Starting micro-architecture generation ...
INFO: [BIND 205-101] Performing variable lifetime analysis.
INFO: [BIND 205-101] Exploring resource sharing.
INFO: [BIND 205-101] Binding ...
INFO: [BIND 205-100] Finished micro-architecture generation.
INFO: [HLS 200-111] Finished Binding: CPU user time: 0.06 seconds. CPU system time: 0.01 seconds. Elapsed time: 0.07 seconds; current allocated memory: 1.802 GB.
INFO: [HLS 200-10] ----------------------------------------------------------------
INFO: [HLS 200-42] -- Implementing module 'PE_124154' 
INFO: [HLS 200-10] ----------------------------------------------------------------
INFO: [SCHED 204-11] Starting scheduling ...
INFO: [SCHED 204-61] Pipelining loop 'VITIS_LOOP_8_1'.
INFO: [HLS 200-1470] Pipelining result : Target II = 1, Final II = 1, Depth = 4, loop 'VITIS_LOOP_8_1'
INFO: [SCHED 204-11] Finished scheduling.
INFO: [HLS 200-111] Finished Scheduling: CPU user time: 0.1 seconds. CPU system time: 0 seconds. Elapsed time: 0.11 seconds; current allocated memory: 1.802 GB.
INFO: [BIND 205-100] Starting micro-architecture generation ...
INFO: [BIND 205-101] Performing variable lifetime analysis.
INFO: [BIND 205-101] Exploring resource sharing.
INFO: [BIND 205-101] Binding ...
INFO: [BIND 205-100] Finished micro-architecture generation.
INFO: [HLS 200-111] Finished Binding: CPU user time: 0.05 seconds. CPU system time: 0.01 seconds. Elapsed time: 0.06 seconds; current allocated memory: 1.802 GB.
INFO: [HLS 200-10] ----------------------------------------------------------------
INFO: [HLS 200-42] -- Implementing module 'PE_125155' 
INFO: [HLS 200-10] ----------------------------------------------------------------
INFO: [SCHED 204-11] Starting scheduling ...
INFO: [SCHED 204-61] Pipelining loop 'VITIS_LOOP_8_1'.
INFO: [HLS 200-1470] Pipelining result : Target II = 1, Final II = 1, Depth = 4, loop 'VITIS_LOOP_8_1'
INFO: [SCHED 204-11] Finished scheduling.
INFO: [HLS 200-111] Finished Scheduling: CPU user time: 0.1 seconds. CPU system time: 0.01 seconds. Elapsed time: 0.11 seconds; current allocated memory: 1.802 GB.
INFO: [BIND 205-100] Starting micro-architecture generation ...
INFO: [BIND 205-101] Performing variable lifetime analysis.
INFO: [BIND 205-101] Exploring resource sharing.
INFO: [BIND 205-101] Binding ...
INFO: [BIND 205-100] Finished micro-architecture generation.
INFO: [HLS 200-111] Finished Binding: CPU user time: 0.07 seconds. CPU system time: 0 seconds. Elapsed time: 0.07 seconds; current allocated memory: 1.803 GB.
INFO: [HLS 200-10] ----------------------------------------------------------------
INFO: [HLS 200-42] -- Implementing module 'PE_126156' 
INFO: [HLS 200-10] ----------------------------------------------------------------
INFO: [SCHED 204-11] Starting scheduling ...
INFO: [SCHED 204-61] Pipelining loop 'VITIS_LOOP_8_1'.
INFO: [HLS 200-1470] Pipelining result : Target II = 1, Final II = 1, Depth = 4, loop 'VITIS_LOOP_8_1'
INFO: [SCHED 204-11] Finished scheduling.
INFO: [HLS 200-111] Finished Scheduling: CPU user time: 0.12 seconds. CPU system time: 0 seconds. Elapsed time: 0.12 seconds; current allocated memory: 1.803 GB.
INFO: [BIND 205-100] Starting micro-architecture generation ...
INFO: [BIND 205-101] Performing variable lifetime analysis.
INFO: [BIND 205-101] Exploring resource sharing.
INFO: [BIND 205-101] Binding ...
INFO: [BIND 205-100] Finished micro-architecture generation.
INFO: [HLS 200-111] Finished Binding: CPU user time: 0.07 seconds. CPU system time: 0 seconds. Elapsed time: 0.07 seconds; current allocated memory: 1.803 GB.
INFO: [HLS 200-10] ----------------------------------------------------------------
INFO: [HLS 200-42] -- Implementing module 'PE_127157' 
INFO: [HLS 200-10] ----------------------------------------------------------------
INFO: [SCHED 204-11] Starting scheduling ...
INFO: [SCHED 204-61] Pipelining loop 'VITIS_LOOP_8_1'.
INFO: [HLS 200-1470] Pipelining result : Target II = 1, Final II = 1, Depth = 4, loop 'VITIS_LOOP_8_1'
INFO: [SCHED 204-11] Finished scheduling.
INFO: [HLS 200-111] Finished Scheduling: CPU user time: 0.11 seconds. CPU system time: 0.01 seconds. Elapsed time: 0.11 seconds; current allocated memory: 1.803 GB.
INFO: [BIND 205-100] Starting micro-architecture generation ...
INFO: [BIND 205-101] Performing variable lifetime analysis.
INFO: [BIND 205-101] Exploring resource sharing.
INFO: [BIND 205-101] Binding ...
INFO: [BIND 205-100] Finished micro-architecture generation.
INFO: [HLS 200-111] Finished Binding: CPU user time: 0.07 seconds. CPU system time: 0 seconds. Elapsed time: 0.07 seconds; current allocated memory: 1.803 GB.
INFO: [HLS 200-10] ----------------------------------------------------------------
INFO: [HLS 200-42] -- Implementing module 'PE_128158' 
INFO: [HLS 200-10] ----------------------------------------------------------------
INFO: [SCHED 204-11] Starting scheduling ...
INFO: [SCHED 204-61] Pipelining loop 'VITIS_LOOP_8_1'.
INFO: [HLS 200-1470] Pipelining result : Target II = 1, Final II = 1, Depth = 4, loop 'VITIS_LOOP_8_1'
INFO: [SCHED 204-11] Finished scheduling.
INFO: [HLS 200-111] Finished Scheduling: CPU user time: 0.1 seconds. CPU system time: 0 seconds. Elapsed time: 0.11 seconds; current allocated memory: 1.804 GB.
INFO: [BIND 205-100] Starting micro-architecture generation ...
INFO: [BIND 205-101] Performing variable lifetime analysis.
INFO: [BIND 205-101] Exploring resource sharing.
INFO: [BIND 205-101] Binding ...
INFO: [BIND 205-100] Finished micro-architecture generation.
INFO: [HLS 200-111] Finished Binding: CPU user time: 0.07 seconds. CPU system time: 0.01 seconds. Elapsed time: 0.07 seconds; current allocated memory: 1.804 GB.
INFO: [HLS 200-10] ----------------------------------------------------------------
INFO: [HLS 200-42] -- Implementing module 'sink_streams_129159' 
INFO: [HLS 200-10] ----------------------------------------------------------------
INFO: [SCHED 204-11] Starting scheduling ...
INFO: [SCHED 204-11] Finished scheduling.
INFO: [HLS 200-111] Finished Scheduling: CPU user time: 0.17 seconds. CPU system time: 0 seconds. Elapsed time: 0.18 seconds; current allocated memory: 1.805 GB.
INFO: [BIND 205-100] Starting micro-architecture generation ...
INFO: [BIND 205-101] Performing variable lifetime analysis.
INFO: [BIND 205-101] Exploring resource sharing.
INFO: [BIND 205-101] Binding ...
INFO: [BIND 205-100] Finished micro-architecture generation.
INFO: [HLS 200-111] Finished Binding: CPU user time: 0.08 seconds. CPU system time: 0.01 seconds. Elapsed time: 0.08 seconds; current allocated memory: 1.805 GB.
INFO: [HLS 200-10] ----------------------------------------------------------------
INFO: [HLS 200-42] -- Implementing module 'stream_to_C_Buf_130160' 
INFO: [HLS 200-10] ----------------------------------------------------------------
INFO: [SCHED 204-11] Starting scheduling ...
INFO: [SCHED 204-11] Finished scheduling.
INFO: [HLS 200-111] Finished Scheduling: CPU user time: 0.2 seconds. CPU system time: 0 seconds. Elapsed time: 0.21 seconds; current allocated memory: 1.809 GB.
INFO: [BIND 205-100] Starting micro-architecture generation ...
INFO: [BIND 205-101] Performing variable lifetime analysis.
INFO: [BIND 205-101] Exploring resource sharing.
INFO: [BIND 205-101] Binding ...
INFO: [BIND 205-100] Finished micro-architecture generation.
INFO: [HLS 200-111] Finished Binding: CPU user time: 0.14 seconds. CPU system time: 0.01 seconds. Elapsed time: 0.14 seconds; current allocated memory: 1.810 GB.
INFO: [HLS 200-10] ----------------------------------------------------------------
INFO: [HLS 200-42] -- Implementing module 'dataflow_in_loop_tile_loop_A' 
INFO: [HLS 200-10] ----------------------------------------------------------------
INFO: [SCHED 204-11] Starting scheduling ...
WARNING: [HLS 200-871] Estimated clock period (2.856 ns) exceeds the target (target clock period: 3.333 ns, clock uncertainty: 0.900 ns, effective delay budget: 2.433 ns).
WARNING: [HLS 200-1016] The critical path in module 'dataflow_in_loop_tile_loop_A' consists of the following:
	'alloca' operation 32 bit ('A_stream', source/sa_functions.hpp:33->source/sa_functions.hpp:37) [1220]  (1.117 ns)
	'call' operation 0 bit ('_ln40', source/sa_functions.hpp:40->source/sa_functions.hpp:37) to 'tm_A2' [2220]  (1.739 ns)

INFO: [SCHED 204-11] Finished scheduling.
WARNING: [HLS 200-1020] Increasing the depth of FIFO start_for_PE_129_U0 (from B_Buf_to_stream3_U0 to PE_129_U0) to 3 to improve performance and/or avoid deadlocks.
WARNING: [HLS 200-1020] Increasing the depth of FIFO start_for_PE_230_U0 (from B_Buf_to_stream3_U0 to PE_230_U0) to 4 to improve performance and/or avoid deadlocks.
WARNING: [HLS 200-1020] Increasing the depth of FIFO start_for_PE_331_U0 (from B_Buf_to_stream3_U0 to PE_331_U0) to 5 to improve performance and/or avoid deadlocks.
WARNING: [HLS 200-1020] Increasing the depth of FIFO start_for_PE_432_U0 (from B_Buf_to_stream3_U0 to PE_432_U0) to 6 to improve performance and/or avoid deadlocks.
WARNING: [HLS 200-1020] Increasing the depth of FIFO start_for_PE_533_U0 (from B_Buf_to_stream3_U0 to PE_533_U0) to 7 to improve performance and/or avoid deadlocks.
WARNING: [HLS 200-1020] Increasing the depth of FIFO start_for_PE_634_U0 (from B_Buf_to_stream3_U0 to PE_634_U0) to 8 to improve performance and/or avoid deadlocks.
WARNING: [HLS 200-1020] Increasing the depth of FIFO start_for_PE_735_U0 (from B_Buf_to_stream3_U0 to PE_735_U0) to 9 to improve performance and/or avoid deadlocks.
WARNING: [HLS 200-1020] Increasing the depth of FIFO start_for_PE_836_U0 (from tm_A2_U0 to PE_836_U0) to 3 to improve performance and/or avoid deadlocks.
WARNING: [HLS 200-1020] Increasing the depth of FIFO start_for_PE_1644_U0 (from tm_A2_U0 to PE_1644_U0) to 4 to improve performance and/or avoid deadlocks.
WARNING: [HLS 200-1020] Increasing the depth of FIFO start_for_PE_2452_U0 (from tm_A2_U0 to PE_2452_U0) to 5 to improve performance and/or avoid deadlocks.
WARNING: [HLS 200-1020] Increasing the depth of FIFO start_for_PE_3260_U0 (from tm_A2_U0 to PE_3260_U0) to 6 to improve performance and/or avoid deadlocks.
WARNING: [HLS 200-1020] Increasing the depth of FIFO start_for_PE_4068_U0 (from tm_A2_U0 to PE_4068_U0) to 7 to improve performance and/or avoid deadlocks.
WARNING: [HLS 200-1020] Increasing the depth of FIFO start_for_PE_4876_U0 (from tm_A2_U0 to PE_4876_U0) to 8 to improve performance and/or avoid deadlocks.
WARNING: [HLS 200-1020] Increasing the depth of FIFO start_for_PE_5684_U0 (from tm_A2_U0 to PE_5684_U0) to 9 to improve performance and/or avoid deadlocks.
WARNING: [HLS 200-1020] Increasing the depth of FIFO start_for_sink_streams92_U0 (from PE_735_U0 to sink_streams92_U0) to 9 to improve performance and/or avoid deadlocks.
WARNING: [HLS 200-1020] Increasing the depth of FIFO start_for_stream_to_C_Buf93_U0 (from tm_A2_U0 to stream_to_C_Buf93_U0) to 17 to improve performance and/or avoid deadlocks.
WARNING: [HLS 200-1020] Increasing the depth of FIFO start_for_PE_6696_U0 (from B_Buf_to_stream_6494_U0 to PE_6696_U0) to 3 to improve performance and/or avoid deadlocks.
WARNING: [HLS 200-1020] Increasing the depth of FIFO start_for_PE_6797_U0 (from B_Buf_to_stream_6494_U0 to PE_6797_U0) to 4 to improve performance and/or avoid deadlocks.
WARNING: [HLS 200-1020] Increasing the depth of FIFO start_for_PE_6898_U0 (from B_Buf_to_stream_6494_U0 to PE_6898_U0) to 5 to improve performance and/or avoid deadlocks.
WARNING: [HLS 200-1020] Increasing the depth of FIFO start_for_PE_6999_U0 (from B_Buf_to_stream_6494_U0 to PE_6999_U0) to 6 to improve performance and/or avoid deadlocks.
WARNING: [HLS 200-1020] Increasing the depth of FIFO start_for_PE_70100_U0 (from B_Buf_to_stream_6494_U0 to PE_70100_U0) to 7 to improve performance and/or avoid deadlocks.
WARNING: [HLS 200-1020] Increasing the depth of FIFO start_for_PE_71101_U0 (from B_Buf_to_stream_6494_U0 to PE_71101_U0) to 8 to improve performance and/or avoid deadlocks.
WARNING: [HLS 200-1020] Increasing the depth of FIFO start_for_PE_72102_U0 (from B_Buf_to_stream_6494_U0 to PE_72102_U0) to 9 to improve performance and/or avoid deadlocks.
WARNING: [HLS 200-1020] Increasing the depth of FIFO start_for_PE_73103_U0 (from tm_A2_U0 to PE_73103_U0) to 3 to improve performance and/or avoid deadlocks.
WARNING: [HLS 200-1020] Increasing the depth of FIFO start_for_PE_81111_U0 (from tm_A2_U0 to PE_81111_U0) to 4 to improve performance and/or avoid deadlocks.
WARNING: [HLS 200-1020] Increasing the depth of FIFO start_for_PE_89119_U0 (from tm_A2_U0 to PE_89119_U0) to 5 to improve performance and/or avoid deadlocks.
WARNING: [HLS 200-1020] Increasing the depth of FIFO start_for_PE_97127_U0 (from tm_A2_U0 to PE_97127_U0) to 6 to improve performance and/or avoid deadlocks.
WARNING: [HLS 200-1020] Increasing the depth of FIFO start_for_PE_105135_U0 (from tm_A2_U0 to PE_105135_U0) to 7 to improve performance and/or avoid deadlocks.
WARNING: [HLS 200-1020] Increasing the depth of FIFO start_for_PE_113143_U0 (from tm_A2_U0 to PE_113143_U0) to 8 to improve performance and/or avoid deadlocks.
WARNING: [HLS 200-1020] Increasing the depth of FIFO start_for_PE_121151_U0 (from tm_A2_U0 to PE_121151_U0) to 9 to improve performance and/or avoid deadlocks.
WARNING: [HLS 200-1020] Increasing the depth of FIFO start_for_sink_streams_129159_U0 (from PE_72102_U0 to sink_streams_129159_U0) to 9 to improve performance and/or avoid deadlocks.
WARNING: [HLS 200-1020] Increasing the depth of FIFO start_for_stream_to_C_Buf_130160_U0 (from tm_A2_U0 to stream_to_C_Buf_130160_U0) to 17 to improve performance and/or avoid deadlocks.
WARNING: [HLS 200-1018] Consider increasing the depth of FIFO A_stream_80 (from tm_A2_U0 to PE_5684_U0) to 9 to improve performance and/or avoid deadlocks.
WARNING: [HLS 200-1018] Consider increasing the depth of FIFO A_stream_8 (from tm_A2_U0 to PE_121151_U0) to 9 to improve performance and/or avoid deadlocks.
WARNING: [HLS 200-1018] Consider increasing the depth of FIFO B_stream_136 (from B_Buf_to_stream3_U0 to PE_735_U0) to 9 to improve performance and/or avoid deadlocks.
WARNING: [HLS 200-1018] Consider increasing the depth of FIFO C_stream_127 (from PE4_U0 to stream_to_C_Buf93_U0) to 16 to improve performance and/or avoid deadlocks.
WARNING: [HLS 200-1018] Consider increasing the depth of FIFO C_stream_126 (from PE_129_U0 to stream_to_C_Buf93_U0) to 15 to improve performance and/or avoid deadlocks.
WARNING: [HLS 200-1018] Consider increasing the depth of FIFO C_stream_125 (from PE_230_U0 to stream_to_C_Buf93_U0) to 14 to improve performance and/or avoid deadlocks.
WARNING: [HLS 200-1018] Consider increasing the depth of FIFO C_stream_124 (from PE_331_U0 to stream_to_C_Buf93_U0) to 13 to improve performance and/or avoid deadlocks.
WARNING: [HLS 200-1018] Consider increasing the depth of FIFO C_stream_123 (from PE_432_U0 to stream_to_C_Buf93_U0) to 12 to improve performance and/or avoid deadlocks.
WARNING: [HLS 200-1018] Consider increasing the depth of FIFO C_stream_122 (from PE_533_U0 to stream_to_C_Buf93_U0) to 11 to improve performance and/or avoid deadlocks.
WARNING: [HLS 200-1018] Consider increasing the depth of FIFO C_stream_121 (from PE_634_U0 to stream_to_C_Buf93_U0) to 10 to improve performance and/or avoid deadlocks.
WARNING: [HLS 200-1018] Consider increasing the depth of FIFO A_stream_135 (from PE_735_U0 to sink_streams92_U0) to 9 to improve performance and/or avoid deadlocks.
WARNING: [HLS 200-1018] Consider increasing the depth of FIFO C_stream_120 (from PE_735_U0 to stream_to_C_Buf93_U0) to 9 to improve performance and/or avoid deadlocks.
WARNING: [HLS 200-1018] Consider increasing the depth of FIFO C_stream_119 (from PE_836_U0 to stream_to_C_Buf93_U0) to 15 to improve performance and/or avoid deadlocks.
WARNING: [HLS 200-1018] Consider increasing the depth of FIFO C_stream_118 (from PE_937_U0 to stream_to_C_Buf93_U0) to 14 to improve performance and/or avoid deadlocks.
WARNING: [HLS 200-1018] Consider increasing the depth of FIFO C_stream_117 (from PE_1038_U0 to stream_to_C_Buf93_U0) to 13 to improve performance and/or avoid deadlocks.
WARNING: [HLS 200-1018] Consider increasing the depth of FIFO C_stream_116 (from PE_1139_U0 to stream_to_C_Buf93_U0) to 12 to improve performance and/or avoid deadlocks.
WARNING: [HLS 200-1018] Consider increasing the depth of FIFO C_stream_115 (from PE_1240_U0 to stream_to_C_Buf93_U0) to 11 to improve performance and/or avoid deadlocks.
WARNING: [HLS 200-1018] Consider increasing the depth of FIFO C_stream_114 (from PE_1341_U0 to stream_to_C_Buf93_U0) to 10 to improve performance and/or avoid deadlocks.
WARNING: [HLS 200-1018] Consider increasing the depth of FIFO C_stream_113 (from PE_1442_U0 to stream_to_C_Buf93_U0) to 9 to improve performance and/or avoid deadlocks.
WARNING: [HLS 200-1018] Consider increasing the depth of FIFO C_stream_111 (from PE_1644_U0 to stream_to_C_Buf93_U0) to 14 to improve performance and/or avoid deadlocks.
WARNING: [HLS 200-1018] Consider increasing the depth of FIFO C_stream_110 (from PE_1745_U0 to stream_to_C_Buf93_U0) to 13 to improve performance and/or avoid deadlocks.
WARNING: [HLS 200-1018] Consider increasing the depth of FIFO C_stream_109 (from PE_1846_U0 to stream_to_C_Buf93_U0) to 12 to improve performance and/or avoid deadlocks.
WARNING: [HLS 200-1018] Consider increasing the depth of FIFO C_stream_108 (from PE_1947_U0 to stream_to_C_Buf93_U0) to 11 to improve performance and/or avoid deadlocks.
WARNING: [HLS 200-1018] Consider increasing the depth of FIFO C_stream_107 (from PE_2048_U0 to stream_to_C_Buf93_U0) to 10 to improve performance and/or avoid deadlocks.
WARNING: [HLS 200-1018] Consider increasing the depth of FIFO C_stream_106 (from PE_2149_U0 to stream_to_C_Buf93_U0) to 9 to improve performance and/or avoid deadlocks.
WARNING: [HLS 200-1018] Consider increasing the depth of FIFO C_stream_103 (from PE_2452_U0 to stream_to_C_Buf93_U0) to 13 to improve performance and/or avoid deadlocks.
WARNING: [HLS 200-1018] Consider increasing the depth of FIFO C_stream_102 (from PE_2553_U0 to stream_to_C_Buf93_U0) to 12 to improve performance and/or avoid deadlocks.
WARNING: [HLS 200-1018] Consider increasing the depth of FIFO C_stream_101 (from PE_2654_U0 to stream_to_C_Buf93_U0) to 11 to improve performance and/or avoid deadlocks.
WARNING: [HLS 200-1018] Consider increasing the depth of FIFO C_stream_100 (from PE_2755_U0 to stream_to_C_Buf93_U0) to 10 to improve performance and/or avoid deadlocks.
WARNING: [HLS 200-1018] Consider increasing the depth of FIFO C_stream_99 (from PE_2856_U0 to stream_to_C_Buf93_U0) to 9 to improve performance and/or avoid deadlocks.
WARNING: [HLS 200-1018] Consider increasing the depth of FIFO C_stream_95 (from PE_3260_U0 to stream_to_C_Buf93_U0) to 12 to improve performance and/or avoid deadlocks.
WARNING: [HLS 200-1018] Consider increasing the depth of FIFO C_stream_94 (from PE_3361_U0 to stream_to_C_Buf93_U0) to 11 to improve performance and/or avoid deadlocks.
WARNING: [HLS 200-1018] Consider increasing the depth of FIFO C_stream_93 (from PE_3462_U0 to stream_to_C_Buf93_U0) to 10 to improve performance and/or avoid deadlocks.
WARNING: [HLS 200-1018] Consider increasing the depth of FIFO C_stream_92 (from PE_3563_U0 to stream_to_C_Buf93_U0) to 9 to improve performance and/or avoid deadlocks.
WARNING: [HLS 200-1018] Consider increasing the depth of FIFO C_stream_87 (from PE_4068_U0 to stream_to_C_Buf93_U0) to 11 to improve performance and/or avoid deadlocks.
WARNING: [HLS 200-1018] Consider increasing the depth of FIFO C_stream_86 (from PE_4169_U0 to stream_to_C_Buf93_U0) to 10 to improve performance and/or avoid deadlocks.
WARNING: [HLS 200-1018] Consider increasing the depth of FIFO C_stream_85 (from PE_4270_U0 to stream_to_C_Buf93_U0) to 9 to improve performance and/or avoid deadlocks.
WARNING: [HLS 200-1018] Consider increasing the depth of FIFO C_stream_79 (from PE_4876_U0 to stream_to_C_Buf93_U0) to 10 to improve performance and/or avoid deadlocks.
WARNING: [HLS 200-1018] Consider increasing the depth of FIFO C_stream_78 (from PE_4977_U0 to stream_to_C_Buf93_U0) to 9 to improve performance and/or avoid deadlocks.
WARNING: [HLS 200-1018] Consider increasing the depth of FIFO B_stream_79 (from PE_5684_U0 to sink_streams92_U0) to 9 to improve performance and/or avoid deadlocks.
WARNING: [HLS 200-1018] Consider increasing the depth of FIFO C_stream_71 (from PE_5684_U0 to stream_to_C_Buf93_U0) to 9 to improve performance and/or avoid deadlocks.
WARNING: [HLS 200-1018] Consider increasing the depth of FIFO B_stream_64 (from B_Buf_to_stream_6494_U0 to PE_72102_U0) to 9 to improve performance and/or avoid deadlocks.
WARNING: [HLS 200-1018] Consider increasing the depth of FIFO C_stream_63 (from PE_6595_U0 to stream_to_C_Buf_130160_U0) to 16 to improve performance and/or avoid deadlocks.
WARNING: [HLS 200-1018] Consider increasing the depth of FIFO C_stream_62 (from PE_6696_U0 to stream_to_C_Buf_130160_U0) to 15 to improve performance and/or avoid deadlocks.
WARNING: [HLS 200-1018] Consider increasing the depth of FIFO C_stream_61 (from PE_6797_U0 to stream_to_C_Buf_130160_U0) to 14 to improve performance and/or avoid deadlocks.
WARNING: [HLS 200-1018] Consider increasing the depth of FIFO C_stream_60 (from PE_6898_U0 to stream_to_C_Buf_130160_U0) to 13 to improve performance and/or avoid deadlocks.
WARNING: [HLS 200-1018] Consider increasing the depth of FIFO C_stream_59 (from PE_6999_U0 to stream_to_C_Buf_130160_U0) to 12 to improve performance and/or avoid deadlocks.
WARNING: [HLS 200-1018] Consider increasing the depth of FIFO C_stream_58 (from PE_70100_U0 to stream_to_C_Buf_130160_U0) to 11 to improve performance and/or avoid deadlocks.
WARNING: [HLS 200-1018] Consider increasing the depth of FIFO C_stream_57 (from PE_71101_U0 to stream_to_C_Buf_130160_U0) to 10 to improve performance and/or avoid deadlocks.
WARNING: [HLS 200-1018] Consider increasing the depth of FIFO A_stream_63 (from PE_72102_U0 to sink_streams_129159_U0) to 9 to improve performance and/or avoid deadlocks.
WARNING: [HLS 200-1018] Consider increasing the depth of FIFO C_stream_56 (from PE_72102_U0 to stream_to_C_Buf_130160_U0) to 9 to improve performance and/or avoid deadlocks.
WARNING: [HLS 200-1018] Consider increasing the depth of FIFO C_stream_55 (from PE_73103_U0 to stream_to_C_Buf_130160_U0) to 15 to improve performance and/or avoid deadlocks.
WARNING: [HLS 200-1018] Consider increasing the depth of FIFO C_stream_54 (from PE_74104_U0 to stream_to_C_Buf_130160_U0) to 14 to improve performance and/or avoid deadlocks.
WARNING: [HLS 200-1018] Consider increasing the depth of FIFO C_stream_53 (from PE_75105_U0 to stream_to_C_Buf_130160_U0) to 13 to improve performance and/or avoid deadlocks.
WARNING: [HLS 200-1018] Consider increasing the depth of FIFO C_stream_52 (from PE_76106_U0 to stream_to_C_Buf_130160_U0) to 12 to improve performance and/or avoid deadlocks.
WARNING: [HLS 200-1018] Consider increasing the depth of FIFO C_stream_51 (from PE_77107_U0 to stream_to_C_Buf_130160_U0) to 11 to improve performance and/or avoid deadlocks.
WARNING: [HLS 200-1018] Consider increasing the depth of FIFO C_stream_50 (from PE_78108_U0 to stream_to_C_Buf_130160_U0) to 10 to improve performance and/or avoid deadlocks.
WARNING: [HLS 200-1018] Consider increasing the depth of FIFO C_stream_49 (from PE_79109_U0 to stream_to_C_Buf_130160_U0) to 9 to improve performance and/or avoid deadlocks.
WARNING: [HLS 200-1018] Consider increasing the depth of FIFO C_stream_47 (from PE_81111_U0 to stream_to_C_Buf_130160_U0) to 14 to improve performance and/or avoid deadlocks.
WARNING: [HLS 200-1018] Consider increasing the depth of FIFO C_stream_46 (from PE_82112_U0 to stream_to_C_Buf_130160_U0) to 13 to improve performance and/or avoid deadlocks.
WARNING: [HLS 200-1018] Consider increasing the depth of FIFO C_stream_45 (from PE_83113_U0 to stream_to_C_Buf_130160_U0) to 12 to improve performance and/or avoid deadlocks.
WARNING: [HLS 200-1018] Consider increasing the depth of FIFO C_stream_44 (from PE_84114_U0 to stream_to_C_Buf_130160_U0) to 11 to improve performance and/or avoid deadlocks.
WARNING: [HLS 200-1018] Consider increasing the depth of FIFO C_stream_43 (from PE_85115_U0 to stream_to_C_Buf_130160_U0) to 10 to improve performance and/or avoid deadlocks.
WARNING: [HLS 200-1018] Consider increasing the depth of FIFO C_stream_42 (from PE_86116_U0 to stream_to_C_Buf_130160_U0) to 9 to improve performance and/or avoid deadlocks.
WARNING: [HLS 200-1018] Consider increasing the depth of FIFO C_stream_39 (from PE_89119_U0 to stream_to_C_Buf_130160_U0) to 13 to improve performance and/or avoid deadlocks.
WARNING: [HLS 200-1018] Consider increasing the depth of FIFO C_stream_38 (from PE_90120_U0 to stream_to_C_Buf_130160_U0) to 12 to improve performance and/or avoid deadlocks.
WARNING: [HLS 200-1018] Consider increasing the depth of FIFO C_stream_37 (from PE_91121_U0 to stream_to_C_Buf_130160_U0) to 11 to improve performance and/or avoid deadlocks.
WARNING: [HLS 200-1018] Consider increasing the depth of FIFO C_stream_36 (from PE_92122_U0 to stream_to_C_Buf_130160_U0) to 10 to improve performance and/or avoid deadlocks.
WARNING: [HLS 200-1018] Consider increasing the depth of FIFO C_stream_35 (from PE_93123_U0 to stream_to_C_Buf_130160_U0) to 9 to improve performance and/or avoid deadlocks.
WARNING: [HLS 200-1018] Consider increasing the depth of FIFO C_stream_31 (from PE_97127_U0 to stream_to_C_Buf_130160_U0) to 12 to improve performance and/or avoid deadlocks.
WARNING: [HLS 200-1018] Consider increasing the depth of FIFO C_stream_30 (from PE_98128_U0 to stream_to_C_Buf_130160_U0) to 11 to improve performance and/or avoid deadlocks.
WARNING: [HLS 200-1018] Consider increasing the depth of FIFO C_stream_29 (from PE_99129_U0 to stream_to_C_Buf_130160_U0) to 10 to improve performance and/or avoid deadlocks.
WARNING: [HLS 200-1018] Consider increasing the depth of FIFO C_stream_28 (from PE_100130_U0 to stream_to_C_Buf_130160_U0) to 9 to improve performance and/or avoid deadlocks.
WARNING: [HLS 200-1018] Consider increasing the depth of FIFO C_stream_23 (from PE_105135_U0 to stream_to_C_Buf_130160_U0) to 11 to improve performance and/or avoid deadlocks.
WARNING: [HLS 200-1018] Consider increasing the depth of FIFO C_stream_22 (from PE_106136_U0 to stream_to_C_Buf_130160_U0) to 10 to improve performance and/or avoid deadlocks.
WARNING: [HLS 200-1018] Consider increasing the depth of FIFO C_stream_21 (from PE_107137_U0 to stream_to_C_Buf_130160_U0) to 9 to improve performance and/or avoid deadlocks.
WARNING: [HLS 200-1018] Consider increasing the depth of FIFO C_stream_15 (from PE_113143_U0 to stream_to_C_Buf_130160_U0) to 10 to improve performance and/or avoid deadlocks.
WARNING: [HLS 200-1018] Consider increasing the depth of FIFO C_stream_14 (from PE_114144_U0 to stream_to_C_Buf_130160_U0) to 9 to improve performance and/or avoid deadlocks.
WARNING: [HLS 200-1018] Consider increasing the depth of FIFO B_stream_7 (from PE_121151_U0 to sink_streams_129159_U0) to 9 to improve performance and/or avoid deadlocks.
WARNING: [HLS 200-1018] Consider increasing the depth of FIFO C_stream_7 (from PE_121151_U0 to stream_to_C_Buf_130160_U0) to 9 to improve performance and/or avoid deadlocks.
INFO: [HLS 200-111] Finished Scheduling: CPU user time: 1.86 seconds. CPU system time: 0.07 seconds. Elapsed time: 1.94 seconds; current allocated memory: 1.820 GB.
INFO: [BIND 205-100] Starting micro-architecture generation ...
INFO: [BIND 205-101] Performing variable lifetime analysis.
INFO: [BIND 205-101] Exploring resource sharing.
INFO: [BIND 205-101] Binding ...
INFO: [BIND 205-100] Finished micro-architecture generation.
INFO: [HLS 200-111] Finished Binding: CPU user time: 0.22 seconds. CPU system time: 0.02 seconds. Elapsed time: 0.24 seconds; current allocated memory: 1.825 GB.
INFO: [HLS 200-10] ----------------------------------------------------------------
INFO: [HLS 200-42] -- Implementing module 'runSystolicArray' 
INFO: [HLS 200-10] ----------------------------------------------------------------
INFO: [SCHED 204-11] Starting scheduling ...
INFO: [SCHED 204-11] Finished scheduling.
INFO: [HLS 200-111] Finished Scheduling: CPU user time: 0.63 seconds. CPU system time: 0.01 seconds. Elapsed time: 0.63 seconds; current allocated memory: 1.827 GB.
INFO: [BIND 205-100] Starting micro-architecture generation ...
INFO: [BIND 205-101] Performing variable lifetime analysis.
INFO: [BIND 205-101] Exploring resource sharing.
INFO: [BIND 205-101] Binding ...
INFO: [BIND 205-100] Finished micro-architecture generation.
INFO: [HLS 200-111] Finished Binding: CPU user time: 0.12 seconds. CPU system time: 0 seconds. Elapsed time: 0.13 seconds; current allocated memory: 1.829 GB.
INFO: [HLS 200-10] ----------------------------------------------------------------
INFO: [HLS 200-42] -- Implementing module 'storeOutputToDRAM_Pipeline_VITIS_LOOP_49_1' 
INFO: [HLS 200-10] ----------------------------------------------------------------
INFO: [SCHED 204-11] Starting scheduling ...
INFO: [SCHED 204-61] Pipelining loop 'VITIS_LOOP_49_1'.
WARNING: [HLS 200-880] The II Violation in module 'storeOutputToDRAM_Pipeline_VITIS_LOOP_49_1' (loop 'VITIS_LOOP_49_1'): Unable to enforce a carried dependence constraint (II = 1, distance = 1, offset = 1) between bus write operation ('gmem2_write_ln61', source/dram.hpp:61) on port 'gmem2' (source/dram.hpp:61) and bus write operation ('gmem2_write_ln61', source/dram.hpp:61) on port 'gmem2' (source/dram.hpp:61).
INFO: [HLS 200-1470] Pipelining result : Target II = 1, Final II = 2, Depth = 3, loop 'VITIS_LOOP_49_1'
INFO: [SCHED 204-11] Finished scheduling.
INFO: [HLS 200-111] Finished Scheduling: CPU user time: 1.81 seconds. CPU system time: 0.02 seconds. Elapsed time: 1.82 seconds; current allocated memory: 1.839 GB.
INFO: [BIND 205-100] Starting micro-architecture generation ...
INFO: [BIND 205-101] Performing variable lifetime analysis.
INFO: [BIND 205-101] Exploring resource sharing.
INFO: [BIND 205-101] Binding ...
INFO: [BIND 205-100] Finished micro-architecture generation.
INFO: [HLS 200-111] Finished Binding: CPU user time: 0.2 seconds. CPU system time: 0 seconds. Elapsed time: 0.2 seconds; current allocated memory: 1.839 GB.
INFO: [HLS 200-10] ----------------------------------------------------------------
INFO: [HLS 200-42] -- Implementing module 'storeOutputToDRAM' 
INFO: [HLS 200-10] ----------------------------------------------------------------
INFO: [SCHED 204-11] Starting scheduling ...
INFO: [SCHED 204-11] Finished scheduling.
INFO: [HLS 200-111] Finished Scheduling: CPU user time: 0.51 seconds. CPU system time: 0.01 seconds. Elapsed time: 0.51 seconds; current allocated memory: 1.842 GB.
INFO: [BIND 205-100] Starting micro-architecture generation ...
INFO: [BIND 205-101] Performing variable lifetime analysis.
INFO: [BIND 205-101] Exploring resource sharing.
INFO: [BIND 205-101] Binding ...
INFO: [BIND 205-100] Finished micro-architecture generation.
INFO: [HLS 200-111] Finished Binding: CPU user time: 0.31 seconds. CPU system time: 0.01 seconds. Elapsed time: 0.31 seconds; current allocated memory: 1.843 GB.
INFO: [HLS 200-10] ----------------------------------------------------------------
INFO: [HLS 200-42] -- Implementing module 'gemm' 
INFO: [HLS 200-10] ----------------------------------------------------------------
INFO: [SCHED 204-11] Starting scheduling ...
INFO: [SCHED 204-11] Finished scheduling.
INFO: [HLS 200-111] Finished Scheduling: CPU user time: 0.87 seconds. CPU system time: 0.01 seconds. Elapsed time: 0.89 seconds; current allocated memory: 1.855 GB.
INFO: [BIND 205-100] Starting micro-architecture generation ...
INFO: [BIND 205-101] Performing variable lifetime analysis.
INFO: [BIND 205-101] Exploring resource sharing.
INFO: [BIND 205-101] Binding ...
INFO: [BIND 205-100] Finished micro-architecture generation.
INFO: [HLS 200-111] Finished Binding: CPU user time: 0.49 seconds. CPU system time: 0.01 seconds. Elapsed time: 0.49 seconds; current allocated memory: 1.855 GB.
INFO: [HLS 200-10] ----------------------------------------------------------------
INFO: [HLS 200-10] -- Generating RTL for module 'load_A' 
INFO: [HLS 200-10] ----------------------------------------------------------------
INFO: [RTGEN 206-100] Finished creating RTL model for 'load_A'.
INFO: [HLS 200-111] Finished Creating RTL model: CPU user time: 0.32 seconds. CPU system time: 0.01 seconds. Elapsed time: 0.33 seconds; current allocated memory: 1.858 GB.
INFO: [HLS 200-10] ----------------------------------------------------------------
INFO: [HLS 200-10] -- Generating RTL for module 'load_B_Pipeline_VITIS_LOOP_24_1_VITIS_LOOP_25_2' 
INFO: [HLS 200-10] ----------------------------------------------------------------
INFO: [HLS 200-1030] Apply Unified Pipeline Control on module 'load_B_Pipeline_VITIS_LOOP_24_1_VITIS_LOOP_25_2' pipeline 'VITIS_LOOP_24_1_VITIS_LOOP_25_2' pipeline type 'loop pipeline'
WARNING: [RTGEN 206-101] Setting dangling out port 'load_B_Pipeline_VITIS_LOOP_24_1_VITIS_LOOP_25_2/m_axi_gmem1_ARVALID' to 0.
WARNING: [RTGEN 206-101] Setting dangling out port 'load_B_Pipeline_VITIS_LOOP_24_1_VITIS_LOOP_25_2/m_axi_gmem1_ARADDR' to 0.
WARNING: [RTGEN 206-101] Setting dangling out port 'load_B_Pipeline_VITIS_LOOP_24_1_VITIS_LOOP_25_2/m_axi_gmem1_ARID' to 0.
WARNING: [RTGEN 206-101] Setting dangling out port 'load_B_Pipeline_VITIS_LOOP_24_1_VITIS_LOOP_25_2/m_axi_gmem1_ARLEN' to 0.
WARNING: [RTGEN 206-101] Setting dangling out port 'load_B_Pipeline_VITIS_LOOP_24_1_VITIS_LOOP_25_2/m_axi_gmem1_ARSIZE' to 0.
WARNING: [RTGEN 206-101] Setting dangling out port 'load_B_Pipeline_VITIS_LOOP_24_1_VITIS_LOOP_25_2/m_axi_gmem1_ARBURST' to 0.
WARNING: [RTGEN 206-101] Setting dangling out port 'load_B_Pipeline_VITIS_LOOP_24_1_VITIS_LOOP_25_2/m_axi_gmem1_ARLOCK' to 0.
WARNING: [RTGEN 206-101] Setting dangling out port 'load_B_Pipeline_VITIS_LOOP_24_1_VITIS_LOOP_25_2/m_axi_gmem1_ARCACHE' to 0.
WARNING: [RTGEN 206-101] Setting dangling out port 'load_B_Pipeline_VITIS_LOOP_24_1_VITIS_LOOP_25_2/m_axi_gmem1_ARPROT' to 0.
WARNING: [RTGEN 206-101] Setting dangling out port 'load_B_Pipeline_VITIS_LOOP_24_1_VITIS_LOOP_25_2/m_axi_gmem1_ARQOS' to 0.
WARNING: [RTGEN 206-101] Setting dangling out port 'load_B_Pipeline_VITIS_LOOP_24_1_VITIS_LOOP_25_2/m_axi_gmem1_ARREGION' to 0.
WARNING: [RTGEN 206-101] Setting dangling out port 'load_B_Pipeline_VITIS_LOOP_24_1_VITIS_LOOP_25_2/m_axi_gmem1_ARUSER' to 0.
INFO: [RTGEN 206-100] Finished creating RTL model for 'load_B_Pipeline_VITIS_LOOP_24_1_VITIS_LOOP_25_2'.
INFO: [HLS 200-111] Finished Creating RTL model: CPU user time: 0.33 seconds. CPU system time: 0.01 seconds. Elapsed time: 0.34 seconds; current allocated memory: 1.862 GB.
INFO: [HLS 200-10] ----------------------------------------------------------------
INFO: [HLS 200-10] -- Generating RTL for module 'load_B' 
INFO: [HLS 200-10] ----------------------------------------------------------------
INFO: [RTGEN 206-100] Finished creating RTL model for 'load_B'.
INFO: [HLS 200-111] Finished Creating RTL model: CPU user time: 0.18 seconds. CPU system time: 0.02 seconds. Elapsed time: 0.19 seconds; current allocated memory: 1.869 GB.
INFO: [HLS 200-10] ----------------------------------------------------------------
INFO: [HLS 200-10] -- Generating RTL for module 'loadInputsFromDRAM' 
INFO: [HLS 200-10] ----------------------------------------------------------------
WARNING: [HLS 200-656] Deadlocks can occur since process load_A is instantiated in a dataflow region with ap_ctrl_none or without start propagation and contains a rewind pipeline.
WARNING: [RTGEN 206-101] Setting dangling out port 'loadInputsFromDRAM/m_axi_gmem0_AWVALID' to 0.
WARNING: [RTGEN 206-101] Setting dangling out port 'loadInputsFromDRAM/m_axi_gmem0_AWADDR' to 0.
WARNING: [RTGEN 206-101] Setting dangling out port 'loadInputsFromDRAM/m_axi_gmem0_AWID' to 0.
WARNING: [RTGEN 206-101] Setting dangling out port 'loadInputsFromDRAM/m_axi_gmem0_AWLEN' to 0.
WARNING: [RTGEN 206-101] Setting dangling out port 'loadInputsFromDRAM/m_axi_gmem0_AWSIZE' to 0.
WARNING: [RTGEN 206-101] Setting dangling out port 'loadInputsFromDRAM/m_axi_gmem0_AWBURST' to 0.
WARNING: [RTGEN 206-101] Setting dangling out port 'loadInputsFromDRAM/m_axi_gmem0_AWLOCK' to 0.
WARNING: [RTGEN 206-101] Setting dangling out port 'loadInputsFromDRAM/m_axi_gmem0_AWCACHE' to 0.
WARNING: [RTGEN 206-101] Setting dangling out port 'loadInputsFromDRAM/m_axi_gmem0_AWPROT' to 0.
WARNING: [RTGEN 206-101] Setting dangling out port 'loadInputsFromDRAM/m_axi_gmem0_AWQOS' to 0.
WARNING: [RTGEN 206-101] Setting dangling out port 'loadInputsFromDRAM/m_axi_gmem0_AWREGION' to 0.
WARNING: [RTGEN 206-101] Setting dangling out port 'loadInputsFromDRAM/m_axi_gmem0_AWUSER' to 0.
WARNING: [RTGEN 206-101] Setting dangling out port 'loadInputsFromDRAM/m_axi_gmem0_WVALID' to 0.
WARNING: [RTGEN 206-101] Setting dangling out port 'loadInputsFromDRAM/m_axi_gmem0_WDATA' to 0.
WARNING: [RTGEN 206-101] Setting dangling out port 'loadInputsFromDRAM/m_axi_gmem0_WSTRB' to 0.
WARNING: [RTGEN 206-101] Setting dangling out port 'loadInputsFromDRAM/m_axi_gmem0_WLAST' to 0.
WARNING: [RTGEN 206-101] Setting dangling out port 'loadInputsFromDRAM/m_axi_gmem0_WID' to 0.
WARNING: [RTGEN 206-101] Setting dangling out port 'loadInputsFromDRAM/m_axi_gmem0_WUSER' to 0.
WARNING: [RTGEN 206-101] Setting dangling out port 'loadInputsFromDRAM/m_axi_gmem0_BREADY' to 0.
WARNING: [RTGEN 206-101] Setting dangling out port 'loadInputsFromDRAM/m_axi_gmem1_AWVALID' to 0.
WARNING: [RTGEN 206-101] Setting dangling out port 'loadInputsFromDRAM/m_axi_gmem1_AWADDR' to 0.
WARNING: [RTGEN 206-101] Setting dangling out port 'loadInputsFromDRAM/m_axi_gmem1_AWID' to 0.
WARNING: [RTGEN 206-101] Setting dangling out port 'loadInputsFromDRAM/m_axi_gmem1_AWLEN' to 0.
WARNING: [RTGEN 206-101] Setting dangling out port 'loadInputsFromDRAM/m_axi_gmem1_AWSIZE' to 0.
WARNING: [RTGEN 206-101] Setting dangling out port 'loadInputsFromDRAM/m_axi_gmem1_AWBURST' to 0.
WARNING: [RTGEN 206-101] Setting dangling out port 'loadInputsFromDRAM/m_axi_gmem1_AWLOCK' to 0.
WARNING: [RTGEN 206-101] Setting dangling out port 'loadInputsFromDRAM/m_axi_gmem1_AWCACHE' to 0.
WARNING: [RTGEN 206-101] Setting dangling out port 'loadInputsFromDRAM/m_axi_gmem1_AWPROT' to 0.
WARNING: [RTGEN 206-101] Setting dangling out port 'loadInputsFromDRAM/m_axi_gmem1_AWQOS' to 0.
WARNING: [RTGEN 206-101] Setting dangling out port 'loadInputsFromDRAM/m_axi_gmem1_AWREGION' to 0.
WARNING: [RTGEN 206-101] Setting dangling out port 'loadInputsFromDRAM/m_axi_gmem1_AWUSER' to 0.
WARNING: [RTGEN 206-101] Setting dangling out port 'loadInputsFromDRAM/m_axi_gmem1_WVALID' to 0.
WARNING: [RTGEN 206-101] Setting dangling out port 'loadInputsFromDRAM/m_axi_gmem1_WDATA' to 0.
WARNING: [RTGEN 206-101] Setting dangling out port 'loadInputsFromDRAM/m_axi_gmem1_WSTRB' to 0.
WARNING: [RTGEN 206-101] Setting dangling out port 'loadInputsFromDRAM/m_axi_gmem1_WLAST' to 0.
WARNING: [RTGEN 206-101] Setting dangling out port 'loadInputsFromDRAM/m_axi_gmem1_WID' to 0.
WARNING: [RTGEN 206-101] Setting dangling out port 'loadInputsFromDRAM/m_axi_gmem1_WUSER' to 0.
WARNING: [RTGEN 206-101] Setting dangling out port 'loadInputsFromDRAM/m_axi_gmem1_BREADY' to 0.
INFO: [RTGEN 206-100] Finished creating RTL model for 'loadInputsFromDRAM'.
INFO: [HLS 200-111] Finished Creating RTL model: CPU user time: 0.6 seconds. CPU system time: 0.04 seconds. Elapsed time: 0.64 seconds; current allocated memory: 1.874 GB.
INFO: [HLS 200-10] ----------------------------------------------------------------
INFO: [HLS 200-10] -- Generating RTL for module 'load_tile_A1612' 
INFO: [HLS 200-10] ----------------------------------------------------------------
INFO: [RTGEN 206-100] Generating core module 'sparsemux_9_2_32_1_1': 8 instance(s).
INFO: [RTGEN 206-100] Finished creating RTL model for 'load_tile_A1612'.
INFO: [HLS 200-111] Finished Creating RTL model: CPU user time: 0.25 seconds. CPU system time: 0.01 seconds. Elapsed time: 0.26 seconds; current allocated memory: 1.888 GB.
INFO: [HLS 200-10] ----------------------------------------------------------------
INFO: [HLS 200-10] -- Generating RTL for module 'tile_A_to_stream162' 
INFO: [HLS 200-10] ----------------------------------------------------------------
INFO: [RTGEN 206-100] Finished creating RTL model for 'tile_A_to_stream162'.
INFO: [HLS 200-111] Finished Creating RTL model: CPU user time: 0.28 seconds. CPU system time: 0.02 seconds. Elapsed time: 0.3 seconds; current allocated memory: 1.903 GB.
INFO: [HLS 200-10] ----------------------------------------------------------------
INFO: [HLS 200-10] -- Generating RTL for module 'tm_A2' 
INFO: [HLS 200-10] ----------------------------------------------------------------
INFO: [RTGEN 206-100] Finished creating RTL model for 'tm_A2'.
INFO: [RTMG 210-285] Implementing FIFO 'p_ZZ4tm_APA8_fPA8_A9_N3hls6streamIfLi0EEEiE6A_TILE_0_0_c_channel_i_U(gemm_fifo_w32_d2_A)' using Vivado Default RAMs.
INFO: [RTMG 210-285] Implementing FIFO 'p_ZZ4tm_APA8_fPA8_A9_N3hls6streamIfLi0EEEiE6A_TILE_0_1_c_channel_i_U(gemm_fifo_w32_d2_A)' using Vivado Default RAMs.
INFO: [RTMG 210-285] Implementing FIFO 'p_ZZ4tm_APA8_fPA8_A9_N3hls6streamIfLi0EEEiE6A_TILE_0_2_c_channel_i_U(gemm_fifo_w32_d2_A)' using Vivado Default RAMs.
INFO: [RTMG 210-285] Implementing FIFO 'p_ZZ4tm_APA8_fPA8_A9_N3hls6streamIfLi0EEEiE6A_TILE_0_3_c_channel_i_U(gemm_fifo_w32_d2_A)' using Vivado Default RAMs.
INFO: [RTMG 210-285] Implementing FIFO 'p_ZZ4tm_APA8_fPA8_A9_N3hls6streamIfLi0EEEiE6A_TILE_0_4_c_channel_i_U(gemm_fifo_w32_d2_A)' using Vivado Default RAMs.
INFO: [RTMG 210-285] Implementing FIFO 'p_ZZ4tm_APA8_fPA8_A9_N3hls6streamIfLi0EEEiE6A_TILE_0_5_c_channel_i_U(gemm_fifo_w32_d2_A)' using Vivado Default RAMs.
INFO: [RTMG 210-285] Implementing FIFO 'p_ZZ4tm_APA8_fPA8_A9_N3hls6streamIfLi0EEEiE6A_TILE_0_6_c_channel_i_U(gemm_fifo_w32_d2_A)' using Vivado Default RAMs.
INFO: [RTMG 210-285] Implementing FIFO 'p_ZZ4tm_APA8_fPA8_A9_N3hls6streamIfLi0EEEiE6A_TILE_0_7_c_channel_i_U(gemm_fifo_w32_d2_A)' using Vivado Default RAMs.
INFO: [RTMG 210-285] Implementing FIFO 'p_ZZ4tm_APA8_fPA8_A9_N3hls6streamIfLi0EEEiE6A_TILE_1_0_c_channel_i_U(gemm_fifo_w32_d2_A)' using Vivado Default RAMs.
INFO: [RTMG 210-285] Implementing FIFO 'p_ZZ4tm_APA8_fPA8_A9_N3hls6streamIfLi0EEEiE6A_TILE_1_1_c_channel_i_U(gemm_fifo_w32_d2_A)' using Vivado Default RAMs.
INFO: [RTMG 210-285] Implementing FIFO 'p_ZZ4tm_APA8_fPA8_A9_N3hls6streamIfLi0EEEiE6A_TILE_1_2_c_channel_i_U(gemm_fifo_w32_d2_A)' using Vivado Default RAMs.
INFO: [RTMG 210-285] Implementing FIFO 'p_ZZ4tm_APA8_fPA8_A9_N3hls6streamIfLi0EEEiE6A_TILE_1_3_c_channel_i_U(gemm_fifo_w32_d2_A)' using Vivado Default RAMs.
INFO: [RTMG 210-285] Implementing FIFO 'p_ZZ4tm_APA8_fPA8_A9_N3hls6streamIfLi0EEEiE6A_TILE_1_4_c_channel_i_U(gemm_fifo_w32_d2_A)' using Vivado Default RAMs.
INFO: [RTMG 210-285] Implementing FIFO 'p_ZZ4tm_APA8_fPA8_A9_N3hls6streamIfLi0EEEiE6A_TILE_1_5_c_channel_i_U(gemm_fifo_w32_d2_A)' using Vivado Default RAMs.
INFO: [RTMG 210-285] Implementing FIFO 'p_ZZ4tm_APA8_fPA8_A9_N3hls6streamIfLi0EEEiE6A_TILE_1_6_c_channel_i_U(gemm_fifo_w32_d2_A)' using Vivado Default RAMs.
INFO: [RTMG 210-285] Implementing FIFO 'p_ZZ4tm_APA8_fPA8_A9_N3hls6streamIfLi0EEEiE6A_TILE_1_7_c_channel_i_U(gemm_fifo_w32_d2_A)' using Vivado Default RAMs.
INFO: [RTMG 210-285] Implementing FIFO 'p_ZZ4tm_APA8_fPA8_A9_N3hls6streamIfLi0EEEiE6A_TILE_2_0_c_channel_i_U(gemm_fifo_w32_d2_A)' using Vivado Default RAMs.
INFO: [RTMG 210-285] Implementing FIFO 'p_ZZ4tm_APA8_fPA8_A9_N3hls6streamIfLi0EEEiE6A_TILE_2_1_c_channel_i_U(gemm_fifo_w32_d2_A)' using Vivado Default RAMs.
INFO: [RTMG 210-285] Implementing FIFO 'p_ZZ4tm_APA8_fPA8_A9_N3hls6streamIfLi0EEEiE6A_TILE_2_2_c_channel_i_U(gemm_fifo_w32_d2_A)' using Vivado Default RAMs.
INFO: [RTMG 210-285] Implementing FIFO 'p_ZZ4tm_APA8_fPA8_A9_N3hls6streamIfLi0EEEiE6A_TILE_2_3_c_channel_i_U(gemm_fifo_w32_d2_A)' using Vivado Default RAMs.
INFO: [RTMG 210-285] Implementing FIFO 'p_ZZ4tm_APA8_fPA8_A9_N3hls6streamIfLi0EEEiE6A_TILE_2_4_c_channel_i_U(gemm_fifo_w32_d2_A)' using Vivado Default RAMs.
INFO: [RTMG 210-285] Implementing FIFO 'p_ZZ4tm_APA8_fPA8_A9_N3hls6streamIfLi0EEEiE6A_TILE_2_5_c_channel_i_U(gemm_fifo_w32_d2_A)' using Vivado Default RAMs.
INFO: [RTMG 210-285] Implementing FIFO 'p_ZZ4tm_APA8_fPA8_A9_N3hls6streamIfLi0EEEiE6A_TILE_2_6_c_channel_i_U(gemm_fifo_w32_d2_A)' using Vivado Default RAMs.
INFO: [RTMG 210-285] Implementing FIFO 'p_ZZ4tm_APA8_fPA8_A9_N3hls6streamIfLi0EEEiE6A_TILE_2_7_c_channel_i_U(gemm_fifo_w32_d2_A)' using Vivado Default RAMs.
INFO: [RTMG 210-285] Implementing FIFO 'p_ZZ4tm_APA8_fPA8_A9_N3hls6streamIfLi0EEEiE6A_TILE_3_0_c_channel_i_U(gemm_fifo_w32_d2_A)' using Vivado Default RAMs.
INFO: [RTMG 210-285] Implementing FIFO 'p_ZZ4tm_APA8_fPA8_A9_N3hls6streamIfLi0EEEiE6A_TILE_3_1_c_channel_i_U(gemm_fifo_w32_d2_A)' using Vivado Default RAMs.
INFO: [RTMG 210-285] Implementing FIFO 'p_ZZ4tm_APA8_fPA8_A9_N3hls6streamIfLi0EEEiE6A_TILE_3_2_c_channel_i_U(gemm_fifo_w32_d2_A)' using Vivado Default RAMs.
INFO: [RTMG 210-285] Implementing FIFO 'p_ZZ4tm_APA8_fPA8_A9_N3hls6streamIfLi0EEEiE6A_TILE_3_3_c_channel_i_U(gemm_fifo_w32_d2_A)' using Vivado Default RAMs.
INFO: [RTMG 210-285] Implementing FIFO 'p_ZZ4tm_APA8_fPA8_A9_N3hls6streamIfLi0EEEiE6A_TILE_3_4_c_channel_i_U(gemm_fifo_w32_d2_A)' using Vivado Default RAMs.
INFO: [RTMG 210-285] Implementing FIFO 'p_ZZ4tm_APA8_fPA8_A9_N3hls6streamIfLi0EEEiE6A_TILE_3_5_c_channel_i_U(gemm_fifo_w32_d2_A)' using Vivado Default RAMs.
INFO: [RTMG 210-285] Implementing FIFO 'p_ZZ4tm_APA8_fPA8_A9_N3hls6streamIfLi0EEEiE6A_TILE_3_6_c_channel_i_U(gemm_fifo_w32_d2_A)' using Vivado Default RAMs.
INFO: [RTMG 210-285] Implementing FIFO 'p_ZZ4tm_APA8_fPA8_A9_N3hls6streamIfLi0EEEiE6A_TILE_3_7_c_channel_i_U(gemm_fifo_w32_d2_A)' using Vivado Default RAMs.
INFO: [RTMG 210-285] Implementing FIFO 'p_ZZ4tm_APA8_fPA8_A9_N3hls6streamIfLi0EEEiE6A_TILE_4_0_c_channel_i_U(gemm_fifo_w32_d2_A)' using Vivado Default RAMs.
INFO: [RTMG 210-285] Implementing FIFO 'p_ZZ4tm_APA8_fPA8_A9_N3hls6streamIfLi0EEEiE6A_TILE_4_1_c_channel_i_U(gemm_fifo_w32_d2_A)' using Vivado Default RAMs.
INFO: [RTMG 210-285] Implementing FIFO 'p_ZZ4tm_APA8_fPA8_A9_N3hls6streamIfLi0EEEiE6A_TILE_4_2_c_channel_i_U(gemm_fifo_w32_d2_A)' using Vivado Default RAMs.
INFO: [RTMG 210-285] Implementing FIFO 'p_ZZ4tm_APA8_fPA8_A9_N3hls6streamIfLi0EEEiE6A_TILE_4_3_c_channel_i_U(gemm_fifo_w32_d2_A)' using Vivado Default RAMs.
INFO: [RTMG 210-285] Implementing FIFO 'p_ZZ4tm_APA8_fPA8_A9_N3hls6streamIfLi0EEEiE6A_TILE_4_4_c_channel_i_U(gemm_fifo_w32_d2_A)' using Vivado Default RAMs.
INFO: [RTMG 210-285] Implementing FIFO 'p_ZZ4tm_APA8_fPA8_A9_N3hls6streamIfLi0EEEiE6A_TILE_4_5_c_channel_i_U(gemm_fifo_w32_d2_A)' using Vivado Default RAMs.
INFO: [RTMG 210-285] Implementing FIFO 'p_ZZ4tm_APA8_fPA8_A9_N3hls6streamIfLi0EEEiE6A_TILE_4_6_c_channel_i_U(gemm_fifo_w32_d2_A)' using Vivado Default RAMs.
INFO: [RTMG 210-285] Implementing FIFO 'p_ZZ4tm_APA8_fPA8_A9_N3hls6streamIfLi0EEEiE6A_TILE_4_7_c_channel_i_U(gemm_fifo_w32_d2_A)' using Vivado Default RAMs.
INFO: [RTMG 210-285] Implementing FIFO 'p_ZZ4tm_APA8_fPA8_A9_N3hls6streamIfLi0EEEiE6A_TILE_5_0_c_channel_i_U(gemm_fifo_w32_d2_A)' using Vivado Default RAMs.
INFO: [RTMG 210-285] Implementing FIFO 'p_ZZ4tm_APA8_fPA8_A9_N3hls6streamIfLi0EEEiE6A_TILE_5_1_c_channel_i_U(gemm_fifo_w32_d2_A)' using Vivado Default RAMs.
INFO: [RTMG 210-285] Implementing FIFO 'p_ZZ4tm_APA8_fPA8_A9_N3hls6streamIfLi0EEEiE6A_TILE_5_2_c_channel_i_U(gemm_fifo_w32_d2_A)' using Vivado Default RAMs.
INFO: [RTMG 210-285] Implementing FIFO 'p_ZZ4tm_APA8_fPA8_A9_N3hls6streamIfLi0EEEiE6A_TILE_5_3_c_channel_i_U(gemm_fifo_w32_d2_A)' using Vivado Default RAMs.
INFO: [RTMG 210-285] Implementing FIFO 'p_ZZ4tm_APA8_fPA8_A9_N3hls6streamIfLi0EEEiE6A_TILE_5_4_c_channel_i_U(gemm_fifo_w32_d2_A)' using Vivado Default RAMs.
INFO: [RTMG 210-285] Implementing FIFO 'p_ZZ4tm_APA8_fPA8_A9_N3hls6streamIfLi0EEEiE6A_TILE_5_5_c_channel_i_U(gemm_fifo_w32_d2_A)' using Vivado Default RAMs.
INFO: [RTMG 210-285] Implementing FIFO 'p_ZZ4tm_APA8_fPA8_A9_N3hls6streamIfLi0EEEiE6A_TILE_5_6_c_channel_i_U(gemm_fifo_w32_d2_A)' using Vivado Default RAMs.
INFO: [RTMG 210-285] Implementing FIFO 'p_ZZ4tm_APA8_fPA8_A9_N3hls6streamIfLi0EEEiE6A_TILE_5_7_c_channel_i_U(gemm_fifo_w32_d2_A)' using Vivado Default RAMs.
INFO: [RTMG 210-285] Implementing FIFO 'p_ZZ4tm_APA8_fPA8_A9_N3hls6streamIfLi0EEEiE6A_TILE_6_0_c_channel_i_U(gemm_fifo_w32_d2_A)' using Vivado Default RAMs.
INFO: [RTMG 210-285] Implementing FIFO 'p_ZZ4tm_APA8_fPA8_A9_N3hls6streamIfLi0EEEiE6A_TILE_6_1_c_channel_i_U(gemm_fifo_w32_d2_A)' using Vivado Default RAMs.
INFO: [RTMG 210-285] Implementing FIFO 'p_ZZ4tm_APA8_fPA8_A9_N3hls6streamIfLi0EEEiE6A_TILE_6_2_c_channel_i_U(gemm_fifo_w32_d2_A)' using Vivado Default RAMs.
INFO: [RTMG 210-285] Implementing FIFO 'p_ZZ4tm_APA8_fPA8_A9_N3hls6streamIfLi0EEEiE6A_TILE_6_3_c_channel_i_U(gemm_fifo_w32_d2_A)' using Vivado Default RAMs.
INFO: [RTMG 210-285] Implementing FIFO 'p_ZZ4tm_APA8_fPA8_A9_N3hls6streamIfLi0EEEiE6A_TILE_6_4_c_channel_i_U(gemm_fifo_w32_d2_A)' using Vivado Default RAMs.
INFO: [RTMG 210-285] Implementing FIFO 'p_ZZ4tm_APA8_fPA8_A9_N3hls6streamIfLi0EEEiE6A_TILE_6_5_c_channel_i_U(gemm_fifo_w32_d2_A)' using Vivado Default RAMs.
INFO: [RTMG 210-285] Implementing FIFO 'p_ZZ4tm_APA8_fPA8_A9_N3hls6streamIfLi0EEEiE6A_TILE_6_6_c_channel_i_U(gemm_fifo_w32_d2_A)' using Vivado Default RAMs.
INFO: [RTMG 210-285] Implementing FIFO 'p_ZZ4tm_APA8_fPA8_A9_N3hls6streamIfLi0EEEiE6A_TILE_6_7_c_channel_i_U(gemm_fifo_w32_d2_A)' using Vivado Default RAMs.
INFO: [RTMG 210-285] Implementing FIFO 'p_ZZ4tm_APA8_fPA8_A9_N3hls6streamIfLi0EEEiE6A_TILE_7_0_c_channel_i_U(gemm_fifo_w32_d2_A)' using Vivado Default RAMs.
INFO: [RTMG 210-285] Implementing FIFO 'p_ZZ4tm_APA8_fPA8_A9_N3hls6streamIfLi0EEEiE6A_TILE_7_1_c_channel_i_U(gemm_fifo_w32_d2_A)' using Vivado Default RAMs.
INFO: [RTMG 210-285] Implementing FIFO 'p_ZZ4tm_APA8_fPA8_A9_N3hls6streamIfLi0EEEiE6A_TILE_7_2_c_channel_i_U(gemm_fifo_w32_d2_A)' using Vivado Default RAMs.
INFO: [RTMG 210-285] Implementing FIFO 'p_ZZ4tm_APA8_fPA8_A9_N3hls6streamIfLi0EEEiE6A_TILE_7_3_c_channel_i_U(gemm_fifo_w32_d2_A)' using Vivado Default RAMs.
INFO: [RTMG 210-285] Implementing FIFO 'p_ZZ4tm_APA8_fPA8_A9_N3hls6streamIfLi0EEEiE6A_TILE_7_4_c_channel_i_U(gemm_fifo_w32_d2_A)' using Vivado Default RAMs.
INFO: [RTMG 210-285] Implementing FIFO 'p_ZZ4tm_APA8_fPA8_A9_N3hls6streamIfLi0EEEiE6A_TILE_7_5_c_channel_i_U(gemm_fifo_w32_d2_A)' using Vivado Default RAMs.
INFO: [RTMG 210-285] Implementing FIFO 'p_ZZ4tm_APA8_fPA8_A9_N3hls6streamIfLi0EEEiE6A_TILE_7_6_c_channel_i_U(gemm_fifo_w32_d2_A)' using Vivado Default RAMs.
INFO: [RTMG 210-285] Implementing FIFO 'p_ZZ4tm_APA8_fPA8_A9_N3hls6streamIfLi0EEEiE6A_TILE_7_7_c_channel_i_U(gemm_fifo_w32_d2_A)' using Vivado Default RAMs.
INFO: [HLS 200-111] Finished Creating RTL model: CPU user time: 1.07 seconds. CPU system time: 0.05 seconds. Elapsed time: 1.11 seconds; current allocated memory: 1.913 GB.
INFO: [HLS 200-10] ----------------------------------------------------------------
INFO: [HLS 200-10] -- Generating RTL for module 'B_Buf_to_stream3' 
INFO: [HLS 200-10] ----------------------------------------------------------------
INFO: [RTGEN 206-100] Finished creating RTL model for 'B_Buf_to_stream3'.
INFO: [HLS 200-111] Finished Creating RTL model: CPU user time: 0.15 seconds. CPU system time: 0.01 seconds. Elapsed time: 0.16 seconds; current allocated memory: 1.918 GB.
INFO: [HLS 200-10] ----------------------------------------------------------------
INFO: [HLS 200-10] -- Generating RTL for module 'PE4' 
INFO: [HLS 200-10] ----------------------------------------------------------------
INFO: [RTGEN 206-100] Finished creating RTL model for 'PE4'.
INFO: [HLS 200-111] Finished Creating RTL model: CPU user time: 0.22 seconds. CPU system time: 0.01 seconds. Elapsed time: 0.23 seconds; current allocated memory: 1.922 GB.
INFO: [HLS 200-10] ----------------------------------------------------------------
INFO: [HLS 200-10] -- Generating RTL for module 'PE_129' 
INFO: [HLS 200-10] ----------------------------------------------------------------
INFO: [RTGEN 206-100] Finished creating RTL model for 'PE_129'.
INFO: [HLS 200-111] Finished Creating RTL model: CPU user time: 0.11 seconds. CPU system time: 0 seconds. Elapsed time: 0.11 seconds; current allocated memory: 1.923 GB.
INFO: [HLS 200-10] ----------------------------------------------------------------
INFO: [HLS 200-10] -- Generating RTL for module 'PE_230' 
INFO: [HLS 200-10] ----------------------------------------------------------------
INFO: [RTGEN 206-100] Finished creating RTL model for 'PE_230'.
INFO: [HLS 200-111] Finished Creating RTL model: CPU user time: 0.11 seconds. CPU system time: 0 seconds. Elapsed time: 0.12 seconds; current allocated memory: 1.924 GB.
INFO: [HLS 200-10] ----------------------------------------------------------------
INFO: [HLS 200-10] -- Generating RTL for module 'PE_331' 
INFO: [HLS 200-10] ----------------------------------------------------------------
INFO: [RTGEN 206-100] Finished creating RTL model for 'PE_331'.
INFO: [HLS 200-111] Finished Creating RTL model: CPU user time: 0.11 seconds. CPU system time: 0.01 seconds. Elapsed time: 0.12 seconds; current allocated memory: 1.925 GB.
INFO: [HLS 200-10] ----------------------------------------------------------------
INFO: [HLS 200-10] -- Generating RTL for module 'PE_432' 
INFO: [HLS 200-10] ----------------------------------------------------------------
INFO: [RTGEN 206-100] Finished creating RTL model for 'PE_432'.
INFO: [HLS 200-111] Finished Creating RTL model: CPU user time: 0.11 seconds. CPU system time: 0 seconds. Elapsed time: 0.12 seconds; current allocated memory: 1.926 GB.
INFO: [HLS 200-10] ----------------------------------------------------------------
INFO: [HLS 200-10] -- Generating RTL for module 'PE_533' 
INFO: [HLS 200-10] ----------------------------------------------------------------
INFO: [RTGEN 206-100] Finished creating RTL model for 'PE_533'.
INFO: [HLS 200-111] Finished Creating RTL model: CPU user time: 0.12 seconds. CPU system time: 0.01 seconds. Elapsed time: 0.12 seconds; current allocated memory: 1.927 GB.
INFO: [HLS 200-10] ----------------------------------------------------------------
INFO: [HLS 200-10] -- Generating RTL for module 'PE_634' 
INFO: [HLS 200-10] ----------------------------------------------------------------
INFO: [RTGEN 206-100] Finished creating RTL model for 'PE_634'.
INFO: [HLS 200-111] Finished Creating RTL model: CPU user time: 0.11 seconds. CPU system time: 0 seconds. Elapsed time: 0.12 seconds; current allocated memory: 1.928 GB.
INFO: [HLS 200-10] ----------------------------------------------------------------
INFO: [HLS 200-10] -- Generating RTL for module 'PE_735' 
INFO: [HLS 200-10] ----------------------------------------------------------------
INFO: [RTGEN 206-100] Finished creating RTL model for 'PE_735'.
INFO: [HLS 200-111] Finished Creating RTL model: CPU user time: 0.12 seconds. CPU system time: 0.01 seconds. Elapsed time: 0.12 seconds; current allocated memory: 1.929 GB.
INFO: [HLS 200-10] ----------------------------------------------------------------
INFO: [HLS 200-10] -- Generating RTL for module 'PE_836' 
INFO: [HLS 200-10] ----------------------------------------------------------------
INFO: [RTGEN 206-100] Finished creating RTL model for 'PE_836'.
INFO: [HLS 200-111] Finished Creating RTL model: CPU user time: 0.11 seconds. CPU system time: 0 seconds. Elapsed time: 0.12 seconds; current allocated memory: 1.930 GB.
INFO: [HLS 200-10] ----------------------------------------------------------------
INFO: [HLS 200-10] -- Generating RTL for module 'PE_937' 
INFO: [HLS 200-10] ----------------------------------------------------------------
INFO: [RTGEN 206-100] Finished creating RTL model for 'PE_937'.
INFO: [HLS 200-111] Finished Creating RTL model: CPU user time: 0.12 seconds. CPU system time: 0 seconds. Elapsed time: 0.12 seconds; current allocated memory: 1.931 GB.
INFO: [HLS 200-10] ----------------------------------------------------------------
INFO: [HLS 200-10] -- Generating RTL for module 'PE_1038' 
INFO: [HLS 200-10] ----------------------------------------------------------------
INFO: [RTGEN 206-100] Finished creating RTL model for 'PE_1038'.
INFO: [HLS 200-111] Finished Creating RTL model: CPU user time: 0.11 seconds. CPU system time: 0 seconds. Elapsed time: 0.11 seconds; current allocated memory: 1.932 GB.
INFO: [HLS 200-10] ----------------------------------------------------------------
INFO: [HLS 200-10] -- Generating RTL for module 'PE_1139' 
INFO: [HLS 200-10] ----------------------------------------------------------------
INFO: [RTGEN 206-100] Finished creating RTL model for 'PE_1139'.
INFO: [HLS 200-111] Finished Creating RTL model: CPU user time: 0.12 seconds. CPU system time: 0.01 seconds. Elapsed time: 0.12 seconds; current allocated memory: 1.933 GB.
INFO: [HLS 200-10] ----------------------------------------------------------------
INFO: [HLS 200-10] -- Generating RTL for module 'PE_1240' 
INFO: [HLS 200-10] ----------------------------------------------------------------
INFO: [RTGEN 206-100] Finished creating RTL model for 'PE_1240'.
INFO: [HLS 200-111] Finished Creating RTL model: CPU user time: 0.11 seconds. CPU system time: 0.01 seconds. Elapsed time: 0.12 seconds; current allocated memory: 1.934 GB.
INFO: [HLS 200-10] ----------------------------------------------------------------
INFO: [HLS 200-10] -- Generating RTL for module 'PE_1341' 
INFO: [HLS 200-10] ----------------------------------------------------------------
INFO: [RTGEN 206-100] Finished creating RTL model for 'PE_1341'.
INFO: [HLS 200-111] Finished Creating RTL model: CPU user time: 0.13 seconds. CPU system time: 0 seconds. Elapsed time: 0.12 seconds; current allocated memory: 1.935 GB.
INFO: [HLS 200-10] ----------------------------------------------------------------
INFO: [HLS 200-10] -- Generating RTL for module 'PE_1442' 
INFO: [HLS 200-10] ----------------------------------------------------------------
INFO: [RTGEN 206-100] Finished creating RTL model for 'PE_1442'.
INFO: [HLS 200-111] Finished Creating RTL model: CPU user time: 0.11 seconds. CPU system time: 0.01 seconds. Elapsed time: 0.12 seconds; current allocated memory: 1.936 GB.
INFO: [HLS 200-10] ----------------------------------------------------------------
INFO: [HLS 200-10] -- Generating RTL for module 'PE_1543' 
INFO: [HLS 200-10] ----------------------------------------------------------------
INFO: [RTGEN 206-100] Finished creating RTL model for 'PE_1543'.
INFO: [HLS 200-111] Finished Creating RTL model: CPU user time: 0.12 seconds. CPU system time: 0 seconds. Elapsed time: 0.12 seconds; current allocated memory: 1.937 GB.
INFO: [HLS 200-10] ----------------------------------------------------------------
INFO: [HLS 200-10] -- Generating RTL for module 'PE_1644' 
INFO: [HLS 200-10] ----------------------------------------------------------------
INFO: [RTGEN 206-100] Finished creating RTL model for 'PE_1644'.
INFO: [HLS 200-111] Finished Creating RTL model: CPU user time: 0.11 seconds. CPU system time: 0.01 seconds. Elapsed time: 0.12 seconds; current allocated memory: 1.938 GB.
INFO: [HLS 200-10] ----------------------------------------------------------------
INFO: [HLS 200-10] -- Generating RTL for module 'PE_1745' 
INFO: [HLS 200-10] ----------------------------------------------------------------
INFO: [RTGEN 206-100] Finished creating RTL model for 'PE_1745'.
INFO: [HLS 200-111] Finished Creating RTL model: CPU user time: 0.11 seconds. CPU system time: 0 seconds. Elapsed time: 0.12 seconds; current allocated memory: 1.939 GB.
INFO: [HLS 200-10] ----------------------------------------------------------------
INFO: [HLS 200-10] -- Generating RTL for module 'PE_1846' 
INFO: [HLS 200-10] ----------------------------------------------------------------
INFO: [RTGEN 206-100] Finished creating RTL model for 'PE_1846'.
INFO: [HLS 200-111] Finished Creating RTL model: CPU user time: 0.12 seconds. CPU system time: 0.01 seconds. Elapsed time: 0.12 seconds; current allocated memory: 1.940 GB.
INFO: [HLS 200-10] ----------------------------------------------------------------
INFO: [HLS 200-10] -- Generating RTL for module 'PE_1947' 
INFO: [HLS 200-10] ----------------------------------------------------------------
INFO: [RTGEN 206-100] Finished creating RTL model for 'PE_1947'.
INFO: [HLS 200-111] Finished Creating RTL model: CPU user time: 0.1 seconds. CPU system time: 0.01 seconds. Elapsed time: 0.12 seconds; current allocated memory: 1.941 GB.
INFO: [HLS 200-10] ----------------------------------------------------------------
INFO: [HLS 200-10] -- Generating RTL for module 'PE_2048' 
INFO: [HLS 200-10] ----------------------------------------------------------------
INFO: [RTGEN 206-100] Finished creating RTL model for 'PE_2048'.
INFO: [HLS 200-111] Finished Creating RTL model: CPU user time: 0.11 seconds. CPU system time: 0 seconds. Elapsed time: 0.12 seconds; current allocated memory: 1.942 GB.
INFO: [HLS 200-10] ----------------------------------------------------------------
INFO: [HLS 200-10] -- Generating RTL for module 'PE_2149' 
INFO: [HLS 200-10] ----------------------------------------------------------------
INFO: [RTGEN 206-100] Finished creating RTL model for 'PE_2149'.
INFO: [HLS 200-111] Finished Creating RTL model: CPU user time: 0.12 seconds. CPU system time: 0.01 seconds. Elapsed time: 0.12 seconds; current allocated memory: 1.943 GB.
INFO: [HLS 200-10] ----------------------------------------------------------------
INFO: [HLS 200-10] -- Generating RTL for module 'PE_2250' 
INFO: [HLS 200-10] ----------------------------------------------------------------
INFO: [RTGEN 206-100] Finished creating RTL model for 'PE_2250'.
INFO: [HLS 200-111] Finished Creating RTL model: CPU user time: 0.12 seconds. CPU system time: 0 seconds. Elapsed time: 0.12 seconds; current allocated memory: 1.944 GB.
INFO: [HLS 200-10] ----------------------------------------------------------------
INFO: [HLS 200-10] -- Generating RTL for module 'PE_2351' 
INFO: [HLS 200-10] ----------------------------------------------------------------
INFO: [RTGEN 206-100] Finished creating RTL model for 'PE_2351'.
INFO: [HLS 200-111] Finished Creating RTL model: CPU user time: 0.12 seconds. CPU system time: 0.01 seconds. Elapsed time: 0.12 seconds; current allocated memory: 1.945 GB.
INFO: [HLS 200-10] ----------------------------------------------------------------
INFO: [HLS 200-10] -- Generating RTL for module 'PE_2452' 
INFO: [HLS 200-10] ----------------------------------------------------------------
INFO: [RTGEN 206-100] Finished creating RTL model for 'PE_2452'.
INFO: [HLS 200-111] Finished Creating RTL model: CPU user time: 0.11 seconds. CPU system time: 0.01 seconds. Elapsed time: 0.13 seconds; current allocated memory: 1.946 GB.
INFO: [HLS 200-10] ----------------------------------------------------------------
INFO: [HLS 200-10] -- Generating RTL for module 'PE_2553' 
INFO: [HLS 200-10] ----------------------------------------------------------------
INFO: [RTGEN 206-100] Finished creating RTL model for 'PE_2553'.
INFO: [HLS 200-111] Finished Creating RTL model: CPU user time: 0.11 seconds. CPU system time: 0 seconds. Elapsed time: 0.12 seconds; current allocated memory: 1.948 GB.
INFO: [HLS 200-10] ----------------------------------------------------------------
INFO: [HLS 200-10] -- Generating RTL for module 'PE_2654' 
INFO: [HLS 200-10] ----------------------------------------------------------------
INFO: [RTGEN 206-100] Finished creating RTL model for 'PE_2654'.
INFO: [HLS 200-111] Finished Creating RTL model: CPU user time: 0.12 seconds. CPU system time: 0.01 seconds. Elapsed time: 0.12 seconds; current allocated memory: 1.949 GB.
INFO: [HLS 200-10] ----------------------------------------------------------------
INFO: [HLS 200-10] -- Generating RTL for module 'PE_2755' 
INFO: [HLS 200-10] ----------------------------------------------------------------
INFO: [RTGEN 206-100] Finished creating RTL model for 'PE_2755'.
INFO: [HLS 200-111] Finished Creating RTL model: CPU user time: 0.1 seconds. CPU system time: 0.01 seconds. Elapsed time: 0.12 seconds; current allocated memory: 1.949 GB.
INFO: [HLS 200-10] ----------------------------------------------------------------
INFO: [HLS 200-10] -- Generating RTL for module 'PE_2856' 
INFO: [HLS 200-10] ----------------------------------------------------------------
INFO: [RTGEN 206-100] Finished creating RTL model for 'PE_2856'.
INFO: [HLS 200-111] Finished Creating RTL model: CPU user time: 0.12 seconds. CPU system time: 0.01 seconds. Elapsed time: 0.12 seconds; current allocated memory: 1.951 GB.
INFO: [HLS 200-10] ----------------------------------------------------------------
INFO: [HLS 200-10] -- Generating RTL for module 'PE_2957' 
INFO: [HLS 200-10] ----------------------------------------------------------------
INFO: [RTGEN 206-100] Finished creating RTL model for 'PE_2957'.
INFO: [HLS 200-111] Finished Creating RTL model: CPU user time: 0.12 seconds. CPU system time: 0 seconds. Elapsed time: 0.13 seconds; current allocated memory: 1.952 GB.
INFO: [HLS 200-10] ----------------------------------------------------------------
INFO: [HLS 200-10] -- Generating RTL for module 'PE_3058' 
INFO: [HLS 200-10] ----------------------------------------------------------------
INFO: [RTGEN 206-100] Finished creating RTL model for 'PE_3058'.
INFO: [HLS 200-111] Finished Creating RTL model: CPU user time: 0.12 seconds. CPU system time: 0 seconds. Elapsed time: 0.12 seconds; current allocated memory: 1.953 GB.
INFO: [HLS 200-10] ----------------------------------------------------------------
INFO: [HLS 200-10] -- Generating RTL for module 'PE_3159' 
INFO: [HLS 200-10] ----------------------------------------------------------------
INFO: [RTGEN 206-100] Finished creating RTL model for 'PE_3159'.
INFO: [HLS 200-111] Finished Creating RTL model: CPU user time: 0.12 seconds. CPU system time: 0.01 seconds. Elapsed time: 0.12 seconds; current allocated memory: 1.954 GB.
INFO: [HLS 200-10] ----------------------------------------------------------------
INFO: [HLS 200-10] -- Generating RTL for module 'PE_3260' 
INFO: [HLS 200-10] ----------------------------------------------------------------
INFO: [RTGEN 206-100] Finished creating RTL model for 'PE_3260'.
INFO: [HLS 200-111] Finished Creating RTL model: CPU user time: 0.11 seconds. CPU system time: 0.01 seconds. Elapsed time: 0.12 seconds; current allocated memory: 1.955 GB.
INFO: [HLS 200-10] ----------------------------------------------------------------
INFO: [HLS 200-10] -- Generating RTL for module 'PE_3361' 
INFO: [HLS 200-10] ----------------------------------------------------------------
INFO: [RTGEN 206-100] Finished creating RTL model for 'PE_3361'.
INFO: [HLS 200-111] Finished Creating RTL model: CPU user time: 0.12 seconds. CPU system time: 0 seconds. Elapsed time: 0.13 seconds; current allocated memory: 1.956 GB.
INFO: [HLS 200-10] ----------------------------------------------------------------
INFO: [HLS 200-10] -- Generating RTL for module 'PE_3462' 
INFO: [HLS 200-10] ----------------------------------------------------------------
INFO: [RTGEN 206-100] Finished creating RTL model for 'PE_3462'.
INFO: [HLS 200-111] Finished Creating RTL model: CPU user time: 0.12 seconds. CPU system time: 0.01 seconds. Elapsed time: 0.13 seconds; current allocated memory: 1.957 GB.
INFO: [HLS 200-10] ----------------------------------------------------------------
INFO: [HLS 200-10] -- Generating RTL for module 'PE_3563' 
INFO: [HLS 200-10] ----------------------------------------------------------------
INFO: [RTGEN 206-100] Finished creating RTL model for 'PE_3563'.
INFO: [HLS 200-111] Finished Creating RTL model: CPU user time: 0.12 seconds. CPU system time: 0 seconds. Elapsed time: 0.12 seconds; current allocated memory: 1.958 GB.
INFO: [HLS 200-10] ----------------------------------------------------------------
INFO: [HLS 200-10] -- Generating RTL for module 'PE_3664' 
INFO: [HLS 200-10] ----------------------------------------------------------------
INFO: [RTGEN 206-100] Finished creating RTL model for 'PE_3664'.
INFO: [HLS 200-111] Finished Creating RTL model: CPU user time: 0.11 seconds. CPU system time: 0.01 seconds. Elapsed time: 0.11 seconds; current allocated memory: 1.959 GB.
INFO: [HLS 200-10] ----------------------------------------------------------------
INFO: [HLS 200-10] -- Generating RTL for module 'PE_3765' 
INFO: [HLS 200-10] ----------------------------------------------------------------
INFO: [RTGEN 206-100] Finished creating RTL model for 'PE_3765'.
INFO: [HLS 200-111] Finished Creating RTL model: CPU user time: 0.11 seconds. CPU system time: 0 seconds. Elapsed time: 0.12 seconds; current allocated memory: 1.960 GB.
INFO: [HLS 200-10] ----------------------------------------------------------------
INFO: [HLS 200-10] -- Generating RTL for module 'PE_3866' 
INFO: [HLS 200-10] ----------------------------------------------------------------
INFO: [RTGEN 206-100] Finished creating RTL model for 'PE_3866'.
INFO: [HLS 200-111] Finished Creating RTL model: CPU user time: 0.11 seconds. CPU system time: 0 seconds. Elapsed time: 0.13 seconds; current allocated memory: 1.961 GB.
INFO: [HLS 200-10] ----------------------------------------------------------------
INFO: [HLS 200-10] -- Generating RTL for module 'PE_3967' 
INFO: [HLS 200-10] ----------------------------------------------------------------
INFO: [RTGEN 206-100] Finished creating RTL model for 'PE_3967'.
INFO: [HLS 200-111] Finished Creating RTL model: CPU user time: 0.12 seconds. CPU system time: 0.01 seconds. Elapsed time: 0.12 seconds; current allocated memory: 1.962 GB.
INFO: [HLS 200-10] ----------------------------------------------------------------
INFO: [HLS 200-10] -- Generating RTL for module 'PE_4068' 
INFO: [HLS 200-10] ----------------------------------------------------------------
INFO: [RTGEN 206-100] Finished creating RTL model for 'PE_4068'.
INFO: [HLS 200-111] Finished Creating RTL model: CPU user time: 0.12 seconds. CPU system time: 0 seconds. Elapsed time: 0.12 seconds; current allocated memory: 1.963 GB.
INFO: [HLS 200-10] ----------------------------------------------------------------
INFO: [HLS 200-10] -- Generating RTL for module 'PE_4169' 
INFO: [HLS 200-10] ----------------------------------------------------------------
INFO: [RTGEN 206-100] Finished creating RTL model for 'PE_4169'.
INFO: [HLS 200-111] Finished Creating RTL model: CPU user time: 0.12 seconds. CPU system time: 0.01 seconds. Elapsed time: 0.13 seconds; current allocated memory: 1.964 GB.
INFO: [HLS 200-10] ----------------------------------------------------------------
INFO: [HLS 200-10] -- Generating RTL for module 'PE_4270' 
INFO: [HLS 200-10] ----------------------------------------------------------------
INFO: [RTGEN 206-100] Finished creating RTL model for 'PE_4270'.
INFO: [HLS 200-111] Finished Creating RTL model: CPU user time: 0.12 seconds. CPU system time: 0 seconds. Elapsed time: 0.12 seconds; current allocated memory: 1.965 GB.
INFO: [HLS 200-10] ----------------------------------------------------------------
INFO: [HLS 200-10] -- Generating RTL for module 'PE_4371' 
INFO: [HLS 200-10] ----------------------------------------------------------------
INFO: [RTGEN 206-100] Finished creating RTL model for 'PE_4371'.
INFO: [HLS 200-111] Finished Creating RTL model: CPU user time: 0.12 seconds. CPU system time: 0.01 seconds. Elapsed time: 0.13 seconds; current allocated memory: 1.966 GB.
INFO: [HLS 200-10] ----------------------------------------------------------------
INFO: [HLS 200-10] -- Generating RTL for module 'PE_4472' 
INFO: [HLS 200-10] ----------------------------------------------------------------
INFO: [RTGEN 206-100] Finished creating RTL model for 'PE_4472'.
INFO: [HLS 200-111] Finished Creating RTL model: CPU user time: 0.12 seconds. CPU system time: 0 seconds. Elapsed time: 0.12 seconds; current allocated memory: 1.967 GB.
INFO: [HLS 200-10] ----------------------------------------------------------------
INFO: [HLS 200-10] -- Generating RTL for module 'PE_4573' 
INFO: [HLS 200-10] ----------------------------------------------------------------
INFO: [RTGEN 206-100] Finished creating RTL model for 'PE_4573'.
INFO: [HLS 200-111] Finished Creating RTL model: CPU user time: 0.11 seconds. CPU system time: 0.01 seconds. Elapsed time: 0.11 seconds; current allocated memory: 1.968 GB.
INFO: [HLS 200-10] ----------------------------------------------------------------
INFO: [HLS 200-10] -- Generating RTL for module 'PE_4674' 
INFO: [HLS 200-10] ----------------------------------------------------------------
INFO: [RTGEN 206-100] Finished creating RTL model for 'PE_4674'.
INFO: [HLS 200-111] Finished Creating RTL model: CPU user time: 0.11 seconds. CPU system time: 0.01 seconds. Elapsed time: 0.11 seconds; current allocated memory: 1.969 GB.
INFO: [HLS 200-10] ----------------------------------------------------------------
INFO: [HLS 200-10] -- Generating RTL for module 'PE_4775' 
INFO: [HLS 200-10] ----------------------------------------------------------------
INFO: [RTGEN 206-100] Finished creating RTL model for 'PE_4775'.
INFO: [HLS 200-111] Finished Creating RTL model: CPU user time: 0.11 seconds. CPU system time: 0.01 seconds. Elapsed time: 0.12 seconds; current allocated memory: 1.970 GB.
INFO: [HLS 200-10] ----------------------------------------------------------------
INFO: [HLS 200-10] -- Generating RTL for module 'PE_4876' 
INFO: [HLS 200-10] ----------------------------------------------------------------
INFO: [RTGEN 206-100] Finished creating RTL model for 'PE_4876'.
INFO: [HLS 200-111] Finished Creating RTL model: CPU user time: 0.12 seconds. CPU system time: 0 seconds. Elapsed time: 0.13 seconds; current allocated memory: 1.971 GB.
INFO: [HLS 200-10] ----------------------------------------------------------------
INFO: [HLS 200-10] -- Generating RTL for module 'PE_4977' 
INFO: [HLS 200-10] ----------------------------------------------------------------
INFO: [RTGEN 206-100] Finished creating RTL model for 'PE_4977'.
INFO: [HLS 200-111] Finished Creating RTL model: CPU user time: 0.12 seconds. CPU system time: 0 seconds. Elapsed time: 0.12 seconds; current allocated memory: 1.972 GB.
INFO: [HLS 200-10] ----------------------------------------------------------------
INFO: [HLS 200-10] -- Generating RTL for module 'PE_5078' 
INFO: [HLS 200-10] ----------------------------------------------------------------
INFO: [RTGEN 206-100] Finished creating RTL model for 'PE_5078'.
INFO: [HLS 200-111] Finished Creating RTL model: CPU user time: 0.12 seconds. CPU system time: 0 seconds. Elapsed time: 0.13 seconds; current allocated memory: 1.973 GB.
INFO: [HLS 200-10] ----------------------------------------------------------------
INFO: [HLS 200-10] -- Generating RTL for module 'PE_5179' 
INFO: [HLS 200-10] ----------------------------------------------------------------
INFO: [RTGEN 206-100] Finished creating RTL model for 'PE_5179'.
INFO: [HLS 200-111] Finished Creating RTL model: CPU user time: 0.11 seconds. CPU system time: 0 seconds. Elapsed time: 0.12 seconds; current allocated memory: 1.974 GB.
INFO: [HLS 200-10] ----------------------------------------------------------------
INFO: [HLS 200-10] -- Generating RTL for module 'PE_5280' 
INFO: [HLS 200-10] ----------------------------------------------------------------
INFO: [RTGEN 206-100] Finished creating RTL model for 'PE_5280'.
INFO: [HLS 200-111] Finished Creating RTL model: CPU user time: 0.11 seconds. CPU system time: 0.01 seconds. Elapsed time: 0.12 seconds; current allocated memory: 1.975 GB.
INFO: [HLS 200-10] ----------------------------------------------------------------
INFO: [HLS 200-10] -- Generating RTL for module 'PE_5381' 
INFO: [HLS 200-10] ----------------------------------------------------------------
INFO: [RTGEN 206-100] Finished creating RTL model for 'PE_5381'.
INFO: [HLS 200-111] Finished Creating RTL model: CPU user time: 0.12 seconds. CPU system time: 0 seconds. Elapsed time: 0.12 seconds; current allocated memory: 1.976 GB.
INFO: [HLS 200-10] ----------------------------------------------------------------
INFO: [HLS 200-10] -- Generating RTL for module 'PE_5482' 
INFO: [HLS 200-10] ----------------------------------------------------------------
INFO: [RTGEN 206-100] Finished creating RTL model for 'PE_5482'.
INFO: [HLS 200-111] Finished Creating RTL model: CPU user time: 0.11 seconds. CPU system time: 0.01 seconds. Elapsed time: 0.12 seconds; current allocated memory: 1.977 GB.
INFO: [HLS 200-10] ----------------------------------------------------------------
INFO: [HLS 200-10] -- Generating RTL for module 'PE_5583' 
INFO: [HLS 200-10] ----------------------------------------------------------------
INFO: [RTGEN 206-100] Finished creating RTL model for 'PE_5583'.
INFO: [HLS 200-111] Finished Creating RTL model: CPU user time: 0.11 seconds. CPU system time: 0.01 seconds. Elapsed time: 0.12 seconds; current allocated memory: 1.978 GB.
INFO: [HLS 200-10] ----------------------------------------------------------------
INFO: [HLS 200-10] -- Generating RTL for module 'PE_5684' 
INFO: [HLS 200-10] ----------------------------------------------------------------
INFO: [RTGEN 206-100] Finished creating RTL model for 'PE_5684'.
INFO: [HLS 200-111] Finished Creating RTL model: CPU user time: 0.12 seconds. CPU system time: 0.01 seconds. Elapsed time: 0.12 seconds; current allocated memory: 1.979 GB.
INFO: [HLS 200-10] ----------------------------------------------------------------
INFO: [HLS 200-10] -- Generating RTL for module 'PE_5785' 
INFO: [HLS 200-10] ----------------------------------------------------------------
INFO: [RTGEN 206-100] Finished creating RTL model for 'PE_5785'.
INFO: [HLS 200-111] Finished Creating RTL model: CPU user time: 0.12 seconds. CPU system time: 0 seconds. Elapsed time: 0.13 seconds; current allocated memory: 1.980 GB.
INFO: [HLS 200-10] ----------------------------------------------------------------
INFO: [HLS 200-10] -- Generating RTL for module 'PE_5886' 
INFO: [HLS 200-10] ----------------------------------------------------------------
INFO: [RTGEN 206-100] Finished creating RTL model for 'PE_5886'.
INFO: [HLS 200-111] Finished Creating RTL model: CPU user time: 0.12 seconds. CPU system time: 0 seconds. Elapsed time: 0.13 seconds; current allocated memory: 1.982 GB.
INFO: [HLS 200-10] ----------------------------------------------------------------
INFO: [HLS 200-10] -- Generating RTL for module 'PE_5987' 
INFO: [HLS 200-10] ----------------------------------------------------------------
INFO: [RTGEN 206-100] Finished creating RTL model for 'PE_5987'.
INFO: [HLS 200-111] Finished Creating RTL model: CPU user time: 0.12 seconds. CPU system time: 0.01 seconds. Elapsed time: 0.13 seconds; current allocated memory: 1.983 GB.
INFO: [HLS 200-10] ----------------------------------------------------------------
INFO: [HLS 200-10] -- Generating RTL for module 'PE_6088' 
INFO: [HLS 200-10] ----------------------------------------------------------------
INFO: [RTGEN 206-100] Finished creating RTL model for 'PE_6088'.
INFO: [HLS 200-111] Finished Creating RTL model: CPU user time: 0.12 seconds. CPU system time: 0.01 seconds. Elapsed time: 0.13 seconds; current allocated memory: 1.984 GB.
INFO: [HLS 200-10] ----------------------------------------------------------------
INFO: [HLS 200-10] -- Generating RTL for module 'PE_6189' 
INFO: [HLS 200-10] ----------------------------------------------------------------
INFO: [RTGEN 206-100] Finished creating RTL model for 'PE_6189'.
INFO: [HLS 200-111] Finished Creating RTL model: CPU user time: 0.13 seconds. CPU system time: 0 seconds. Elapsed time: 0.13 seconds; current allocated memory: 1.985 GB.
INFO: [HLS 200-10] ----------------------------------------------------------------
INFO: [HLS 200-10] -- Generating RTL for module 'PE_6290' 
INFO: [HLS 200-10] ----------------------------------------------------------------
INFO: [RTGEN 206-100] Finished creating RTL model for 'PE_6290'.
INFO: [HLS 200-111] Finished Creating RTL model: CPU user time: 0.12 seconds. CPU system time: 0.01 seconds. Elapsed time: 0.13 seconds; current allocated memory: 1.986 GB.
INFO: [HLS 200-10] ----------------------------------------------------------------
INFO: [HLS 200-10] -- Generating RTL for module 'PE_6391' 
INFO: [HLS 200-10] ----------------------------------------------------------------
INFO: [RTGEN 206-100] Finished creating RTL model for 'PE_6391'.
INFO: [HLS 200-111] Finished Creating RTL model: CPU user time: 0.12 seconds. CPU system time: 0.01 seconds. Elapsed time: 0.12 seconds; current allocated memory: 1.987 GB.
INFO: [HLS 200-10] ----------------------------------------------------------------
INFO: [HLS 200-10] -- Generating RTL for module 'sink_streams92' 
INFO: [HLS 200-10] ----------------------------------------------------------------
INFO: [RTGEN 206-100] Finished creating RTL model for 'sink_streams92'.
INFO: [HLS 200-111] Finished Creating RTL model: CPU user time: 0.13 seconds. CPU system time: 0 seconds. Elapsed time: 0.14 seconds; current allocated memory: 1.988 GB.
INFO: [HLS 200-10] ----------------------------------------------------------------
INFO: [HLS 200-10] -- Generating RTL for module 'stream_to_C_Buf93' 
INFO: [HLS 200-10] ----------------------------------------------------------------
INFO: [RTGEN 206-104] Estimated max fanout for 'stream_to_C_Buf93' is 8194 from HDL expression: ap_rst
INFO: [RTGEN 206-100] Finished creating RTL model for 'stream_to_C_Buf93'.
INFO: [HLS 200-111] Finished Creating RTL model: CPU user time: 0.19 seconds. CPU system time: 0.01 seconds. Elapsed time: 0.19 seconds; current allocated memory: 1.994 GB.
INFO: [HLS 200-10] ----------------------------------------------------------------
INFO: [HLS 200-10] -- Generating RTL for module 'B_Buf_to_stream_6494' 
INFO: [HLS 200-10] ----------------------------------------------------------------
INFO: [RTGEN 206-100] Finished creating RTL model for 'B_Buf_to_stream_6494'.
INFO: [HLS 200-111] Finished Creating RTL model: CPU user time: 0.27 seconds. CPU system time: 0.02 seconds. Elapsed time: 0.28 seconds; current allocated memory: 2.007 GB.
INFO: [HLS 200-10] ----------------------------------------------------------------
INFO: [HLS 200-10] -- Generating RTL for module 'PE_6595' 
INFO: [HLS 200-10] ----------------------------------------------------------------
INFO: [RTGEN 206-100] Finished creating RTL model for 'PE_6595'.
INFO: [HLS 200-111] Finished Creating RTL model: CPU user time: 0.23 seconds. CPU system time: 0.01 seconds. Elapsed time: 0.24 seconds; current allocated memory: 2.012 GB.
INFO: [HLS 200-10] ----------------------------------------------------------------
INFO: [HLS 200-10] -- Generating RTL for module 'PE_6696' 
INFO: [HLS 200-10] ----------------------------------------------------------------
INFO: [RTGEN 206-100] Finished creating RTL model for 'PE_6696'.
INFO: [HLS 200-111] Finished Creating RTL model: CPU user time: 0.11 seconds. CPU system time: 0 seconds. Elapsed time: 0.12 seconds; current allocated memory: 2.013 GB.
INFO: [HLS 200-10] ----------------------------------------------------------------
INFO: [HLS 200-10] -- Generating RTL for module 'PE_6797' 
INFO: [HLS 200-10] ----------------------------------------------------------------
INFO: [RTGEN 206-100] Finished creating RTL model for 'PE_6797'.
INFO: [HLS 200-111] Finished Creating RTL model: CPU user time: 0.13 seconds. CPU system time: 0 seconds. Elapsed time: 0.13 seconds; current allocated memory: 2.014 GB.
INFO: [HLS 200-10] ----------------------------------------------------------------
INFO: [HLS 200-10] -- Generating RTL for module 'PE_6898' 
INFO: [HLS 200-10] ----------------------------------------------------------------
INFO: [RTGEN 206-100] Finished creating RTL model for 'PE_6898'.
INFO: [HLS 200-111] Finished Creating RTL model: CPU user time: 0.12 seconds. CPU system time: 0 seconds. Elapsed time: 0.13 seconds; current allocated memory: 2.015 GB.
INFO: [HLS 200-10] ----------------------------------------------------------------
INFO: [HLS 200-10] -- Generating RTL for module 'PE_6999' 
INFO: [HLS 200-10] ----------------------------------------------------------------
INFO: [RTGEN 206-100] Finished creating RTL model for 'PE_6999'.
INFO: [HLS 200-111] Finished Creating RTL model: CPU user time: 0.12 seconds. CPU system time: 0 seconds. Elapsed time: 0.13 seconds; current allocated memory: 2.016 GB.
INFO: [HLS 200-10] ----------------------------------------------------------------
INFO: [HLS 200-10] -- Generating RTL for module 'PE_70100' 
INFO: [HLS 200-10] ----------------------------------------------------------------
INFO: [RTGEN 206-100] Finished creating RTL model for 'PE_70100'.
INFO: [HLS 200-111] Finished Creating RTL model: CPU user time: 0.13 seconds. CPU system time: 0 seconds. Elapsed time: 0.13 seconds; current allocated memory: 2.017 GB.
INFO: [HLS 200-10] ----------------------------------------------------------------
INFO: [HLS 200-10] -- Generating RTL for module 'PE_71101' 
INFO: [HLS 200-10] ----------------------------------------------------------------
INFO: [RTGEN 206-100] Finished creating RTL model for 'PE_71101'.
INFO: [HLS 200-111] Finished Creating RTL model: CPU user time: 0.12 seconds. CPU system time: 0 seconds. Elapsed time: 0.13 seconds; current allocated memory: 2.018 GB.
INFO: [HLS 200-10] ----------------------------------------------------------------
INFO: [HLS 200-10] -- Generating RTL for module 'PE_72102' 
INFO: [HLS 200-10] ----------------------------------------------------------------
INFO: [RTGEN 206-100] Finished creating RTL model for 'PE_72102'.
INFO: [HLS 200-111] Finished Creating RTL model: CPU user time: 0.12 seconds. CPU system time: 0 seconds. Elapsed time: 0.13 seconds; current allocated memory: 2.019 GB.
INFO: [HLS 200-10] ----------------------------------------------------------------
INFO: [HLS 200-10] -- Generating RTL for module 'PE_73103' 
INFO: [HLS 200-10] ----------------------------------------------------------------
INFO: [RTGEN 206-100] Finished creating RTL model for 'PE_73103'.
INFO: [HLS 200-111] Finished Creating RTL model: CPU user time: 0.12 seconds. CPU system time: 0.01 seconds. Elapsed time: 0.12 seconds; current allocated memory: 2.020 GB.
INFO: [HLS 200-10] ----------------------------------------------------------------
INFO: [HLS 200-10] -- Generating RTL for module 'PE_74104' 
INFO: [HLS 200-10] ----------------------------------------------------------------
INFO: [RTGEN 206-100] Finished creating RTL model for 'PE_74104'.
INFO: [HLS 200-111] Finished Creating RTL model: CPU user time: 0.13 seconds. CPU system time: 0 seconds. Elapsed time: 0.12 seconds; current allocated memory: 2.021 GB.
INFO: [HLS 200-10] ----------------------------------------------------------------
INFO: [HLS 200-10] -- Generating RTL for module 'PE_75105' 
INFO: [HLS 200-10] ----------------------------------------------------------------
INFO: [RTGEN 206-100] Finished creating RTL model for 'PE_75105'.
INFO: [HLS 200-111] Finished Creating RTL model: CPU user time: 0.11 seconds. CPU system time: 0 seconds. Elapsed time: 0.12 seconds; current allocated memory: 2.022 GB.
INFO: [HLS 200-10] ----------------------------------------------------------------
INFO: [HLS 200-10] -- Generating RTL for module 'PE_76106' 
INFO: [HLS 200-10] ----------------------------------------------------------------
INFO: [RTGEN 206-100] Finished creating RTL model for 'PE_76106'.
INFO: [HLS 200-111] Finished Creating RTL model: CPU user time: 0.13 seconds. CPU system time: 0 seconds. Elapsed time: 0.12 seconds; current allocated memory: 2.023 GB.
INFO: [HLS 200-10] ----------------------------------------------------------------
INFO: [HLS 200-10] -- Generating RTL for module 'PE_77107' 
INFO: [HLS 200-10] ----------------------------------------------------------------
INFO: [RTGEN 206-100] Finished creating RTL model for 'PE_77107'.
INFO: [HLS 200-111] Finished Creating RTL model: CPU user time: 0.13 seconds. CPU system time: 0 seconds. Elapsed time: 0.13 seconds; current allocated memory: 2.024 GB.
INFO: [HLS 200-10] ----------------------------------------------------------------
INFO: [HLS 200-10] -- Generating RTL for module 'PE_78108' 
INFO: [HLS 200-10] ----------------------------------------------------------------
INFO: [RTGEN 206-100] Finished creating RTL model for 'PE_78108'.
INFO: [HLS 200-111] Finished Creating RTL model: CPU user time: 0.13 seconds. CPU system time: 0.01 seconds. Elapsed time: 0.14 seconds; current allocated memory: 2.025 GB.
INFO: [HLS 200-10] ----------------------------------------------------------------
INFO: [HLS 200-10] -- Generating RTL for module 'PE_79109' 
INFO: [HLS 200-10] ----------------------------------------------------------------
INFO: [RTGEN 206-100] Finished creating RTL model for 'PE_79109'.
INFO: [HLS 200-111] Finished Creating RTL model: CPU user time: 0.12 seconds. CPU system time: 0.01 seconds. Elapsed time: 0.14 seconds; current allocated memory: 2.026 GB.
INFO: [HLS 200-10] ----------------------------------------------------------------
INFO: [HLS 200-10] -- Generating RTL for module 'PE_80110' 
INFO: [HLS 200-10] ----------------------------------------------------------------
INFO: [RTGEN 206-100] Finished creating RTL model for 'PE_80110'.
INFO: [HLS 200-111] Finished Creating RTL model: CPU user time: 0.13 seconds. CPU system time: 0.01 seconds. Elapsed time: 0.14 seconds; current allocated memory: 2.027 GB.
INFO: [HLS 200-10] ----------------------------------------------------------------
INFO: [HLS 200-10] -- Generating RTL for module 'PE_81111' 
INFO: [HLS 200-10] ----------------------------------------------------------------
INFO: [RTGEN 206-100] Finished creating RTL model for 'PE_81111'.
INFO: [HLS 200-111] Finished Creating RTL model: CPU user time: 0.13 seconds. CPU system time: 0.01 seconds. Elapsed time: 0.13 seconds; current allocated memory: 2.028 GB.
INFO: [HLS 200-10] ----------------------------------------------------------------
INFO: [HLS 200-10] -- Generating RTL for module 'PE_82112' 
INFO: [HLS 200-10] ----------------------------------------------------------------
INFO: [RTGEN 206-100] Finished creating RTL model for 'PE_82112'.
INFO: [HLS 200-111] Finished Creating RTL model: CPU user time: 0.13 seconds. CPU system time: 0 seconds. Elapsed time: 0.14 seconds; current allocated memory: 2.029 GB.
INFO: [HLS 200-10] ----------------------------------------------------------------
INFO: [HLS 200-10] -- Generating RTL for module 'PE_83113' 
INFO: [HLS 200-10] ----------------------------------------------------------------
INFO: [RTGEN 206-100] Finished creating RTL model for 'PE_83113'.
INFO: [HLS 200-111] Finished Creating RTL model: CPU user time: 0.12 seconds. CPU system time: 0.01 seconds. Elapsed time: 0.12 seconds; current allocated memory: 2.030 GB.
INFO: [HLS 200-10] ----------------------------------------------------------------
INFO: [HLS 200-10] -- Generating RTL for module 'PE_84114' 
INFO: [HLS 200-10] ----------------------------------------------------------------
INFO: [RTGEN 206-100] Finished creating RTL model for 'PE_84114'.
INFO: [HLS 200-111] Finished Creating RTL model: CPU user time: 0.12 seconds. CPU system time: 0.01 seconds. Elapsed time: 0.12 seconds; current allocated memory: 2.031 GB.
INFO: [HLS 200-10] ----------------------------------------------------------------
INFO: [HLS 200-10] -- Generating RTL for module 'PE_85115' 
INFO: [HLS 200-10] ----------------------------------------------------------------
INFO: [RTGEN 206-100] Finished creating RTL model for 'PE_85115'.
INFO: [HLS 200-111] Finished Creating RTL model: CPU user time: 0.12 seconds. CPU system time: 0.01 seconds. Elapsed time: 0.13 seconds; current allocated memory: 2.032 GB.
INFO: [HLS 200-10] ----------------------------------------------------------------
INFO: [HLS 200-10] -- Generating RTL for module 'PE_86116' 
INFO: [HLS 200-10] ----------------------------------------------------------------
INFO: [RTGEN 206-100] Finished creating RTL model for 'PE_86116'.
INFO: [HLS 200-111] Finished Creating RTL model: CPU user time: 0.13 seconds. CPU system time: 0 seconds. Elapsed time: 0.13 seconds; current allocated memory: 2.033 GB.
INFO: [HLS 200-10] ----------------------------------------------------------------
INFO: [HLS 200-10] -- Generating RTL for module 'PE_87117' 
INFO: [HLS 200-10] ----------------------------------------------------------------
INFO: [RTGEN 206-100] Finished creating RTL model for 'PE_87117'.
INFO: [HLS 200-111] Finished Creating RTL model: CPU user time: 0.13 seconds. CPU system time: 0.01 seconds. Elapsed time: 0.13 seconds; current allocated memory: 2.034 GB.
INFO: [HLS 200-10] ----------------------------------------------------------------
INFO: [HLS 200-10] -- Generating RTL for module 'PE_88118' 
INFO: [HLS 200-10] ----------------------------------------------------------------
INFO: [RTGEN 206-100] Finished creating RTL model for 'PE_88118'.
INFO: [HLS 200-111] Finished Creating RTL model: CPU user time: 0.12 seconds. CPU system time: 0 seconds. Elapsed time: 0.13 seconds; current allocated memory: 2.035 GB.
INFO: [HLS 200-10] ----------------------------------------------------------------
INFO: [HLS 200-10] -- Generating RTL for module 'PE_89119' 
INFO: [HLS 200-10] ----------------------------------------------------------------
INFO: [RTGEN 206-100] Finished creating RTL model for 'PE_89119'.
INFO: [HLS 200-111] Finished Creating RTL model: CPU user time: 0.12 seconds. CPU system time: 0.01 seconds. Elapsed time: 0.12 seconds; current allocated memory: 2.036 GB.
INFO: [HLS 200-10] ----------------------------------------------------------------
INFO: [HLS 200-10] -- Generating RTL for module 'PE_90120' 
INFO: [HLS 200-10] ----------------------------------------------------------------
INFO: [RTGEN 206-100] Finished creating RTL model for 'PE_90120'.
INFO: [HLS 200-111] Finished Creating RTL model: CPU user time: 0.13 seconds. CPU system time: 0.01 seconds. Elapsed time: 0.13 seconds; current allocated memory: 2.037 GB.
INFO: [HLS 200-10] ----------------------------------------------------------------
INFO: [HLS 200-10] -- Generating RTL for module 'PE_91121' 
INFO: [HLS 200-10] ----------------------------------------------------------------
INFO: [RTGEN 206-100] Finished creating RTL model for 'PE_91121'.
INFO: [HLS 200-111] Finished Creating RTL model: CPU user time: 0.12 seconds. CPU system time: 0 seconds. Elapsed time: 0.13 seconds; current allocated memory: 2.038 GB.
INFO: [HLS 200-10] ----------------------------------------------------------------
INFO: [HLS 200-10] -- Generating RTL for module 'PE_92122' 
INFO: [HLS 200-10] ----------------------------------------------------------------
INFO: [RTGEN 206-100] Finished creating RTL model for 'PE_92122'.
INFO: [HLS 200-111] Finished Creating RTL model: CPU user time: 0.11 seconds. CPU system time: 0.01 seconds. Elapsed time: 0.12 seconds; current allocated memory: 2.039 GB.
INFO: [HLS 200-10] ----------------------------------------------------------------
INFO: [HLS 200-10] -- Generating RTL for module 'PE_93123' 
INFO: [HLS 200-10] ----------------------------------------------------------------
INFO: [RTGEN 206-100] Finished creating RTL model for 'PE_93123'.
INFO: [HLS 200-111] Finished Creating RTL model: CPU user time: 0.12 seconds. CPU system time: 0.01 seconds. Elapsed time: 0.13 seconds; current allocated memory: 2.040 GB.
INFO: [HLS 200-10] ----------------------------------------------------------------
INFO: [HLS 200-10] -- Generating RTL for module 'PE_94124' 
INFO: [HLS 200-10] ----------------------------------------------------------------
INFO: [RTGEN 206-100] Finished creating RTL model for 'PE_94124'.
INFO: [HLS 200-111] Finished Creating RTL model: CPU user time: 0.12 seconds. CPU system time: 0 seconds. Elapsed time: 0.13 seconds; current allocated memory: 2.041 GB.
INFO: [HLS 200-10] ----------------------------------------------------------------
INFO: [HLS 200-10] -- Generating RTL for module 'PE_95125' 
INFO: [HLS 200-10] ----------------------------------------------------------------
INFO: [RTGEN 206-100] Finished creating RTL model for 'PE_95125'.
INFO: [HLS 200-111] Finished Creating RTL model: CPU user time: 0.12 seconds. CPU system time: 0.01 seconds. Elapsed time: 0.13 seconds; current allocated memory: 2.042 GB.
INFO: [HLS 200-10] ----------------------------------------------------------------
INFO: [HLS 200-10] -- Generating RTL for module 'PE_96126' 
INFO: [HLS 200-10] ----------------------------------------------------------------
INFO: [RTGEN 206-100] Finished creating RTL model for 'PE_96126'.
INFO: [HLS 200-111] Finished Creating RTL model: CPU user time: 0.12 seconds. CPU system time: 0.01 seconds. Elapsed time: 0.13 seconds; current allocated memory: 2.043 GB.
INFO: [HLS 200-10] ----------------------------------------------------------------
INFO: [HLS 200-10] -- Generating RTL for module 'PE_97127' 
INFO: [HLS 200-10] ----------------------------------------------------------------
INFO: [RTGEN 206-100] Finished creating RTL model for 'PE_97127'.
INFO: [HLS 200-111] Finished Creating RTL model: CPU user time: 0.12 seconds. CPU system time: 0.01 seconds. Elapsed time: 0.13 seconds; current allocated memory: 2.044 GB.
INFO: [HLS 200-10] ----------------------------------------------------------------
INFO: [HLS 200-10] -- Generating RTL for module 'PE_98128' 
INFO: [HLS 200-10] ----------------------------------------------------------------
INFO: [RTGEN 206-100] Finished creating RTL model for 'PE_98128'.
INFO: [HLS 200-111] Finished Creating RTL model: CPU user time: 0.13 seconds. CPU system time: 0 seconds. Elapsed time: 0.13 seconds; current allocated memory: 2.045 GB.
INFO: [HLS 200-10] ----------------------------------------------------------------
INFO: [HLS 200-10] -- Generating RTL for module 'PE_99129' 
INFO: [HLS 200-10] ----------------------------------------------------------------
INFO: [RTGEN 206-100] Finished creating RTL model for 'PE_99129'.
INFO: [HLS 200-111] Finished Creating RTL model: CPU user time: 0.12 seconds. CPU system time: 0 seconds. Elapsed time: 0.13 seconds; current allocated memory: 2.046 GB.
INFO: [HLS 200-10] ----------------------------------------------------------------
INFO: [HLS 200-10] -- Generating RTL for module 'PE_100130' 
INFO: [HLS 200-10] ----------------------------------------------------------------
INFO: [RTGEN 206-100] Finished creating RTL model for 'PE_100130'.
INFO: [HLS 200-111] Finished Creating RTL model: CPU user time: 0.12 seconds. CPU system time: 0.01 seconds. Elapsed time: 0.13 seconds; current allocated memory: 2.047 GB.
INFO: [HLS 200-10] ----------------------------------------------------------------
INFO: [HLS 200-10] -- Generating RTL for module 'PE_101131' 
INFO: [HLS 200-10] ----------------------------------------------------------------
INFO: [RTGEN 206-100] Finished creating RTL model for 'PE_101131'.
INFO: [HLS 200-111] Finished Creating RTL model: CPU user time: 0.12 seconds. CPU system time: 0.01 seconds. Elapsed time: 0.13 seconds; current allocated memory: 2.048 GB.
INFO: [HLS 200-10] ----------------------------------------------------------------
INFO: [HLS 200-10] -- Generating RTL for module 'PE_102132' 
INFO: [HLS 200-10] ----------------------------------------------------------------
INFO: [RTGEN 206-100] Finished creating RTL model for 'PE_102132'.
INFO: [HLS 200-111] Finished Creating RTL model: CPU user time: 0.12 seconds. CPU system time: 0.01 seconds. Elapsed time: 0.13 seconds; current allocated memory: 2.049 GB.
INFO: [HLS 200-10] ----------------------------------------------------------------
INFO: [HLS 200-10] -- Generating RTL for module 'PE_103133' 
INFO: [HLS 200-10] ----------------------------------------------------------------
INFO: [RTGEN 206-100] Finished creating RTL model for 'PE_103133'.
INFO: [HLS 200-111] Finished Creating RTL model: CPU user time: 0.12 seconds. CPU system time: 0 seconds. Elapsed time: 0.13 seconds; current allocated memory: 2.050 GB.
INFO: [HLS 200-10] ----------------------------------------------------------------
INFO: [HLS 200-10] -- Generating RTL for module 'PE_104134' 
INFO: [HLS 200-10] ----------------------------------------------------------------
INFO: [RTGEN 206-100] Finished creating RTL model for 'PE_104134'.
INFO: [HLS 200-111] Finished Creating RTL model: CPU user time: 0.13 seconds. CPU system time: 0 seconds. Elapsed time: 0.13 seconds; current allocated memory: 2.051 GB.
INFO: [HLS 200-10] ----------------------------------------------------------------
INFO: [HLS 200-10] -- Generating RTL for module 'PE_105135' 
INFO: [HLS 200-10] ----------------------------------------------------------------
INFO: [RTGEN 206-100] Finished creating RTL model for 'PE_105135'.
INFO: [HLS 200-111] Finished Creating RTL model: CPU user time: 0.13 seconds. CPU system time: 0.01 seconds. Elapsed time: 0.14 seconds; current allocated memory: 2.052 GB.
INFO: [HLS 200-10] ----------------------------------------------------------------
INFO: [HLS 200-10] -- Generating RTL for module 'PE_106136' 
INFO: [HLS 200-10] ----------------------------------------------------------------
INFO: [RTGEN 206-100] Finished creating RTL model for 'PE_106136'.
INFO: [HLS 200-111] Finished Creating RTL model: CPU user time: 0.13 seconds. CPU system time: 0 seconds. Elapsed time: 0.13 seconds; current allocated memory: 2.053 GB.
INFO: [HLS 200-10] ----------------------------------------------------------------
INFO: [HLS 200-10] -- Generating RTL for module 'PE_107137' 
INFO: [HLS 200-10] ----------------------------------------------------------------
INFO: [RTGEN 206-100] Finished creating RTL model for 'PE_107137'.
INFO: [HLS 200-111] Finished Creating RTL model: CPU user time: 0.13 seconds. CPU system time: 0.01 seconds. Elapsed time: 0.13 seconds; current allocated memory: 2.055 GB.
INFO: [HLS 200-10] ----------------------------------------------------------------
INFO: [HLS 200-10] -- Generating RTL for module 'PE_108138' 
INFO: [HLS 200-10] ----------------------------------------------------------------
INFO: [RTGEN 206-100] Finished creating RTL model for 'PE_108138'.
INFO: [HLS 200-111] Finished Creating RTL model: CPU user time: 0.13 seconds. CPU system time: 0 seconds. Elapsed time: 0.13 seconds; current allocated memory: 2.056 GB.
INFO: [HLS 200-10] ----------------------------------------------------------------
INFO: [HLS 200-10] -- Generating RTL for module 'PE_109139' 
INFO: [HLS 200-10] ----------------------------------------------------------------
INFO: [RTGEN 206-100] Finished creating RTL model for 'PE_109139'.
INFO: [HLS 200-111] Finished Creating RTL model: CPU user time: 0.13 seconds. CPU system time: 0.01 seconds. Elapsed time: 0.13 seconds; current allocated memory: 2.057 GB.
INFO: [HLS 200-10] ----------------------------------------------------------------
INFO: [HLS 200-10] -- Generating RTL for module 'PE_110140' 
INFO: [HLS 200-10] ----------------------------------------------------------------
INFO: [RTGEN 206-100] Finished creating RTL model for 'PE_110140'.
INFO: [HLS 200-111] Finished Creating RTL model: CPU user time: 0.12 seconds. CPU system time: 0 seconds. Elapsed time: 0.12 seconds; current allocated memory: 2.058 GB.
INFO: [HLS 200-10] ----------------------------------------------------------------
INFO: [HLS 200-10] -- Generating RTL for module 'PE_111141' 
INFO: [HLS 200-10] ----------------------------------------------------------------
INFO: [RTGEN 206-100] Finished creating RTL model for 'PE_111141'.
INFO: [HLS 200-111] Finished Creating RTL model: CPU user time: 0.12 seconds. CPU system time: 0.01 seconds. Elapsed time: 0.13 seconds; current allocated memory: 2.059 GB.
INFO: [HLS 200-10] ----------------------------------------------------------------
INFO: [HLS 200-10] -- Generating RTL for module 'PE_112142' 
INFO: [HLS 200-10] ----------------------------------------------------------------
INFO: [RTGEN 206-100] Finished creating RTL model for 'PE_112142'.
INFO: [HLS 200-111] Finished Creating RTL model: CPU user time: 0.13 seconds. CPU system time: 0.01 seconds. Elapsed time: 0.13 seconds; current allocated memory: 2.060 GB.
INFO: [HLS 200-10] ----------------------------------------------------------------
INFO: [HLS 200-10] -- Generating RTL for module 'PE_113143' 
INFO: [HLS 200-10] ----------------------------------------------------------------
INFO: [RTGEN 206-100] Finished creating RTL model for 'PE_113143'.
INFO: [HLS 200-111] Finished Creating RTL model: CPU user time: 0.13 seconds. CPU system time: 0.01 seconds. Elapsed time: 0.13 seconds; current allocated memory: 2.061 GB.
INFO: [HLS 200-10] ----------------------------------------------------------------
INFO: [HLS 200-10] -- Generating RTL for module 'PE_114144' 
INFO: [HLS 200-10] ----------------------------------------------------------------
INFO: [RTGEN 206-100] Finished creating RTL model for 'PE_114144'.
INFO: [HLS 200-111] Finished Creating RTL model: CPU user time: 0.13 seconds. CPU system time: 0 seconds. Elapsed time: 0.13 seconds; current allocated memory: 2.062 GB.
INFO: [HLS 200-10] ----------------------------------------------------------------
INFO: [HLS 200-10] -- Generating RTL for module 'PE_115145' 
INFO: [HLS 200-10] ----------------------------------------------------------------
INFO: [RTGEN 206-100] Finished creating RTL model for 'PE_115145'.
INFO: [HLS 200-111] Finished Creating RTL model: CPU user time: 0.13 seconds. CPU system time: 0.01 seconds. Elapsed time: 0.14 seconds; current allocated memory: 2.063 GB.
INFO: [HLS 200-10] ----------------------------------------------------------------
INFO: [HLS 200-10] -- Generating RTL for module 'PE_116146' 
INFO: [HLS 200-10] ----------------------------------------------------------------
INFO: [RTGEN 206-100] Finished creating RTL model for 'PE_116146'.
INFO: [HLS 200-111] Finished Creating RTL model: CPU user time: 0.12 seconds. CPU system time: 0.01 seconds. Elapsed time: 0.13 seconds; current allocated memory: 2.064 GB.
INFO: [HLS 200-10] ----------------------------------------------------------------
INFO: [HLS 200-10] -- Generating RTL for module 'PE_117147' 
INFO: [HLS 200-10] ----------------------------------------------------------------
INFO: [RTGEN 206-100] Finished creating RTL model for 'PE_117147'.
INFO: [HLS 200-111] Finished Creating RTL model: CPU user time: 0.12 seconds. CPU system time: 0.01 seconds. Elapsed time: 0.13 seconds; current allocated memory: 2.065 GB.
INFO: [HLS 200-10] ----------------------------------------------------------------
INFO: [HLS 200-10] -- Generating RTL for module 'PE_118148' 
INFO: [HLS 200-10] ----------------------------------------------------------------
INFO: [RTGEN 206-100] Finished creating RTL model for 'PE_118148'.
INFO: [HLS 200-111] Finished Creating RTL model: CPU user time: 0.12 seconds. CPU system time: 0.01 seconds. Elapsed time: 0.13 seconds; current allocated memory: 2.066 GB.
INFO: [HLS 200-10] ----------------------------------------------------------------
INFO: [HLS 200-10] -- Generating RTL for module 'PE_119149' 
INFO: [HLS 200-10] ----------------------------------------------------------------
INFO: [RTGEN 206-100] Finished creating RTL model for 'PE_119149'.
INFO: [HLS 200-111] Finished Creating RTL model: CPU user time: 0.12 seconds. CPU system time: 0 seconds. Elapsed time: 0.12 seconds; current allocated memory: 2.067 GB.
INFO: [HLS 200-10] ----------------------------------------------------------------
INFO: [HLS 200-10] -- Generating RTL for module 'PE_120150' 
INFO: [HLS 200-10] ----------------------------------------------------------------
INFO: [RTGEN 206-100] Finished creating RTL model for 'PE_120150'.
INFO: [HLS 200-111] Finished Creating RTL model: CPU user time: 0.13 seconds. CPU system time: 0.01 seconds. Elapsed time: 0.12 seconds; current allocated memory: 2.068 GB.
INFO: [HLS 200-10] ----------------------------------------------------------------
INFO: [HLS 200-10] -- Generating RTL for module 'PE_121151' 
INFO: [HLS 200-10] ----------------------------------------------------------------
INFO: [RTGEN 206-100] Finished creating RTL model for 'PE_121151'.
INFO: [HLS 200-111] Finished Creating RTL model: CPU user time: 0.13 seconds. CPU system time: 0 seconds. Elapsed time: 0.13 seconds; current allocated memory: 2.069 GB.
INFO: [HLS 200-10] ----------------------------------------------------------------
INFO: [HLS 200-10] -- Generating RTL for module 'PE_122152' 
INFO: [HLS 200-10] ----------------------------------------------------------------
INFO: [RTGEN 206-100] Finished creating RTL model for 'PE_122152'.
INFO: [HLS 200-111] Finished Creating RTL model: CPU user time: 0.13 seconds. CPU system time: 0.01 seconds. Elapsed time: 0.13 seconds; current allocated memory: 2.070 GB.
INFO: [HLS 200-10] ----------------------------------------------------------------
INFO: [HLS 200-10] -- Generating RTL for module 'PE_123153' 
INFO: [HLS 200-10] ----------------------------------------------------------------
INFO: [RTGEN 206-100] Finished creating RTL model for 'PE_123153'.
INFO: [HLS 200-111] Finished Creating RTL model: CPU user time: 0.13 seconds. CPU system time: 0 seconds. Elapsed time: 0.13 seconds; current allocated memory: 2.071 GB.
INFO: [HLS 200-10] ----------------------------------------------------------------
INFO: [HLS 200-10] -- Generating RTL for module 'PE_124154' 
INFO: [HLS 200-10] ----------------------------------------------------------------
INFO: [RTGEN 206-100] Finished creating RTL model for 'PE_124154'.
INFO: [HLS 200-111] Finished Creating RTL model: CPU user time: 0.13 seconds. CPU system time: 0 seconds. Elapsed time: 0.13 seconds; current allocated memory: 2.072 GB.
INFO: [HLS 200-10] ----------------------------------------------------------------
INFO: [HLS 200-10] -- Generating RTL for module 'PE_125155' 
INFO: [HLS 200-10] ----------------------------------------------------------------
INFO: [RTGEN 206-100] Finished creating RTL model for 'PE_125155'.
INFO: [HLS 200-111] Finished Creating RTL model: CPU user time: 0.14 seconds. CPU system time: 0.01 seconds. Elapsed time: 0.15 seconds; current allocated memory: 2.073 GB.
INFO: [HLS 200-10] ----------------------------------------------------------------
INFO: [HLS 200-10] -- Generating RTL for module 'PE_126156' 
INFO: [HLS 200-10] ----------------------------------------------------------------
INFO: [RTGEN 206-100] Finished creating RTL model for 'PE_126156'.
INFO: [HLS 200-111] Finished Creating RTL model: CPU user time: 0.13 seconds. CPU system time: 0 seconds. Elapsed time: 0.14 seconds; current allocated memory: 2.074 GB.
INFO: [HLS 200-10] ----------------------------------------------------------------
INFO: [HLS 200-10] -- Generating RTL for module 'PE_127157' 
INFO: [HLS 200-10] ----------------------------------------------------------------
INFO: [RTGEN 206-100] Finished creating RTL model for 'PE_127157'.
INFO: [HLS 200-111] Finished Creating RTL model: CPU user time: 0.12 seconds. CPU system time: 0 seconds. Elapsed time: 0.14 seconds; current allocated memory: 2.075 GB.
INFO: [HLS 200-10] ----------------------------------------------------------------
INFO: [HLS 200-10] -- Generating RTL for module 'PE_128158' 
INFO: [HLS 200-10] ----------------------------------------------------------------
INFO: [RTGEN 206-100] Finished creating RTL model for 'PE_128158'.
INFO: [HLS 200-111] Finished Creating RTL model: CPU user time: 0.12 seconds. CPU system time: 0.01 seconds. Elapsed time: 0.13 seconds; current allocated memory: 2.076 GB.
INFO: [HLS 200-10] ----------------------------------------------------------------
INFO: [HLS 200-10] -- Generating RTL for module 'sink_streams_129159' 
INFO: [HLS 200-10] ----------------------------------------------------------------
INFO: [RTGEN 206-100] Finished creating RTL model for 'sink_streams_129159'.
INFO: [HLS 200-111] Finished Creating RTL model: CPU user time: 0.13 seconds. CPU system time: 0.01 seconds. Elapsed time: 0.14 seconds; current allocated memory: 2.077 GB.
INFO: [HLS 200-10] ----------------------------------------------------------------
INFO: [HLS 200-10] -- Generating RTL for module 'stream_to_C_Buf_130160' 
INFO: [HLS 200-10] ----------------------------------------------------------------
INFO: [RTGEN 206-104] Estimated max fanout for 'stream_to_C_Buf_130160' is 8194 from HDL expression: ap_rst
INFO: [RTGEN 206-100] Finished creating RTL model for 'stream_to_C_Buf_130160'.
INFO: [HLS 200-111] Finished Creating RTL model: CPU user time: 0.19 seconds. CPU system time: 0.01 seconds. Elapsed time: 0.2 seconds; current allocated memory: 2.084 GB.
INFO: [HLS 200-10] ----------------------------------------------------------------
INFO: [HLS 200-10] -- Generating RTL for module 'dataflow_in_loop_tile_loop_A' 
INFO: [HLS 200-10] ----------------------------------------------------------------
INFO: [RTGEN 206-100] Finished creating RTL model for 'dataflow_in_loop_tile_loop_A'.
INFO: [RTMG 210-285] Implementing FIFO 'A_stream_143_U(gemm_fifo_w32_d8_A)' using Vivado Default RAMs.
INFO: [RTMG 210-285] Implementing FIFO 'A_stream_134_U(gemm_fifo_w32_d8_A)' using Vivado Default RAMs.
INFO: [RTMG 210-285] Implementing FIFO 'A_stream_125_U(gemm_fifo_w32_d8_A)' using Vivado Default RAMs.
INFO: [RTMG 210-285] Implementing FIFO 'A_stream_116_U(gemm_fifo_w32_d8_A)' using Vivado Default RAMs.
INFO: [RTMG 210-285] Implementing FIFO 'A_stream_107_U(gemm_fifo_w32_d8_A)' using Vivado Default RAMs.
INFO: [RTMG 210-285] Implementing FIFO 'A_stream_98_U(gemm_fifo_w32_d8_A)' using Vivado Default RAMs.
INFO: [RTMG 210-285] Implementing FIFO 'A_stream_89_U(gemm_fifo_w32_d8_A)' using Vivado Default RAMs.
INFO: [RTMG 210-285] Implementing FIFO 'A_stream_80_U(gemm_fifo_w32_d8_A)' using Vivado Default RAMs.
INFO: [RTMG 210-285] Implementing FIFO 'A_stream_71_U(gemm_fifo_w32_d8_A)' using Vivado Default RAMs.
INFO: [RTMG 210-285] Implementing FIFO 'A_stream_62_U(gemm_fifo_w32_d8_A)' using Vivado Default RAMs.
INFO: [RTMG 210-285] Implementing FIFO 'A_stream_53_U(gemm_fifo_w32_d8_A)' using Vivado Default RAMs.
INFO: [RTMG 210-285] Implementing FIFO 'A_stream_44_U(gemm_fifo_w32_d8_A)' using Vivado Default RAMs.
INFO: [RTMG 210-285] Implementing FIFO 'A_stream_35_U(gemm_fifo_w32_d8_A)' using Vivado Default RAMs.
INFO: [RTMG 210-285] Implementing FIFO 'A_stream_26_U(gemm_fifo_w32_d8_A)' using Vivado Default RAMs.
INFO: [RTMG 210-285] Implementing FIFO 'A_stream_17_U(gemm_fifo_w32_d8_A)' using Vivado Default RAMs.
INFO: [RTMG 210-285] Implementing FIFO 'A_stream_8_U(gemm_fifo_w32_d8_A)' using Vivado Default RAMs.
INFO: [RTMG 210-285] Implementing FIFO 'tileA_c_U(gemm_fifo_w2_d17_A)' using Vivado Default RAMs.
INFO: [RTMG 210-285] Implementing FIFO 'tileA_c1_U(gemm_fifo_w2_d17_A)' using Vivado Default RAMs.
INFO: [RTMG 210-285] Implementing FIFO 'B_stream_143_U(gemm_fifo_w32_d8_A)' using Vivado Default RAMs.
INFO: [RTMG 210-285] Implementing FIFO 'B_stream_142_U(gemm_fifo_w32_d8_A)' using Vivado Default RAMs.
INFO: [RTMG 210-285] Implementing FIFO 'B_stream_141_U(gemm_fifo_w32_d8_A)' using Vivado Default RAMs.
INFO: [RTMG 210-285] Implementing FIFO 'B_stream_140_U(gemm_fifo_w32_d8_A)' using Vivado Default RAMs.
INFO: [RTMG 210-285] Implementing FIFO 'B_stream_139_U(gemm_fifo_w32_d8_A)' using Vivado Default RAMs.
INFO: [RTMG 210-285] Implementing FIFO 'B_stream_138_U(gemm_fifo_w32_d8_A)' using Vivado Default RAMs.
INFO: [RTMG 210-285] Implementing FIFO 'B_stream_137_U(gemm_fifo_w32_d8_A)' using Vivado Default RAMs.
INFO: [RTMG 210-285] Implementing FIFO 'B_stream_136_U(gemm_fifo_w32_d8_A)' using Vivado Default RAMs.
INFO: [RTMG 210-285] Implementing FIFO 'A_stream_142_U(gemm_fifo_w32_d8_A)' using Vivado Default RAMs.
INFO: [RTMG 210-285] Implementing FIFO 'B_stream_135_U(gemm_fifo_w32_d8_A)' using Vivado Default RAMs.
INFO: [RTMG 210-285] Implementing FIFO 'C_stream_127_U(gemm_fifo_w32_d8_A)' using Vivado Default RAMs.
INFO: [RTMG 210-285] Implementing FIFO 'A_stream_141_U(gemm_fifo_w32_d8_A)' using Vivado Default RAMs.
INFO: [RTMG 210-285] Implementing FIFO 'B_stream_134_U(gemm_fifo_w32_d8_A)' using Vivado Default RAMs.
INFO: [RTMG 210-285] Implementing FIFO 'C_stream_126_U(gemm_fifo_w32_d8_A)' using Vivado Default RAMs.
INFO: [RTMG 210-285] Implementing FIFO 'A_stream_140_U(gemm_fifo_w32_d8_A)' using Vivado Default RAMs.
INFO: [RTMG 210-285] Implementing FIFO 'B_stream_133_U(gemm_fifo_w32_d8_A)' using Vivado Default RAMs.
INFO: [RTMG 210-285] Implementing FIFO 'C_stream_125_U(gemm_fifo_w32_d8_A)' using Vivado Default RAMs.
INFO: [RTMG 210-285] Implementing FIFO 'A_stream_139_U(gemm_fifo_w32_d8_A)' using Vivado Default RAMs.
INFO: [RTMG 210-285] Implementing FIFO 'B_stream_132_U(gemm_fifo_w32_d8_A)' using Vivado Default RAMs.
INFO: [RTMG 210-285] Implementing FIFO 'C_stream_124_U(gemm_fifo_w32_d8_A)' using Vivado Default RAMs.
INFO: [RTMG 210-285] Implementing FIFO 'A_stream_138_U(gemm_fifo_w32_d8_A)' using Vivado Default RAMs.
INFO: [RTMG 210-285] Implementing FIFO 'B_stream_131_U(gemm_fifo_w32_d8_A)' using Vivado Default RAMs.
INFO: [RTMG 210-285] Implementing FIFO 'C_stream_123_U(gemm_fifo_w32_d8_A)' using Vivado Default RAMs.
INFO: [RTMG 210-285] Implementing FIFO 'A_stream_137_U(gemm_fifo_w32_d8_A)' using Vivado Default RAMs.
INFO: [RTMG 210-285] Implementing FIFO 'B_stream_130_U(gemm_fifo_w32_d8_A)' using Vivado Default RAMs.
INFO: [RTMG 210-285] Implementing FIFO 'C_stream_122_U(gemm_fifo_w32_d8_A)' using Vivado Default RAMs.
INFO: [RTMG 210-285] Implementing FIFO 'A_stream_136_U(gemm_fifo_w32_d8_A)' using Vivado Default RAMs.
INFO: [RTMG 210-285] Implementing FIFO 'B_stream_129_U(gemm_fifo_w32_d8_A)' using Vivado Default RAMs.
INFO: [RTMG 210-285] Implementing FIFO 'C_stream_121_U(gemm_fifo_w32_d8_A)' using Vivado Default RAMs.
INFO: [RTMG 210-285] Implementing FIFO 'A_stream_135_U(gemm_fifo_w32_d8_A)' using Vivado Default RAMs.
INFO: [RTMG 210-285] Implementing FIFO 'B_stream_128_U(gemm_fifo_w32_d8_A)' using Vivado Default RAMs.
INFO: [RTMG 210-285] Implementing FIFO 'C_stream_120_U(gemm_fifo_w32_d8_A)' using Vivado Default RAMs.
INFO: [RTMG 210-285] Implementing FIFO 'A_stream_133_U(gemm_fifo_w32_d8_A)' using Vivado Default RAMs.
INFO: [RTMG 210-285] Implementing FIFO 'B_stream_127_U(gemm_fifo_w32_d8_A)' using Vivado Default RAMs.
INFO: [RTMG 210-285] Implementing FIFO 'C_stream_119_U(gemm_fifo_w32_d8_A)' using Vivado Default RAMs.
INFO: [RTMG 210-285] Implementing FIFO 'A_stream_132_U(gemm_fifo_w32_d8_A)' using Vivado Default RAMs.
INFO: [RTMG 210-285] Implementing FIFO 'B_stream_126_U(gemm_fifo_w32_d8_A)' using Vivado Default RAMs.
INFO: [RTMG 210-285] Implementing FIFO 'C_stream_118_U(gemm_fifo_w32_d8_A)' using Vivado Default RAMs.
INFO: [RTMG 210-285] Implementing FIFO 'A_stream_131_U(gemm_fifo_w32_d8_A)' using Vivado Default RAMs.
INFO: [RTMG 210-285] Implementing FIFO 'B_stream_125_U(gemm_fifo_w32_d8_A)' using Vivado Default RAMs.
INFO: [RTMG 210-285] Implementing FIFO 'C_stream_117_U(gemm_fifo_w32_d8_A)' using Vivado Default RAMs.
INFO: [RTMG 210-285] Implementing FIFO 'A_stream_130_U(gemm_fifo_w32_d8_A)' using Vivado Default RAMs.
INFO: [RTMG 210-285] Implementing FIFO 'B_stream_124_U(gemm_fifo_w32_d8_A)' using Vivado Default RAMs.
INFO: [RTMG 210-285] Implementing FIFO 'C_stream_116_U(gemm_fifo_w32_d8_A)' using Vivado Default RAMs.
INFO: [RTMG 210-285] Implementing FIFO 'A_stream_129_U(gemm_fifo_w32_d8_A)' using Vivado Default RAMs.
INFO: [RTMG 210-285] Implementing FIFO 'B_stream_123_U(gemm_fifo_w32_d8_A)' using Vivado Default RAMs.
INFO: [RTMG 210-285] Implementing FIFO 'C_stream_115_U(gemm_fifo_w32_d8_A)' using Vivado Default RAMs.
INFO: [RTMG 210-285] Implementing FIFO 'A_stream_128_U(gemm_fifo_w32_d8_A)' using Vivado Default RAMs.
INFO: [RTMG 210-285] Implementing FIFO 'B_stream_122_U(gemm_fifo_w32_d8_A)' using Vivado Default RAMs.
INFO: [RTMG 210-285] Implementing FIFO 'C_stream_114_U(gemm_fifo_w32_d8_A)' using Vivado Default RAMs.
INFO: [RTMG 210-285] Implementing FIFO 'A_stream_127_U(gemm_fifo_w32_d8_A)' using Vivado Default RAMs.
INFO: [RTMG 210-285] Implementing FIFO 'B_stream_121_U(gemm_fifo_w32_d8_A)' using Vivado Default RAMs.
INFO: [RTMG 210-285] Implementing FIFO 'C_stream_113_U(gemm_fifo_w32_d8_A)' using Vivado Default RAMs.
INFO: [RTMG 210-285] Implementing FIFO 'A_stream_126_U(gemm_fifo_w32_d8_A)' using Vivado Default RAMs.
INFO: [RTMG 210-285] Implementing FIFO 'B_stream_120_U(gemm_fifo_w32_d8_A)' using Vivado Default RAMs.
INFO: [RTMG 210-285] Implementing FIFO 'C_stream_112_U(gemm_fifo_w32_d8_A)' using Vivado Default RAMs.
INFO: [RTMG 210-285] Implementing FIFO 'A_stream_124_U(gemm_fifo_w32_d8_A)' using Vivado Default RAMs.
INFO: [RTMG 210-285] Implementing FIFO 'B_stream_119_U(gemm_fifo_w32_d8_A)' using Vivado Default RAMs.
INFO: [RTMG 210-285] Implementing FIFO 'C_stream_111_U(gemm_fifo_w32_d8_A)' using Vivado Default RAMs.
INFO: [RTMG 210-285] Implementing FIFO 'A_stream_123_U(gemm_fifo_w32_d8_A)' using Vivado Default RAMs.
INFO: [RTMG 210-285] Implementing FIFO 'B_stream_118_U(gemm_fifo_w32_d8_A)' using Vivado Default RAMs.
INFO: [RTMG 210-285] Implementing FIFO 'C_stream_110_U(gemm_fifo_w32_d8_A)' using Vivado Default RAMs.
INFO: [RTMG 210-285] Implementing FIFO 'A_stream_122_U(gemm_fifo_w32_d8_A)' using Vivado Default RAMs.
INFO: [RTMG 210-285] Implementing FIFO 'B_stream_117_U(gemm_fifo_w32_d8_A)' using Vivado Default RAMs.
INFO: [RTMG 210-285] Implementing FIFO 'C_stream_109_U(gemm_fifo_w32_d8_A)' using Vivado Default RAMs.
INFO: [RTMG 210-285] Implementing FIFO 'A_stream_121_U(gemm_fifo_w32_d8_A)' using Vivado Default RAMs.
INFO: [RTMG 210-285] Implementing FIFO 'B_stream_116_U(gemm_fifo_w32_d8_A)' using Vivado Default RAMs.
INFO: [RTMG 210-285] Implementing FIFO 'C_stream_108_U(gemm_fifo_w32_d8_A)' using Vivado Default RAMs.
INFO: [RTMG 210-285] Implementing FIFO 'A_stream_120_U(gemm_fifo_w32_d8_A)' using Vivado Default RAMs.
INFO: [RTMG 210-285] Implementing FIFO 'B_stream_115_U(gemm_fifo_w32_d8_A)' using Vivado Default RAMs.
INFO: [RTMG 210-285] Implementing FIFO 'C_stream_107_U(gemm_fifo_w32_d8_A)' using Vivado Default RAMs.
INFO: [RTMG 210-285] Implementing FIFO 'A_stream_119_U(gemm_fifo_w32_d8_A)' using Vivado Default RAMs.
INFO: [RTMG 210-285] Implementing FIFO 'B_stream_114_U(gemm_fifo_w32_d8_A)' using Vivado Default RAMs.
INFO: [RTMG 210-285] Implementing FIFO 'C_stream_106_U(gemm_fifo_w32_d8_A)' using Vivado Default RAMs.
INFO: [RTMG 210-285] Implementing FIFO 'A_stream_118_U(gemm_fifo_w32_d8_A)' using Vivado Default RAMs.
INFO: [RTMG 210-285] Implementing FIFO 'B_stream_113_U(gemm_fifo_w32_d8_A)' using Vivado Default RAMs.
INFO: [RTMG 210-285] Implementing FIFO 'C_stream_105_U(gemm_fifo_w32_d8_A)' using Vivado Default RAMs.
INFO: [RTMG 210-285] Implementing FIFO 'A_stream_117_U(gemm_fifo_w32_d8_A)' using Vivado Default RAMs.
INFO: [RTMG 210-285] Implementing FIFO 'B_stream_112_U(gemm_fifo_w32_d8_A)' using Vivado Default RAMs.
INFO: [RTMG 210-285] Implementing FIFO 'C_stream_104_U(gemm_fifo_w32_d8_A)' using Vivado Default RAMs.
INFO: [RTMG 210-285] Implementing FIFO 'A_stream_115_U(gemm_fifo_w32_d8_A)' using Vivado Default RAMs.
INFO: [RTMG 210-285] Implementing FIFO 'B_stream_111_U(gemm_fifo_w32_d8_A)' using Vivado Default RAMs.
INFO: [RTMG 210-285] Implementing FIFO 'C_stream_103_U(gemm_fifo_w32_d8_A)' using Vivado Default RAMs.
INFO: [RTMG 210-285] Implementing FIFO 'A_stream_114_U(gemm_fifo_w32_d8_A)' using Vivado Default RAMs.
INFO: [RTMG 210-285] Implementing FIFO 'B_stream_110_U(gemm_fifo_w32_d8_A)' using Vivado Default RAMs.
INFO: [RTMG 210-285] Implementing FIFO 'C_stream_102_U(gemm_fifo_w32_d8_A)' using Vivado Default RAMs.
INFO: [RTMG 210-285] Implementing FIFO 'A_stream_113_U(gemm_fifo_w32_d8_A)' using Vivado Default RAMs.
INFO: [RTMG 210-285] Implementing FIFO 'B_stream_109_U(gemm_fifo_w32_d8_A)' using Vivado Default RAMs.
INFO: [RTMG 210-285] Implementing FIFO 'C_stream_101_U(gemm_fifo_w32_d8_A)' using Vivado Default RAMs.
INFO: [RTMG 210-285] Implementing FIFO 'A_stream_112_U(gemm_fifo_w32_d8_A)' using Vivado Default RAMs.
INFO: [RTMG 210-285] Implementing FIFO 'B_stream_108_U(gemm_fifo_w32_d8_A)' using Vivado Default RAMs.
INFO: [RTMG 210-285] Implementing FIFO 'C_stream_100_U(gemm_fifo_w32_d8_A)' using Vivado Default RAMs.
INFO: [RTMG 210-285] Implementing FIFO 'A_stream_111_U(gemm_fifo_w32_d8_A)' using Vivado Default RAMs.
INFO: [RTMG 210-285] Implementing FIFO 'B_stream_107_U(gemm_fifo_w32_d8_A)' using Vivado Default RAMs.
INFO: [RTMG 210-285] Implementing FIFO 'C_stream_99_U(gemm_fifo_w32_d8_A)' using Vivado Default RAMs.
INFO: [RTMG 210-285] Implementing FIFO 'A_stream_110_U(gemm_fifo_w32_d8_A)' using Vivado Default RAMs.
INFO: [RTMG 210-285] Implementing FIFO 'B_stream_106_U(gemm_fifo_w32_d8_A)' using Vivado Default RAMs.
INFO: [RTMG 210-285] Implementing FIFO 'C_stream_98_U(gemm_fifo_w32_d8_A)' using Vivado Default RAMs.
INFO: [RTMG 210-285] Implementing FIFO 'A_stream_109_U(gemm_fifo_w32_d8_A)' using Vivado Default RAMs.
INFO: [RTMG 210-285] Implementing FIFO 'B_stream_105_U(gemm_fifo_w32_d8_A)' using Vivado Default RAMs.
INFO: [RTMG 210-285] Implementing FIFO 'C_stream_97_U(gemm_fifo_w32_d8_A)' using Vivado Default RAMs.
INFO: [RTMG 210-285] Implementing FIFO 'A_stream_108_U(gemm_fifo_w32_d8_A)' using Vivado Default RAMs.
INFO: [RTMG 210-285] Implementing FIFO 'B_stream_104_U(gemm_fifo_w32_d8_A)' using Vivado Default RAMs.
INFO: [RTMG 210-285] Implementing FIFO 'C_stream_96_U(gemm_fifo_w32_d8_A)' using Vivado Default RAMs.
INFO: [RTMG 210-285] Implementing FIFO 'A_stream_106_U(gemm_fifo_w32_d8_A)' using Vivado Default RAMs.
INFO: [RTMG 210-285] Implementing FIFO 'B_stream_103_U(gemm_fifo_w32_d8_A)' using Vivado Default RAMs.
INFO: [RTMG 210-285] Implementing FIFO 'C_stream_95_U(gemm_fifo_w32_d8_A)' using Vivado Default RAMs.
INFO: [RTMG 210-285] Implementing FIFO 'A_stream_105_U(gemm_fifo_w32_d8_A)' using Vivado Default RAMs.
INFO: [RTMG 210-285] Implementing FIFO 'B_stream_102_U(gemm_fifo_w32_d8_A)' using Vivado Default RAMs.
INFO: [RTMG 210-285] Implementing FIFO 'C_stream_94_U(gemm_fifo_w32_d8_A)' using Vivado Default RAMs.
INFO: [RTMG 210-285] Implementing FIFO 'A_stream_104_U(gemm_fifo_w32_d8_A)' using Vivado Default RAMs.
INFO: [RTMG 210-285] Implementing FIFO 'B_stream_101_U(gemm_fifo_w32_d8_A)' using Vivado Default RAMs.
INFO: [RTMG 210-285] Implementing FIFO 'C_stream_93_U(gemm_fifo_w32_d8_A)' using Vivado Default RAMs.
INFO: [RTMG 210-285] Implementing FIFO 'A_stream_103_U(gemm_fifo_w32_d8_A)' using Vivado Default RAMs.
INFO: [RTMG 210-285] Implementing FIFO 'B_stream_100_U(gemm_fifo_w32_d8_A)' using Vivado Default RAMs.
INFO: [RTMG 210-285] Implementing FIFO 'C_stream_92_U(gemm_fifo_w32_d8_A)' using Vivado Default RAMs.
INFO: [RTMG 210-285] Implementing FIFO 'A_stream_102_U(gemm_fifo_w32_d8_A)' using Vivado Default RAMs.
INFO: [RTMG 210-285] Implementing FIFO 'B_stream_99_U(gemm_fifo_w32_d8_A)' using Vivado Default RAMs.
INFO: [RTMG 210-285] Implementing FIFO 'C_stream_91_U(gemm_fifo_w32_d8_A)' using Vivado Default RAMs.
INFO: [RTMG 210-285] Implementing FIFO 'A_stream_101_U(gemm_fifo_w32_d8_A)' using Vivado Default RAMs.
INFO: [RTMG 210-285] Implementing FIFO 'B_stream_98_U(gemm_fifo_w32_d8_A)' using Vivado Default RAMs.
INFO: [RTMG 210-285] Implementing FIFO 'C_stream_90_U(gemm_fifo_w32_d8_A)' using Vivado Default RAMs.
INFO: [RTMG 210-285] Implementing FIFO 'A_stream_100_U(gemm_fifo_w32_d8_A)' using Vivado Default RAMs.
INFO: [RTMG 210-285] Implementing FIFO 'B_stream_97_U(gemm_fifo_w32_d8_A)' using Vivado Default RAMs.
INFO: [RTMG 210-285] Implementing FIFO 'C_stream_89_U(gemm_fifo_w32_d8_A)' using Vivado Default RAMs.
INFO: [RTMG 210-285] Implementing FIFO 'A_stream_99_U(gemm_fifo_w32_d8_A)' using Vivado Default RAMs.
INFO: [RTMG 210-285] Implementing FIFO 'B_stream_96_U(gemm_fifo_w32_d8_A)' using Vivado Default RAMs.
INFO: [RTMG 210-285] Implementing FIFO 'C_stream_88_U(gemm_fifo_w32_d8_A)' using Vivado Default RAMs.
INFO: [RTMG 210-285] Implementing FIFO 'A_stream_97_U(gemm_fifo_w32_d8_A)' using Vivado Default RAMs.
INFO: [RTMG 210-285] Implementing FIFO 'B_stream_95_U(gemm_fifo_w32_d8_A)' using Vivado Default RAMs.
INFO: [RTMG 210-285] Implementing FIFO 'C_stream_87_U(gemm_fifo_w32_d8_A)' using Vivado Default RAMs.
INFO: [RTMG 210-285] Implementing FIFO 'A_stream_96_U(gemm_fifo_w32_d8_A)' using Vivado Default RAMs.
INFO: [RTMG 210-285] Implementing FIFO 'B_stream_94_U(gemm_fifo_w32_d8_A)' using Vivado Default RAMs.
INFO: [RTMG 210-285] Implementing FIFO 'C_stream_86_U(gemm_fifo_w32_d8_A)' using Vivado Default RAMs.
INFO: [RTMG 210-285] Implementing FIFO 'A_stream_95_U(gemm_fifo_w32_d8_A)' using Vivado Default RAMs.
INFO: [RTMG 210-285] Implementing FIFO 'B_stream_93_U(gemm_fifo_w32_d8_A)' using Vivado Default RAMs.
INFO: [RTMG 210-285] Implementing FIFO 'C_stream_85_U(gemm_fifo_w32_d8_A)' using Vivado Default RAMs.
INFO: [RTMG 210-285] Implementing FIFO 'A_stream_94_U(gemm_fifo_w32_d8_A)' using Vivado Default RAMs.
INFO: [RTMG 210-285] Implementing FIFO 'B_stream_92_U(gemm_fifo_w32_d8_A)' using Vivado Default RAMs.
INFO: [RTMG 210-285] Implementing FIFO 'C_stream_84_U(gemm_fifo_w32_d8_A)' using Vivado Default RAMs.
INFO: [RTMG 210-285] Implementing FIFO 'A_stream_93_U(gemm_fifo_w32_d8_A)' using Vivado Default RAMs.
INFO: [RTMG 210-285] Implementing FIFO 'B_stream_91_U(gemm_fifo_w32_d8_A)' using Vivado Default RAMs.
INFO: [RTMG 210-285] Implementing FIFO 'C_stream_83_U(gemm_fifo_w32_d8_A)' using Vivado Default RAMs.
INFO: [RTMG 210-285] Implementing FIFO 'A_stream_92_U(gemm_fifo_w32_d8_A)' using Vivado Default RAMs.
INFO: [RTMG 210-285] Implementing FIFO 'B_stream_90_U(gemm_fifo_w32_d8_A)' using Vivado Default RAMs.
INFO: [RTMG 210-285] Implementing FIFO 'C_stream_82_U(gemm_fifo_w32_d8_A)' using Vivado Default RAMs.
INFO: [RTMG 210-285] Implementing FIFO 'A_stream_91_U(gemm_fifo_w32_d8_A)' using Vivado Default RAMs.
INFO: [RTMG 210-285] Implementing FIFO 'B_stream_89_U(gemm_fifo_w32_d8_A)' using Vivado Default RAMs.
INFO: [RTMG 210-285] Implementing FIFO 'C_stream_81_U(gemm_fifo_w32_d8_A)' using Vivado Default RAMs.
INFO: [RTMG 210-285] Implementing FIFO 'A_stream_90_U(gemm_fifo_w32_d8_A)' using Vivado Default RAMs.
INFO: [RTMG 210-285] Implementing FIFO 'B_stream_88_U(gemm_fifo_w32_d8_A)' using Vivado Default RAMs.
INFO: [RTMG 210-285] Implementing FIFO 'C_stream_80_U(gemm_fifo_w32_d8_A)' using Vivado Default RAMs.
INFO: [RTMG 210-285] Implementing FIFO 'A_stream_88_U(gemm_fifo_w32_d8_A)' using Vivado Default RAMs.
INFO: [RTMG 210-285] Implementing FIFO 'B_stream_87_U(gemm_fifo_w32_d8_A)' using Vivado Default RAMs.
INFO: [RTMG 210-285] Implementing FIFO 'C_stream_79_U(gemm_fifo_w32_d8_A)' using Vivado Default RAMs.
INFO: [RTMG 210-285] Implementing FIFO 'A_stream_87_U(gemm_fifo_w32_d8_A)' using Vivado Default RAMs.
INFO: [RTMG 210-285] Implementing FIFO 'B_stream_86_U(gemm_fifo_w32_d8_A)' using Vivado Default RAMs.
INFO: [RTMG 210-285] Implementing FIFO 'C_stream_78_U(gemm_fifo_w32_d8_A)' using Vivado Default RAMs.
INFO: [RTMG 210-285] Implementing FIFO 'A_stream_86_U(gemm_fifo_w32_d8_A)' using Vivado Default RAMs.
INFO: [RTMG 210-285] Implementing FIFO 'B_stream_85_U(gemm_fifo_w32_d8_A)' using Vivado Default RAMs.
INFO: [RTMG 210-285] Implementing FIFO 'C_stream_77_U(gemm_fifo_w32_d8_A)' using Vivado Default RAMs.
INFO: [RTMG 210-285] Implementing FIFO 'A_stream_85_U(gemm_fifo_w32_d8_A)' using Vivado Default RAMs.
INFO: [RTMG 210-285] Implementing FIFO 'B_stream_84_U(gemm_fifo_w32_d8_A)' using Vivado Default RAMs.
INFO: [RTMG 210-285] Implementing FIFO 'C_stream_76_U(gemm_fifo_w32_d8_A)' using Vivado Default RAMs.
INFO: [RTMG 210-285] Implementing FIFO 'A_stream_84_U(gemm_fifo_w32_d8_A)' using Vivado Default RAMs.
INFO: [RTMG 210-285] Implementing FIFO 'B_stream_83_U(gemm_fifo_w32_d8_A)' using Vivado Default RAMs.
INFO: [RTMG 210-285] Implementing FIFO 'C_stream_75_U(gemm_fifo_w32_d8_A)' using Vivado Default RAMs.
INFO: [RTMG 210-285] Implementing FIFO 'A_stream_83_U(gemm_fifo_w32_d8_A)' using Vivado Default RAMs.
INFO: [RTMG 210-285] Implementing FIFO 'B_stream_82_U(gemm_fifo_w32_d8_A)' using Vivado Default RAMs.
INFO: [RTMG 210-285] Implementing FIFO 'C_stream_74_U(gemm_fifo_w32_d8_A)' using Vivado Default RAMs.
INFO: [RTMG 210-285] Implementing FIFO 'A_stream_82_U(gemm_fifo_w32_d8_A)' using Vivado Default RAMs.
INFO: [RTMG 210-285] Implementing FIFO 'B_stream_81_U(gemm_fifo_w32_d8_A)' using Vivado Default RAMs.
INFO: [RTMG 210-285] Implementing FIFO 'C_stream_73_U(gemm_fifo_w32_d8_A)' using Vivado Default RAMs.
INFO: [RTMG 210-285] Implementing FIFO 'A_stream_81_U(gemm_fifo_w32_d8_A)' using Vivado Default RAMs.
INFO: [RTMG 210-285] Implementing FIFO 'B_stream_80_U(gemm_fifo_w32_d8_A)' using Vivado Default RAMs.
INFO: [RTMG 210-285] Implementing FIFO 'C_stream_72_U(gemm_fifo_w32_d8_A)' using Vivado Default RAMs.
INFO: [RTMG 210-285] Implementing FIFO 'A_stream_79_U(gemm_fifo_w32_d8_A)' using Vivado Default RAMs.
INFO: [RTMG 210-285] Implementing FIFO 'B_stream_79_U(gemm_fifo_w32_d8_A)' using Vivado Default RAMs.
INFO: [RTMG 210-285] Implementing FIFO 'C_stream_71_U(gemm_fifo_w32_d8_A)' using Vivado Default RAMs.
INFO: [RTMG 210-285] Implementing FIFO 'A_stream_78_U(gemm_fifo_w32_d8_A)' using Vivado Default RAMs.
INFO: [RTMG 210-285] Implementing FIFO 'B_stream_78_U(gemm_fifo_w32_d8_A)' using Vivado Default RAMs.
INFO: [RTMG 210-285] Implementing FIFO 'C_stream_70_U(gemm_fifo_w32_d8_A)' using Vivado Default RAMs.
INFO: [RTMG 210-285] Implementing FIFO 'A_stream_77_U(gemm_fifo_w32_d8_A)' using Vivado Default RAMs.
INFO: [RTMG 210-285] Implementing FIFO 'B_stream_77_U(gemm_fifo_w32_d8_A)' using Vivado Default RAMs.
INFO: [RTMG 210-285] Implementing FIFO 'C_stream_69_U(gemm_fifo_w32_d8_A)' using Vivado Default RAMs.
INFO: [RTMG 210-285] Implementing FIFO 'A_stream_76_U(gemm_fifo_w32_d8_A)' using Vivado Default RAMs.
INFO: [RTMG 210-285] Implementing FIFO 'B_stream_76_U(gemm_fifo_w32_d8_A)' using Vivado Default RAMs.
INFO: [RTMG 210-285] Implementing FIFO 'C_stream_68_U(gemm_fifo_w32_d8_A)' using Vivado Default RAMs.
INFO: [RTMG 210-285] Implementing FIFO 'A_stream_75_U(gemm_fifo_w32_d8_A)' using Vivado Default RAMs.
INFO: [RTMG 210-285] Implementing FIFO 'B_stream_75_U(gemm_fifo_w32_d8_A)' using Vivado Default RAMs.
INFO: [RTMG 210-285] Implementing FIFO 'C_stream_67_U(gemm_fifo_w32_d8_A)' using Vivado Default RAMs.
INFO: [RTMG 210-285] Implementing FIFO 'A_stream_74_U(gemm_fifo_w32_d8_A)' using Vivado Default RAMs.
INFO: [RTMG 210-285] Implementing FIFO 'B_stream_74_U(gemm_fifo_w32_d8_A)' using Vivado Default RAMs.
INFO: [RTMG 210-285] Implementing FIFO 'C_stream_66_U(gemm_fifo_w32_d8_A)' using Vivado Default RAMs.
INFO: [RTMG 210-285] Implementing FIFO 'A_stream_73_U(gemm_fifo_w32_d8_A)' using Vivado Default RAMs.
INFO: [RTMG 210-285] Implementing FIFO 'B_stream_73_U(gemm_fifo_w32_d8_A)' using Vivado Default RAMs.
INFO: [RTMG 210-285] Implementing FIFO 'C_stream_65_U(gemm_fifo_w32_d8_A)' using Vivado Default RAMs.
INFO: [RTMG 210-285] Implementing FIFO 'A_stream_72_U(gemm_fifo_w32_d8_A)' using Vivado Default RAMs.
INFO: [RTMG 210-285] Implementing FIFO 'B_stream_72_U(gemm_fifo_w32_d8_A)' using Vivado Default RAMs.
INFO: [RTMG 210-285] Implementing FIFO 'C_stream_64_U(gemm_fifo_w32_d8_A)' using Vivado Default RAMs.
INFO: [RTMG 210-285] Implementing FIFO 'B_stream_71_U(gemm_fifo_w32_d8_A)' using Vivado Default RAMs.
INFO: [RTMG 210-285] Implementing FIFO 'B_stream_70_U(gemm_fifo_w32_d8_A)' using Vivado Default RAMs.
INFO: [RTMG 210-285] Implementing FIFO 'B_stream_69_U(gemm_fifo_w32_d8_A)' using Vivado Default RAMs.
INFO: [RTMG 210-285] Implementing FIFO 'B_stream_68_U(gemm_fifo_w32_d8_A)' using Vivado Default RAMs.
INFO: [RTMG 210-285] Implementing FIFO 'B_stream_67_U(gemm_fifo_w32_d8_A)' using Vivado Default RAMs.
INFO: [RTMG 210-285] Implementing FIFO 'B_stream_66_U(gemm_fifo_w32_d8_A)' using Vivado Default RAMs.
INFO: [RTMG 210-285] Implementing FIFO 'B_stream_65_U(gemm_fifo_w32_d8_A)' using Vivado Default RAMs.
INFO: [RTMG 210-285] Implementing FIFO 'B_stream_64_U(gemm_fifo_w32_d8_A)' using Vivado Default RAMs.
INFO: [RTMG 210-285] Implementing FIFO 'A_stream_70_U(gemm_fifo_w32_d8_A)' using Vivado Default RAMs.
INFO: [RTMG 210-285] Implementing FIFO 'B_stream_63_U(gemm_fifo_w32_d8_A)' using Vivado Default RAMs.
INFO: [RTMG 210-285] Implementing FIFO 'C_stream_63_U(gemm_fifo_w32_d8_A)' using Vivado Default RAMs.
INFO: [RTMG 210-285] Implementing FIFO 'A_stream_69_U(gemm_fifo_w32_d8_A)' using Vivado Default RAMs.
INFO: [RTMG 210-285] Implementing FIFO 'B_stream_62_U(gemm_fifo_w32_d8_A)' using Vivado Default RAMs.
INFO: [RTMG 210-285] Implementing FIFO 'C_stream_62_U(gemm_fifo_w32_d8_A)' using Vivado Default RAMs.
INFO: [RTMG 210-285] Implementing FIFO 'A_stream_68_U(gemm_fifo_w32_d8_A)' using Vivado Default RAMs.
INFO: [RTMG 210-285] Implementing FIFO 'B_stream_61_U(gemm_fifo_w32_d8_A)' using Vivado Default RAMs.
INFO: [RTMG 210-285] Implementing FIFO 'C_stream_61_U(gemm_fifo_w32_d8_A)' using Vivado Default RAMs.
INFO: [RTMG 210-285] Implementing FIFO 'A_stream_67_U(gemm_fifo_w32_d8_A)' using Vivado Default RAMs.
INFO: [RTMG 210-285] Implementing FIFO 'B_stream_60_U(gemm_fifo_w32_d8_A)' using Vivado Default RAMs.
INFO: [RTMG 210-285] Implementing FIFO 'C_stream_60_U(gemm_fifo_w32_d8_A)' using Vivado Default RAMs.
INFO: [RTMG 210-285] Implementing FIFO 'A_stream_66_U(gemm_fifo_w32_d8_A)' using Vivado Default RAMs.
INFO: [RTMG 210-285] Implementing FIFO 'B_stream_59_U(gemm_fifo_w32_d8_A)' using Vivado Default RAMs.
INFO: [RTMG 210-285] Implementing FIFO 'C_stream_59_U(gemm_fifo_w32_d8_A)' using Vivado Default RAMs.
INFO: [RTMG 210-285] Implementing FIFO 'A_stream_65_U(gemm_fifo_w32_d8_A)' using Vivado Default RAMs.
INFO: [RTMG 210-285] Implementing FIFO 'B_stream_58_U(gemm_fifo_w32_d8_A)' using Vivado Default RAMs.
INFO: [RTMG 210-285] Implementing FIFO 'C_stream_58_U(gemm_fifo_w32_d8_A)' using Vivado Default RAMs.
INFO: [RTMG 210-285] Implementing FIFO 'A_stream_64_U(gemm_fifo_w32_d8_A)' using Vivado Default RAMs.
INFO: [RTMG 210-285] Implementing FIFO 'B_stream_57_U(gemm_fifo_w32_d8_A)' using Vivado Default RAMs.
INFO: [RTMG 210-285] Implementing FIFO 'C_stream_57_U(gemm_fifo_w32_d8_A)' using Vivado Default RAMs.
INFO: [RTMG 210-285] Implementing FIFO 'A_stream_63_U(gemm_fifo_w32_d8_A)' using Vivado Default RAMs.
INFO: [RTMG 210-285] Implementing FIFO 'B_stream_56_U(gemm_fifo_w32_d8_A)' using Vivado Default RAMs.
INFO: [RTMG 210-285] Implementing FIFO 'C_stream_56_U(gemm_fifo_w32_d8_A)' using Vivado Default RAMs.
INFO: [RTMG 210-285] Implementing FIFO 'A_stream_61_U(gemm_fifo_w32_d8_A)' using Vivado Default RAMs.
INFO: [RTMG 210-285] Implementing FIFO 'B_stream_55_U(gemm_fifo_w32_d8_A)' using Vivado Default RAMs.
INFO: [RTMG 210-285] Implementing FIFO 'C_stream_55_U(gemm_fifo_w32_d8_A)' using Vivado Default RAMs.
INFO: [RTMG 210-285] Implementing FIFO 'A_stream_60_U(gemm_fifo_w32_d8_A)' using Vivado Default RAMs.
INFO: [RTMG 210-285] Implementing FIFO 'B_stream_54_U(gemm_fifo_w32_d8_A)' using Vivado Default RAMs.
INFO: [RTMG 210-285] Implementing FIFO 'C_stream_54_U(gemm_fifo_w32_d8_A)' using Vivado Default RAMs.
INFO: [RTMG 210-285] Implementing FIFO 'A_stream_59_U(gemm_fifo_w32_d8_A)' using Vivado Default RAMs.
INFO: [RTMG 210-285] Implementing FIFO 'B_stream_53_U(gemm_fifo_w32_d8_A)' using Vivado Default RAMs.
INFO: [RTMG 210-285] Implementing FIFO 'C_stream_53_U(gemm_fifo_w32_d8_A)' using Vivado Default RAMs.
INFO: [RTMG 210-285] Implementing FIFO 'A_stream_58_U(gemm_fifo_w32_d8_A)' using Vivado Default RAMs.
INFO: [RTMG 210-285] Implementing FIFO 'B_stream_52_U(gemm_fifo_w32_d8_A)' using Vivado Default RAMs.
INFO: [RTMG 210-285] Implementing FIFO 'C_stream_52_U(gemm_fifo_w32_d8_A)' using Vivado Default RAMs.
INFO: [RTMG 210-285] Implementing FIFO 'A_stream_57_U(gemm_fifo_w32_d8_A)' using Vivado Default RAMs.
INFO: [RTMG 210-285] Implementing FIFO 'B_stream_51_U(gemm_fifo_w32_d8_A)' using Vivado Default RAMs.
INFO: [RTMG 210-285] Implementing FIFO 'C_stream_51_U(gemm_fifo_w32_d8_A)' using Vivado Default RAMs.
INFO: [RTMG 210-285] Implementing FIFO 'A_stream_56_U(gemm_fifo_w32_d8_A)' using Vivado Default RAMs.
INFO: [RTMG 210-285] Implementing FIFO 'B_stream_50_U(gemm_fifo_w32_d8_A)' using Vivado Default RAMs.
INFO: [RTMG 210-285] Implementing FIFO 'C_stream_50_U(gemm_fifo_w32_d8_A)' using Vivado Default RAMs.
INFO: [RTMG 210-285] Implementing FIFO 'A_stream_55_U(gemm_fifo_w32_d8_A)' using Vivado Default RAMs.
INFO: [RTMG 210-285] Implementing FIFO 'B_stream_49_U(gemm_fifo_w32_d8_A)' using Vivado Default RAMs.
INFO: [RTMG 210-285] Implementing FIFO 'C_stream_49_U(gemm_fifo_w32_d8_A)' using Vivado Default RAMs.
INFO: [RTMG 210-285] Implementing FIFO 'A_stream_54_U(gemm_fifo_w32_d8_A)' using Vivado Default RAMs.
INFO: [RTMG 210-285] Implementing FIFO 'B_stream_48_U(gemm_fifo_w32_d8_A)' using Vivado Default RAMs.
INFO: [RTMG 210-285] Implementing FIFO 'C_stream_48_U(gemm_fifo_w32_d8_A)' using Vivado Default RAMs.
INFO: [RTMG 210-285] Implementing FIFO 'A_stream_52_U(gemm_fifo_w32_d8_A)' using Vivado Default RAMs.
INFO: [RTMG 210-285] Implementing FIFO 'B_stream_47_U(gemm_fifo_w32_d8_A)' using Vivado Default RAMs.
INFO: [RTMG 210-285] Implementing FIFO 'C_stream_47_U(gemm_fifo_w32_d8_A)' using Vivado Default RAMs.
INFO: [RTMG 210-285] Implementing FIFO 'A_stream_51_U(gemm_fifo_w32_d8_A)' using Vivado Default RAMs.
INFO: [RTMG 210-285] Implementing FIFO 'B_stream_46_U(gemm_fifo_w32_d8_A)' using Vivado Default RAMs.
INFO: [RTMG 210-285] Implementing FIFO 'C_stream_46_U(gemm_fifo_w32_d8_A)' using Vivado Default RAMs.
INFO: [RTMG 210-285] Implementing FIFO 'A_stream_50_U(gemm_fifo_w32_d8_A)' using Vivado Default RAMs.
INFO: [RTMG 210-285] Implementing FIFO 'B_stream_45_U(gemm_fifo_w32_d8_A)' using Vivado Default RAMs.
INFO: [RTMG 210-285] Implementing FIFO 'C_stream_45_U(gemm_fifo_w32_d8_A)' using Vivado Default RAMs.
INFO: [RTMG 210-285] Implementing FIFO 'A_stream_49_U(gemm_fifo_w32_d8_A)' using Vivado Default RAMs.
INFO: [RTMG 210-285] Implementing FIFO 'B_stream_44_U(gemm_fifo_w32_d8_A)' using Vivado Default RAMs.
INFO: [RTMG 210-285] Implementing FIFO 'C_stream_44_U(gemm_fifo_w32_d8_A)' using Vivado Default RAMs.
INFO: [RTMG 210-285] Implementing FIFO 'A_stream_48_U(gemm_fifo_w32_d8_A)' using Vivado Default RAMs.
INFO: [RTMG 210-285] Implementing FIFO 'B_stream_43_U(gemm_fifo_w32_d8_A)' using Vivado Default RAMs.
INFO: [RTMG 210-285] Implementing FIFO 'C_stream_43_U(gemm_fifo_w32_d8_A)' using Vivado Default RAMs.
INFO: [RTMG 210-285] Implementing FIFO 'A_stream_47_U(gemm_fifo_w32_d8_A)' using Vivado Default RAMs.
INFO: [RTMG 210-285] Implementing FIFO 'B_stream_42_U(gemm_fifo_w32_d8_A)' using Vivado Default RAMs.
INFO: [RTMG 210-285] Implementing FIFO 'C_stream_42_U(gemm_fifo_w32_d8_A)' using Vivado Default RAMs.
INFO: [RTMG 210-285] Implementing FIFO 'A_stream_46_U(gemm_fifo_w32_d8_A)' using Vivado Default RAMs.
INFO: [RTMG 210-285] Implementing FIFO 'B_stream_41_U(gemm_fifo_w32_d8_A)' using Vivado Default RAMs.
INFO: [RTMG 210-285] Implementing FIFO 'C_stream_41_U(gemm_fifo_w32_d8_A)' using Vivado Default RAMs.
INFO: [RTMG 210-285] Implementing FIFO 'A_stream_45_U(gemm_fifo_w32_d8_A)' using Vivado Default RAMs.
INFO: [RTMG 210-285] Implementing FIFO 'B_stream_40_U(gemm_fifo_w32_d8_A)' using Vivado Default RAMs.
INFO: [RTMG 210-285] Implementing FIFO 'C_stream_40_U(gemm_fifo_w32_d8_A)' using Vivado Default RAMs.
INFO: [RTMG 210-285] Implementing FIFO 'A_stream_43_U(gemm_fifo_w32_d8_A)' using Vivado Default RAMs.
INFO: [RTMG 210-285] Implementing FIFO 'B_stream_39_U(gemm_fifo_w32_d8_A)' using Vivado Default RAMs.
INFO: [RTMG 210-285] Implementing FIFO 'C_stream_39_U(gemm_fifo_w32_d8_A)' using Vivado Default RAMs.
INFO: [RTMG 210-285] Implementing FIFO 'A_stream_42_U(gemm_fifo_w32_d8_A)' using Vivado Default RAMs.
INFO: [RTMG 210-285] Implementing FIFO 'B_stream_38_U(gemm_fifo_w32_d8_A)' using Vivado Default RAMs.
INFO: [RTMG 210-285] Implementing FIFO 'C_stream_38_U(gemm_fifo_w32_d8_A)' using Vivado Default RAMs.
INFO: [RTMG 210-285] Implementing FIFO 'A_stream_41_U(gemm_fifo_w32_d8_A)' using Vivado Default RAMs.
INFO: [RTMG 210-285] Implementing FIFO 'B_stream_37_U(gemm_fifo_w32_d8_A)' using Vivado Default RAMs.
INFO: [RTMG 210-285] Implementing FIFO 'C_stream_37_U(gemm_fifo_w32_d8_A)' using Vivado Default RAMs.
INFO: [RTMG 210-285] Implementing FIFO 'A_stream_40_U(gemm_fifo_w32_d8_A)' using Vivado Default RAMs.
INFO: [RTMG 210-285] Implementing FIFO 'B_stream_36_U(gemm_fifo_w32_d8_A)' using Vivado Default RAMs.
INFO: [RTMG 210-285] Implementing FIFO 'C_stream_36_U(gemm_fifo_w32_d8_A)' using Vivado Default RAMs.
INFO: [RTMG 210-285] Implementing FIFO 'A_stream_39_U(gemm_fifo_w32_d8_A)' using Vivado Default RAMs.
INFO: [RTMG 210-285] Implementing FIFO 'B_stream_35_U(gemm_fifo_w32_d8_A)' using Vivado Default RAMs.
INFO: [RTMG 210-285] Implementing FIFO 'C_stream_35_U(gemm_fifo_w32_d8_A)' using Vivado Default RAMs.
INFO: [RTMG 210-285] Implementing FIFO 'A_stream_38_U(gemm_fifo_w32_d8_A)' using Vivado Default RAMs.
INFO: [RTMG 210-285] Implementing FIFO 'B_stream_34_U(gemm_fifo_w32_d8_A)' using Vivado Default RAMs.
INFO: [RTMG 210-285] Implementing FIFO 'C_stream_34_U(gemm_fifo_w32_d8_A)' using Vivado Default RAMs.
INFO: [RTMG 210-285] Implementing FIFO 'A_stream_37_U(gemm_fifo_w32_d8_A)' using Vivado Default RAMs.
INFO: [RTMG 210-285] Implementing FIFO 'B_stream_33_U(gemm_fifo_w32_d8_A)' using Vivado Default RAMs.
INFO: [RTMG 210-285] Implementing FIFO 'C_stream_33_U(gemm_fifo_w32_d8_A)' using Vivado Default RAMs.
INFO: [RTMG 210-285] Implementing FIFO 'A_stream_36_U(gemm_fifo_w32_d8_A)' using Vivado Default RAMs.
INFO: [RTMG 210-285] Implementing FIFO 'B_stream_32_U(gemm_fifo_w32_d8_A)' using Vivado Default RAMs.
INFO: [RTMG 210-285] Implementing FIFO 'C_stream_32_U(gemm_fifo_w32_d8_A)' using Vivado Default RAMs.
INFO: [RTMG 210-285] Implementing FIFO 'A_stream_34_U(gemm_fifo_w32_d8_A)' using Vivado Default RAMs.
INFO: [RTMG 210-285] Implementing FIFO 'B_stream_31_U(gemm_fifo_w32_d8_A)' using Vivado Default RAMs.
INFO: [RTMG 210-285] Implementing FIFO 'C_stream_31_U(gemm_fifo_w32_d8_A)' using Vivado Default RAMs.
INFO: [RTMG 210-285] Implementing FIFO 'A_stream_33_U(gemm_fifo_w32_d8_A)' using Vivado Default RAMs.
INFO: [RTMG 210-285] Implementing FIFO 'B_stream_30_U(gemm_fifo_w32_d8_A)' using Vivado Default RAMs.
INFO: [RTMG 210-285] Implementing FIFO 'C_stream_30_U(gemm_fifo_w32_d8_A)' using Vivado Default RAMs.
INFO: [RTMG 210-285] Implementing FIFO 'A_stream_32_U(gemm_fifo_w32_d8_A)' using Vivado Default RAMs.
INFO: [RTMG 210-285] Implementing FIFO 'B_stream_29_U(gemm_fifo_w32_d8_A)' using Vivado Default RAMs.
INFO: [RTMG 210-285] Implementing FIFO 'C_stream_29_U(gemm_fifo_w32_d8_A)' using Vivado Default RAMs.
INFO: [RTMG 210-285] Implementing FIFO 'A_stream_31_U(gemm_fifo_w32_d8_A)' using Vivado Default RAMs.
INFO: [RTMG 210-285] Implementing FIFO 'B_stream_28_U(gemm_fifo_w32_d8_A)' using Vivado Default RAMs.
INFO: [RTMG 210-285] Implementing FIFO 'C_stream_28_U(gemm_fifo_w32_d8_A)' using Vivado Default RAMs.
INFO: [RTMG 210-285] Implementing FIFO 'A_stream_30_U(gemm_fifo_w32_d8_A)' using Vivado Default RAMs.
INFO: [RTMG 210-285] Implementing FIFO 'B_stream_27_U(gemm_fifo_w32_d8_A)' using Vivado Default RAMs.
INFO: [RTMG 210-285] Implementing FIFO 'C_stream_27_U(gemm_fifo_w32_d8_A)' using Vivado Default RAMs.
INFO: [RTMG 210-285] Implementing FIFO 'A_stream_29_U(gemm_fifo_w32_d8_A)' using Vivado Default RAMs.
INFO: [RTMG 210-285] Implementing FIFO 'B_stream_26_U(gemm_fifo_w32_d8_A)' using Vivado Default RAMs.
INFO: [RTMG 210-285] Implementing FIFO 'C_stream_26_U(gemm_fifo_w32_d8_A)' using Vivado Default RAMs.
INFO: [RTMG 210-285] Implementing FIFO 'A_stream_28_U(gemm_fifo_w32_d8_A)' using Vivado Default RAMs.
INFO: [RTMG 210-285] Implementing FIFO 'B_stream_25_U(gemm_fifo_w32_d8_A)' using Vivado Default RAMs.
INFO: [RTMG 210-285] Implementing FIFO 'C_stream_25_U(gemm_fifo_w32_d8_A)' using Vivado Default RAMs.
INFO: [RTMG 210-285] Implementing FIFO 'A_stream_27_U(gemm_fifo_w32_d8_A)' using Vivado Default RAMs.
INFO: [RTMG 210-285] Implementing FIFO 'B_stream_24_U(gemm_fifo_w32_d8_A)' using Vivado Default RAMs.
INFO: [RTMG 210-285] Implementing FIFO 'C_stream_24_U(gemm_fifo_w32_d8_A)' using Vivado Default RAMs.
INFO: [RTMG 210-285] Implementing FIFO 'A_stream_25_U(gemm_fifo_w32_d8_A)' using Vivado Default RAMs.
INFO: [RTMG 210-285] Implementing FIFO 'B_stream_23_U(gemm_fifo_w32_d8_A)' using Vivado Default RAMs.
INFO: [RTMG 210-285] Implementing FIFO 'C_stream_23_U(gemm_fifo_w32_d8_A)' using Vivado Default RAMs.
INFO: [RTMG 210-285] Implementing FIFO 'A_stream_24_U(gemm_fifo_w32_d8_A)' using Vivado Default RAMs.
INFO: [RTMG 210-285] Implementing FIFO 'B_stream_22_U(gemm_fifo_w32_d8_A)' using Vivado Default RAMs.
INFO: [RTMG 210-285] Implementing FIFO 'C_stream_22_U(gemm_fifo_w32_d8_A)' using Vivado Default RAMs.
INFO: [RTMG 210-285] Implementing FIFO 'A_stream_23_U(gemm_fifo_w32_d8_A)' using Vivado Default RAMs.
INFO: [RTMG 210-285] Implementing FIFO 'B_stream_21_U(gemm_fifo_w32_d8_A)' using Vivado Default RAMs.
INFO: [RTMG 210-285] Implementing FIFO 'C_stream_21_U(gemm_fifo_w32_d8_A)' using Vivado Default RAMs.
INFO: [RTMG 210-285] Implementing FIFO 'A_stream_22_U(gemm_fifo_w32_d8_A)' using Vivado Default RAMs.
INFO: [RTMG 210-285] Implementing FIFO 'B_stream_20_U(gemm_fifo_w32_d8_A)' using Vivado Default RAMs.
INFO: [RTMG 210-285] Implementing FIFO 'C_stream_20_U(gemm_fifo_w32_d8_A)' using Vivado Default RAMs.
INFO: [RTMG 210-285] Implementing FIFO 'A_stream_21_U(gemm_fifo_w32_d8_A)' using Vivado Default RAMs.
INFO: [RTMG 210-285] Implementing FIFO 'B_stream_19_U(gemm_fifo_w32_d8_A)' using Vivado Default RAMs.
INFO: [RTMG 210-285] Implementing FIFO 'C_stream_19_U(gemm_fifo_w32_d8_A)' using Vivado Default RAMs.
INFO: [RTMG 210-285] Implementing FIFO 'A_stream_20_U(gemm_fifo_w32_d8_A)' using Vivado Default RAMs.
INFO: [RTMG 210-285] Implementing FIFO 'B_stream_18_U(gemm_fifo_w32_d8_A)' using Vivado Default RAMs.
INFO: [RTMG 210-285] Implementing FIFO 'C_stream_18_U(gemm_fifo_w32_d8_A)' using Vivado Default RAMs.
INFO: [RTMG 210-285] Implementing FIFO 'A_stream_19_U(gemm_fifo_w32_d8_A)' using Vivado Default RAMs.
INFO: [RTMG 210-285] Implementing FIFO 'B_stream_17_U(gemm_fifo_w32_d8_A)' using Vivado Default RAMs.
INFO: [RTMG 210-285] Implementing FIFO 'C_stream_17_U(gemm_fifo_w32_d8_A)' using Vivado Default RAMs.
INFO: [RTMG 210-285] Implementing FIFO 'A_stream_18_U(gemm_fifo_w32_d8_A)' using Vivado Default RAMs.
INFO: [RTMG 210-285] Implementing FIFO 'B_stream_16_U(gemm_fifo_w32_d8_A)' using Vivado Default RAMs.
INFO: [RTMG 210-285] Implementing FIFO 'C_stream_16_U(gemm_fifo_w32_d8_A)' using Vivado Default RAMs.
INFO: [RTMG 210-285] Implementing FIFO 'A_stream_16_U(gemm_fifo_w32_d8_A)' using Vivado Default RAMs.
INFO: [RTMG 210-285] Implementing FIFO 'B_stream_15_U(gemm_fifo_w32_d8_A)' using Vivado Default RAMs.
INFO: [RTMG 210-285] Implementing FIFO 'C_stream_15_U(gemm_fifo_w32_d8_A)' using Vivado Default RAMs.
INFO: [RTMG 210-285] Implementing FIFO 'A_stream_15_U(gemm_fifo_w32_d8_A)' using Vivado Default RAMs.
INFO: [RTMG 210-285] Implementing FIFO 'B_stream_14_U(gemm_fifo_w32_d8_A)' using Vivado Default RAMs.
INFO: [RTMG 210-285] Implementing FIFO 'C_stream_14_U(gemm_fifo_w32_d8_A)' using Vivado Default RAMs.
INFO: [RTMG 210-285] Implementing FIFO 'A_stream_14_U(gemm_fifo_w32_d8_A)' using Vivado Default RAMs.
INFO: [RTMG 210-285] Implementing FIFO 'B_stream_13_U(gemm_fifo_w32_d8_A)' using Vivado Default RAMs.
INFO: [RTMG 210-285] Implementing FIFO 'C_stream_13_U(gemm_fifo_w32_d8_A)' using Vivado Default RAMs.
INFO: [RTMG 210-285] Implementing FIFO 'A_stream_13_U(gemm_fifo_w32_d8_A)' using Vivado Default RAMs.
INFO: [RTMG 210-285] Implementing FIFO 'B_stream_12_U(gemm_fifo_w32_d8_A)' using Vivado Default RAMs.
INFO: [RTMG 210-285] Implementing FIFO 'C_stream_12_U(gemm_fifo_w32_d8_A)' using Vivado Default RAMs.
INFO: [RTMG 210-285] Implementing FIFO 'A_stream_12_U(gemm_fifo_w32_d8_A)' using Vivado Default RAMs.
INFO: [RTMG 210-285] Implementing FIFO 'B_stream_11_U(gemm_fifo_w32_d8_A)' using Vivado Default RAMs.
INFO: [RTMG 210-285] Implementing FIFO 'C_stream_11_U(gemm_fifo_w32_d8_A)' using Vivado Default RAMs.
INFO: [RTMG 210-285] Implementing FIFO 'A_stream_11_U(gemm_fifo_w32_d8_A)' using Vivado Default RAMs.
INFO: [RTMG 210-285] Implementing FIFO 'B_stream_10_U(gemm_fifo_w32_d8_A)' using Vivado Default RAMs.
INFO: [RTMG 210-285] Implementing FIFO 'C_stream_10_U(gemm_fifo_w32_d8_A)' using Vivado Default RAMs.
INFO: [RTMG 210-285] Implementing FIFO 'A_stream_10_U(gemm_fifo_w32_d8_A)' using Vivado Default RAMs.
INFO: [RTMG 210-285] Implementing FIFO 'B_stream_9_U(gemm_fifo_w32_d8_A)' using Vivado Default RAMs.
INFO: [RTMG 210-285] Implementing FIFO 'C_stream_9_U(gemm_fifo_w32_d8_A)' using Vivado Default RAMs.
INFO: [RTMG 210-285] Implementing FIFO 'A_stream_9_U(gemm_fifo_w32_d8_A)' using Vivado Default RAMs.
INFO: [RTMG 210-285] Implementing FIFO 'B_stream_8_U(gemm_fifo_w32_d8_A)' using Vivado Default RAMs.
INFO: [RTMG 210-285] Implementing FIFO 'C_stream_8_U(gemm_fifo_w32_d8_A)' using Vivado Default RAMs.
INFO: [RTMG 210-285] Implementing FIFO 'A_stream_7_U(gemm_fifo_w32_d8_A)' using Vivado Default RAMs.
INFO: [RTMG 210-285] Implementing FIFO 'B_stream_7_U(gemm_fifo_w32_d8_A)' using Vivado Default RAMs.
INFO: [RTMG 210-285] Implementing FIFO 'C_stream_7_U(gemm_fifo_w32_d8_A)' using Vivado Default RAMs.
INFO: [RTMG 210-285] Implementing FIFO 'A_stream_6_U(gemm_fifo_w32_d8_A)' using Vivado Default RAMs.
INFO: [RTMG 210-285] Implementing FIFO 'B_stream_6_U(gemm_fifo_w32_d8_A)' using Vivado Default RAMs.
INFO: [RTMG 210-285] Implementing FIFO 'C_stream_6_U(gemm_fifo_w32_d8_A)' using Vivado Default RAMs.
INFO: [RTMG 210-285] Implementing FIFO 'A_stream_5_U(gemm_fifo_w32_d8_A)' using Vivado Default RAMs.
INFO: [RTMG 210-285] Implementing FIFO 'B_stream_5_U(gemm_fifo_w32_d8_A)' using Vivado Default RAMs.
INFO: [RTMG 210-285] Implementing FIFO 'C_stream_5_U(gemm_fifo_w32_d8_A)' using Vivado Default RAMs.
INFO: [RTMG 210-285] Implementing FIFO 'A_stream_4_U(gemm_fifo_w32_d8_A)' using Vivado Default RAMs.
INFO: [RTMG 210-285] Implementing FIFO 'B_stream_4_U(gemm_fifo_w32_d8_A)' using Vivado Default RAMs.
INFO: [RTMG 210-285] Implementing FIFO 'C_stream_4_U(gemm_fifo_w32_d8_A)' using Vivado Default RAMs.
INFO: [RTMG 210-285] Implementing FIFO 'A_stream_3_U(gemm_fifo_w32_d8_A)' using Vivado Default RAMs.
INFO: [RTMG 210-285] Implementing FIFO 'B_stream_3_U(gemm_fifo_w32_d8_A)' using Vivado Default RAMs.
INFO: [RTMG 210-285] Implementing FIFO 'C_stream_3_U(gemm_fifo_w32_d8_A)' using Vivado Default RAMs.
INFO: [RTMG 210-285] Implementing FIFO 'A_stream_2_U(gemm_fifo_w32_d8_A)' using Vivado Default RAMs.
INFO: [RTMG 210-285] Implementing FIFO 'B_stream_2_U(gemm_fifo_w32_d8_A)' using Vivado Default RAMs.
INFO: [RTMG 210-285] Implementing FIFO 'C_stream_2_U(gemm_fifo_w32_d8_A)' using Vivado Default RAMs.
INFO: [RTMG 210-285] Implementing FIFO 'A_stream_1_U(gemm_fifo_w32_d8_A)' using Vivado Default RAMs.
INFO: [RTMG 210-285] Implementing FIFO 'B_stream_1_U(gemm_fifo_w32_d8_A)' using Vivado Default RAMs.
INFO: [RTMG 210-285] Implementing FIFO 'C_stream_1_U(gemm_fifo_w32_d8_A)' using Vivado Default RAMs.
INFO: [RTMG 210-285] Implementing FIFO 'A_stream_U(gemm_fifo_w32_d8_A)' using Vivado Default RAMs.
INFO: [RTMG 210-285] Implementing FIFO 'B_stream_U(gemm_fifo_w32_d8_A)' using Vivado Default RAMs.
INFO: [RTMG 210-285] Implementing FIFO 'C_stream_U(gemm_fifo_w32_d8_A)' using Vivado Default RAMs.
INFO: [RTMG 210-285] Implementing FIFO 'start_for_PE4_U0_U(gemm_start_for_PE4_U0)' using Vivado Default RAMs.
INFO: [RTMG 210-285] Implementing FIFO 'start_for_PE_836_U0_U(gemm_start_for_PE_836_U0)' using Vivado Default RAMs.
INFO: [RTMG 210-285] Implementing FIFO 'start_for_PE_1644_U0_U(gemm_start_for_PE_1644_U0)' using Vivado Default RAMs.
INFO: [RTMG 210-285] Implementing FIFO 'start_for_PE_2452_U0_U(gemm_start_for_PE_2452_U0)' using Vivado Default RAMs.
INFO: [RTMG 210-285] Implementing FIFO 'start_for_PE_3260_U0_U(gemm_start_for_PE_3260_U0)' using Vivado Default RAMs.
INFO: [RTMG 210-285] Implementing FIFO 'start_for_PE_4068_U0_U(gemm_start_for_PE_4068_U0)' using Vivado Default RAMs.
INFO: [RTMG 210-285] Implementing FIFO 'start_for_PE_4876_U0_U(gemm_start_for_PE_4876_U0)' using Vivado Default RAMs.
INFO: [RTMG 210-285] Implementing FIFO 'start_for_PE_5684_U0_U(gemm_start_for_PE_5684_U0)' using Vivado Default RAMs.
INFO: [RTMG 210-285] Implementing FIFO 'start_for_stream_to_C_Buf93_U0_U(gemm_start_for_stream_to_C_Buf93_U0)' using Vivado Default RAMs.
INFO: [RTMG 210-285] Implementing FIFO 'start_for_PE_6595_U0_U(gemm_start_for_PE_6595_U0)' using Vivado Default RAMs.
INFO: [RTMG 210-285] Implementing FIFO 'start_for_PE_73103_U0_U(gemm_start_for_PE_73103_U0)' using Vivado Default RAMs.
INFO: [RTMG 210-285] Implementing FIFO 'start_for_PE_81111_U0_U(gemm_start_for_PE_81111_U0)' using Vivado Default RAMs.
INFO: [RTMG 210-285] Implementing FIFO 'start_for_PE_89119_U0_U(gemm_start_for_PE_89119_U0)' using Vivado Default RAMs.
INFO: [RTMG 210-285] Implementing FIFO 'start_for_PE_97127_U0_U(gemm_start_for_PE_97127_U0)' using Vivado Default RAMs.
INFO: [RTMG 210-285] Implementing FIFO 'start_for_PE_105135_U0_U(gemm_start_for_PE_105135_U0)' using Vivado Default RAMs.
INFO: [RTMG 210-285] Implementing FIFO 'start_for_PE_113143_U0_U(gemm_start_for_PE_113143_U0)' using Vivado Default RAMs.
INFO: [RTMG 210-285] Implementing FIFO 'start_for_PE_121151_U0_U(gemm_start_for_PE_121151_U0)' using Vivado Default RAMs.
INFO: [RTMG 210-285] Implementing FIFO 'start_for_stream_to_C_Buf_130160_U0_U(gemm_start_for_stream_to_C_Buf_130160_U0)' using Vivado Default RAMs.
INFO: [RTMG 210-285] Implementing FIFO 'start_for_PE_129_U0_U(gemm_start_for_PE_129_U0)' using Vivado Default RAMs.
INFO: [RTMG 210-285] Implementing FIFO 'start_for_PE_230_U0_U(gemm_start_for_PE_230_U0)' using Vivado Default RAMs.
INFO: [RTMG 210-285] Implementing FIFO 'start_for_PE_331_U0_U(gemm_start_for_PE_331_U0)' using Vivado Default RAMs.
INFO: [RTMG 210-285] Implementing FIFO 'start_for_PE_432_U0_U(gemm_start_for_PE_432_U0)' using Vivado Default RAMs.
INFO: [RTMG 210-285] Implementing FIFO 'start_for_PE_533_U0_U(gemm_start_for_PE_533_U0)' using Vivado Default RAMs.
INFO: [RTMG 210-285] Implementing FIFO 'start_for_PE_634_U0_U(gemm_start_for_PE_634_U0)' using Vivado Default RAMs.
INFO: [RTMG 210-285] Implementing FIFO 'start_for_PE_735_U0_U(gemm_start_for_PE_735_U0)' using Vivado Default RAMs.
INFO: [RTMG 210-285] Implementing FIFO 'start_for_PE_937_U0_U(gemm_start_for_PE_937_U0)' using Vivado Default RAMs.
INFO: [RTMG 210-285] Implementing FIFO 'start_for_PE_1038_U0_U(gemm_start_for_PE_1038_U0)' using Vivado Default RAMs.
INFO: [RTMG 210-285] Implementing FIFO 'start_for_PE_1139_U0_U(gemm_start_for_PE_1139_U0)' using Vivado Default RAMs.
INFO: [RTMG 210-285] Implementing FIFO 'start_for_PE_1240_U0_U(gemm_start_for_PE_1240_U0)' using Vivado Default RAMs.
INFO: [RTMG 210-285] Implementing FIFO 'start_for_PE_1341_U0_U(gemm_start_for_PE_1341_U0)' using Vivado Default RAMs.
INFO: [RTMG 210-285] Implementing FIFO 'start_for_PE_1442_U0_U(gemm_start_for_PE_1442_U0)' using Vivado Default RAMs.
INFO: [RTMG 210-285] Implementing FIFO 'start_for_PE_1543_U0_U(gemm_start_for_PE_1543_U0)' using Vivado Default RAMs.
INFO: [RTMG 210-285] Implementing FIFO 'start_for_sink_streams92_U0_U(gemm_start_for_sink_streams92_U0)' using Vivado Default RAMs.
INFO: [RTMG 210-285] Implementing FIFO 'start_for_PE_1846_U0_U(gemm_start_for_PE_1846_U0)' using Vivado Default RAMs.
INFO: [RTMG 210-285] Implementing FIFO 'start_for_PE_1947_U0_U(gemm_start_for_PE_1947_U0)' using Vivado Default RAMs.
INFO: [RTMG 210-285] Implementing FIFO 'start_for_PE_2048_U0_U(gemm_start_for_PE_2048_U0)' using Vivado Default RAMs.
INFO: [RTMG 210-285] Implementing FIFO 'start_for_PE_2149_U0_U(gemm_start_for_PE_2149_U0)' using Vivado Default RAMs.
INFO: [RTMG 210-285] Implementing FIFO 'start_for_PE_2250_U0_U(gemm_start_for_PE_2250_U0)' using Vivado Default RAMs.
INFO: [RTMG 210-285] Implementing FIFO 'start_for_PE_2351_U0_U(gemm_start_for_PE_2351_U0)' using Vivado Default RAMs.
INFO: [RTMG 210-285] Implementing FIFO 'start_for_PE_1745_U0_U(gemm_start_for_PE_1745_U0)' using Vivado Default RAMs.
INFO: [RTMG 210-285] Implementing FIFO 'start_for_PE_2755_U0_U(gemm_start_for_PE_2755_U0)' using Vivado Default RAMs.
INFO: [RTMG 210-285] Implementing FIFO 'start_for_PE_2856_U0_U(gemm_start_for_PE_2856_U0)' using Vivado Default RAMs.
INFO: [RTMG 210-285] Implementing FIFO 'start_for_PE_2957_U0_U(gemm_start_for_PE_2957_U0)' using Vivado Default RAMs.
INFO: [RTMG 210-285] Implementing FIFO 'start_for_PE_3058_U0_U(gemm_start_for_PE_3058_U0)' using Vivado Default RAMs.
INFO: [RTMG 210-285] Implementing FIFO 'start_for_PE_3159_U0_U(gemm_start_for_PE_3159_U0)' using Vivado Default RAMs.
INFO: [RTMG 210-285] Implementing FIFO 'start_for_PE_2553_U0_U(gemm_start_for_PE_2553_U0)' using Vivado Default RAMs.
INFO: [RTMG 210-285] Implementing FIFO 'start_for_PE_2654_U0_U(gemm_start_for_PE_2654_U0)' using Vivado Default RAMs.
INFO: [RTMG 210-285] Implementing FIFO 'start_for_PE_3664_U0_U(gemm_start_for_PE_3664_U0)' using Vivado Default RAMs.
INFO: [RTMG 210-285] Implementing FIFO 'start_for_PE_3765_U0_U(gemm_start_for_PE_3765_U0)' using Vivado Default RAMs.
INFO: [RTMG 210-285] Implementing FIFO 'start_for_PE_3866_U0_U(gemm_start_for_PE_3866_U0)' using Vivado Default RAMs.
INFO: [RTMG 210-285] Implementing FIFO 'start_for_PE_3967_U0_U(gemm_start_for_PE_3967_U0)' using Vivado Default RAMs.
INFO: [RTMG 210-285] Implementing FIFO 'start_for_PE_3361_U0_U(gemm_start_for_PE_3361_U0)' using Vivado Default RAMs.
INFO: [RTMG 210-285] Implementing FIFO 'start_for_PE_3462_U0_U(gemm_start_for_PE_3462_U0)' using Vivado Default RAMs.
INFO: [RTMG 210-285] Implementing FIFO 'start_for_PE_3563_U0_U(gemm_start_for_PE_3563_U0)' using Vivado Default RAMs.
INFO: [RTMG 210-285] Implementing FIFO 'start_for_PE_4573_U0_U(gemm_start_for_PE_4573_U0)' using Vivado Default RAMs.
INFO: [RTMG 210-285] Implementing FIFO 'start_for_PE_4674_U0_U(gemm_start_for_PE_4674_U0)' using Vivado Default RAMs.
INFO: [RTMG 210-285] Implementing FIFO 'start_for_PE_4775_U0_U(gemm_start_for_PE_4775_U0)' using Vivado Default RAMs.
INFO: [RTMG 210-285] Implementing FIFO 'start_for_PE_4169_U0_U(gemm_start_for_PE_4169_U0)' using Vivado Default RAMs.
INFO: [RTMG 210-285] Implementing FIFO 'start_for_PE_4270_U0_U(gemm_start_for_PE_4270_U0)' using Vivado Default RAMs.
INFO: [RTMG 210-285] Implementing FIFO 'start_for_PE_4371_U0_U(gemm_start_for_PE_4371_U0)' using Vivado Default RAMs.
INFO: [RTMG 210-285] Implementing FIFO 'start_for_PE_4472_U0_U(gemm_start_for_PE_4472_U0)' using Vivado Default RAMs.
INFO: [RTMG 210-285] Implementing FIFO 'start_for_PE_5482_U0_U(gemm_start_for_PE_5482_U0)' using Vivado Default RAMs.
INFO: [RTMG 210-285] Implementing FIFO 'start_for_PE_5583_U0_U(gemm_start_for_PE_5583_U0)' using Vivado Default RAMs.
INFO: [RTMG 210-285] Implementing FIFO 'start_for_PE_4977_U0_U(gemm_start_for_PE_4977_U0)' using Vivado Default RAMs.
INFO: [RTMG 210-285] Implementing FIFO 'start_for_PE_5078_U0_U(gemm_start_for_PE_5078_U0)' using Vivado Default RAMs.
INFO: [RTMG 210-285] Implementing FIFO 'start_for_PE_5179_U0_U(gemm_start_for_PE_5179_U0)' using Vivado Default RAMs.
INFO: [RTMG 210-285] Implementing FIFO 'start_for_PE_5280_U0_U(gemm_start_for_PE_5280_U0)' using Vivado Default RAMs.
INFO: [RTMG 210-285] Implementing FIFO 'start_for_PE_5381_U0_U(gemm_start_for_PE_5381_U0)' using Vivado Default RAMs.
INFO: [RTMG 210-285] Implementing FIFO 'start_for_PE_6391_U0_U(gemm_start_for_PE_6391_U0)' using Vivado Default RAMs.
INFO: [RTMG 210-285] Implementing FIFO 'start_for_PE_5785_U0_U(gemm_start_for_PE_5785_U0)' using Vivado Default RAMs.
INFO: [RTMG 210-285] Implementing FIFO 'start_for_PE_5886_U0_U(gemm_start_for_PE_5886_U0)' using Vivado Default RAMs.
INFO: [RTMG 210-285] Implementing FIFO 'start_for_PE_5987_U0_U(gemm_start_for_PE_5987_U0)' using Vivado Default RAMs.
INFO: [RTMG 210-285] Implementing FIFO 'start_for_PE_6088_U0_U(gemm_start_for_PE_6088_U0)' using Vivado Default RAMs.
INFO: [RTMG 210-285] Implementing FIFO 'start_for_PE_6189_U0_U(gemm_start_for_PE_6189_U0)' using Vivado Default RAMs.
INFO: [RTMG 210-285] Implementing FIFO 'start_for_PE_6290_U0_U(gemm_start_for_PE_6290_U0)' using Vivado Default RAMs.
INFO: [RTMG 210-285] Implementing FIFO 'start_for_PE_6696_U0_U(gemm_start_for_PE_6696_U0)' using Vivado Default RAMs.
INFO: [RTMG 210-285] Implementing FIFO 'start_for_PE_6797_U0_U(gemm_start_for_PE_6797_U0)' using Vivado Default RAMs.
INFO: [RTMG 210-285] Implementing FIFO 'start_for_PE_6898_U0_U(gemm_start_for_PE_6898_U0)' using Vivado Default RAMs.
INFO: [RTMG 210-285] Implementing FIFO 'start_for_PE_6999_U0_U(gemm_start_for_PE_6999_U0)' using Vivado Default RAMs.
INFO: [RTMG 210-285] Implementing FIFO 'start_for_PE_70100_U0_U(gemm_start_for_PE_70100_U0)' using Vivado Default RAMs.
INFO: [RTMG 210-285] Implementing FIFO 'start_for_PE_71101_U0_U(gemm_start_for_PE_71101_U0)' using Vivado Default RAMs.
INFO: [RTMG 210-285] Implementing FIFO 'start_for_PE_72102_U0_U(gemm_start_for_PE_72102_U0)' using Vivado Default RAMs.
INFO: [RTMG 210-285] Implementing FIFO 'start_for_PE_74104_U0_U(gemm_start_for_PE_74104_U0)' using Vivado Default RAMs.
INFO: [RTMG 210-285] Implementing FIFO 'start_for_PE_75105_U0_U(gemm_start_for_PE_75105_U0)' using Vivado Default RAMs.
INFO: [RTMG 210-285] Implementing FIFO 'start_for_PE_76106_U0_U(gemm_start_for_PE_76106_U0)' using Vivado Default RAMs.
INFO: [RTMG 210-285] Implementing FIFO 'start_for_PE_77107_U0_U(gemm_start_for_PE_77107_U0)' using Vivado Default RAMs.
INFO: [RTMG 210-285] Implementing FIFO 'start_for_PE_78108_U0_U(gemm_start_for_PE_78108_U0)' using Vivado Default RAMs.
INFO: [RTMG 210-285] Implementing FIFO 'start_for_PE_79109_U0_U(gemm_start_for_PE_79109_U0)' using Vivado Default RAMs.
INFO: [RTMG 210-285] Implementing FIFO 'start_for_PE_80110_U0_U(gemm_start_for_PE_80110_U0)' using Vivado Default RAMs.
INFO: [RTMG 210-285] Implementing FIFO 'start_for_sink_streams_129159_U0_U(gemm_start_for_sink_streams_129159_U0)' using Vivado Default RAMs.
INFO: [RTMG 210-285] Implementing FIFO 'start_for_PE_83113_U0_U(gemm_start_for_PE_83113_U0)' using Vivado Default RAMs.
INFO: [RTMG 210-285] Implementing FIFO 'start_for_PE_84114_U0_U(gemm_start_for_PE_84114_U0)' using Vivado Default RAMs.
INFO: [RTMG 210-285] Implementing FIFO 'start_for_PE_85115_U0_U(gemm_start_for_PE_85115_U0)' using Vivado Default RAMs.
INFO: [RTMG 210-285] Implementing FIFO 'start_for_PE_86116_U0_U(gemm_start_for_PE_86116_U0)' using Vivado Default RAMs.
INFO: [RTMG 210-285] Implementing FIFO 'start_for_PE_87117_U0_U(gemm_start_for_PE_87117_U0)' using Vivado Default RAMs.
INFO: [RTMG 210-285] Implementing FIFO 'start_for_PE_88118_U0_U(gemm_start_for_PE_88118_U0)' using Vivado Default RAMs.
INFO: [RTMG 210-285] Implementing FIFO 'start_for_PE_82112_U0_U(gemm_start_for_PE_82112_U0)' using Vivado Default RAMs.
INFO: [RTMG 210-285] Implementing FIFO 'start_for_PE_92122_U0_U(gemm_start_for_PE_92122_U0)' using Vivado Default RAMs.
INFO: [RTMG 210-285] Implementing FIFO 'start_for_PE_93123_U0_U(gemm_start_for_PE_93123_U0)' using Vivado Default RAMs.
INFO: [RTMG 210-285] Implementing FIFO 'start_for_PE_94124_U0_U(gemm_start_for_PE_94124_U0)' using Vivado Default RAMs.
INFO: [RTMG 210-285] Implementing FIFO 'start_for_PE_95125_U0_U(gemm_start_for_PE_95125_U0)' using Vivado Default RAMs.
INFO: [RTMG 210-285] Implementing FIFO 'start_for_PE_96126_U0_U(gemm_start_for_PE_96126_U0)' using Vivado Default RAMs.
INFO: [RTMG 210-285] Implementing FIFO 'start_for_PE_90120_U0_U(gemm_start_for_PE_90120_U0)' using Vivado Default RAMs.
INFO: [RTMG 210-285] Implementing FIFO 'start_for_PE_91121_U0_U(gemm_start_for_PE_91121_U0)' using Vivado Default RAMs.
INFO: [RTMG 210-285] Implementing FIFO 'start_for_PE_101131_U0_U(gemm_start_for_PE_101131_U0)' using Vivado Default RAMs.
INFO: [RTMG 210-285] Implementing FIFO 'start_for_PE_102132_U0_U(gemm_start_for_PE_102132_U0)' using Vivado Default RAMs.
INFO: [RTMG 210-285] Implementing FIFO 'start_for_PE_103133_U0_U(gemm_start_for_PE_103133_U0)' using Vivado Default RAMs.
INFO: [RTMG 210-285] Implementing FIFO 'start_for_PE_104134_U0_U(gemm_start_for_PE_104134_U0)' using Vivado Default RAMs.
INFO: [RTMG 210-285] Implementing FIFO 'start_for_PE_98128_U0_U(gemm_start_for_PE_98128_U0)' using Vivado Default RAMs.
INFO: [RTMG 210-285] Implementing FIFO 'start_for_PE_99129_U0_U(gemm_start_for_PE_99129_U0)' using Vivado Default RAMs.
INFO: [RTMG 210-285] Implementing FIFO 'start_for_PE_100130_U0_U(gemm_start_for_PE_100130_U0)' using Vivado Default RAMs.
INFO: [RTMG 210-285] Implementing FIFO 'start_for_PE_110140_U0_U(gemm_start_for_PE_110140_U0)' using Vivado Default RAMs.
INFO: [RTMG 210-285] Implementing FIFO 'start_for_PE_111141_U0_U(gemm_start_for_PE_111141_U0)' using Vivado Default RAMs.
INFO: [RTMG 210-285] Implementing FIFO 'start_for_PE_112142_U0_U(gemm_start_for_PE_112142_U0)' using Vivado Default RAMs.
INFO: [RTMG 210-285] Implementing FIFO 'start_for_PE_106136_U0_U(gemm_start_for_PE_106136_U0)' using Vivado Default RAMs.
INFO: [RTMG 210-285] Implementing FIFO 'start_for_PE_107137_U0_U(gemm_start_for_PE_107137_U0)' using Vivado Default RAMs.
INFO: [RTMG 210-285] Implementing FIFO 'start_for_PE_108138_U0_U(gemm_start_for_PE_108138_U0)' using Vivado Default RAMs.
INFO: [RTMG 210-285] Implementing FIFO 'start_for_PE_109139_U0_U(gemm_start_for_PE_109139_U0)' using Vivado Default RAMs.
INFO: [RTMG 210-285] Implementing FIFO 'start_for_PE_119149_U0_U(gemm_start_for_PE_119149_U0)' using Vivado Default RAMs.
INFO: [RTMG 210-285] Implementing FIFO 'start_for_PE_120150_U0_U(gemm_start_for_PE_120150_U0)' using Vivado Default RAMs.
INFO: [RTMG 210-285] Implementing FIFO 'start_for_PE_114144_U0_U(gemm_start_for_PE_114144_U0)' using Vivado Default RAMs.
INFO: [RTMG 210-285] Implementing FIFO 'start_for_PE_115145_U0_U(gemm_start_for_PE_115145_U0)' using Vivado Default RAMs.
INFO: [RTMG 210-285] Implementing FIFO 'start_for_PE_116146_U0_U(gemm_start_for_PE_116146_U0)' using Vivado Default RAMs.
INFO: [RTMG 210-285] Implementing FIFO 'start_for_PE_117147_U0_U(gemm_start_for_PE_117147_U0)' using Vivado Default RAMs.
INFO: [RTMG 210-285] Implementing FIFO 'start_for_PE_118148_U0_U(gemm_start_for_PE_118148_U0)' using Vivado Default RAMs.
INFO: [RTMG 210-285] Implementing FIFO 'start_for_PE_128158_U0_U(gemm_start_for_PE_128158_U0)' using Vivado Default RAMs.
INFO: [RTMG 210-285] Implementing FIFO 'start_for_PE_122152_U0_U(gemm_start_for_PE_122152_U0)' using Vivado Default RAMs.
INFO: [RTMG 210-285] Implementing FIFO 'start_for_PE_123153_U0_U(gemm_start_for_PE_123153_U0)' using Vivado Default RAMs.
INFO: [RTMG 210-285] Implementing FIFO 'start_for_PE_124154_U0_U(gemm_start_for_PE_124154_U0)' using Vivado Default RAMs.
INFO: [RTMG 210-285] Implementing FIFO 'start_for_PE_125155_U0_U(gemm_start_for_PE_125155_U0)' using Vivado Default RAMs.
INFO: [RTMG 210-285] Implementing FIFO 'start_for_PE_126156_U0_U(gemm_start_for_PE_126156_U0)' using Vivado Default RAMs.
INFO: [RTMG 210-285] Implementing FIFO 'start_for_PE_127157_U0_U(gemm_start_for_PE_127157_U0)' using Vivado Default RAMs.
INFO: [HLS 200-111] Finished Creating RTL model: CPU user time: 10.12 seconds. CPU system time: 0.59 seconds. Elapsed time: 10.71 seconds; current allocated memory: 2.139 GB.
INFO: [HLS 200-10] ----------------------------------------------------------------
INFO: [HLS 200-10] -- Generating RTL for module 'runSystolicArray' 
INFO: [HLS 200-10] ----------------------------------------------------------------
WARNING: [HLS 200-656] Deadlocks can occur since process PE4 is instantiated in a dataflow region with ap_ctrl_none or without start propagation and contains a rewind pipeline.
INFO: [RTGEN 206-100] Finished creating RTL model for 'runSystolicArray'.
INFO: [HLS 200-111] Finished Creating RTL model: CPU user time: 0.64 seconds. CPU system time: 0.03 seconds. Elapsed time: 0.68 seconds; current allocated memory: 2.174 GB.
INFO: [HLS 200-10] ----------------------------------------------------------------
INFO: [HLS 200-10] -- Generating RTL for module 'storeOutputToDRAM_Pipeline_VITIS_LOOP_49_1' 
INFO: [HLS 200-10] ----------------------------------------------------------------
INFO: [HLS 200-1030] Apply Unified Pipeline Control on module 'storeOutputToDRAM_Pipeline_VITIS_LOOP_49_1' pipeline 'VITIS_LOOP_49_1' pipeline type 'loop pipeline'
WARNING: [RTGEN 206-101] Setting dangling out port 'storeOutputToDRAM_Pipeline_VITIS_LOOP_49_1/m_axi_gmem2_AWVALID' to 0.
WARNING: [RTGEN 206-101] Setting dangling out port 'storeOutputToDRAM_Pipeline_VITIS_LOOP_49_1/m_axi_gmem2_AWADDR' to 0.
WARNING: [RTGEN 206-101] Setting dangling out port 'storeOutputToDRAM_Pipeline_VITIS_LOOP_49_1/m_axi_gmem2_AWID' to 0.
WARNING: [RTGEN 206-101] Setting dangling out port 'storeOutputToDRAM_Pipeline_VITIS_LOOP_49_1/m_axi_gmem2_AWLEN' to 0.
WARNING: [RTGEN 206-101] Setting dangling out port 'storeOutputToDRAM_Pipeline_VITIS_LOOP_49_1/m_axi_gmem2_AWSIZE' to 0.
WARNING: [RTGEN 206-101] Setting dangling out port 'storeOutputToDRAM_Pipeline_VITIS_LOOP_49_1/m_axi_gmem2_AWBURST' to 0.
WARNING: [RTGEN 206-101] Setting dangling out port 'storeOutputToDRAM_Pipeline_VITIS_LOOP_49_1/m_axi_gmem2_AWLOCK' to 0.
WARNING: [RTGEN 206-101] Setting dangling out port 'storeOutputToDRAM_Pipeline_VITIS_LOOP_49_1/m_axi_gmem2_AWCACHE' to 0.
WARNING: [RTGEN 206-101] Setting dangling out port 'storeOutputToDRAM_Pipeline_VITIS_LOOP_49_1/m_axi_gmem2_AWPROT' to 0.
WARNING: [RTGEN 206-101] Setting dangling out port 'storeOutputToDRAM_Pipeline_VITIS_LOOP_49_1/m_axi_gmem2_AWQOS' to 0.
WARNING: [RTGEN 206-101] Setting dangling out port 'storeOutputToDRAM_Pipeline_VITIS_LOOP_49_1/m_axi_gmem2_AWREGION' to 0.
WARNING: [RTGEN 206-101] Setting dangling out port 'storeOutputToDRAM_Pipeline_VITIS_LOOP_49_1/m_axi_gmem2_AWUSER' to 0.
WARNING: [RTGEN 206-101] Setting dangling out port 'storeOutputToDRAM_Pipeline_VITIS_LOOP_49_1/m_axi_gmem2_BREADY' to 0.
INFO: [RTGEN 206-100] Generating core module 'sparsemux_17_3_32_1_1': 64 instance(s).
INFO: [RTGEN 206-100] Generating core module 'sparsemux_9_2_32_1_1': 16 instance(s).
INFO: [RTGEN 206-100] Finished creating RTL model for 'storeOutputToDRAM_Pipeline_VITIS_LOOP_49_1'.
INFO: [HLS 200-111] Finished Creating RTL model: CPU user time: 1.22 seconds. CPU system time: 0.03 seconds. Elapsed time: 1.25 seconds; current allocated memory: 2.192 GB.
INFO: [HLS 200-10] ----------------------------------------------------------------
INFO: [HLS 200-10] -- Generating RTL for module 'storeOutputToDRAM' 
INFO: [HLS 200-10] ----------------------------------------------------------------
INFO: [RTGEN 206-100] Finished creating RTL model for 'storeOutputToDRAM'.
INFO: [HLS 200-111] Finished Creating RTL model: CPU user time: 0.37 seconds. CPU system time: 0.03 seconds. Elapsed time: 0.4 seconds; current allocated memory: 2.215 GB.
INFO: [HLS 200-10] ----------------------------------------------------------------
INFO: [HLS 200-10] -- Generating RTL for module 'gemm' 
INFO: [HLS 200-10] ----------------------------------------------------------------
WARNING: [RTGEN 206-101] Design contains AXI ports. Reset is fixed to synchronous and active low.
INFO: [RTGEN 206-500] Setting interface mode on port 'gemm/gmem0' to 'm_axi'.
INFO: [RTGEN 206-500] Setting interface mode on port 'gemm/gmem1' to 'm_axi'.
INFO: [RTGEN 206-500] Setting interface mode on port 'gemm/gmem2' to 'm_axi'.
INFO: [RTGEN 206-500] Setting interface mode on port 'gemm/A_DRAM' to 's_axilite & ap_none'.
INFO: [RTGEN 206-500] Setting interface mode on port 'gemm/B_DRAM' to 's_axilite & ap_none'.
INFO: [RTGEN 206-500] Setting interface mode on port 'gemm/C_DRAM' to 's_axilite & ap_none'.
INFO: [RTGEN 206-500] Setting interface mode on function 'gemm' to 's_axilite & ap_ctrl_chain'.
INFO: [RTGEN 206-100] Bundling port 'A_DRAM', 'B_DRAM', 'C_DRAM' and 'return' to AXI-Lite port control.
INFO: [RTGEN 206-100] Finished creating RTL model for 'gemm'.
INFO: [RTMG 210-278] Implementing memory 'gemm_A_BUF_RAM_S2P_BRAM_1R1W' using block RAMs.
INFO: [HLS 200-111] Finished Creating RTL model: CPU user time: 0.67 seconds. CPU system time: 0.03 seconds. Elapsed time: 0.71 seconds; current allocated memory: 2.248 GB.
INFO: [HLS 200-111] Finished Generating all RTL models: CPU user time: 3.36 seconds. CPU system time: 0.17 seconds. Elapsed time: 3.53 seconds; current allocated memory: 2.275 GB.
INFO: [HLS 200-111] Finished Updating report files: CPU user time: 7.7 seconds. CPU system time: 0.08 seconds. Elapsed time: 7.78 seconds; current allocated memory: 2.324 GB.
INFO: [VHDL 208-304] Generating VHDL RTL for gemm.
INFO: [VLOG 209-307] Generating Verilog RTL for gemm.
INFO: [HLS 200-790] **** Loop Constraint Status: All loop constraints were satisfied.
INFO: [HLS 200-789] **** Estimated Fmax: 350.14 MHz
INFO: [HLS 200-111] Finished Command csynth_design CPU user time: 102.83 seconds. CPU system time: 4.77 seconds. Elapsed time: 109.87 seconds; current allocated memory: 2.101 GB.
INFO: [HLS 200-1510] Running: cosim_design -trace_level all -enable_dataflow_profiling 
INFO: [COSIM 212-47] Using XSIM for RTL simulation.
INFO: [COSIM 212-14] Instrumenting C test bench ...
INFO: [COSIM 212-302] Starting C TB testing ... 
INFO: [COSIM 212-333] Generating C post check test bench ...
INFO: [COSIM 212-12] Generating RTL test bench ...
INFO: [COSIM 212-1] *** C/RTL co-simulation file generation completed. ***
INFO: [COSIM 212-323] Starting verilog simulation. 
INFO: [COSIM 212-15] Starting XSIM ...
INFO: [COSIM 212-316] Starting C post checking ...
INFO: [COSIM 212-1000] *** C/RTL co-simulation finished: PASS ***
INFO: [COSIM 212-211] II is measurable only when transaction number is greater than 1 in RTL simulation. Otherwise, they will be marked as all NA. If user wants to calculate them, please make sure there are at least 2 transactions in RTL simulation.
INFO: [HLS 200-111] Finished Command cosim_design CPU user time: 482.3 seconds. CPU system time: 11.27 seconds. Elapsed time: 149.43 seconds; current allocated memory: 17.238 MB.
