

================================================================
== Vitis HLS Report for 'B_Vec_to_Buf277'
================================================================
* Date:           Tue Sep  1 15:24:19 2026

* Version:        2023.2 (Build 4023990 on Oct 11 2023)
* Project:        hls_project
* Solution:       gemm2 (Vitis Kernel Flow Target)
* Product family: versalaicore
* Target device:  xcvc1902-vsva2197-2MP-e-S


================================================================
== Performance Estimates
================================================================
+ Timing: 
    * Summary: 
    +--------+---------+----------+------------+
    |  Clock |  Target | Estimated| Uncertainty|
    +--------+---------+----------+------------+
    |ap_clk  |  3.33 ns|  1.398 ns|     0.90 ns|
    +--------+---------+----------+------------+

+ Latency: 
    * Summary: 
    +---------+---------+-----------+-----------+-----+-----+---------+
    |  Latency (cycles) |   Latency (absolute)  |  Interval | Pipeline|
    |   min   |   max   |    min    |    max    | min | max |   Type  |
    +---------+---------+-----------+-----------+-----+-----+---------+
    |       18|       18|  59.994 ns|  59.994 ns|   18|   18|       no|
    +---------+---------+-----------+-----------+-----+-----+---------+

    + Detail: 
        * Instance: 
        N/A

        * Loop: 
        +-------------------+---------+---------+----------+-----------+-----------+------+----------+
        |                   |  Latency (cycles) | Iteration|  Initiation Interval  | Trip |          |
        |     Loop Name     |   min   |   max   |  Latency |  achieved |   target  | Count| Pipelined|
        +-------------------+---------+---------+----------+-----------+-----------+------+----------+
        |- VITIS_LOOP_18_1  |       16|       16|         2|          1|          1|    16|       yes|
        +-------------------+---------+---------+----------+-----------+-----------+------+----------+



================================================================
== Utilization Estimates
================================================================
* Summary: 
+-----------------+---------+------+---------+--------+-----+
|       Name      | BRAM_18K|  DSP |    FF   |   LUT  | URAM|
+-----------------+---------+------+---------+--------+-----+
|DSP              |        -|     -|        -|       -|    -|
|Expression       |        -|     -|        0|      19|    -|
|FIFO             |        -|     -|        -|       -|    -|
|Instance         |        -|     -|        -|       -|    -|
|Memory           |        -|     -|        -|       -|    -|
|Multiplexer      |        -|     -|        -|   16397|    -|
|Register         |        -|     -|    32783|       -|    -|
+-----------------+---------+------+---------+--------+-----+
|Total            |        0|     0|    32783|   16416|    0|
+-----------------+---------+------+---------+--------+-----+
|Available        |     1934|  1968|  1799680|  899840|  463|
+-----------------+---------+------+---------+--------+-----+
|Utilization (%)  |        0|     0|        1|       1|    0|
+-----------------+---------+------+---------+--------+-----+

+ Detail: 
    * Instance: 
    N/A

    * DSP: 
    N/A

    * Memory: 
    N/A

    * FIFO: 
    N/A

    * Expression: 
    +---------------------------+----------+----+---+----+------------+------------+
    |       Variable Name       | Operation| DSP| FF| LUT| Bitwidth P0| Bitwidth P1|
    +---------------------------+----------+----+---+----+------------+------------+
    |add_ln18_fu_9116_p2        |         +|   0|  0|   5|           5|           1|
    |ap_block_pp0_stage0_11001  |       and|   0|  0|   2|           1|           1|
    |icmp_ln18_fu_9122_p2       |      icmp|   0|  0|   6|           5|           6|
    |ap_block_state1            |        or|   0|  0|   2|           1|           1|
    |ap_enable_pp0              |       xor|   0|  0|   2|           1|           2|
    |ap_enable_reg_pp0_iter1    |       xor|   0|  0|   2|           2|           1|
    +---------------------------+----------+----+---+----+------------+------------+
    |Total                      |          |   0|  0|  19|          15|          12|
    +---------------------------+----------+----+---+----+------------+------------+

    * Multiplexer: 
    +-------------------------+-----+-----------+-----+-----------+
    |           Name          | LUT | Input Size| Bits| Total Bits|
    +-------------------------+-----+-----------+-----+-----------+
    |B_BUF_0_0_out            |   32|          2|   32|         64|
    |B_BUF_0_10_out           |   32|          2|   32|         64|
    |B_BUF_0_11_out           |   32|          2|   32|         64|
    |B_BUF_0_12_out           |   32|          2|   32|         64|
    |B_BUF_0_13_out           |   32|          2|   32|         64|
    |B_BUF_0_14_out           |   32|          2|   32|         64|
    |B_BUF_0_15_out           |   32|          2|   32|         64|
    |B_BUF_0_1_out            |   32|          2|   32|         64|
    |B_BUF_0_2_out            |   32|          2|   32|         64|
    |B_BUF_0_3_out            |   32|          2|   32|         64|
    |B_BUF_0_4_out            |   32|          2|   32|         64|
    |B_BUF_0_5_out            |   32|          2|   32|         64|
    |B_BUF_0_6_out            |   32|          2|   32|         64|
    |B_BUF_0_7_out            |   32|          2|   32|         64|
    |B_BUF_0_8_out            |   32|          2|   32|         64|
    |B_BUF_0_9_out            |   32|          2|   32|         64|
    |B_BUF_10_0_out           |   32|          2|   32|         64|
    |B_BUF_10_10_out          |   32|          2|   32|         64|
    |B_BUF_10_11_out          |   32|          2|   32|         64|
    |B_BUF_10_12_out          |   32|          2|   32|         64|
    |B_BUF_10_13_out          |   32|          2|   32|         64|
    |B_BUF_10_14_out          |   32|          2|   32|         64|
    |B_BUF_10_15_out          |   32|          2|   32|         64|
    |B_BUF_10_1_out           |   32|          2|   32|         64|
    |B_BUF_10_2_out           |   32|          2|   32|         64|
    |B_BUF_10_3_out           |   32|          2|   32|         64|
    |B_BUF_10_4_out           |   32|          2|   32|         64|
    |B_BUF_10_5_out           |   32|          2|   32|         64|
    |B_BUF_10_6_out           |   32|          2|   32|         64|
    |B_BUF_10_7_out           |   32|          2|   32|         64|
    |B_BUF_10_8_out           |   32|          2|   32|         64|
    |B_BUF_10_9_out           |   32|          2|   32|         64|
    |B_BUF_11_0_out           |   32|          2|   32|         64|
    |B_BUF_11_10_out          |   32|          2|   32|         64|
    |B_BUF_11_11_out          |   32|          2|   32|         64|
    |B_BUF_11_12_out          |   32|          2|   32|         64|
    |B_BUF_11_13_out          |   32|          2|   32|         64|
    |B_BUF_11_14_out          |   32|          2|   32|         64|
    |B_BUF_11_15_out          |   32|          2|   32|         64|
    |B_BUF_11_1_out           |   32|          2|   32|         64|
    |B_BUF_11_2_out           |   32|          2|   32|         64|
    |B_BUF_11_3_out           |   32|          2|   32|         64|
    |B_BUF_11_4_out           |   32|          2|   32|         64|
    |B_BUF_11_5_out           |   32|          2|   32|         64|
    |B_BUF_11_6_out           |   32|          2|   32|         64|
    |B_BUF_11_7_out           |   32|          2|   32|         64|
    |B_BUF_11_8_out           |   32|          2|   32|         64|
    |B_BUF_11_9_out           |   32|          2|   32|         64|
    |B_BUF_12_0_out           |   32|          2|   32|         64|
    |B_BUF_12_10_out          |   32|          2|   32|         64|
    |B_BUF_12_11_out          |   32|          2|   32|         64|
    |B_BUF_12_12_out          |   32|          2|   32|         64|
    |B_BUF_12_13_out          |   32|          2|   32|         64|
    |B_BUF_12_14_out          |   32|          2|   32|         64|
    |B_BUF_12_15_out          |   32|          2|   32|         64|
    |B_BUF_12_1_out           |   32|          2|   32|         64|
    |B_BUF_12_2_out           |   32|          2|   32|         64|
    |B_BUF_12_3_out           |   32|          2|   32|         64|
    |B_BUF_12_4_out           |   32|          2|   32|         64|
    |B_BUF_12_5_out           |   32|          2|   32|         64|
    |B_BUF_12_6_out           |   32|          2|   32|         64|
    |B_BUF_12_7_out           |   32|          2|   32|         64|
    |B_BUF_12_8_out           |   32|          2|   32|         64|
    |B_BUF_12_9_out           |   32|          2|   32|         64|
    |B_BUF_13_0_out           |   32|          2|   32|         64|
    |B_BUF_13_10_out          |   32|          2|   32|         64|
    |B_BUF_13_11_out          |   32|          2|   32|         64|
    |B_BUF_13_12_out          |   32|          2|   32|         64|
    |B_BUF_13_13_out          |   32|          2|   32|         64|
    |B_BUF_13_14_out          |   32|          2|   32|         64|
    |B_BUF_13_15_out          |   32|          2|   32|         64|
    |B_BUF_13_1_out           |   32|          2|   32|         64|
    |B_BUF_13_2_out           |   32|          2|   32|         64|
    |B_BUF_13_3_out           |   32|          2|   32|         64|
    |B_BUF_13_4_out           |   32|          2|   32|         64|
    |B_BUF_13_5_out           |   32|          2|   32|         64|
    |B_BUF_13_6_out           |   32|          2|   32|         64|
    |B_BUF_13_7_out           |   32|          2|   32|         64|
    |B_BUF_13_8_out           |   32|          2|   32|         64|
    |B_BUF_13_9_out           |   32|          2|   32|         64|
    |B_BUF_14_0_out           |   32|          2|   32|         64|
    |B_BUF_14_10_out          |   32|          2|   32|         64|
    |B_BUF_14_11_out          |   32|          2|   32|         64|
    |B_BUF_14_12_out          |   32|          2|   32|         64|
    |B_BUF_14_13_out          |   32|          2|   32|         64|
    |B_BUF_14_14_out          |   32|          2|   32|         64|
    |B_BUF_14_15_out          |   32|          2|   32|         64|
    |B_BUF_14_1_out           |   32|          2|   32|         64|
    |B_BUF_14_2_out           |   32|          2|   32|         64|
    |B_BUF_14_3_out           |   32|          2|   32|         64|
    |B_BUF_14_4_out           |   32|          2|   32|         64|
    |B_BUF_14_5_out           |   32|          2|   32|         64|
    |B_BUF_14_6_out           |   32|          2|   32|         64|
    |B_BUF_14_7_out           |   32|          2|   32|         64|
    |B_BUF_14_8_out           |   32|          2|   32|         64|
    |B_BUF_14_9_out           |   32|          2|   32|         64|
    |B_BUF_15_0_out           |   32|          2|   32|         64|
    |B_BUF_15_10_out          |   32|          2|   32|         64|
    |B_BUF_15_11_out          |   32|          2|   32|         64|
    |B_BUF_15_12_out          |   32|          2|   32|         64|
    |B_BUF_15_13_out          |   32|          2|   32|         64|
    |B_BUF_15_14_out          |   32|          2|   32|         64|
    |B_BUF_15_15_out          |   32|          2|   32|         64|
    |B_BUF_15_1_out           |   32|          2|   32|         64|
    |B_BUF_15_2_out           |   32|          2|   32|         64|
    |B_BUF_15_3_out           |   32|          2|   32|         64|
    |B_BUF_15_4_out           |   32|          2|   32|         64|
    |B_BUF_15_5_out           |   32|          2|   32|         64|
    |B_BUF_15_6_out           |   32|          2|   32|         64|
    |B_BUF_15_7_out           |   32|          2|   32|         64|
    |B_BUF_15_8_out           |   32|          2|   32|         64|
    |B_BUF_15_9_out           |   32|          2|   32|         64|
    |B_BUF_16_0_out           |   32|          2|   32|         64|
    |B_BUF_16_10_out          |   32|          2|   32|         64|
    |B_BUF_16_11_out          |   32|          2|   32|         64|
    |B_BUF_16_12_out          |   32|          2|   32|         64|
    |B_BUF_16_13_out          |   32|          2|   32|         64|
    |B_BUF_16_14_out          |   32|          2|   32|         64|
    |B_BUF_16_15_out          |   32|          2|   32|         64|
    |B_BUF_16_1_out           |   32|          2|   32|         64|
    |B_BUF_16_2_out           |   32|          2|   32|         64|
    |B_BUF_16_3_out           |   32|          2|   32|         64|
    |B_BUF_16_4_out           |   32|          2|   32|         64|
    |B_BUF_16_5_out           |   32|          2|   32|         64|
    |B_BUF_16_6_out           |   32|          2|   32|         64|
    |B_BUF_16_7_out           |   32|          2|   32|         64|
    |B_BUF_16_8_out           |   32|          2|   32|         64|
    |B_BUF_16_9_out           |   32|          2|   32|         64|
    |B_BUF_17_0_out           |   32|          2|   32|         64|
    |B_BUF_17_10_out          |   32|          2|   32|         64|
    |B_BUF_17_11_out          |   32|          2|   32|         64|
    |B_BUF_17_12_out          |   32|          2|   32|         64|
    |B_BUF_17_13_out          |   32|          2|   32|         64|
    |B_BUF_17_14_out          |   32|          2|   32|         64|
    |B_BUF_17_15_out          |   32|          2|   32|         64|
    |B_BUF_17_1_out           |   32|          2|   32|         64|
    |B_BUF_17_2_out           |   32|          2|   32|         64|
    |B_BUF_17_3_out           |   32|          2|   32|         64|
    |B_BUF_17_4_out           |   32|          2|   32|         64|
    |B_BUF_17_5_out           |   32|          2|   32|         64|
    |B_BUF_17_6_out           |   32|          2|   32|         64|
    |B_BUF_17_7_out           |   32|          2|   32|         64|
    |B_BUF_17_8_out           |   32|          2|   32|         64|
    |B_BUF_17_9_out           |   32|          2|   32|         64|
    |B_BUF_18_0_out           |   32|          2|   32|         64|
    |B_BUF_18_10_out          |   32|          2|   32|         64|
    |B_BUF_18_11_out          |   32|          2|   32|         64|
    |B_BUF_18_12_out          |   32|          2|   32|         64|
    |B_BUF_18_13_out          |   32|          2|   32|         64|
    |B_BUF_18_14_out          |   32|          2|   32|         64|
    |B_BUF_18_15_out          |   32|          2|   32|         64|
    |B_BUF_18_1_out           |   32|          2|   32|         64|
    |B_BUF_18_2_out           |   32|          2|   32|         64|
    |B_BUF_18_3_out           |   32|          2|   32|         64|
    |B_BUF_18_4_out           |   32|          2|   32|         64|
    |B_BUF_18_5_out           |   32|          2|   32|         64|
    |B_BUF_18_6_out           |   32|          2|   32|         64|
    |B_BUF_18_7_out           |   32|          2|   32|         64|
    |B_BUF_18_8_out           |   32|          2|   32|         64|
    |B_BUF_18_9_out           |   32|          2|   32|         64|
    |B_BUF_19_0_out           |   32|          2|   32|         64|
    |B_BUF_19_10_out          |   32|          2|   32|         64|
    |B_BUF_19_11_out          |   32|          2|   32|         64|
    |B_BUF_19_12_out          |   32|          2|   32|         64|
    |B_BUF_19_13_out          |   32|          2|   32|         64|
    |B_BUF_19_14_out          |   32|          2|   32|         64|
    |B_BUF_19_15_out          |   32|          2|   32|         64|
    |B_BUF_19_1_out           |   32|          2|   32|         64|
    |B_BUF_19_2_out           |   32|          2|   32|         64|
    |B_BUF_19_3_out           |   32|          2|   32|         64|
    |B_BUF_19_4_out           |   32|          2|   32|         64|
    |B_BUF_19_5_out           |   32|          2|   32|         64|
    |B_BUF_19_6_out           |   32|          2|   32|         64|
    |B_BUF_19_7_out           |   32|          2|   32|         64|
    |B_BUF_19_8_out           |   32|          2|   32|         64|
    |B_BUF_19_9_out           |   32|          2|   32|         64|
    |B_BUF_1_0_out            |   32|          2|   32|         64|
    |B_BUF_1_10_out           |   32|          2|   32|         64|
    |B_BUF_1_11_out           |   32|          2|   32|         64|
    |B_BUF_1_12_out           |   32|          2|   32|         64|
    |B_BUF_1_13_out           |   32|          2|   32|         64|
    |B_BUF_1_14_out           |   32|          2|   32|         64|
    |B_BUF_1_15_out           |   32|          2|   32|         64|
    |B_BUF_1_1_out            |   32|          2|   32|         64|
    |B_BUF_1_2_out            |   32|          2|   32|         64|
    |B_BUF_1_3_out            |   32|          2|   32|         64|
    |B_BUF_1_4_out            |   32|          2|   32|         64|
    |B_BUF_1_5_out            |   32|          2|   32|         64|
    |B_BUF_1_6_out            |   32|          2|   32|         64|
    |B_BUF_1_7_out            |   32|          2|   32|         64|
    |B_BUF_1_8_out            |   32|          2|   32|         64|
    |B_BUF_1_9_out            |   32|          2|   32|         64|
    |B_BUF_20_0_out           |   32|          2|   32|         64|
    |B_BUF_20_10_out          |   32|          2|   32|         64|
    |B_BUF_20_11_out          |   32|          2|   32|         64|
    |B_BUF_20_12_out          |   32|          2|   32|         64|
    |B_BUF_20_13_out          |   32|          2|   32|         64|
    |B_BUF_20_14_out          |   32|          2|   32|         64|
    |B_BUF_20_15_out          |   32|          2|   32|         64|
    |B_BUF_20_1_out           |   32|          2|   32|         64|
    |B_BUF_20_2_out           |   32|          2|   32|         64|
    |B_BUF_20_3_out           |   32|          2|   32|         64|
    |B_BUF_20_4_out           |   32|          2|   32|         64|
    |B_BUF_20_5_out           |   32|          2|   32|         64|
    |B_BUF_20_6_out           |   32|          2|   32|         64|
    |B_BUF_20_7_out           |   32|          2|   32|         64|
    |B_BUF_20_8_out           |   32|          2|   32|         64|
    |B_BUF_20_9_out           |   32|          2|   32|         64|
    |B_BUF_21_0_out           |   32|          2|   32|         64|
    |B_BUF_21_10_out          |   32|          2|   32|         64|
    |B_BUF_21_11_out          |   32|          2|   32|         64|
    |B_BUF_21_12_out          |   32|          2|   32|         64|
    |B_BUF_21_13_out          |   32|          2|   32|         64|
    |B_BUF_21_14_out          |   32|          2|   32|         64|
    |B_BUF_21_15_out          |   32|          2|   32|         64|
    |B_BUF_21_1_out           |   32|          2|   32|         64|
    |B_BUF_21_2_out           |   32|          2|   32|         64|
    |B_BUF_21_3_out           |   32|          2|   32|         64|
    |B_BUF_21_4_out           |   32|          2|   32|         64|
    |B_BUF_21_5_out           |   32|          2|   32|         64|
    |B_BUF_21_6_out           |   32|          2|   32|         64|
    |B_BUF_21_7_out           |   32|          2|   32|         64|
    |B_BUF_21_8_out           |   32|          2|   32|         64|
    |B_BUF_21_9_out           |   32|          2|   32|         64|
    |B_BUF_22_0_out           |   32|          2|   32|         64|
    |B_BUF_22_10_out          |   32|          2|   32|         64|
    |B_BUF_22_11_out          |   32|          2|   32|         64|
    |B_BUF_22_12_out          |   32|          2|   32|         64|
    |B_BUF_22_13_out          |   32|          2|   32|         64|
    |B_BUF_22_14_out          |   32|          2|   32|         64|
    |B_BUF_22_15_out          |   32|          2|   32|         64|
    |B_BUF_22_1_out           |   32|          2|   32|         64|
    |B_BUF_22_2_out           |   32|          2|   32|         64|
    |B_BUF_22_3_out           |   32|          2|   32|         64|
    |B_BUF_22_4_out           |   32|          2|   32|         64|
    |B_BUF_22_5_out           |   32|          2|   32|         64|
    |B_BUF_22_6_out           |   32|          2|   32|         64|
    |B_BUF_22_7_out           |   32|          2|   32|         64|
    |B_BUF_22_8_out           |   32|          2|   32|         64|
    |B_BUF_22_9_out           |   32|          2|   32|         64|
    |B_BUF_23_0_out           |   32|          2|   32|         64|
    |B_BUF_23_10_out          |   32|          2|   32|         64|
    |B_BUF_23_11_out          |   32|          2|   32|         64|
    |B_BUF_23_12_out          |   32|          2|   32|         64|
    |B_BUF_23_13_out          |   32|          2|   32|         64|
    |B_BUF_23_14_out          |   32|          2|   32|         64|
    |B_BUF_23_15_out          |   32|          2|   32|         64|
    |B_BUF_23_1_out           |   32|          2|   32|         64|
    |B_BUF_23_2_out           |   32|          2|   32|         64|
    |B_BUF_23_3_out           |   32|          2|   32|         64|
    |B_BUF_23_4_out           |   32|          2|   32|         64|
    |B_BUF_23_5_out           |   32|          2|   32|         64|
    |B_BUF_23_6_out           |   32|          2|   32|         64|
    |B_BUF_23_7_out           |   32|          2|   32|         64|
    |B_BUF_23_8_out           |   32|          2|   32|         64|
    |B_BUF_23_9_out           |   32|          2|   32|         64|
    |B_BUF_24_0_out           |   32|          2|   32|         64|
    |B_BUF_24_10_out          |   32|          2|   32|         64|
    |B_BUF_24_11_out          |   32|          2|   32|         64|
    |B_BUF_24_12_out          |   32|          2|   32|         64|
    |B_BUF_24_13_out          |   32|          2|   32|         64|
    |B_BUF_24_14_out          |   32|          2|   32|         64|
    |B_BUF_24_15_out          |   32|          2|   32|         64|
    |B_BUF_24_1_out           |   32|          2|   32|         64|
    |B_BUF_24_2_out           |   32|          2|   32|         64|
    |B_BUF_24_3_out           |   32|          2|   32|         64|
    |B_BUF_24_4_out           |   32|          2|   32|         64|
    |B_BUF_24_5_out           |   32|          2|   32|         64|
    |B_BUF_24_6_out           |   32|          2|   32|         64|
    |B_BUF_24_7_out           |   32|          2|   32|         64|
    |B_BUF_24_8_out           |   32|          2|   32|         64|
    |B_BUF_24_9_out           |   32|          2|   32|         64|
    |B_BUF_25_0_out           |   32|          2|   32|         64|
    |B_BUF_25_10_out          |   32|          2|   32|         64|
    |B_BUF_25_11_out          |   32|          2|   32|         64|
    |B_BUF_25_12_out          |   32|          2|   32|         64|
    |B_BUF_25_13_out          |   32|          2|   32|         64|
    |B_BUF_25_14_out          |   32|          2|   32|         64|
    |B_BUF_25_15_out          |   32|          2|   32|         64|
    |B_BUF_25_1_out           |   32|          2|   32|         64|
    |B_BUF_25_2_out           |   32|          2|   32|         64|
    |B_BUF_25_3_out           |   32|          2|   32|         64|
    |B_BUF_25_4_out           |   32|          2|   32|         64|
    |B_BUF_25_5_out           |   32|          2|   32|         64|
    |B_BUF_25_6_out           |   32|          2|   32|         64|
    |B_BUF_25_7_out           |   32|          2|   32|         64|
    |B_BUF_25_8_out           |   32|          2|   32|         64|
    |B_BUF_25_9_out           |   32|          2|   32|         64|
    |B_BUF_26_0_out           |   32|          2|   32|         64|
    |B_BUF_26_10_out          |   32|          2|   32|         64|
    |B_BUF_26_11_out          |   32|          2|   32|         64|
    |B_BUF_26_12_out          |   32|          2|   32|         64|
    |B_BUF_26_13_out          |   32|          2|   32|         64|
    |B_BUF_26_14_out          |   32|          2|   32|         64|
    |B_BUF_26_15_out          |   32|          2|   32|         64|
    |B_BUF_26_1_out           |   32|          2|   32|         64|
    |B_BUF_26_2_out           |   32|          2|   32|         64|
    |B_BUF_26_3_out           |   32|          2|   32|         64|
    |B_BUF_26_4_out           |   32|          2|   32|         64|
    |B_BUF_26_5_out           |   32|          2|   32|         64|
    |B_BUF_26_6_out           |   32|          2|   32|         64|
    |B_BUF_26_7_out           |   32|          2|   32|         64|
    |B_BUF_26_8_out           |   32|          2|   32|         64|
    |B_BUF_26_9_out           |   32|          2|   32|         64|
    |B_BUF_27_0_out           |   32|          2|   32|         64|
    |B_BUF_27_10_out          |   32|          2|   32|         64|
    |B_BUF_27_11_out          |   32|          2|   32|         64|
    |B_BUF_27_12_out          |   32|          2|   32|         64|
    |B_BUF_27_13_out          |   32|          2|   32|         64|
    |B_BUF_27_14_out          |   32|          2|   32|         64|
    |B_BUF_27_15_out          |   32|          2|   32|         64|
    |B_BUF_27_1_out           |   32|          2|   32|         64|
    |B_BUF_27_2_out           |   32|          2|   32|         64|
    |B_BUF_27_3_out           |   32|          2|   32|         64|
    |B_BUF_27_4_out           |   32|          2|   32|         64|
    |B_BUF_27_5_out           |   32|          2|   32|         64|
    |B_BUF_27_6_out           |   32|          2|   32|         64|
    |B_BUF_27_7_out           |   32|          2|   32|         64|
    |B_BUF_27_8_out           |   32|          2|   32|         64|
    |B_BUF_27_9_out           |   32|          2|   32|         64|
    |B_BUF_28_0_out           |   32|          2|   32|         64|
    |B_BUF_28_10_out          |   32|          2|   32|         64|
    |B_BUF_28_11_out          |   32|          2|   32|         64|
    |B_BUF_28_12_out          |   32|          2|   32|         64|
    |B_BUF_28_13_out          |   32|          2|   32|         64|
    |B_BUF_28_14_out          |   32|          2|   32|         64|
    |B_BUF_28_15_out          |   32|          2|   32|         64|
    |B_BUF_28_1_out           |   32|          2|   32|         64|
    |B_BUF_28_2_out           |   32|          2|   32|         64|
    |B_BUF_28_3_out           |   32|          2|   32|         64|
    |B_BUF_28_4_out           |   32|          2|   32|         64|
    |B_BUF_28_5_out           |   32|          2|   32|         64|
    |B_BUF_28_6_out           |   32|          2|   32|         64|
    |B_BUF_28_7_out           |   32|          2|   32|         64|
    |B_BUF_28_8_out           |   32|          2|   32|         64|
    |B_BUF_28_9_out           |   32|          2|   32|         64|
    |B_BUF_29_0_out           |   32|          2|   32|         64|
    |B_BUF_29_10_out          |   32|          2|   32|         64|
    |B_BUF_29_11_out          |   32|          2|   32|         64|
    |B_BUF_29_12_out          |   32|          2|   32|         64|
    |B_BUF_29_13_out          |   32|          2|   32|         64|
    |B_BUF_29_14_out          |   32|          2|   32|         64|
    |B_BUF_29_15_out          |   32|          2|   32|         64|
    |B_BUF_29_1_out           |   32|          2|   32|         64|
    |B_BUF_29_2_out           |   32|          2|   32|         64|
    |B_BUF_29_3_out           |   32|          2|   32|         64|
    |B_BUF_29_4_out           |   32|          2|   32|         64|
    |B_BUF_29_5_out           |   32|          2|   32|         64|
    |B_BUF_29_6_out           |   32|          2|   32|         64|
    |B_BUF_29_7_out           |   32|          2|   32|         64|
    |B_BUF_29_8_out           |   32|          2|   32|         64|
    |B_BUF_29_9_out           |   32|          2|   32|         64|
    |B_BUF_2_0_out            |   32|          2|   32|         64|
    |B_BUF_2_10_out           |   32|          2|   32|         64|
    |B_BUF_2_11_out           |   32|          2|   32|         64|
    |B_BUF_2_12_out           |   32|          2|   32|         64|
    |B_BUF_2_13_out           |   32|          2|   32|         64|
    |B_BUF_2_14_out           |   32|          2|   32|         64|
    |B_BUF_2_15_out           |   32|          2|   32|         64|
    |B_BUF_2_1_out            |   32|          2|   32|         64|
    |B_BUF_2_2_out            |   32|          2|   32|         64|
    |B_BUF_2_3_out            |   32|          2|   32|         64|
    |B_BUF_2_4_out            |   32|          2|   32|         64|
    |B_BUF_2_5_out            |   32|          2|   32|         64|
    |B_BUF_2_6_out            |   32|          2|   32|         64|
    |B_BUF_2_7_out            |   32|          2|   32|         64|
    |B_BUF_2_8_out            |   32|          2|   32|         64|
    |B_BUF_2_9_out            |   32|          2|   32|         64|
    |B_BUF_30_0_out           |   32|          2|   32|         64|
    |B_BUF_30_10_out          |   32|          2|   32|         64|
    |B_BUF_30_11_out          |   32|          2|   32|         64|
    |B_BUF_30_12_out          |   32|          2|   32|         64|
    |B_BUF_30_13_out          |   32|          2|   32|         64|
    |B_BUF_30_14_out          |   32|          2|   32|         64|
    |B_BUF_30_15_out          |   32|          2|   32|         64|
    |B_BUF_30_1_out           |   32|          2|   32|         64|
    |B_BUF_30_2_out           |   32|          2|   32|         64|
    |B_BUF_30_3_out           |   32|          2|   32|         64|
    |B_BUF_30_4_out           |   32|          2|   32|         64|
    |B_BUF_30_5_out           |   32|          2|   32|         64|
    |B_BUF_30_6_out           |   32|          2|   32|         64|
    |B_BUF_30_7_out           |   32|          2|   32|         64|
    |B_BUF_30_8_out           |   32|          2|   32|         64|
    |B_BUF_30_9_out           |   32|          2|   32|         64|
    |B_BUF_31_0_out           |   32|          2|   32|         64|
    |B_BUF_31_10_out          |   32|          2|   32|         64|
    |B_BUF_31_11_out          |   32|          2|   32|         64|
    |B_BUF_31_12_out          |   32|          2|   32|         64|
    |B_BUF_31_13_out          |   32|          2|   32|         64|
    |B_BUF_31_14_out          |   32|          2|   32|         64|
    |B_BUF_31_15_out          |   32|          2|   32|         64|
    |B_BUF_31_1_out           |   32|          2|   32|         64|
    |B_BUF_31_2_out           |   32|          2|   32|         64|
    |B_BUF_31_3_out           |   32|          2|   32|         64|
    |B_BUF_31_4_out           |   32|          2|   32|         64|
    |B_BUF_31_5_out           |   32|          2|   32|         64|
    |B_BUF_31_6_out           |   32|          2|   32|         64|
    |B_BUF_31_7_out           |   32|          2|   32|         64|
    |B_BUF_31_8_out           |   32|          2|   32|         64|
    |B_BUF_31_9_out           |   32|          2|   32|         64|
    |B_BUF_3_0_out            |   32|          2|   32|         64|
    |B_BUF_3_10_out           |   32|          2|   32|         64|
    |B_BUF_3_11_out           |   32|          2|   32|         64|
    |B_BUF_3_12_out           |   32|          2|   32|         64|
    |B_BUF_3_13_out           |   32|          2|   32|         64|
    |B_BUF_3_14_out           |   32|          2|   32|         64|
    |B_BUF_3_15_out           |   32|          2|   32|         64|
    |B_BUF_3_1_out            |   32|          2|   32|         64|
    |B_BUF_3_2_out            |   32|          2|   32|         64|
    |B_BUF_3_3_out            |   32|          2|   32|         64|
    |B_BUF_3_4_out            |   32|          2|   32|         64|
    |B_BUF_3_5_out            |   32|          2|   32|         64|
    |B_BUF_3_6_out            |   32|          2|   32|         64|
    |B_BUF_3_7_out            |   32|          2|   32|         64|
    |B_BUF_3_8_out            |   32|          2|   32|         64|
    |B_BUF_3_9_out            |   32|          2|   32|         64|
    |B_BUF_4_0_out            |   32|          2|   32|         64|
    |B_BUF_4_10_out           |   32|          2|   32|         64|
    |B_BUF_4_11_out           |   32|          2|   32|         64|
    |B_BUF_4_12_out           |   32|          2|   32|         64|
    |B_BUF_4_13_out           |   32|          2|   32|         64|
    |B_BUF_4_14_out           |   32|          2|   32|         64|
    |B_BUF_4_15_out           |   32|          2|   32|         64|
    |B_BUF_4_1_out            |   32|          2|   32|         64|
    |B_BUF_4_2_out            |   32|          2|   32|         64|
    |B_BUF_4_3_out            |   32|          2|   32|         64|
    |B_BUF_4_4_out            |   32|          2|   32|         64|
    |B_BUF_4_5_out            |   32|          2|   32|         64|
    |B_BUF_4_6_out            |   32|          2|   32|         64|
    |B_BUF_4_7_out            |   32|          2|   32|         64|
    |B_BUF_4_8_out            |   32|          2|   32|         64|
    |B_BUF_4_9_out            |   32|          2|   32|         64|
    |B_BUF_5_0_out            |   32|          2|   32|         64|
    |B_BUF_5_10_out           |   32|          2|   32|         64|
    |B_BUF_5_11_out           |   32|          2|   32|         64|
    |B_BUF_5_12_out           |   32|          2|   32|         64|
    |B_BUF_5_13_out           |   32|          2|   32|         64|
    |B_BUF_5_14_out           |   32|          2|   32|         64|
    |B_BUF_5_15_out           |   32|          2|   32|         64|
    |B_BUF_5_1_out            |   32|          2|   32|         64|
    |B_BUF_5_2_out            |   32|          2|   32|         64|
    |B_BUF_5_3_out            |   32|          2|   32|         64|
    |B_BUF_5_4_out            |   32|          2|   32|         64|
    |B_BUF_5_5_out            |   32|          2|   32|         64|
    |B_BUF_5_6_out            |   32|          2|   32|         64|
    |B_BUF_5_7_out            |   32|          2|   32|         64|
    |B_BUF_5_8_out            |   32|          2|   32|         64|
    |B_BUF_5_9_out            |   32|          2|   32|         64|
    |B_BUF_6_0_out            |   32|          2|   32|         64|
    |B_BUF_6_10_out           |   32|          2|   32|         64|
    |B_BUF_6_11_out           |   32|          2|   32|         64|
    |B_BUF_6_12_out           |   32|          2|   32|         64|
    |B_BUF_6_13_out           |   32|          2|   32|         64|
    |B_BUF_6_14_out           |   32|          2|   32|         64|
    |B_BUF_6_15_out           |   32|          2|   32|         64|
    |B_BUF_6_1_out            |   32|          2|   32|         64|
    |B_BUF_6_2_out            |   32|          2|   32|         64|
    |B_BUF_6_3_out            |   32|          2|   32|         64|
    |B_BUF_6_4_out            |   32|          2|   32|         64|
    |B_BUF_6_5_out            |   32|          2|   32|         64|
    |B_BUF_6_6_out            |   32|          2|   32|         64|
    |B_BUF_6_7_out            |   32|          2|   32|         64|
    |B_BUF_6_8_out            |   32|          2|   32|         64|
    |B_BUF_6_9_out            |   32|          2|   32|         64|
    |B_BUF_7_0_out            |   32|          2|   32|         64|
    |B_BUF_7_10_out           |   32|          2|   32|         64|
    |B_BUF_7_11_out           |   32|          2|   32|         64|
    |B_BUF_7_12_out           |   32|          2|   32|         64|
    |B_BUF_7_13_out           |   32|          2|   32|         64|
    |B_BUF_7_14_out           |   32|          2|   32|         64|
    |B_BUF_7_15_out           |   32|          2|   32|         64|
    |B_BUF_7_1_out            |   32|          2|   32|         64|
    |B_BUF_7_2_out            |   32|          2|   32|         64|
    |B_BUF_7_3_out            |   32|          2|   32|         64|
    |B_BUF_7_4_out            |   32|          2|   32|         64|
    |B_BUF_7_5_out            |   32|          2|   32|         64|
    |B_BUF_7_6_out            |   32|          2|   32|         64|
    |B_BUF_7_7_out            |   32|          2|   32|         64|
    |B_BUF_7_8_out            |   32|          2|   32|         64|
    |B_BUF_7_9_out            |   32|          2|   32|         64|
    |B_BUF_8_0_out            |   32|          2|   32|         64|
    |B_BUF_8_10_out           |   32|          2|   32|         64|
    |B_BUF_8_11_out           |   32|          2|   32|         64|
    |B_BUF_8_12_out           |   32|          2|   32|         64|
    |B_BUF_8_13_out           |   32|          2|   32|         64|
    |B_BUF_8_14_out           |   32|          2|   32|         64|
    |B_BUF_8_15_out           |   32|          2|   32|         64|
    |B_BUF_8_1_out            |   32|          2|   32|         64|
    |B_BUF_8_2_out            |   32|          2|   32|         64|
    |B_BUF_8_3_out            |   32|          2|   32|         64|
    |B_BUF_8_4_out            |   32|          2|   32|         64|
    |B_BUF_8_5_out            |   32|          2|   32|         64|
    |B_BUF_8_6_out            |   32|          2|   32|         64|
    |B_BUF_8_7_out            |   32|          2|   32|         64|
    |B_BUF_8_8_out            |   32|          2|   32|         64|
    |B_BUF_8_9_out            |   32|          2|   32|         64|
    |B_BUF_9_0_out            |   32|          2|   32|         64|
    |B_BUF_9_10_out           |   32|          2|   32|         64|
    |B_BUF_9_11_out           |   32|          2|   32|         64|
    |B_BUF_9_12_out           |   32|          2|   32|         64|
    |B_BUF_9_13_out           |   32|          2|   32|         64|
    |B_BUF_9_14_out           |   32|          2|   32|         64|
    |B_BUF_9_15_out           |   32|          2|   32|         64|
    |B_BUF_9_1_out            |   32|          2|   32|         64|
    |B_BUF_9_2_out            |   32|          2|   32|         64|
    |B_BUF_9_3_out            |   32|          2|   32|         64|
    |B_BUF_9_4_out            |   32|          2|   32|         64|
    |B_BUF_9_5_out            |   32|          2|   32|         64|
    |B_BUF_9_6_out            |   32|          2|   32|         64|
    |B_BUF_9_7_out            |   32|          2|   32|         64|
    |B_BUF_9_8_out            |   32|          2|   32|         64|
    |B_BUF_9_9_out            |   32|          2|   32|         64|
    |B_in_blk_n               |    2|          2|    1|          2|
    |ap_NS_fsm                |    2|          4|    1|          4|
    |ap_done                  |    2|          2|    1|          2|
    |ap_enable_reg_pp0_iter1  |    2|          3|    1|          3|
    |j_fu_1216                |    5|          2|    5|         10|
    +-------------------------+-----+-----------+-----+-----------+
    |Total                    |16397|       1037|16393|      32789|
    +-------------------------+-----+-----------+-----+-----------+

    * Register: 
    +-------------------------+-----+----+-----+-----------+
    |           Name          |  FF | LUT| Bits| Const Bits|
    +-------------------------+-----+----+-----+-----------+
    |B_BUF_0_0_out_preg       |   32|   0|   32|          0|
    |B_BUF_0_10_out_preg      |   32|   0|   32|          0|
    |B_BUF_0_11_out_preg      |   32|   0|   32|          0|
    |B_BUF_0_12_out_preg      |   32|   0|   32|          0|
    |B_BUF_0_13_out_preg      |   32|   0|   32|          0|
    |B_BUF_0_14_out_preg      |   32|   0|   32|          0|
    |B_BUF_0_15_out_preg      |   32|   0|   32|          0|
    |B_BUF_0_1_out_preg       |   32|   0|   32|          0|
    |B_BUF_0_2_out_preg       |   32|   0|   32|          0|
    |B_BUF_0_3_out_preg       |   32|   0|   32|          0|
    |B_BUF_0_4_out_preg       |   32|   0|   32|          0|
    |B_BUF_0_5_out_preg       |   32|   0|   32|          0|
    |B_BUF_0_6_out_preg       |   32|   0|   32|          0|
    |B_BUF_0_7_out_preg       |   32|   0|   32|          0|
    |B_BUF_0_8_out_preg       |   32|   0|   32|          0|
    |B_BUF_0_9_out_preg       |   32|   0|   32|          0|
    |B_BUF_100_load_fu_1620   |   32|   0|   32|          0|
    |B_BUF_101_load_fu_1624   |   32|   0|   32|          0|
    |B_BUF_102_load_fu_1628   |   32|   0|   32|          0|
    |B_BUF_103_load_fu_1632   |   32|   0|   32|          0|
    |B_BUF_104_load_fu_1636   |   32|   0|   32|          0|
    |B_BUF_105_load_fu_1640   |   32|   0|   32|          0|
    |B_BUF_106_load_fu_1644   |   32|   0|   32|          0|
    |B_BUF_107_load_fu_1648   |   32|   0|   32|          0|
    |B_BUF_108_load_fu_1652   |   32|   0|   32|          0|
    |B_BUF_109_load_fu_1656   |   32|   0|   32|          0|
    |B_BUF_10_0_out_preg      |   32|   0|   32|          0|
    |B_BUF_10_10_out_preg     |   32|   0|   32|          0|
    |B_BUF_10_11_out_preg     |   32|   0|   32|          0|
    |B_BUF_10_12_out_preg     |   32|   0|   32|          0|
    |B_BUF_10_13_out_preg     |   32|   0|   32|          0|
    |B_BUF_10_14_out_preg     |   32|   0|   32|          0|
    |B_BUF_10_15_out_preg     |   32|   0|   32|          0|
    |B_BUF_10_1_out_preg      |   32|   0|   32|          0|
    |B_BUF_10_2_out_preg      |   32|   0|   32|          0|
    |B_BUF_10_3_out_preg      |   32|   0|   32|          0|
    |B_BUF_10_4_out_preg      |   32|   0|   32|          0|
    |B_BUF_10_5_out_preg      |   32|   0|   32|          0|
    |B_BUF_10_6_out_preg      |   32|   0|   32|          0|
    |B_BUF_10_7_out_preg      |   32|   0|   32|          0|
    |B_BUF_10_8_out_preg      |   32|   0|   32|          0|
    |B_BUF_10_9_out_preg      |   32|   0|   32|          0|
    |B_BUF_10_load_fu_1260    |   32|   0|   32|          0|
    |B_BUF_110_load_fu_1660   |   32|   0|   32|          0|
    |B_BUF_111_load_fu_1664   |   32|   0|   32|          0|
    |B_BUF_112_load_fu_1668   |   32|   0|   32|          0|
    |B_BUF_113_load_fu_1672   |   32|   0|   32|          0|
    |B_BUF_114_load_fu_1676   |   32|   0|   32|          0|
    |B_BUF_115_load_fu_1680   |   32|   0|   32|          0|
    |B_BUF_116_load_fu_1684   |   32|   0|   32|          0|
    |B_BUF_117_load_fu_1688   |   32|   0|   32|          0|
    |B_BUF_118_load_fu_1692   |   32|   0|   32|          0|
    |B_BUF_119_load_fu_1696   |   32|   0|   32|          0|
    |B_BUF_11_0_out_preg      |   32|   0|   32|          0|
    |B_BUF_11_10_out_preg     |   32|   0|   32|          0|
    |B_BUF_11_11_out_preg     |   32|   0|   32|          0|
    |B_BUF_11_12_out_preg     |   32|   0|   32|          0|
    |B_BUF_11_13_out_preg     |   32|   0|   32|          0|
    |B_BUF_11_14_out_preg     |   32|   0|   32|          0|
    |B_BUF_11_15_out_preg     |   32|   0|   32|          0|
    |B_BUF_11_1_out_preg      |   32|   0|   32|          0|
    |B_BUF_11_2_out_preg      |   32|   0|   32|          0|
    |B_BUF_11_3_out_preg      |   32|   0|   32|          0|
    |B_BUF_11_4_out_preg      |   32|   0|   32|          0|
    |B_BUF_11_5_out_preg      |   32|   0|   32|          0|
    |B_BUF_11_6_out_preg      |   32|   0|   32|          0|
    |B_BUF_11_7_out_preg      |   32|   0|   32|          0|
    |B_BUF_11_8_out_preg      |   32|   0|   32|          0|
    |B_BUF_11_9_out_preg      |   32|   0|   32|          0|
    |B_BUF_11_load_fu_1264    |   32|   0|   32|          0|
    |B_BUF_120_load_fu_1700   |   32|   0|   32|          0|
    |B_BUF_121_load_fu_1704   |   32|   0|   32|          0|
    |B_BUF_122_load_fu_1708   |   32|   0|   32|          0|
    |B_BUF_123_load_fu_1712   |   32|   0|   32|          0|
    |B_BUF_124_load_fu_1716   |   32|   0|   32|          0|
    |B_BUF_125_load_fu_1720   |   32|   0|   32|          0|
    |B_BUF_126_load_fu_1724   |   32|   0|   32|          0|
    |B_BUF_127_load_fu_1728   |   32|   0|   32|          0|
    |B_BUF_128_load_fu_1732   |   32|   0|   32|          0|
    |B_BUF_129_load_fu_1736   |   32|   0|   32|          0|
    |B_BUF_12_0_out_preg      |   32|   0|   32|          0|
    |B_BUF_12_10_out_preg     |   32|   0|   32|          0|
    |B_BUF_12_11_out_preg     |   32|   0|   32|          0|
    |B_BUF_12_12_out_preg     |   32|   0|   32|          0|
    |B_BUF_12_13_out_preg     |   32|   0|   32|          0|
    |B_BUF_12_14_out_preg     |   32|   0|   32|          0|
    |B_BUF_12_15_out_preg     |   32|   0|   32|          0|
    |B_BUF_12_1_out_preg      |   32|   0|   32|          0|
    |B_BUF_12_2_out_preg      |   32|   0|   32|          0|
    |B_BUF_12_3_out_preg      |   32|   0|   32|          0|
    |B_BUF_12_4_out_preg      |   32|   0|   32|          0|
    |B_BUF_12_5_out_preg      |   32|   0|   32|          0|
    |B_BUF_12_6_out_preg      |   32|   0|   32|          0|
    |B_BUF_12_7_out_preg      |   32|   0|   32|          0|
    |B_BUF_12_8_out_preg      |   32|   0|   32|          0|
    |B_BUF_12_9_out_preg      |   32|   0|   32|          0|
    |B_BUF_12_load_fu_1268    |   32|   0|   32|          0|
    |B_BUF_130_load_fu_1740   |   32|   0|   32|          0|
    |B_BUF_131_load_fu_1744   |   32|   0|   32|          0|
    |B_BUF_132_load_fu_1748   |   32|   0|   32|          0|
    |B_BUF_133_load_fu_1752   |   32|   0|   32|          0|
    |B_BUF_134_load_fu_1756   |   32|   0|   32|          0|
    |B_BUF_135_load_fu_1760   |   32|   0|   32|          0|
    |B_BUF_136_load_fu_1764   |   32|   0|   32|          0|
    |B_BUF_137_load_fu_1768   |   32|   0|   32|          0|
    |B_BUF_138_load_fu_1772   |   32|   0|   32|          0|
    |B_BUF_139_load_fu_1776   |   32|   0|   32|          0|
    |B_BUF_13_0_out_preg      |   32|   0|   32|          0|
    |B_BUF_13_10_out_preg     |   32|   0|   32|          0|
    |B_BUF_13_11_out_preg     |   32|   0|   32|          0|
    |B_BUF_13_12_out_preg     |   32|   0|   32|          0|
    |B_BUF_13_13_out_preg     |   32|   0|   32|          0|
    |B_BUF_13_14_out_preg     |   32|   0|   32|          0|
    |B_BUF_13_15_out_preg     |   32|   0|   32|          0|
    |B_BUF_13_1_out_preg      |   32|   0|   32|          0|
    |B_BUF_13_2_out_preg      |   32|   0|   32|          0|
    |B_BUF_13_3_out_preg      |   32|   0|   32|          0|
    |B_BUF_13_4_out_preg      |   32|   0|   32|          0|
    |B_BUF_13_5_out_preg      |   32|   0|   32|          0|
    |B_BUF_13_6_out_preg      |   32|   0|   32|          0|
    |B_BUF_13_7_out_preg      |   32|   0|   32|          0|
    |B_BUF_13_8_out_preg      |   32|   0|   32|          0|
    |B_BUF_13_9_out_preg      |   32|   0|   32|          0|
    |B_BUF_13_load_fu_1272    |   32|   0|   32|          0|
    |B_BUF_140_load_fu_1780   |   32|   0|   32|          0|
    |B_BUF_141_load_fu_1784   |   32|   0|   32|          0|
    |B_BUF_142_load_fu_1788   |   32|   0|   32|          0|
    |B_BUF_143_load_fu_1792   |   32|   0|   32|          0|
    |B_BUF_144_load_fu_1796   |   32|   0|   32|          0|
    |B_BUF_145_load_fu_1800   |   32|   0|   32|          0|
    |B_BUF_146_load_fu_1804   |   32|   0|   32|          0|
    |B_BUF_147_load_fu_1808   |   32|   0|   32|          0|
    |B_BUF_148_load_fu_1812   |   32|   0|   32|          0|
    |B_BUF_149_load_fu_1816   |   32|   0|   32|          0|
    |B_BUF_14_0_out_preg      |   32|   0|   32|          0|
    |B_BUF_14_10_out_preg     |   32|   0|   32|          0|
    |B_BUF_14_11_out_preg     |   32|   0|   32|          0|
    |B_BUF_14_12_out_preg     |   32|   0|   32|          0|
    |B_BUF_14_13_out_preg     |   32|   0|   32|          0|
    |B_BUF_14_14_out_preg     |   32|   0|   32|          0|
    |B_BUF_14_15_out_preg     |   32|   0|   32|          0|
    |B_BUF_14_1_out_preg      |   32|   0|   32|          0|
    |B_BUF_14_2_out_preg      |   32|   0|   32|          0|
    |B_BUF_14_3_out_preg      |   32|   0|   32|          0|
    |B_BUF_14_4_out_preg      |   32|   0|   32|          0|
    |B_BUF_14_5_out_preg      |   32|   0|   32|          0|
    |B_BUF_14_6_out_preg      |   32|   0|   32|          0|
    |B_BUF_14_7_out_preg      |   32|   0|   32|          0|
    |B_BUF_14_8_out_preg      |   32|   0|   32|          0|
    |B_BUF_14_9_out_preg      |   32|   0|   32|          0|
    |B_BUF_14_load_fu_1276    |   32|   0|   32|          0|
    |B_BUF_150_load_fu_1820   |   32|   0|   32|          0|
    |B_BUF_151_load_fu_1824   |   32|   0|   32|          0|
    |B_BUF_152_load_fu_1828   |   32|   0|   32|          0|
    |B_BUF_153_load_fu_1832   |   32|   0|   32|          0|
    |B_BUF_154_load_fu_1836   |   32|   0|   32|          0|
    |B_BUF_155_load_fu_1840   |   32|   0|   32|          0|
    |B_BUF_156_load_fu_1844   |   32|   0|   32|          0|
    |B_BUF_157_load_fu_1848   |   32|   0|   32|          0|
    |B_BUF_158_load_fu_1852   |   32|   0|   32|          0|
    |B_BUF_159_load_fu_1856   |   32|   0|   32|          0|
    |B_BUF_15_0_out_preg      |   32|   0|   32|          0|
    |B_BUF_15_10_out_preg     |   32|   0|   32|          0|
    |B_BUF_15_11_out_preg     |   32|   0|   32|          0|
    |B_BUF_15_12_out_preg     |   32|   0|   32|          0|
    |B_BUF_15_13_out_preg     |   32|   0|   32|          0|
    |B_BUF_15_14_out_preg     |   32|   0|   32|          0|
    |B_BUF_15_15_out_preg     |   32|   0|   32|          0|
    |B_BUF_15_1_out_preg      |   32|   0|   32|          0|
    |B_BUF_15_2_out_preg      |   32|   0|   32|          0|
    |B_BUF_15_3_out_preg      |   32|   0|   32|          0|
    |B_BUF_15_4_out_preg      |   32|   0|   32|          0|
    |B_BUF_15_5_out_preg      |   32|   0|   32|          0|
    |B_BUF_15_6_out_preg      |   32|   0|   32|          0|
    |B_BUF_15_7_out_preg      |   32|   0|   32|          0|
    |B_BUF_15_8_out_preg      |   32|   0|   32|          0|
    |B_BUF_15_9_out_preg      |   32|   0|   32|          0|
    |B_BUF_15_load_fu_1280    |   32|   0|   32|          0|
    |B_BUF_160_load_fu_1860   |   32|   0|   32|          0|
    |B_BUF_161_load_fu_1864   |   32|   0|   32|          0|
    |B_BUF_162_load_fu_1868   |   32|   0|   32|          0|
    |B_BUF_163_load_fu_1872   |   32|   0|   32|          0|
    |B_BUF_164_load_fu_1876   |   32|   0|   32|          0|
    |B_BUF_165_load_fu_1880   |   32|   0|   32|          0|
    |B_BUF_166_load_fu_1884   |   32|   0|   32|          0|
    |B_BUF_167_load_fu_1888   |   32|   0|   32|          0|
    |B_BUF_168_load_fu_1892   |   32|   0|   32|          0|
    |B_BUF_169_load_fu_1896   |   32|   0|   32|          0|
    |B_BUF_16_0_out_preg      |   32|   0|   32|          0|
    |B_BUF_16_10_out_preg     |   32|   0|   32|          0|
    |B_BUF_16_11_out_preg     |   32|   0|   32|          0|
    |B_BUF_16_12_out_preg     |   32|   0|   32|          0|
    |B_BUF_16_13_out_preg     |   32|   0|   32|          0|
    |B_BUF_16_14_out_preg     |   32|   0|   32|          0|
    |B_BUF_16_15_out_preg     |   32|   0|   32|          0|
    |B_BUF_16_1_out_preg      |   32|   0|   32|          0|
    |B_BUF_16_2_out_preg      |   32|   0|   32|          0|
    |B_BUF_16_3_out_preg      |   32|   0|   32|          0|
    |B_BUF_16_4_out_preg      |   32|   0|   32|          0|
    |B_BUF_16_5_out_preg      |   32|   0|   32|          0|
    |B_BUF_16_6_out_preg      |   32|   0|   32|          0|
    |B_BUF_16_7_out_preg      |   32|   0|   32|          0|
    |B_BUF_16_8_out_preg      |   32|   0|   32|          0|
    |B_BUF_16_9_out_preg      |   32|   0|   32|          0|
    |B_BUF_16_load_fu_1284    |   32|   0|   32|          0|
    |B_BUF_170_load_fu_1900   |   32|   0|   32|          0|
    |B_BUF_171_load_fu_1904   |   32|   0|   32|          0|
    |B_BUF_172_load_fu_1908   |   32|   0|   32|          0|
    |B_BUF_173_load_fu_1912   |   32|   0|   32|          0|
    |B_BUF_174_load_fu_1916   |   32|   0|   32|          0|
    |B_BUF_175_load_fu_1920   |   32|   0|   32|          0|
    |B_BUF_176_load_fu_1924   |   32|   0|   32|          0|
    |B_BUF_177_load_fu_1928   |   32|   0|   32|          0|
    |B_BUF_178_load_fu_1932   |   32|   0|   32|          0|
    |B_BUF_179_load_fu_1936   |   32|   0|   32|          0|
    |B_BUF_17_0_out_preg      |   32|   0|   32|          0|
    |B_BUF_17_10_out_preg     |   32|   0|   32|          0|
    |B_BUF_17_11_out_preg     |   32|   0|   32|          0|
    |B_BUF_17_12_out_preg     |   32|   0|   32|          0|
    |B_BUF_17_13_out_preg     |   32|   0|   32|          0|
    |B_BUF_17_14_out_preg     |   32|   0|   32|          0|
    |B_BUF_17_15_out_preg     |   32|   0|   32|          0|
    |B_BUF_17_1_out_preg      |   32|   0|   32|          0|
    |B_BUF_17_2_out_preg      |   32|   0|   32|          0|
    |B_BUF_17_3_out_preg      |   32|   0|   32|          0|
    |B_BUF_17_4_out_preg      |   32|   0|   32|          0|
    |B_BUF_17_5_out_preg      |   32|   0|   32|          0|
    |B_BUF_17_6_out_preg      |   32|   0|   32|          0|
    |B_BUF_17_7_out_preg      |   32|   0|   32|          0|
    |B_BUF_17_8_out_preg      |   32|   0|   32|          0|
    |B_BUF_17_9_out_preg      |   32|   0|   32|          0|
    |B_BUF_17_load_fu_1288    |   32|   0|   32|          0|
    |B_BUF_180_load_fu_1940   |   32|   0|   32|          0|
    |B_BUF_181_load_fu_1944   |   32|   0|   32|          0|
    |B_BUF_182_load_fu_1948   |   32|   0|   32|          0|
    |B_BUF_183_load_fu_1952   |   32|   0|   32|          0|
    |B_BUF_184_load_fu_1956   |   32|   0|   32|          0|
    |B_BUF_185_load_fu_1960   |   32|   0|   32|          0|
    |B_BUF_186_load_fu_1964   |   32|   0|   32|          0|
    |B_BUF_187_load_fu_1968   |   32|   0|   32|          0|
    |B_BUF_188_load_fu_1972   |   32|   0|   32|          0|
    |B_BUF_189_load_fu_1976   |   32|   0|   32|          0|
    |B_BUF_18_0_out_preg      |   32|   0|   32|          0|
    |B_BUF_18_10_out_preg     |   32|   0|   32|          0|
    |B_BUF_18_11_out_preg     |   32|   0|   32|          0|
    |B_BUF_18_12_out_preg     |   32|   0|   32|          0|
    |B_BUF_18_13_out_preg     |   32|   0|   32|          0|
    |B_BUF_18_14_out_preg     |   32|   0|   32|          0|
    |B_BUF_18_15_out_preg     |   32|   0|   32|          0|
    |B_BUF_18_1_out_preg      |   32|   0|   32|          0|
    |B_BUF_18_2_out_preg      |   32|   0|   32|          0|
    |B_BUF_18_3_out_preg      |   32|   0|   32|          0|
    |B_BUF_18_4_out_preg      |   32|   0|   32|          0|
    |B_BUF_18_5_out_preg      |   32|   0|   32|          0|
    |B_BUF_18_6_out_preg      |   32|   0|   32|          0|
    |B_BUF_18_7_out_preg      |   32|   0|   32|          0|
    |B_BUF_18_8_out_preg      |   32|   0|   32|          0|
    |B_BUF_18_9_out_preg      |   32|   0|   32|          0|
    |B_BUF_18_load_fu_1292    |   32|   0|   32|          0|
    |B_BUF_190_load_fu_1980   |   32|   0|   32|          0|
    |B_BUF_191_load_fu_1984   |   32|   0|   32|          0|
    |B_BUF_192_load_fu_1988   |   32|   0|   32|          0|
    |B_BUF_193_load_fu_1992   |   32|   0|   32|          0|
    |B_BUF_194_load_fu_1996   |   32|   0|   32|          0|
    |B_BUF_195_load_fu_2000   |   32|   0|   32|          0|
    |B_BUF_196_load_fu_2004   |   32|   0|   32|          0|
    |B_BUF_197_load_fu_2008   |   32|   0|   32|          0|
    |B_BUF_198_load_fu_2012   |   32|   0|   32|          0|
    |B_BUF_199_load_fu_2016   |   32|   0|   32|          0|
    |B_BUF_19_0_out_preg      |   32|   0|   32|          0|
    |B_BUF_19_10_out_preg     |   32|   0|   32|          0|
    |B_BUF_19_11_out_preg     |   32|   0|   32|          0|
    |B_BUF_19_12_out_preg     |   32|   0|   32|          0|
    |B_BUF_19_13_out_preg     |   32|   0|   32|          0|
    |B_BUF_19_14_out_preg     |   32|   0|   32|          0|
    |B_BUF_19_15_out_preg     |   32|   0|   32|          0|
    |B_BUF_19_1_out_preg      |   32|   0|   32|          0|
    |B_BUF_19_2_out_preg      |   32|   0|   32|          0|
    |B_BUF_19_3_out_preg      |   32|   0|   32|          0|
    |B_BUF_19_4_out_preg      |   32|   0|   32|          0|
    |B_BUF_19_5_out_preg      |   32|   0|   32|          0|
    |B_BUF_19_6_out_preg      |   32|   0|   32|          0|
    |B_BUF_19_7_out_preg      |   32|   0|   32|          0|
    |B_BUF_19_8_out_preg      |   32|   0|   32|          0|
    |B_BUF_19_9_out_preg      |   32|   0|   32|          0|
    |B_BUF_19_load_fu_1296    |   32|   0|   32|          0|
    |B_BUF_1_0_out_preg       |   32|   0|   32|          0|
    |B_BUF_1_10_out_preg      |   32|   0|   32|          0|
    |B_BUF_1_11_out_preg      |   32|   0|   32|          0|
    |B_BUF_1_12_out_preg      |   32|   0|   32|          0|
    |B_BUF_1_13_out_preg      |   32|   0|   32|          0|
    |B_BUF_1_14_out_preg      |   32|   0|   32|          0|
    |B_BUF_1_15_out_preg      |   32|   0|   32|          0|
    |B_BUF_1_1_out_preg       |   32|   0|   32|          0|
    |B_BUF_1_2_out_preg       |   32|   0|   32|          0|
    |B_BUF_1_3_out_preg       |   32|   0|   32|          0|
    |B_BUF_1_4_out_preg       |   32|   0|   32|          0|
    |B_BUF_1_5_out_preg       |   32|   0|   32|          0|
    |B_BUF_1_6_out_preg       |   32|   0|   32|          0|
    |B_BUF_1_7_out_preg       |   32|   0|   32|          0|
    |B_BUF_1_8_out_preg       |   32|   0|   32|          0|
    |B_BUF_1_9_out_preg       |   32|   0|   32|          0|
    |B_BUF_1_load_fu_1224     |   32|   0|   32|          0|
    |B_BUF_200_load_fu_2020   |   32|   0|   32|          0|
    |B_BUF_201_load_fu_2024   |   32|   0|   32|          0|
    |B_BUF_202_load_fu_2028   |   32|   0|   32|          0|
    |B_BUF_203_load_fu_2032   |   32|   0|   32|          0|
    |B_BUF_204_load_fu_2036   |   32|   0|   32|          0|
    |B_BUF_205_load_fu_2040   |   32|   0|   32|          0|
    |B_BUF_206_load_fu_2044   |   32|   0|   32|          0|
    |B_BUF_207_load_fu_2048   |   32|   0|   32|          0|
    |B_BUF_208_load_fu_2052   |   32|   0|   32|          0|
    |B_BUF_209_load_fu_2056   |   32|   0|   32|          0|
    |B_BUF_20_0_out_preg      |   32|   0|   32|          0|
    |B_BUF_20_10_out_preg     |   32|   0|   32|          0|
    |B_BUF_20_11_out_preg     |   32|   0|   32|          0|
    |B_BUF_20_12_out_preg     |   32|   0|   32|          0|
    |B_BUF_20_13_out_preg     |   32|   0|   32|          0|
    |B_BUF_20_14_out_preg     |   32|   0|   32|          0|
    |B_BUF_20_15_out_preg     |   32|   0|   32|          0|
    |B_BUF_20_1_out_preg      |   32|   0|   32|          0|
    |B_BUF_20_2_out_preg      |   32|   0|   32|          0|
    |B_BUF_20_3_out_preg      |   32|   0|   32|          0|
    |B_BUF_20_4_out_preg      |   32|   0|   32|          0|
    |B_BUF_20_5_out_preg      |   32|   0|   32|          0|
    |B_BUF_20_6_out_preg      |   32|   0|   32|          0|
    |B_BUF_20_7_out_preg      |   32|   0|   32|          0|
    |B_BUF_20_8_out_preg      |   32|   0|   32|          0|
    |B_BUF_20_9_out_preg      |   32|   0|   32|          0|
    |B_BUF_20_load_fu_1300    |   32|   0|   32|          0|
    |B_BUF_210_load_fu_2060   |   32|   0|   32|          0|
    |B_BUF_211_load_fu_2064   |   32|   0|   32|          0|
    |B_BUF_212_load_fu_2068   |   32|   0|   32|          0|
    |B_BUF_213_load_fu_2072   |   32|   0|   32|          0|
    |B_BUF_214_load_fu_2076   |   32|   0|   32|          0|
    |B_BUF_215_load_fu_2080   |   32|   0|   32|          0|
    |B_BUF_216_load_fu_2084   |   32|   0|   32|          0|
    |B_BUF_217_load_fu_2088   |   32|   0|   32|          0|
    |B_BUF_218_load_fu_2092   |   32|   0|   32|          0|
    |B_BUF_219_load_fu_2096   |   32|   0|   32|          0|
    |B_BUF_21_0_out_preg      |   32|   0|   32|          0|
    |B_BUF_21_10_out_preg     |   32|   0|   32|          0|
    |B_BUF_21_11_out_preg     |   32|   0|   32|          0|
    |B_BUF_21_12_out_preg     |   32|   0|   32|          0|
    |B_BUF_21_13_out_preg     |   32|   0|   32|          0|
    |B_BUF_21_14_out_preg     |   32|   0|   32|          0|
    |B_BUF_21_15_out_preg     |   32|   0|   32|          0|
    |B_BUF_21_1_out_preg      |   32|   0|   32|          0|
    |B_BUF_21_2_out_preg      |   32|   0|   32|          0|
    |B_BUF_21_3_out_preg      |   32|   0|   32|          0|
    |B_BUF_21_4_out_preg      |   32|   0|   32|          0|
    |B_BUF_21_5_out_preg      |   32|   0|   32|          0|
    |B_BUF_21_6_out_preg      |   32|   0|   32|          0|
    |B_BUF_21_7_out_preg      |   32|   0|   32|          0|
    |B_BUF_21_8_out_preg      |   32|   0|   32|          0|
    |B_BUF_21_9_out_preg      |   32|   0|   32|          0|
    |B_BUF_21_load_fu_1304    |   32|   0|   32|          0|
    |B_BUF_220_load_fu_2100   |   32|   0|   32|          0|
    |B_BUF_221_load_fu_2104   |   32|   0|   32|          0|
    |B_BUF_222_load_fu_2108   |   32|   0|   32|          0|
    |B_BUF_223_load_fu_2112   |   32|   0|   32|          0|
    |B_BUF_224_load_fu_2116   |   32|   0|   32|          0|
    |B_BUF_225_load_fu_2120   |   32|   0|   32|          0|
    |B_BUF_226_load_fu_2124   |   32|   0|   32|          0|
    |B_BUF_227_load_fu_2128   |   32|   0|   32|          0|
    |B_BUF_228_load_fu_2132   |   32|   0|   32|          0|
    |B_BUF_229_load_fu_2136   |   32|   0|   32|          0|
    |B_BUF_22_0_out_preg      |   32|   0|   32|          0|
    |B_BUF_22_10_out_preg     |   32|   0|   32|          0|
    |B_BUF_22_11_out_preg     |   32|   0|   32|          0|
    |B_BUF_22_12_out_preg     |   32|   0|   32|          0|
    |B_BUF_22_13_out_preg     |   32|   0|   32|          0|
    |B_BUF_22_14_out_preg     |   32|   0|   32|          0|
    |B_BUF_22_15_out_preg     |   32|   0|   32|          0|
    |B_BUF_22_1_out_preg      |   32|   0|   32|          0|
    |B_BUF_22_2_out_preg      |   32|   0|   32|          0|
    |B_BUF_22_3_out_preg      |   32|   0|   32|          0|
    |B_BUF_22_4_out_preg      |   32|   0|   32|          0|
    |B_BUF_22_5_out_preg      |   32|   0|   32|          0|
    |B_BUF_22_6_out_preg      |   32|   0|   32|          0|
    |B_BUF_22_7_out_preg      |   32|   0|   32|          0|
    |B_BUF_22_8_out_preg      |   32|   0|   32|          0|
    |B_BUF_22_9_out_preg      |   32|   0|   32|          0|
    |B_BUF_22_load_fu_1308    |   32|   0|   32|          0|
    |B_BUF_230_load_fu_2140   |   32|   0|   32|          0|
    |B_BUF_231_load_fu_2144   |   32|   0|   32|          0|
    |B_BUF_232_load_fu_2148   |   32|   0|   32|          0|
    |B_BUF_233_load_fu_2152   |   32|   0|   32|          0|
    |B_BUF_234_load_fu_2156   |   32|   0|   32|          0|
    |B_BUF_235_load_fu_2160   |   32|   0|   32|          0|
    |B_BUF_236_load_fu_2164   |   32|   0|   32|          0|
    |B_BUF_237_load_fu_2168   |   32|   0|   32|          0|
    |B_BUF_238_load_fu_2172   |   32|   0|   32|          0|
    |B_BUF_239_load_fu_2176   |   32|   0|   32|          0|
    |B_BUF_23_0_out_preg      |   32|   0|   32|          0|
    |B_BUF_23_10_out_preg     |   32|   0|   32|          0|
    |B_BUF_23_11_out_preg     |   32|   0|   32|          0|
    |B_BUF_23_12_out_preg     |   32|   0|   32|          0|
    |B_BUF_23_13_out_preg     |   32|   0|   32|          0|
    |B_BUF_23_14_out_preg     |   32|   0|   32|          0|
    |B_BUF_23_15_out_preg     |   32|   0|   32|          0|
    |B_BUF_23_1_out_preg      |   32|   0|   32|          0|
    |B_BUF_23_2_out_preg      |   32|   0|   32|          0|
    |B_BUF_23_3_out_preg      |   32|   0|   32|          0|
    |B_BUF_23_4_out_preg      |   32|   0|   32|          0|
    |B_BUF_23_5_out_preg      |   32|   0|   32|          0|
    |B_BUF_23_6_out_preg      |   32|   0|   32|          0|
    |B_BUF_23_7_out_preg      |   32|   0|   32|          0|
    |B_BUF_23_8_out_preg      |   32|   0|   32|          0|
    |B_BUF_23_9_out_preg      |   32|   0|   32|          0|
    |B_BUF_23_load_fu_1312    |   32|   0|   32|          0|
    |B_BUF_240_load_fu_2180   |   32|   0|   32|          0|
    |B_BUF_241_load_fu_2184   |   32|   0|   32|          0|
    |B_BUF_242_load_fu_2188   |   32|   0|   32|          0|
    |B_BUF_243_load_fu_2192   |   32|   0|   32|          0|
    |B_BUF_244_load_fu_2196   |   32|   0|   32|          0|
    |B_BUF_245_load_fu_2200   |   32|   0|   32|          0|
    |B_BUF_246_load_fu_2204   |   32|   0|   32|          0|
    |B_BUF_247_load_fu_2208   |   32|   0|   32|          0|
    |B_BUF_248_load_fu_2212   |   32|   0|   32|          0|
    |B_BUF_249_load_fu_2216   |   32|   0|   32|          0|
    |B_BUF_24_0_out_preg      |   32|   0|   32|          0|
    |B_BUF_24_10_out_preg     |   32|   0|   32|          0|
    |B_BUF_24_11_out_preg     |   32|   0|   32|          0|
    |B_BUF_24_12_out_preg     |   32|   0|   32|          0|
    |B_BUF_24_13_out_preg     |   32|   0|   32|          0|
    |B_BUF_24_14_out_preg     |   32|   0|   32|          0|
    |B_BUF_24_15_out_preg     |   32|   0|   32|          0|
    |B_BUF_24_1_out_preg      |   32|   0|   32|          0|
    |B_BUF_24_2_out_preg      |   32|   0|   32|          0|
    |B_BUF_24_3_out_preg      |   32|   0|   32|          0|
    |B_BUF_24_4_out_preg      |   32|   0|   32|          0|
    |B_BUF_24_5_out_preg      |   32|   0|   32|          0|
    |B_BUF_24_6_out_preg      |   32|   0|   32|          0|
    |B_BUF_24_7_out_preg      |   32|   0|   32|          0|
    |B_BUF_24_8_out_preg      |   32|   0|   32|          0|
    |B_BUF_24_9_out_preg      |   32|   0|   32|          0|
    |B_BUF_24_load_fu_1316    |   32|   0|   32|          0|
    |B_BUF_250_load_fu_2220   |   32|   0|   32|          0|
    |B_BUF_251_load_fu_2224   |   32|   0|   32|          0|
    |B_BUF_252_load_fu_2228   |   32|   0|   32|          0|
    |B_BUF_253_load_fu_2232   |   32|   0|   32|          0|
    |B_BUF_254_load_fu_2236   |   32|   0|   32|          0|
    |B_BUF_255_load_fu_2240   |   32|   0|   32|          0|
    |B_BUF_256_load_fu_2244   |   32|   0|   32|          0|
    |B_BUF_257_load_fu_2248   |   32|   0|   32|          0|
    |B_BUF_258_load_fu_2252   |   32|   0|   32|          0|
    |B_BUF_259_load_fu_2256   |   32|   0|   32|          0|
    |B_BUF_25_0_out_preg      |   32|   0|   32|          0|
    |B_BUF_25_10_out_preg     |   32|   0|   32|          0|
    |B_BUF_25_11_out_preg     |   32|   0|   32|          0|
    |B_BUF_25_12_out_preg     |   32|   0|   32|          0|
    |B_BUF_25_13_out_preg     |   32|   0|   32|          0|
    |B_BUF_25_14_out_preg     |   32|   0|   32|          0|
    |B_BUF_25_15_out_preg     |   32|   0|   32|          0|
    |B_BUF_25_1_out_preg      |   32|   0|   32|          0|
    |B_BUF_25_2_out_preg      |   32|   0|   32|          0|
    |B_BUF_25_3_out_preg      |   32|   0|   32|          0|
    |B_BUF_25_4_out_preg      |   32|   0|   32|          0|
    |B_BUF_25_5_out_preg      |   32|   0|   32|          0|
    |B_BUF_25_6_out_preg      |   32|   0|   32|          0|
    |B_BUF_25_7_out_preg      |   32|   0|   32|          0|
    |B_BUF_25_8_out_preg      |   32|   0|   32|          0|
    |B_BUF_25_9_out_preg      |   32|   0|   32|          0|
    |B_BUF_25_load_fu_1320    |   32|   0|   32|          0|
    |B_BUF_260_load_fu_2260   |   32|   0|   32|          0|
    |B_BUF_261_load_fu_2264   |   32|   0|   32|          0|
    |B_BUF_262_load_fu_2268   |   32|   0|   32|          0|
    |B_BUF_263_load_fu_2272   |   32|   0|   32|          0|
    |B_BUF_264_load_fu_2276   |   32|   0|   32|          0|
    |B_BUF_265_load_fu_2280   |   32|   0|   32|          0|
    |B_BUF_266_load_fu_2284   |   32|   0|   32|          0|
    |B_BUF_267_load_fu_2288   |   32|   0|   32|          0|
    |B_BUF_268_load_fu_2292   |   32|   0|   32|          0|
    |B_BUF_269_load_fu_2296   |   32|   0|   32|          0|
    |B_BUF_26_0_out_preg      |   32|   0|   32|          0|
    |B_BUF_26_10_out_preg     |   32|   0|   32|          0|
    |B_BUF_26_11_out_preg     |   32|   0|   32|          0|
    |B_BUF_26_12_out_preg     |   32|   0|   32|          0|
    |B_BUF_26_13_out_preg     |   32|   0|   32|          0|
    |B_BUF_26_14_out_preg     |   32|   0|   32|          0|
    |B_BUF_26_15_out_preg     |   32|   0|   32|          0|
    |B_BUF_26_1_out_preg      |   32|   0|   32|          0|
    |B_BUF_26_2_out_preg      |   32|   0|   32|          0|
    |B_BUF_26_3_out_preg      |   32|   0|   32|          0|
    |B_BUF_26_4_out_preg      |   32|   0|   32|          0|
    |B_BUF_26_5_out_preg      |   32|   0|   32|          0|
    |B_BUF_26_6_out_preg      |   32|   0|   32|          0|
    |B_BUF_26_7_out_preg      |   32|   0|   32|          0|
    |B_BUF_26_8_out_preg      |   32|   0|   32|          0|
    |B_BUF_26_9_out_preg      |   32|   0|   32|          0|
    |B_BUF_26_load_fu_1324    |   32|   0|   32|          0|
    |B_BUF_270_load_fu_2300   |   32|   0|   32|          0|
    |B_BUF_271_load_fu_2304   |   32|   0|   32|          0|
    |B_BUF_272_load_fu_2308   |   32|   0|   32|          0|
    |B_BUF_273_load_fu_2312   |   32|   0|   32|          0|
    |B_BUF_274_load_fu_2316   |   32|   0|   32|          0|
    |B_BUF_275_load_fu_2320   |   32|   0|   32|          0|
    |B_BUF_276_load_fu_2324   |   32|   0|   32|          0|
    |B_BUF_277_load_fu_2328   |   32|   0|   32|          0|
    |B_BUF_278_load_fu_2332   |   32|   0|   32|          0|
    |B_BUF_279_load_fu_2336   |   32|   0|   32|          0|
    |B_BUF_27_0_out_preg      |   32|   0|   32|          0|
    |B_BUF_27_10_out_preg     |   32|   0|   32|          0|
    |B_BUF_27_11_out_preg     |   32|   0|   32|          0|
    |B_BUF_27_12_out_preg     |   32|   0|   32|          0|
    |B_BUF_27_13_out_preg     |   32|   0|   32|          0|
    |B_BUF_27_14_out_preg     |   32|   0|   32|          0|
    |B_BUF_27_15_out_preg     |   32|   0|   32|          0|
    |B_BUF_27_1_out_preg      |   32|   0|   32|          0|
    |B_BUF_27_2_out_preg      |   32|   0|   32|          0|
    |B_BUF_27_3_out_preg      |   32|   0|   32|          0|
    |B_BUF_27_4_out_preg      |   32|   0|   32|          0|
    |B_BUF_27_5_out_preg      |   32|   0|   32|          0|
    |B_BUF_27_6_out_preg      |   32|   0|   32|          0|
    |B_BUF_27_7_out_preg      |   32|   0|   32|          0|
    |B_BUF_27_8_out_preg      |   32|   0|   32|          0|
    |B_BUF_27_9_out_preg      |   32|   0|   32|          0|
    |B_BUF_27_load_fu_1328    |   32|   0|   32|          0|
    |B_BUF_280_load_fu_2340   |   32|   0|   32|          0|
    |B_BUF_281_load_fu_2344   |   32|   0|   32|          0|
    |B_BUF_282_load_fu_2348   |   32|   0|   32|          0|
    |B_BUF_283_load_fu_2352   |   32|   0|   32|          0|
    |B_BUF_284_load_fu_2356   |   32|   0|   32|          0|
    |B_BUF_285_load_fu_2360   |   32|   0|   32|          0|
    |B_BUF_286_load_fu_2364   |   32|   0|   32|          0|
    |B_BUF_287_load_fu_2368   |   32|   0|   32|          0|
    |B_BUF_288_load_fu_2372   |   32|   0|   32|          0|
    |B_BUF_289_load_fu_2376   |   32|   0|   32|          0|
    |B_BUF_28_0_out_preg      |   32|   0|   32|          0|
    |B_BUF_28_10_out_preg     |   32|   0|   32|          0|
    |B_BUF_28_11_out_preg     |   32|   0|   32|          0|
    |B_BUF_28_12_out_preg     |   32|   0|   32|          0|
    |B_BUF_28_13_out_preg     |   32|   0|   32|          0|
    |B_BUF_28_14_out_preg     |   32|   0|   32|          0|
    |B_BUF_28_15_out_preg     |   32|   0|   32|          0|
    |B_BUF_28_1_out_preg      |   32|   0|   32|          0|
    |B_BUF_28_2_out_preg      |   32|   0|   32|          0|
    |B_BUF_28_3_out_preg      |   32|   0|   32|          0|
    |B_BUF_28_4_out_preg      |   32|   0|   32|          0|
    |B_BUF_28_5_out_preg      |   32|   0|   32|          0|
    |B_BUF_28_6_out_preg      |   32|   0|   32|          0|
    |B_BUF_28_7_out_preg      |   32|   0|   32|          0|
    |B_BUF_28_8_out_preg      |   32|   0|   32|          0|
    |B_BUF_28_9_out_preg      |   32|   0|   32|          0|
    |B_BUF_28_load_fu_1332    |   32|   0|   32|          0|
    |B_BUF_290_load_fu_2380   |   32|   0|   32|          0|
    |B_BUF_291_load_fu_2384   |   32|   0|   32|          0|
    |B_BUF_292_load_fu_2388   |   32|   0|   32|          0|
    |B_BUF_293_load_fu_2392   |   32|   0|   32|          0|
    |B_BUF_294_load_fu_2396   |   32|   0|   32|          0|
    |B_BUF_295_load_fu_2400   |   32|   0|   32|          0|
    |B_BUF_296_load_fu_2404   |   32|   0|   32|          0|
    |B_BUF_297_load_fu_2408   |   32|   0|   32|          0|
    |B_BUF_298_load_fu_2412   |   32|   0|   32|          0|
    |B_BUF_299_load_fu_2416   |   32|   0|   32|          0|
    |B_BUF_29_0_out_preg      |   32|   0|   32|          0|
    |B_BUF_29_10_out_preg     |   32|   0|   32|          0|
    |B_BUF_29_11_out_preg     |   32|   0|   32|          0|
    |B_BUF_29_12_out_preg     |   32|   0|   32|          0|
    |B_BUF_29_13_out_preg     |   32|   0|   32|          0|
    |B_BUF_29_14_out_preg     |   32|   0|   32|          0|
    |B_BUF_29_15_out_preg     |   32|   0|   32|          0|
    |B_BUF_29_1_out_preg      |   32|   0|   32|          0|
    |B_BUF_29_2_out_preg      |   32|   0|   32|          0|
    |B_BUF_29_3_out_preg      |   32|   0|   32|          0|
    |B_BUF_29_4_out_preg      |   32|   0|   32|          0|
    |B_BUF_29_5_out_preg      |   32|   0|   32|          0|
    |B_BUF_29_6_out_preg      |   32|   0|   32|          0|
    |B_BUF_29_7_out_preg      |   32|   0|   32|          0|
    |B_BUF_29_8_out_preg      |   32|   0|   32|          0|
    |B_BUF_29_9_out_preg      |   32|   0|   32|          0|
    |B_BUF_29_load_fu_1336    |   32|   0|   32|          0|
    |B_BUF_2_0_out_preg       |   32|   0|   32|          0|
    |B_BUF_2_10_out_preg      |   32|   0|   32|          0|
    |B_BUF_2_11_out_preg      |   32|   0|   32|          0|
    |B_BUF_2_12_out_preg      |   32|   0|   32|          0|
    |B_BUF_2_13_out_preg      |   32|   0|   32|          0|
    |B_BUF_2_14_out_preg      |   32|   0|   32|          0|
    |B_BUF_2_15_out_preg      |   32|   0|   32|          0|
    |B_BUF_2_1_out_preg       |   32|   0|   32|          0|
    |B_BUF_2_2_out_preg       |   32|   0|   32|          0|
    |B_BUF_2_3_out_preg       |   32|   0|   32|          0|
    |B_BUF_2_4_out_preg       |   32|   0|   32|          0|
    |B_BUF_2_5_out_preg       |   32|   0|   32|          0|
    |B_BUF_2_6_out_preg       |   32|   0|   32|          0|
    |B_BUF_2_7_out_preg       |   32|   0|   32|          0|
    |B_BUF_2_8_out_preg       |   32|   0|   32|          0|
    |B_BUF_2_9_out_preg       |   32|   0|   32|          0|
    |B_BUF_2_load_fu_1228     |   32|   0|   32|          0|
    |B_BUF_300_load_fu_2420   |   32|   0|   32|          0|
    |B_BUF_301_load_fu_2424   |   32|   0|   32|          0|
    |B_BUF_302_load_fu_2428   |   32|   0|   32|          0|
    |B_BUF_303_load_fu_2432   |   32|   0|   32|          0|
    |B_BUF_304_load_fu_2436   |   32|   0|   32|          0|
    |B_BUF_305_load_fu_2440   |   32|   0|   32|          0|
    |B_BUF_306_load_fu_2444   |   32|   0|   32|          0|
    |B_BUF_307_load_fu_2448   |   32|   0|   32|          0|
    |B_BUF_308_load_fu_2452   |   32|   0|   32|          0|
    |B_BUF_309_load_fu_2456   |   32|   0|   32|          0|
    |B_BUF_30_0_out_preg      |   32|   0|   32|          0|
    |B_BUF_30_10_out_preg     |   32|   0|   32|          0|
    |B_BUF_30_11_out_preg     |   32|   0|   32|          0|
    |B_BUF_30_12_out_preg     |   32|   0|   32|          0|
    |B_BUF_30_13_out_preg     |   32|   0|   32|          0|
    |B_BUF_30_14_out_preg     |   32|   0|   32|          0|
    |B_BUF_30_15_out_preg     |   32|   0|   32|          0|
    |B_BUF_30_1_out_preg      |   32|   0|   32|          0|
    |B_BUF_30_2_out_preg      |   32|   0|   32|          0|
    |B_BUF_30_3_out_preg      |   32|   0|   32|          0|
    |B_BUF_30_4_out_preg      |   32|   0|   32|          0|
    |B_BUF_30_5_out_preg      |   32|   0|   32|          0|
    |B_BUF_30_6_out_preg      |   32|   0|   32|          0|
    |B_BUF_30_7_out_preg      |   32|   0|   32|          0|
    |B_BUF_30_8_out_preg      |   32|   0|   32|          0|
    |B_BUF_30_9_out_preg      |   32|   0|   32|          0|
    |B_BUF_30_load_fu_1340    |   32|   0|   32|          0|
    |B_BUF_310_load_fu_2460   |   32|   0|   32|          0|
    |B_BUF_311_load_fu_2464   |   32|   0|   32|          0|
    |B_BUF_312_load_fu_2468   |   32|   0|   32|          0|
    |B_BUF_313_load_fu_2472   |   32|   0|   32|          0|
    |B_BUF_314_load_fu_2476   |   32|   0|   32|          0|
    |B_BUF_315_load_fu_2480   |   32|   0|   32|          0|
    |B_BUF_316_load_fu_2484   |   32|   0|   32|          0|
    |B_BUF_317_load_fu_2488   |   32|   0|   32|          0|
    |B_BUF_318_load_fu_2492   |   32|   0|   32|          0|
    |B_BUF_319_load_fu_2496   |   32|   0|   32|          0|
    |B_BUF_31_0_out_preg      |   32|   0|   32|          0|
    |B_BUF_31_10_out_preg     |   32|   0|   32|          0|
    |B_BUF_31_11_out_preg     |   32|   0|   32|          0|
    |B_BUF_31_12_out_preg     |   32|   0|   32|          0|
    |B_BUF_31_13_out_preg     |   32|   0|   32|          0|
    |B_BUF_31_14_out_preg     |   32|   0|   32|          0|
    |B_BUF_31_15_out_preg     |   32|   0|   32|          0|
    |B_BUF_31_1_out_preg      |   32|   0|   32|          0|
    |B_BUF_31_2_out_preg      |   32|   0|   32|          0|
    |B_BUF_31_3_out_preg      |   32|   0|   32|          0|
    |B_BUF_31_4_out_preg      |   32|   0|   32|          0|
    |B_BUF_31_5_out_preg      |   32|   0|   32|          0|
    |B_BUF_31_6_out_preg      |   32|   0|   32|          0|
    |B_BUF_31_7_out_preg      |   32|   0|   32|          0|
    |B_BUF_31_8_out_preg      |   32|   0|   32|          0|
    |B_BUF_31_9_out_preg      |   32|   0|   32|          0|
    |B_BUF_31_load_fu_1344    |   32|   0|   32|          0|
    |B_BUF_320_load_fu_2500   |   32|   0|   32|          0|
    |B_BUF_321_load_fu_2504   |   32|   0|   32|          0|
    |B_BUF_322_load_fu_2508   |   32|   0|   32|          0|
    |B_BUF_323_load_fu_2512   |   32|   0|   32|          0|
    |B_BUF_324_load_fu_2516   |   32|   0|   32|          0|
    |B_BUF_325_load_fu_2520   |   32|   0|   32|          0|
    |B_BUF_326_load_fu_2524   |   32|   0|   32|          0|
    |B_BUF_327_load_fu_2528   |   32|   0|   32|          0|
    |B_BUF_328_load_fu_2532   |   32|   0|   32|          0|
    |B_BUF_329_load_fu_2536   |   32|   0|   32|          0|
    |B_BUF_32_load_fu_1348    |   32|   0|   32|          0|
    |B_BUF_330_load_fu_2540   |   32|   0|   32|          0|
    |B_BUF_331_load_fu_2544   |   32|   0|   32|          0|
    |B_BUF_332_load_fu_2548   |   32|   0|   32|          0|
    |B_BUF_333_load_fu_2552   |   32|   0|   32|          0|
    |B_BUF_334_load_fu_2556   |   32|   0|   32|          0|
    |B_BUF_335_load_fu_2560   |   32|   0|   32|          0|
    |B_BUF_336_load_fu_2564   |   32|   0|   32|          0|
    |B_BUF_337_load_fu_2568   |   32|   0|   32|          0|
    |B_BUF_338_load_fu_2572   |   32|   0|   32|          0|
    |B_BUF_339_load_fu_2576   |   32|   0|   32|          0|
    |B_BUF_33_load_fu_1352    |   32|   0|   32|          0|
    |B_BUF_340_load_fu_2580   |   32|   0|   32|          0|
    |B_BUF_341_load_fu_2584   |   32|   0|   32|          0|
    |B_BUF_342_load_fu_2588   |   32|   0|   32|          0|
    |B_BUF_343_load_fu_2592   |   32|   0|   32|          0|
    |B_BUF_344_load_fu_2596   |   32|   0|   32|          0|
    |B_BUF_345_load_fu_2600   |   32|   0|   32|          0|
    |B_BUF_346_load_fu_2604   |   32|   0|   32|          0|
    |B_BUF_347_load_fu_2608   |   32|   0|   32|          0|
    |B_BUF_348_load_fu_2612   |   32|   0|   32|          0|
    |B_BUF_349_load_fu_2616   |   32|   0|   32|          0|
    |B_BUF_34_load_fu_1356    |   32|   0|   32|          0|
    |B_BUF_350_load_fu_2620   |   32|   0|   32|          0|
    |B_BUF_351_load_fu_2624   |   32|   0|   32|          0|
    |B_BUF_352_load_fu_2628   |   32|   0|   32|          0|
    |B_BUF_353_load_fu_2632   |   32|   0|   32|          0|
    |B_BUF_354_load_fu_2636   |   32|   0|   32|          0|
    |B_BUF_355_load_fu_2640   |   32|   0|   32|          0|
    |B_BUF_356_load_fu_2644   |   32|   0|   32|          0|
    |B_BUF_357_load_fu_2648   |   32|   0|   32|          0|
    |B_BUF_358_load_fu_2652   |   32|   0|   32|          0|
    |B_BUF_359_load_fu_2656   |   32|   0|   32|          0|
    |B_BUF_35_load_fu_1360    |   32|   0|   32|          0|
    |B_BUF_360_load_fu_2660   |   32|   0|   32|          0|
    |B_BUF_361_load_fu_2664   |   32|   0|   32|          0|
    |B_BUF_362_load_fu_2668   |   32|   0|   32|          0|
    |B_BUF_363_load_fu_2672   |   32|   0|   32|          0|
    |B_BUF_364_load_fu_2676   |   32|   0|   32|          0|
    |B_BUF_365_load_fu_2680   |   32|   0|   32|          0|
    |B_BUF_366_load_fu_2684   |   32|   0|   32|          0|
    |B_BUF_367_load_fu_2688   |   32|   0|   32|          0|
    |B_BUF_368_load_fu_2692   |   32|   0|   32|          0|
    |B_BUF_369_load_fu_2696   |   32|   0|   32|          0|
    |B_BUF_36_load_fu_1364    |   32|   0|   32|          0|
    |B_BUF_370_load_fu_2700   |   32|   0|   32|          0|
    |B_BUF_371_load_fu_2704   |   32|   0|   32|          0|
    |B_BUF_372_load_fu_2708   |   32|   0|   32|          0|
    |B_BUF_373_load_fu_2712   |   32|   0|   32|          0|
    |B_BUF_374_load_fu_2716   |   32|   0|   32|          0|
    |B_BUF_375_load_fu_2720   |   32|   0|   32|          0|
    |B_BUF_376_load_fu_2724   |   32|   0|   32|          0|
    |B_BUF_377_load_fu_2728   |   32|   0|   32|          0|
    |B_BUF_378_load_fu_2732   |   32|   0|   32|          0|
    |B_BUF_379_load_fu_2736   |   32|   0|   32|          0|
    |B_BUF_37_load_fu_1368    |   32|   0|   32|          0|
    |B_BUF_380_load_fu_2740   |   32|   0|   32|          0|
    |B_BUF_381_load_fu_2744   |   32|   0|   32|          0|
    |B_BUF_382_load_fu_2748   |   32|   0|   32|          0|
    |B_BUF_383_load_fu_2752   |   32|   0|   32|          0|
    |B_BUF_384_load_fu_2756   |   32|   0|   32|          0|
    |B_BUF_385_load_fu_2760   |   32|   0|   32|          0|
    |B_BUF_386_load_fu_2764   |   32|   0|   32|          0|
    |B_BUF_387_load_fu_2768   |   32|   0|   32|          0|
    |B_BUF_388_load_fu_2772   |   32|   0|   32|          0|
    |B_BUF_389_load_fu_2776   |   32|   0|   32|          0|
    |B_BUF_38_load_fu_1372    |   32|   0|   32|          0|
    |B_BUF_390_load_fu_2780   |   32|   0|   32|          0|
    |B_BUF_391_load_fu_2784   |   32|   0|   32|          0|
    |B_BUF_392_load_fu_2788   |   32|   0|   32|          0|
    |B_BUF_393_load_fu_2792   |   32|   0|   32|          0|
    |B_BUF_394_load_fu_2796   |   32|   0|   32|          0|
    |B_BUF_395_load_fu_2800   |   32|   0|   32|          0|
    |B_BUF_396_load_fu_2804   |   32|   0|   32|          0|
    |B_BUF_397_load_fu_2808   |   32|   0|   32|          0|
    |B_BUF_398_load_fu_2812   |   32|   0|   32|          0|
    |B_BUF_399_load_fu_2816   |   32|   0|   32|          0|
    |B_BUF_39_load_fu_1376    |   32|   0|   32|          0|
    |B_BUF_3_0_out_preg       |   32|   0|   32|          0|
    |B_BUF_3_10_out_preg      |   32|   0|   32|          0|
    |B_BUF_3_11_out_preg      |   32|   0|   32|          0|
    |B_BUF_3_12_out_preg      |   32|   0|   32|          0|
    |B_BUF_3_13_out_preg      |   32|   0|   32|          0|
    |B_BUF_3_14_out_preg      |   32|   0|   32|          0|
    |B_BUF_3_15_out_preg      |   32|   0|   32|          0|
    |B_BUF_3_1_out_preg       |   32|   0|   32|          0|
    |B_BUF_3_2_out_preg       |   32|   0|   32|          0|
    |B_BUF_3_3_out_preg       |   32|   0|   32|          0|
    |B_BUF_3_4_out_preg       |   32|   0|   32|          0|
    |B_BUF_3_5_out_preg       |   32|   0|   32|          0|
    |B_BUF_3_6_out_preg       |   32|   0|   32|          0|
    |B_BUF_3_7_out_preg       |   32|   0|   32|          0|
    |B_BUF_3_8_out_preg       |   32|   0|   32|          0|
    |B_BUF_3_9_out_preg       |   32|   0|   32|          0|
    |B_BUF_3_load_fu_1232     |   32|   0|   32|          0|
    |B_BUF_400_load_fu_2820   |   32|   0|   32|          0|
    |B_BUF_401_load_fu_2824   |   32|   0|   32|          0|
    |B_BUF_402_load_fu_2828   |   32|   0|   32|          0|
    |B_BUF_403_load_fu_2832   |   32|   0|   32|          0|
    |B_BUF_404_load_fu_2836   |   32|   0|   32|          0|
    |B_BUF_405_load_fu_2840   |   32|   0|   32|          0|
    |B_BUF_406_load_fu_2844   |   32|   0|   32|          0|
    |B_BUF_407_load_fu_2848   |   32|   0|   32|          0|
    |B_BUF_408_load_fu_2852   |   32|   0|   32|          0|
    |B_BUF_409_load_fu_2856   |   32|   0|   32|          0|
    |B_BUF_40_load_fu_1380    |   32|   0|   32|          0|
    |B_BUF_410_load_fu_2860   |   32|   0|   32|          0|
    |B_BUF_411_load_fu_2864   |   32|   0|   32|          0|
    |B_BUF_412_load_fu_2868   |   32|   0|   32|          0|
    |B_BUF_413_load_fu_2872   |   32|   0|   32|          0|
    |B_BUF_414_load_fu_2876   |   32|   0|   32|          0|
    |B_BUF_415_load_fu_2880   |   32|   0|   32|          0|
    |B_BUF_416_load_fu_2884   |   32|   0|   32|          0|
    |B_BUF_417_load_fu_2888   |   32|   0|   32|          0|
    |B_BUF_418_load_fu_2892   |   32|   0|   32|          0|
    |B_BUF_419_load_fu_2896   |   32|   0|   32|          0|
    |B_BUF_41_load_fu_1384    |   32|   0|   32|          0|
    |B_BUF_420_load_fu_2900   |   32|   0|   32|          0|
    |B_BUF_421_load_fu_2904   |   32|   0|   32|          0|
    |B_BUF_422_load_fu_2908   |   32|   0|   32|          0|
    |B_BUF_423_load_fu_2912   |   32|   0|   32|          0|
    |B_BUF_424_load_fu_2916   |   32|   0|   32|          0|
    |B_BUF_425_load_fu_2920   |   32|   0|   32|          0|
    |B_BUF_426_load_fu_2924   |   32|   0|   32|          0|
    |B_BUF_427_load_fu_2928   |   32|   0|   32|          0|
    |B_BUF_428_load_fu_2932   |   32|   0|   32|          0|
    |B_BUF_429_load_fu_2936   |   32|   0|   32|          0|
    |B_BUF_42_load_fu_1388    |   32|   0|   32|          0|
    |B_BUF_430_load_fu_2940   |   32|   0|   32|          0|
    |B_BUF_431_load_fu_2944   |   32|   0|   32|          0|
    |B_BUF_432_load_fu_2948   |   32|   0|   32|          0|
    |B_BUF_433_load_fu_2952   |   32|   0|   32|          0|
    |B_BUF_434_load_fu_2956   |   32|   0|   32|          0|
    |B_BUF_435_load_fu_2960   |   32|   0|   32|          0|
    |B_BUF_436_load_fu_2964   |   32|   0|   32|          0|
    |B_BUF_437_load_fu_2968   |   32|   0|   32|          0|
    |B_BUF_438_load_fu_2972   |   32|   0|   32|          0|
    |B_BUF_439_load_fu_2976   |   32|   0|   32|          0|
    |B_BUF_43_load_fu_1392    |   32|   0|   32|          0|
    |B_BUF_440_load_fu_2980   |   32|   0|   32|          0|
    |B_BUF_441_load_fu_2984   |   32|   0|   32|          0|
    |B_BUF_442_load_fu_2988   |   32|   0|   32|          0|
    |B_BUF_443_load_fu_2992   |   32|   0|   32|          0|
    |B_BUF_444_load_fu_2996   |   32|   0|   32|          0|
    |B_BUF_445_load_fu_3000   |   32|   0|   32|          0|
    |B_BUF_446_load_fu_3004   |   32|   0|   32|          0|
    |B_BUF_447_load_fu_3008   |   32|   0|   32|          0|
    |B_BUF_448_load_fu_3012   |   32|   0|   32|          0|
    |B_BUF_449_load_fu_3016   |   32|   0|   32|          0|
    |B_BUF_44_load_fu_1396    |   32|   0|   32|          0|
    |B_BUF_450_load_fu_3020   |   32|   0|   32|          0|
    |B_BUF_451_load_fu_3024   |   32|   0|   32|          0|
    |B_BUF_452_load_fu_3028   |   32|   0|   32|          0|
    |B_BUF_453_load_fu_3032   |   32|   0|   32|          0|
    |B_BUF_454_load_fu_3036   |   32|   0|   32|          0|
    |B_BUF_455_load_fu_3040   |   32|   0|   32|          0|
    |B_BUF_456_load_fu_3044   |   32|   0|   32|          0|
    |B_BUF_457_load_fu_3048   |   32|   0|   32|          0|
    |B_BUF_458_load_fu_3052   |   32|   0|   32|          0|
    |B_BUF_459_load_fu_3056   |   32|   0|   32|          0|
    |B_BUF_45_load_fu_1400    |   32|   0|   32|          0|
    |B_BUF_460_load_fu_3060   |   32|   0|   32|          0|
    |B_BUF_461_load_fu_3064   |   32|   0|   32|          0|
    |B_BUF_462_load_fu_3068   |   32|   0|   32|          0|
    |B_BUF_463_load_fu_3072   |   32|   0|   32|          0|
    |B_BUF_464_load_fu_3076   |   32|   0|   32|          0|
    |B_BUF_465_load_fu_3080   |   32|   0|   32|          0|
    |B_BUF_466_load_fu_3084   |   32|   0|   32|          0|
    |B_BUF_467_load_fu_3088   |   32|   0|   32|          0|
    |B_BUF_468_load_fu_3092   |   32|   0|   32|          0|
    |B_BUF_469_load_fu_3096   |   32|   0|   32|          0|
    |B_BUF_46_load_fu_1404    |   32|   0|   32|          0|
    |B_BUF_470_load_fu_3100   |   32|   0|   32|          0|
    |B_BUF_471_load_fu_3104   |   32|   0|   32|          0|
    |B_BUF_472_load_fu_3108   |   32|   0|   32|          0|
    |B_BUF_473_load_fu_3112   |   32|   0|   32|          0|
    |B_BUF_474_load_fu_3116   |   32|   0|   32|          0|
    |B_BUF_475_load_fu_3120   |   32|   0|   32|          0|
    |B_BUF_476_load_fu_3124   |   32|   0|   32|          0|
    |B_BUF_477_load_fu_3128   |   32|   0|   32|          0|
    |B_BUF_478_load_fu_3132   |   32|   0|   32|          0|
    |B_BUF_479_load_fu_3136   |   32|   0|   32|          0|
    |B_BUF_47_load_fu_1408    |   32|   0|   32|          0|
    |B_BUF_480_load_fu_3140   |   32|   0|   32|          0|
    |B_BUF_481_load_fu_3144   |   32|   0|   32|          0|
    |B_BUF_482_load_fu_3148   |   32|   0|   32|          0|
    |B_BUF_483_load_fu_3152   |   32|   0|   32|          0|
    |B_BUF_484_load_fu_3156   |   32|   0|   32|          0|
    |B_BUF_485_load_fu_3160   |   32|   0|   32|          0|
    |B_BUF_486_load_fu_3164   |   32|   0|   32|          0|
    |B_BUF_487_load_fu_3168   |   32|   0|   32|          0|
    |B_BUF_488_load_fu_3172   |   32|   0|   32|          0|
    |B_BUF_489_load_fu_3176   |   32|   0|   32|          0|
    |B_BUF_48_load_fu_1412    |   32|   0|   32|          0|
    |B_BUF_490_load_fu_3180   |   32|   0|   32|          0|
    |B_BUF_491_load_fu_3184   |   32|   0|   32|          0|
    |B_BUF_492_load_fu_3188   |   32|   0|   32|          0|
    |B_BUF_493_load_fu_3192   |   32|   0|   32|          0|
    |B_BUF_494_load_fu_3196   |   32|   0|   32|          0|
    |B_BUF_495_load_fu_3200   |   32|   0|   32|          0|
    |B_BUF_496_load_fu_3204   |   32|   0|   32|          0|
    |B_BUF_497_load_fu_3208   |   32|   0|   32|          0|
    |B_BUF_498_load_fu_3212   |   32|   0|   32|          0|
    |B_BUF_499_load_fu_3216   |   32|   0|   32|          0|
    |B_BUF_49_load_fu_1416    |   32|   0|   32|          0|
    |B_BUF_4_0_out_preg       |   32|   0|   32|          0|
    |B_BUF_4_10_out_preg      |   32|   0|   32|          0|
    |B_BUF_4_11_out_preg      |   32|   0|   32|          0|
    |B_BUF_4_12_out_preg      |   32|   0|   32|          0|
    |B_BUF_4_13_out_preg      |   32|   0|   32|          0|
    |B_BUF_4_14_out_preg      |   32|   0|   32|          0|
    |B_BUF_4_15_out_preg      |   32|   0|   32|          0|
    |B_BUF_4_1_out_preg       |   32|   0|   32|          0|
    |B_BUF_4_2_out_preg       |   32|   0|   32|          0|
    |B_BUF_4_3_out_preg       |   32|   0|   32|          0|
    |B_BUF_4_4_out_preg       |   32|   0|   32|          0|
    |B_BUF_4_5_out_preg       |   32|   0|   32|          0|
    |B_BUF_4_6_out_preg       |   32|   0|   32|          0|
    |B_BUF_4_7_out_preg       |   32|   0|   32|          0|
    |B_BUF_4_8_out_preg       |   32|   0|   32|          0|
    |B_BUF_4_9_out_preg       |   32|   0|   32|          0|
    |B_BUF_4_load_fu_1236     |   32|   0|   32|          0|
    |B_BUF_500_load_fu_3220   |   32|   0|   32|          0|
    |B_BUF_501_load_fu_3224   |   32|   0|   32|          0|
    |B_BUF_502_load_fu_3228   |   32|   0|   32|          0|
    |B_BUF_503_load_fu_3232   |   32|   0|   32|          0|
    |B_BUF_504_load_fu_3236   |   32|   0|   32|          0|
    |B_BUF_505_load_fu_3240   |   32|   0|   32|          0|
    |B_BUF_506_load_fu_3244   |   32|   0|   32|          0|
    |B_BUF_507_load_fu_3248   |   32|   0|   32|          0|
    |B_BUF_508_load_fu_3252   |   32|   0|   32|          0|
    |B_BUF_509_load_fu_3256   |   32|   0|   32|          0|
    |B_BUF_50_load_fu_1420    |   32|   0|   32|          0|
    |B_BUF_510_load_fu_3260   |   32|   0|   32|          0|
    |B_BUF_511_load_fu_3264   |   32|   0|   32|          0|
    |B_BUF_51_load_fu_1424    |   32|   0|   32|          0|
    |B_BUF_52_load_fu_1428    |   32|   0|   32|          0|
    |B_BUF_53_load_fu_1432    |   32|   0|   32|          0|
    |B_BUF_54_load_fu_1436    |   32|   0|   32|          0|
    |B_BUF_55_load_fu_1440    |   32|   0|   32|          0|
    |B_BUF_56_load_fu_1444    |   32|   0|   32|          0|
    |B_BUF_57_load_fu_1448    |   32|   0|   32|          0|
    |B_BUF_58_load_fu_1452    |   32|   0|   32|          0|
    |B_BUF_59_load_fu_1456    |   32|   0|   32|          0|
    |B_BUF_5_0_out_preg       |   32|   0|   32|          0|
    |B_BUF_5_10_out_preg      |   32|   0|   32|          0|
    |B_BUF_5_11_out_preg      |   32|   0|   32|          0|
    |B_BUF_5_12_out_preg      |   32|   0|   32|          0|
    |B_BUF_5_13_out_preg      |   32|   0|   32|          0|
    |B_BUF_5_14_out_preg      |   32|   0|   32|          0|
    |B_BUF_5_15_out_preg      |   32|   0|   32|          0|
    |B_BUF_5_1_out_preg       |   32|   0|   32|          0|
    |B_BUF_5_2_out_preg       |   32|   0|   32|          0|
    |B_BUF_5_3_out_preg       |   32|   0|   32|          0|
    |B_BUF_5_4_out_preg       |   32|   0|   32|          0|
    |B_BUF_5_5_out_preg       |   32|   0|   32|          0|
    |B_BUF_5_6_out_preg       |   32|   0|   32|          0|
    |B_BUF_5_7_out_preg       |   32|   0|   32|          0|
    |B_BUF_5_8_out_preg       |   32|   0|   32|          0|
    |B_BUF_5_9_out_preg       |   32|   0|   32|          0|
    |B_BUF_5_load_fu_1240     |   32|   0|   32|          0|
    |B_BUF_60_load_fu_1460    |   32|   0|   32|          0|
    |B_BUF_61_load_fu_1464    |   32|   0|   32|          0|
    |B_BUF_62_load_fu_1468    |   32|   0|   32|          0|
    |B_BUF_63_load_fu_1472    |   32|   0|   32|          0|
    |B_BUF_64_load_fu_1476    |   32|   0|   32|          0|
    |B_BUF_65_load_fu_1480    |   32|   0|   32|          0|
    |B_BUF_66_load_fu_1484    |   32|   0|   32|          0|
    |B_BUF_67_load_fu_1488    |   32|   0|   32|          0|
    |B_BUF_68_load_fu_1492    |   32|   0|   32|          0|
    |B_BUF_69_load_fu_1496    |   32|   0|   32|          0|
    |B_BUF_6_0_out_preg       |   32|   0|   32|          0|
    |B_BUF_6_10_out_preg      |   32|   0|   32|          0|
    |B_BUF_6_11_out_preg      |   32|   0|   32|          0|
    |B_BUF_6_12_out_preg      |   32|   0|   32|          0|
    |B_BUF_6_13_out_preg      |   32|   0|   32|          0|
    |B_BUF_6_14_out_preg      |   32|   0|   32|          0|
    |B_BUF_6_15_out_preg      |   32|   0|   32|          0|
    |B_BUF_6_1_out_preg       |   32|   0|   32|          0|
    |B_BUF_6_2_out_preg       |   32|   0|   32|          0|
    |B_BUF_6_3_out_preg       |   32|   0|   32|          0|
    |B_BUF_6_4_out_preg       |   32|   0|   32|          0|
    |B_BUF_6_5_out_preg       |   32|   0|   32|          0|
    |B_BUF_6_6_out_preg       |   32|   0|   32|          0|
    |B_BUF_6_7_out_preg       |   32|   0|   32|          0|
    |B_BUF_6_8_out_preg       |   32|   0|   32|          0|
    |B_BUF_6_9_out_preg       |   32|   0|   32|          0|
    |B_BUF_6_load_fu_1244     |   32|   0|   32|          0|
    |B_BUF_70_load_fu_1500    |   32|   0|   32|          0|
    |B_BUF_71_load_fu_1504    |   32|   0|   32|          0|
    |B_BUF_72_load_fu_1508    |   32|   0|   32|          0|
    |B_BUF_73_load_fu_1512    |   32|   0|   32|          0|
    |B_BUF_74_load_fu_1516    |   32|   0|   32|          0|
    |B_BUF_75_load_fu_1520    |   32|   0|   32|          0|
    |B_BUF_76_load_fu_1524    |   32|   0|   32|          0|
    |B_BUF_77_load_fu_1528    |   32|   0|   32|          0|
    |B_BUF_78_load_fu_1532    |   32|   0|   32|          0|
    |B_BUF_79_load_fu_1536    |   32|   0|   32|          0|
    |B_BUF_7_0_out_preg       |   32|   0|   32|          0|
    |B_BUF_7_10_out_preg      |   32|   0|   32|          0|
    |B_BUF_7_11_out_preg      |   32|   0|   32|          0|
    |B_BUF_7_12_out_preg      |   32|   0|   32|          0|
    |B_BUF_7_13_out_preg      |   32|   0|   32|          0|
    |B_BUF_7_14_out_preg      |   32|   0|   32|          0|
    |B_BUF_7_15_out_preg      |   32|   0|   32|          0|
    |B_BUF_7_1_out_preg       |   32|   0|   32|          0|
    |B_BUF_7_2_out_preg       |   32|   0|   32|          0|
    |B_BUF_7_3_out_preg       |   32|   0|   32|          0|
    |B_BUF_7_4_out_preg       |   32|   0|   32|          0|
    |B_BUF_7_5_out_preg       |   32|   0|   32|          0|
    |B_BUF_7_6_out_preg       |   32|   0|   32|          0|
    |B_BUF_7_7_out_preg       |   32|   0|   32|          0|
    |B_BUF_7_8_out_preg       |   32|   0|   32|          0|
    |B_BUF_7_9_out_preg       |   32|   0|   32|          0|
    |B_BUF_7_load_fu_1248     |   32|   0|   32|          0|
    |B_BUF_80_load_fu_1540    |   32|   0|   32|          0|
    |B_BUF_81_load_fu_1544    |   32|   0|   32|          0|
    |B_BUF_82_load_fu_1548    |   32|   0|   32|          0|
    |B_BUF_83_load_fu_1552    |   32|   0|   32|          0|
    |B_BUF_84_load_fu_1556    |   32|   0|   32|          0|
    |B_BUF_85_load_fu_1560    |   32|   0|   32|          0|
    |B_BUF_86_load_fu_1564    |   32|   0|   32|          0|
    |B_BUF_87_load_fu_1568    |   32|   0|   32|          0|
    |B_BUF_88_load_fu_1572    |   32|   0|   32|          0|
    |B_BUF_89_load_fu_1576    |   32|   0|   32|          0|
    |B_BUF_8_0_out_preg       |   32|   0|   32|          0|
    |B_BUF_8_10_out_preg      |   32|   0|   32|          0|
    |B_BUF_8_11_out_preg      |   32|   0|   32|          0|
    |B_BUF_8_12_out_preg      |   32|   0|   32|          0|
    |B_BUF_8_13_out_preg      |   32|   0|   32|          0|
    |B_BUF_8_14_out_preg      |   32|   0|   32|          0|
    |B_BUF_8_15_out_preg      |   32|   0|   32|          0|
    |B_BUF_8_1_out_preg       |   32|   0|   32|          0|
    |B_BUF_8_2_out_preg       |   32|   0|   32|          0|
    |B_BUF_8_3_out_preg       |   32|   0|   32|          0|
    |B_BUF_8_4_out_preg       |   32|   0|   32|          0|
    |B_BUF_8_5_out_preg       |   32|   0|   32|          0|
    |B_BUF_8_6_out_preg       |   32|   0|   32|          0|
    |B_BUF_8_7_out_preg       |   32|   0|   32|          0|
    |B_BUF_8_8_out_preg       |   32|   0|   32|          0|
    |B_BUF_8_9_out_preg       |   32|   0|   32|          0|
    |B_BUF_8_load_fu_1252     |   32|   0|   32|          0|
    |B_BUF_90_load_fu_1580    |   32|   0|   32|          0|
    |B_BUF_91_load_fu_1584    |   32|   0|   32|          0|
    |B_BUF_92_load_fu_1588    |   32|   0|   32|          0|
    |B_BUF_93_load_fu_1592    |   32|   0|   32|          0|
    |B_BUF_94_load_fu_1596    |   32|   0|   32|          0|
    |B_BUF_95_load_fu_1600    |   32|   0|   32|          0|
    |B_BUF_96_load_fu_1604    |   32|   0|   32|          0|
    |B_BUF_97_load_fu_1608    |   32|   0|   32|          0|
    |B_BUF_98_load_fu_1612    |   32|   0|   32|          0|
    |B_BUF_99_load_fu_1616    |   32|   0|   32|          0|
    |B_BUF_9_0_out_preg       |   32|   0|   32|          0|
    |B_BUF_9_10_out_preg      |   32|   0|   32|          0|
    |B_BUF_9_11_out_preg      |   32|   0|   32|          0|
    |B_BUF_9_12_out_preg      |   32|   0|   32|          0|
    |B_BUF_9_13_out_preg      |   32|   0|   32|          0|
    |B_BUF_9_14_out_preg      |   32|   0|   32|          0|
    |B_BUF_9_15_out_preg      |   32|   0|   32|          0|
    |B_BUF_9_1_out_preg       |   32|   0|   32|          0|
    |B_BUF_9_2_out_preg       |   32|   0|   32|          0|
    |B_BUF_9_3_out_preg       |   32|   0|   32|          0|
    |B_BUF_9_4_out_preg       |   32|   0|   32|          0|
    |B_BUF_9_5_out_preg       |   32|   0|   32|          0|
    |B_BUF_9_6_out_preg       |   32|   0|   32|          0|
    |B_BUF_9_7_out_preg       |   32|   0|   32|          0|
    |B_BUF_9_8_out_preg       |   32|   0|   32|          0|
    |B_BUF_9_9_out_preg       |   32|   0|   32|          0|
    |B_BUF_9_load_fu_1256     |   32|   0|   32|          0|
    |B_BUF_load_fu_1220       |   32|   0|   32|          0|
    |ap_CS_fsm                |    3|   0|    3|          0|
    |ap_done_reg              |    1|   0|    1|          0|
    |ap_enable_reg_pp0_iter0  |    1|   0|    1|          0|
    |ap_enable_reg_pp0_iter1  |    1|   0|    1|          0|
    |j_fu_1216                |    5|   0|    5|          0|
    |trunc_ln18_reg_30657     |    4|   0|    4|          0|
    +-------------------------+-----+----+-----+-----------+
    |Total                    |32783|   0|32783|          0|
    +-------------------------+-----+----+-----+-----------+



================================================================
== Interface
================================================================
* Summary: 
+---------------------+-----+------+------------+-----------------+--------------+
|      RTL Ports      | Dir | Bits |  Protocol  |  Source Object  |    C Type    |
+---------------------+-----+------+------------+-----------------+--------------+
|ap_clk               |   in|     1|  ap_ctrl_hs|  B_Vec_to_Buf277|  return value|
|ap_rst               |   in|     1|  ap_ctrl_hs|  B_Vec_to_Buf277|  return value|
|ap_start             |   in|     1|  ap_ctrl_hs|  B_Vec_to_Buf277|  return value|
|ap_done              |  out|     1|  ap_ctrl_hs|  B_Vec_to_Buf277|  return value|
|ap_continue          |   in|     1|  ap_ctrl_hs|  B_Vec_to_Buf277|  return value|
|ap_idle              |  out|     1|  ap_ctrl_hs|  B_Vec_to_Buf277|  return value|
|ap_ready             |  out|     1|  ap_ctrl_hs|  B_Vec_to_Buf277|  return value|
|B_in_dout            |   in|  1024|     ap_fifo|             B_in|       pointer|
|B_in_num_data_valid  |   in|     5|     ap_fifo|             B_in|       pointer|
|B_in_fifo_cap        |   in|     5|     ap_fifo|             B_in|       pointer|
|B_in_empty_n         |   in|     1|     ap_fifo|             B_in|       pointer|
|B_in_read            |  out|     1|     ap_fifo|             B_in|       pointer|
|B_BUF_0_0_out        |  out|    32|     ap_none|    B_BUF_0_0_out|       pointer|
|B_BUF_0_1_out        |  out|    32|     ap_none|    B_BUF_0_1_out|       pointer|
|B_BUF_0_2_out        |  out|    32|     ap_none|    B_BUF_0_2_out|       pointer|
|B_BUF_0_3_out        |  out|    32|     ap_none|    B_BUF_0_3_out|       pointer|
|B_BUF_0_4_out        |  out|    32|     ap_none|    B_BUF_0_4_out|       pointer|
|B_BUF_0_5_out        |  out|    32|     ap_none|    B_BUF_0_5_out|       pointer|
|B_BUF_0_6_out        |  out|    32|     ap_none|    B_BUF_0_6_out|       pointer|
|B_BUF_0_7_out        |  out|    32|     ap_none|    B_BUF_0_7_out|       pointer|
|B_BUF_0_8_out        |  out|    32|     ap_none|    B_BUF_0_8_out|       pointer|
|B_BUF_0_9_out        |  out|    32|     ap_none|    B_BUF_0_9_out|       pointer|
|B_BUF_0_10_out       |  out|    32|     ap_none|   B_BUF_0_10_out|       pointer|
|B_BUF_0_11_out       |  out|    32|     ap_none|   B_BUF_0_11_out|       pointer|
|B_BUF_0_12_out       |  out|    32|     ap_none|   B_BUF_0_12_out|       pointer|
|B_BUF_0_13_out       |  out|    32|     ap_none|   B_BUF_0_13_out|       pointer|
|B_BUF_0_14_out       |  out|    32|     ap_none|   B_BUF_0_14_out|       pointer|
|B_BUF_0_15_out       |  out|    32|     ap_none|   B_BUF_0_15_out|       pointer|
|B_BUF_1_0_out        |  out|    32|     ap_none|    B_BUF_1_0_out|       pointer|
|B_BUF_1_1_out        |  out|    32|     ap_none|    B_BUF_1_1_out|       pointer|
|B_BUF_1_2_out        |  out|    32|     ap_none|    B_BUF_1_2_out|       pointer|
|B_BUF_1_3_out        |  out|    32|     ap_none|    B_BUF_1_3_out|       pointer|
|B_BUF_1_4_out        |  out|    32|     ap_none|    B_BUF_1_4_out|       pointer|
|B_BUF_1_5_out        |  out|    32|     ap_none|    B_BUF_1_5_out|       pointer|
|B_BUF_1_6_out        |  out|    32|     ap_none|    B_BUF_1_6_out|       pointer|
|B_BUF_1_7_out        |  out|    32|     ap_none|    B_BUF_1_7_out|       pointer|
|B_BUF_1_8_out        |  out|    32|     ap_none|    B_BUF_1_8_out|       pointer|
|B_BUF_1_9_out        |  out|    32|     ap_none|    B_BUF_1_9_out|       pointer|
|B_BUF_1_10_out       |  out|    32|     ap_none|   B_BUF_1_10_out|       pointer|
|B_BUF_1_11_out       |  out|    32|     ap_none|   B_BUF_1_11_out|       pointer|
|B_BUF_1_12_out       |  out|    32|     ap_none|   B_BUF_1_12_out|       pointer|
|B_BUF_1_13_out       |  out|    32|     ap_none|   B_BUF_1_13_out|       pointer|
|B_BUF_1_14_out       |  out|    32|     ap_none|   B_BUF_1_14_out|       pointer|
|B_BUF_1_15_out       |  out|    32|     ap_none|   B_BUF_1_15_out|       pointer|
|B_BUF_2_0_out        |  out|    32|     ap_none|    B_BUF_2_0_out|       pointer|
|B_BUF_2_1_out        |  out|    32|     ap_none|    B_BUF_2_1_out|       pointer|
|B_BUF_2_2_out        |  out|    32|     ap_none|    B_BUF_2_2_out|       pointer|
|B_BUF_2_3_out        |  out|    32|     ap_none|    B_BUF_2_3_out|       pointer|
|B_BUF_2_4_out        |  out|    32|     ap_none|    B_BUF_2_4_out|       pointer|
|B_BUF_2_5_out        |  out|    32|     ap_none|    B_BUF_2_5_out|       pointer|
|B_BUF_2_6_out        |  out|    32|     ap_none|    B_BUF_2_6_out|       pointer|
|B_BUF_2_7_out        |  out|    32|     ap_none|    B_BUF_2_7_out|       pointer|
|B_BUF_2_8_out        |  out|    32|     ap_none|    B_BUF_2_8_out|       pointer|
|B_BUF_2_9_out        |  out|    32|     ap_none|    B_BUF_2_9_out|       pointer|
|B_BUF_2_10_out       |  out|    32|     ap_none|   B_BUF_2_10_out|       pointer|
|B_BUF_2_11_out       |  out|    32|     ap_none|   B_BUF_2_11_out|       pointer|
|B_BUF_2_12_out       |  out|    32|     ap_none|   B_BUF_2_12_out|       pointer|
|B_BUF_2_13_out       |  out|    32|     ap_none|   B_BUF_2_13_out|       pointer|
|B_BUF_2_14_out       |  out|    32|     ap_none|   B_BUF_2_14_out|       pointer|
|B_BUF_2_15_out       |  out|    32|     ap_none|   B_BUF_2_15_out|       pointer|
|B_BUF_3_0_out        |  out|    32|     ap_none|    B_BUF_3_0_out|       pointer|
|B_BUF_3_1_out        |  out|    32|     ap_none|    B_BUF_3_1_out|       pointer|
|B_BUF_3_2_out        |  out|    32|     ap_none|    B_BUF_3_2_out|       pointer|
|B_BUF_3_3_out        |  out|    32|     ap_none|    B_BUF_3_3_out|       pointer|
|B_BUF_3_4_out        |  out|    32|     ap_none|    B_BUF_3_4_out|       pointer|
|B_BUF_3_5_out        |  out|    32|     ap_none|    B_BUF_3_5_out|       pointer|
|B_BUF_3_6_out        |  out|    32|     ap_none|    B_BUF_3_6_out|       pointer|
|B_BUF_3_7_out        |  out|    32|     ap_none|    B_BUF_3_7_out|       pointer|
|B_BUF_3_8_out        |  out|    32|     ap_none|    B_BUF_3_8_out|       pointer|
|B_BUF_3_9_out        |  out|    32|     ap_none|    B_BUF_3_9_out|       pointer|
|B_BUF_3_10_out       |  out|    32|     ap_none|   B_BUF_3_10_out|       pointer|
|B_BUF_3_11_out       |  out|    32|     ap_none|   B_BUF_3_11_out|       pointer|
|B_BUF_3_12_out       |  out|    32|     ap_none|   B_BUF_3_12_out|       pointer|
|B_BUF_3_13_out       |  out|    32|     ap_none|   B_BUF_3_13_out|       pointer|
|B_BUF_3_14_out       |  out|    32|     ap_none|   B_BUF_3_14_out|       pointer|
|B_BUF_3_15_out       |  out|    32|     ap_none|   B_BUF_3_15_out|       pointer|
|B_BUF_4_0_out        |  out|    32|     ap_none|    B_BUF_4_0_out|       pointer|
|B_BUF_4_1_out        |  out|    32|     ap_none|    B_BUF_4_1_out|       pointer|
|B_BUF_4_2_out        |  out|    32|     ap_none|    B_BUF_4_2_out|       pointer|
|B_BUF_4_3_out        |  out|    32|     ap_none|    B_BUF_4_3_out|       pointer|
|B_BUF_4_4_out        |  out|    32|     ap_none|    B_BUF_4_4_out|       pointer|
|B_BUF_4_5_out        |  out|    32|     ap_none|    B_BUF_4_5_out|       pointer|
|B_BUF_4_6_out        |  out|    32|     ap_none|    B_BUF_4_6_out|       pointer|
|B_BUF_4_7_out        |  out|    32|     ap_none|    B_BUF_4_7_out|       pointer|
|B_BUF_4_8_out        |  out|    32|     ap_none|    B_BUF_4_8_out|       pointer|
|B_BUF_4_9_out        |  out|    32|     ap_none|    B_BUF_4_9_out|       pointer|
|B_BUF_4_10_out       |  out|    32|     ap_none|   B_BUF_4_10_out|       pointer|
|B_BUF_4_11_out       |  out|    32|     ap_none|   B_BUF_4_11_out|       pointer|
|B_BUF_4_12_out       |  out|    32|     ap_none|   B_BUF_4_12_out|       pointer|
|B_BUF_4_13_out       |  out|    32|     ap_none|   B_BUF_4_13_out|       pointer|
|B_BUF_4_14_out       |  out|    32|     ap_none|   B_BUF_4_14_out|       pointer|
|B_BUF_4_15_out       |  out|    32|     ap_none|   B_BUF_4_15_out|       pointer|
|B_BUF_5_0_out        |  out|    32|     ap_none|    B_BUF_5_0_out|       pointer|
|B_BUF_5_1_out        |  out|    32|     ap_none|    B_BUF_5_1_out|       pointer|
|B_BUF_5_2_out        |  out|    32|     ap_none|    B_BUF_5_2_out|       pointer|
|B_BUF_5_3_out        |  out|    32|     ap_none|    B_BUF_5_3_out|       pointer|
|B_BUF_5_4_out        |  out|    32|     ap_none|    B_BUF_5_4_out|       pointer|
|B_BUF_5_5_out        |  out|    32|     ap_none|    B_BUF_5_5_out|       pointer|
|B_BUF_5_6_out        |  out|    32|     ap_none|    B_BUF_5_6_out|       pointer|
|B_BUF_5_7_out        |  out|    32|     ap_none|    B_BUF_5_7_out|       pointer|
|B_BUF_5_8_out        |  out|    32|     ap_none|    B_BUF_5_8_out|       pointer|
|B_BUF_5_9_out        |  out|    32|     ap_none|    B_BUF_5_9_out|       pointer|
|B_BUF_5_10_out       |  out|    32|     ap_none|   B_BUF_5_10_out|       pointer|
|B_BUF_5_11_out       |  out|    32|     ap_none|   B_BUF_5_11_out|       pointer|
|B_BUF_5_12_out       |  out|    32|     ap_none|   B_BUF_5_12_out|       pointer|
|B_BUF_5_13_out       |  out|    32|     ap_none|   B_BUF_5_13_out|       pointer|
|B_BUF_5_14_out       |  out|    32|     ap_none|   B_BUF_5_14_out|       pointer|
|B_BUF_5_15_out       |  out|    32|     ap_none|   B_BUF_5_15_out|       pointer|
|B_BUF_6_0_out        |  out|    32|     ap_none|    B_BUF_6_0_out|       pointer|
|B_BUF_6_1_out        |  out|    32|     ap_none|    B_BUF_6_1_out|       pointer|
|B_BUF_6_2_out        |  out|    32|     ap_none|    B_BUF_6_2_out|       pointer|
|B_BUF_6_3_out        |  out|    32|     ap_none|    B_BUF_6_3_out|       pointer|
|B_BUF_6_4_out        |  out|    32|     ap_none|    B_BUF_6_4_out|       pointer|
|B_BUF_6_5_out        |  out|    32|     ap_none|    B_BUF_6_5_out|       pointer|
|B_BUF_6_6_out        |  out|    32|     ap_none|    B_BUF_6_6_out|       pointer|
|B_BUF_6_7_out        |  out|    32|     ap_none|    B_BUF_6_7_out|       pointer|
|B_BUF_6_8_out        |  out|    32|     ap_none|    B_BUF_6_8_out|       pointer|
|B_BUF_6_9_out        |  out|    32|     ap_none|    B_BUF_6_9_out|       pointer|
|B_BUF_6_10_out       |  out|    32|     ap_none|   B_BUF_6_10_out|       pointer|
|B_BUF_6_11_out       |  out|    32|     ap_none|   B_BUF_6_11_out|       pointer|
|B_BUF_6_12_out       |  out|    32|     ap_none|   B_BUF_6_12_out|       pointer|
|B_BUF_6_13_out       |  out|    32|     ap_none|   B_BUF_6_13_out|       pointer|
|B_BUF_6_14_out       |  out|    32|     ap_none|   B_BUF_6_14_out|       pointer|
|B_BUF_6_15_out       |  out|    32|     ap_none|   B_BUF_6_15_out|       pointer|
|B_BUF_7_0_out        |  out|    32|     ap_none|    B_BUF_7_0_out|       pointer|
|B_BUF_7_1_out        |  out|    32|     ap_none|    B_BUF_7_1_out|       pointer|
|B_BUF_7_2_out        |  out|    32|     ap_none|    B_BUF_7_2_out|       pointer|
|B_BUF_7_3_out        |  out|    32|     ap_none|    B_BUF_7_3_out|       pointer|
|B_BUF_7_4_out        |  out|    32|     ap_none|    B_BUF_7_4_out|       pointer|
|B_BUF_7_5_out        |  out|    32|     ap_none|    B_BUF_7_5_out|       pointer|
|B_BUF_7_6_out        |  out|    32|     ap_none|    B_BUF_7_6_out|       pointer|
|B_BUF_7_7_out        |  out|    32|     ap_none|    B_BUF_7_7_out|       pointer|
|B_BUF_7_8_out        |  out|    32|     ap_none|    B_BUF_7_8_out|       pointer|
|B_BUF_7_9_out        |  out|    32|     ap_none|    B_BUF_7_9_out|       pointer|
|B_BUF_7_10_out       |  out|    32|     ap_none|   B_BUF_7_10_out|       pointer|
|B_BUF_7_11_out       |  out|    32|     ap_none|   B_BUF_7_11_out|       pointer|
|B_BUF_7_12_out       |  out|    32|     ap_none|   B_BUF_7_12_out|       pointer|
|B_BUF_7_13_out       |  out|    32|     ap_none|   B_BUF_7_13_out|       pointer|
|B_BUF_7_14_out       |  out|    32|     ap_none|   B_BUF_7_14_out|       pointer|
|B_BUF_7_15_out       |  out|    32|     ap_none|   B_BUF_7_15_out|       pointer|
|B_BUF_8_0_out        |  out|    32|     ap_none|    B_BUF_8_0_out|       pointer|
|B_BUF_8_1_out        |  out|    32|     ap_none|    B_BUF_8_1_out|       pointer|
|B_BUF_8_2_out        |  out|    32|     ap_none|    B_BUF_8_2_out|       pointer|
|B_BUF_8_3_out        |  out|    32|     ap_none|    B_BUF_8_3_out|       pointer|
|B_BUF_8_4_out        |  out|    32|     ap_none|    B_BUF_8_4_out|       pointer|
|B_BUF_8_5_out        |  out|    32|     ap_none|    B_BUF_8_5_out|       pointer|
|B_BUF_8_6_out        |  out|    32|     ap_none|    B_BUF_8_6_out|       pointer|
|B_BUF_8_7_out        |  out|    32|     ap_none|    B_BUF_8_7_out|       pointer|
|B_BUF_8_8_out        |  out|    32|     ap_none|    B_BUF_8_8_out|       pointer|
|B_BUF_8_9_out        |  out|    32|     ap_none|    B_BUF_8_9_out|       pointer|
|B_BUF_8_10_out       |  out|    32|     ap_none|   B_BUF_8_10_out|       pointer|
|B_BUF_8_11_out       |  out|    32|     ap_none|   B_BUF_8_11_out|       pointer|
|B_BUF_8_12_out       |  out|    32|     ap_none|   B_BUF_8_12_out|       pointer|
|B_BUF_8_13_out       |  out|    32|     ap_none|   B_BUF_8_13_out|       pointer|
|B_BUF_8_14_out       |  out|    32|     ap_none|   B_BUF_8_14_out|       pointer|
|B_BUF_8_15_out       |  out|    32|     ap_none|   B_BUF_8_15_out|       pointer|
|B_BUF_9_0_out        |  out|    32|     ap_none|    B_BUF_9_0_out|       pointer|
|B_BUF_9_1_out        |  out|    32|     ap_none|    B_BUF_9_1_out|       pointer|
|B_BUF_9_2_out        |  out|    32|     ap_none|    B_BUF_9_2_out|       pointer|
|B_BUF_9_3_out        |  out|    32|     ap_none|    B_BUF_9_3_out|       pointer|
|B_BUF_9_4_out        |  out|    32|     ap_none|    B_BUF_9_4_out|       pointer|
|B_BUF_9_5_out        |  out|    32|     ap_none|    B_BUF_9_5_out|       pointer|
|B_BUF_9_6_out        |  out|    32|     ap_none|    B_BUF_9_6_out|       pointer|
|B_BUF_9_7_out        |  out|    32|     ap_none|    B_BUF_9_7_out|       pointer|
|B_BUF_9_8_out        |  out|    32|     ap_none|    B_BUF_9_8_out|       pointer|
|B_BUF_9_9_out        |  out|    32|     ap_none|    B_BUF_9_9_out|       pointer|
|B_BUF_9_10_out       |  out|    32|     ap_none|   B_BUF_9_10_out|       pointer|
|B_BUF_9_11_out       |  out|    32|     ap_none|   B_BUF_9_11_out|       pointer|
|B_BUF_9_12_out       |  out|    32|     ap_none|   B_BUF_9_12_out|       pointer|
|B_BUF_9_13_out       |  out|    32|     ap_none|   B_BUF_9_13_out|       pointer|
|B_BUF_9_14_out       |  out|    32|     ap_none|   B_BUF_9_14_out|       pointer|
|B_BUF_9_15_out       |  out|    32|     ap_none|   B_BUF_9_15_out|       pointer|
|B_BUF_10_0_out       |  out|    32|     ap_none|   B_BUF_10_0_out|       pointer|
|B_BUF_10_1_out       |  out|    32|     ap_none|   B_BUF_10_1_out|       pointer|
|B_BUF_10_2_out       |  out|    32|     ap_none|   B_BUF_10_2_out|       pointer|
|B_BUF_10_3_out       |  out|    32|     ap_none|   B_BUF_10_3_out|       pointer|
|B_BUF_10_4_out       |  out|    32|     ap_none|   B_BUF_10_4_out|       pointer|
|B_BUF_10_5_out       |  out|    32|     ap_none|   B_BUF_10_5_out|       pointer|
|B_BUF_10_6_out       |  out|    32|     ap_none|   B_BUF_10_6_out|       pointer|
|B_BUF_10_7_out       |  out|    32|     ap_none|   B_BUF_10_7_out|       pointer|
|B_BUF_10_8_out       |  out|    32|     ap_none|   B_BUF_10_8_out|       pointer|
|B_BUF_10_9_out       |  out|    32|     ap_none|   B_BUF_10_9_out|       pointer|
|B_BUF_10_10_out      |  out|    32|     ap_none|  B_BUF_10_10_out|       pointer|
|B_BUF_10_11_out      |  out|    32|     ap_none|  B_BUF_10_11_out|       pointer|
|B_BUF_10_12_out      |  out|    32|     ap_none|  B_BUF_10_12_out|       pointer|
|B_BUF_10_13_out      |  out|    32|     ap_none|  B_BUF_10_13_out|       pointer|
|B_BUF_10_14_out      |  out|    32|     ap_none|  B_BUF_10_14_out|       pointer|
|B_BUF_10_15_out      |  out|    32|     ap_none|  B_BUF_10_15_out|       pointer|
|B_BUF_11_0_out       |  out|    32|     ap_none|   B_BUF_11_0_out|       pointer|
|B_BUF_11_1_out       |  out|    32|     ap_none|   B_BUF_11_1_out|       pointer|
|B_BUF_11_2_out       |  out|    32|     ap_none|   B_BUF_11_2_out|       pointer|
|B_BUF_11_3_out       |  out|    32|     ap_none|   B_BUF_11_3_out|       pointer|
|B_BUF_11_4_out       |  out|    32|     ap_none|   B_BUF_11_4_out|       pointer|
|B_BUF_11_5_out       |  out|    32|     ap_none|   B_BUF_11_5_out|       pointer|
|B_BUF_11_6_out       |  out|    32|     ap_none|   B_BUF_11_6_out|       pointer|
|B_BUF_11_7_out       |  out|    32|     ap_none|   B_BUF_11_7_out|       pointer|
|B_BUF_11_8_out       |  out|    32|     ap_none|   B_BUF_11_8_out|       pointer|
|B_BUF_11_9_out       |  out|    32|     ap_none|   B_BUF_11_9_out|       pointer|
|B_BUF_11_10_out      |  out|    32|     ap_none|  B_BUF_11_10_out|       pointer|
|B_BUF_11_11_out      |  out|    32|     ap_none|  B_BUF_11_11_out|       pointer|
|B_BUF_11_12_out      |  out|    32|     ap_none|  B_BUF_11_12_out|       pointer|
|B_BUF_11_13_out      |  out|    32|     ap_none|  B_BUF_11_13_out|       pointer|
|B_BUF_11_14_out      |  out|    32|     ap_none|  B_BUF_11_14_out|       pointer|
|B_BUF_11_15_out      |  out|    32|     ap_none|  B_BUF_11_15_out|       pointer|
|B_BUF_12_0_out       |  out|    32|     ap_none|   B_BUF_12_0_out|       pointer|
|B_BUF_12_1_out       |  out|    32|     ap_none|   B_BUF_12_1_out|       pointer|
|B_BUF_12_2_out       |  out|    32|     ap_none|   B_BUF_12_2_out|       pointer|
|B_BUF_12_3_out       |  out|    32|     ap_none|   B_BUF_12_3_out|       pointer|
|B_BUF_12_4_out       |  out|    32|     ap_none|   B_BUF_12_4_out|       pointer|
|B_BUF_12_5_out       |  out|    32|     ap_none|   B_BUF_12_5_out|       pointer|
|B_BUF_12_6_out       |  out|    32|     ap_none|   B_BUF_12_6_out|       pointer|
|B_BUF_12_7_out       |  out|    32|     ap_none|   B_BUF_12_7_out|       pointer|
|B_BUF_12_8_out       |  out|    32|     ap_none|   B_BUF_12_8_out|       pointer|
|B_BUF_12_9_out       |  out|    32|     ap_none|   B_BUF_12_9_out|       pointer|
|B_BUF_12_10_out      |  out|    32|     ap_none|  B_BUF_12_10_out|       pointer|
|B_BUF_12_11_out      |  out|    32|     ap_none|  B_BUF_12_11_out|       pointer|
|B_BUF_12_12_out      |  out|    32|     ap_none|  B_BUF_12_12_out|       pointer|
|B_BUF_12_13_out      |  out|    32|     ap_none|  B_BUF_12_13_out|       pointer|
|B_BUF_12_14_out      |  out|    32|     ap_none|  B_BUF_12_14_out|       pointer|
|B_BUF_12_15_out      |  out|    32|     ap_none|  B_BUF_12_15_out|       pointer|
|B_BUF_13_0_out       |  out|    32|     ap_none|   B_BUF_13_0_out|       pointer|
|B_BUF_13_1_out       |  out|    32|     ap_none|   B_BUF_13_1_out|       pointer|
|B_BUF_13_2_out       |  out|    32|     ap_none|   B_BUF_13_2_out|       pointer|
|B_BUF_13_3_out       |  out|    32|     ap_none|   B_BUF_13_3_out|       pointer|
|B_BUF_13_4_out       |  out|    32|     ap_none|   B_BUF_13_4_out|       pointer|
|B_BUF_13_5_out       |  out|    32|     ap_none|   B_BUF_13_5_out|       pointer|
|B_BUF_13_6_out       |  out|    32|     ap_none|   B_BUF_13_6_out|       pointer|
|B_BUF_13_7_out       |  out|    32|     ap_none|   B_BUF_13_7_out|       pointer|
|B_BUF_13_8_out       |  out|    32|     ap_none|   B_BUF_13_8_out|       pointer|
|B_BUF_13_9_out       |  out|    32|     ap_none|   B_BUF_13_9_out|       pointer|
|B_BUF_13_10_out      |  out|    32|     ap_none|  B_BUF_13_10_out|       pointer|
|B_BUF_13_11_out      |  out|    32|     ap_none|  B_BUF_13_11_out|       pointer|
|B_BUF_13_12_out      |  out|    32|     ap_none|  B_BUF_13_12_out|       pointer|
|B_BUF_13_13_out      |  out|    32|     ap_none|  B_BUF_13_13_out|       pointer|
|B_BUF_13_14_out      |  out|    32|     ap_none|  B_BUF_13_14_out|       pointer|
|B_BUF_13_15_out      |  out|    32|     ap_none|  B_BUF_13_15_out|       pointer|
|B_BUF_14_0_out       |  out|    32|     ap_none|   B_BUF_14_0_out|       pointer|
|B_BUF_14_1_out       |  out|    32|     ap_none|   B_BUF_14_1_out|       pointer|
|B_BUF_14_2_out       |  out|    32|     ap_none|   B_BUF_14_2_out|       pointer|
|B_BUF_14_3_out       |  out|    32|     ap_none|   B_BUF_14_3_out|       pointer|
|B_BUF_14_4_out       |  out|    32|     ap_none|   B_BUF_14_4_out|       pointer|
|B_BUF_14_5_out       |  out|    32|     ap_none|   B_BUF_14_5_out|       pointer|
|B_BUF_14_6_out       |  out|    32|     ap_none|   B_BUF_14_6_out|       pointer|
|B_BUF_14_7_out       |  out|    32|     ap_none|   B_BUF_14_7_out|       pointer|
|B_BUF_14_8_out       |  out|    32|     ap_none|   B_BUF_14_8_out|       pointer|
|B_BUF_14_9_out       |  out|    32|     ap_none|   B_BUF_14_9_out|       pointer|
|B_BUF_14_10_out      |  out|    32|     ap_none|  B_BUF_14_10_out|       pointer|
|B_BUF_14_11_out      |  out|    32|     ap_none|  B_BUF_14_11_out|       pointer|
|B_BUF_14_12_out      |  out|    32|     ap_none|  B_BUF_14_12_out|       pointer|
|B_BUF_14_13_out      |  out|    32|     ap_none|  B_BUF_14_13_out|       pointer|
|B_BUF_14_14_out      |  out|    32|     ap_none|  B_BUF_14_14_out|       pointer|
|B_BUF_14_15_out      |  out|    32|     ap_none|  B_BUF_14_15_out|       pointer|
|B_BUF_15_0_out       |  out|    32|     ap_none|   B_BUF_15_0_out|       pointer|
|B_BUF_15_1_out       |  out|    32|     ap_none|   B_BUF_15_1_out|       pointer|
|B_BUF_15_2_out       |  out|    32|     ap_none|   B_BUF_15_2_out|       pointer|
|B_BUF_15_3_out       |  out|    32|     ap_none|   B_BUF_15_3_out|       pointer|
|B_BUF_15_4_out       |  out|    32|     ap_none|   B_BUF_15_4_out|       pointer|
|B_BUF_15_5_out       |  out|    32|     ap_none|   B_BUF_15_5_out|       pointer|
|B_BUF_15_6_out       |  out|    32|     ap_none|   B_BUF_15_6_out|       pointer|
|B_BUF_15_7_out       |  out|    32|     ap_none|   B_BUF_15_7_out|       pointer|
|B_BUF_15_8_out       |  out|    32|     ap_none|   B_BUF_15_8_out|       pointer|
|B_BUF_15_9_out       |  out|    32|     ap_none|   B_BUF_15_9_out|       pointer|
|B_BUF_15_10_out      |  out|    32|     ap_none|  B_BUF_15_10_out|       pointer|
|B_BUF_15_11_out      |  out|    32|     ap_none|  B_BUF_15_11_out|       pointer|
|B_BUF_15_12_out      |  out|    32|     ap_none|  B_BUF_15_12_out|       pointer|
|B_BUF_15_13_out      |  out|    32|     ap_none|  B_BUF_15_13_out|       pointer|
|B_BUF_15_14_out      |  out|    32|     ap_none|  B_BUF_15_14_out|       pointer|
|B_BUF_15_15_out      |  out|    32|     ap_none|  B_BUF_15_15_out|       pointer|
|B_BUF_16_0_out       |  out|    32|     ap_none|   B_BUF_16_0_out|       pointer|
|B_BUF_16_1_out       |  out|    32|     ap_none|   B_BUF_16_1_out|       pointer|
|B_BUF_16_2_out       |  out|    32|     ap_none|   B_BUF_16_2_out|       pointer|
|B_BUF_16_3_out       |  out|    32|     ap_none|   B_BUF_16_3_out|       pointer|
|B_BUF_16_4_out       |  out|    32|     ap_none|   B_BUF_16_4_out|       pointer|
|B_BUF_16_5_out       |  out|    32|     ap_none|   B_BUF_16_5_out|       pointer|
|B_BUF_16_6_out       |  out|    32|     ap_none|   B_BUF_16_6_out|       pointer|
|B_BUF_16_7_out       |  out|    32|     ap_none|   B_BUF_16_7_out|       pointer|
|B_BUF_16_8_out       |  out|    32|     ap_none|   B_BUF_16_8_out|       pointer|
|B_BUF_16_9_out       |  out|    32|     ap_none|   B_BUF_16_9_out|       pointer|
|B_BUF_16_10_out      |  out|    32|     ap_none|  B_BUF_16_10_out|       pointer|
|B_BUF_16_11_out      |  out|    32|     ap_none|  B_BUF_16_11_out|       pointer|
|B_BUF_16_12_out      |  out|    32|     ap_none|  B_BUF_16_12_out|       pointer|
|B_BUF_16_13_out      |  out|    32|     ap_none|  B_BUF_16_13_out|       pointer|
|B_BUF_16_14_out      |  out|    32|     ap_none|  B_BUF_16_14_out|       pointer|
|B_BUF_16_15_out      |  out|    32|     ap_none|  B_BUF_16_15_out|       pointer|
|B_BUF_17_0_out       |  out|    32|     ap_none|   B_BUF_17_0_out|       pointer|
|B_BUF_17_1_out       |  out|    32|     ap_none|   B_BUF_17_1_out|       pointer|
|B_BUF_17_2_out       |  out|    32|     ap_none|   B_BUF_17_2_out|       pointer|
|B_BUF_17_3_out       |  out|    32|     ap_none|   B_BUF_17_3_out|       pointer|
|B_BUF_17_4_out       |  out|    32|     ap_none|   B_BUF_17_4_out|       pointer|
|B_BUF_17_5_out       |  out|    32|     ap_none|   B_BUF_17_5_out|       pointer|
|B_BUF_17_6_out       |  out|    32|     ap_none|   B_BUF_17_6_out|       pointer|
|B_BUF_17_7_out       |  out|    32|     ap_none|   B_BUF_17_7_out|       pointer|
|B_BUF_17_8_out       |  out|    32|     ap_none|   B_BUF_17_8_out|       pointer|
|B_BUF_17_9_out       |  out|    32|     ap_none|   B_BUF_17_9_out|       pointer|
|B_BUF_17_10_out      |  out|    32|     ap_none|  B_BUF_17_10_out|       pointer|
|B_BUF_17_11_out      |  out|    32|     ap_none|  B_BUF_17_11_out|       pointer|
|B_BUF_17_12_out      |  out|    32|     ap_none|  B_BUF_17_12_out|       pointer|
|B_BUF_17_13_out      |  out|    32|     ap_none|  B_BUF_17_13_out|       pointer|
|B_BUF_17_14_out      |  out|    32|     ap_none|  B_BUF_17_14_out|       pointer|
|B_BUF_17_15_out      |  out|    32|     ap_none|  B_BUF_17_15_out|       pointer|
|B_BUF_18_0_out       |  out|    32|     ap_none|   B_BUF_18_0_out|       pointer|
|B_BUF_18_1_out       |  out|    32|     ap_none|   B_BUF_18_1_out|       pointer|
|B_BUF_18_2_out       |  out|    32|     ap_none|   B_BUF_18_2_out|       pointer|
|B_BUF_18_3_out       |  out|    32|     ap_none|   B_BUF_18_3_out|       pointer|
|B_BUF_18_4_out       |  out|    32|     ap_none|   B_BUF_18_4_out|       pointer|
|B_BUF_18_5_out       |  out|    32|     ap_none|   B_BUF_18_5_out|       pointer|
|B_BUF_18_6_out       |  out|    32|     ap_none|   B_BUF_18_6_out|       pointer|
|B_BUF_18_7_out       |  out|    32|     ap_none|   B_BUF_18_7_out|       pointer|
|B_BUF_18_8_out       |  out|    32|     ap_none|   B_BUF_18_8_out|       pointer|
|B_BUF_18_9_out       |  out|    32|     ap_none|   B_BUF_18_9_out|       pointer|
|B_BUF_18_10_out      |  out|    32|     ap_none|  B_BUF_18_10_out|       pointer|
|B_BUF_18_11_out      |  out|    32|     ap_none|  B_BUF_18_11_out|       pointer|
|B_BUF_18_12_out      |  out|    32|     ap_none|  B_BUF_18_12_out|       pointer|
|B_BUF_18_13_out      |  out|    32|     ap_none|  B_BUF_18_13_out|       pointer|
|B_BUF_18_14_out      |  out|    32|     ap_none|  B_BUF_18_14_out|       pointer|
|B_BUF_18_15_out      |  out|    32|     ap_none|  B_BUF_18_15_out|       pointer|
|B_BUF_19_0_out       |  out|    32|     ap_none|   B_BUF_19_0_out|       pointer|
|B_BUF_19_1_out       |  out|    32|     ap_none|   B_BUF_19_1_out|       pointer|
|B_BUF_19_2_out       |  out|    32|     ap_none|   B_BUF_19_2_out|       pointer|
|B_BUF_19_3_out       |  out|    32|     ap_none|   B_BUF_19_3_out|       pointer|
|B_BUF_19_4_out       |  out|    32|     ap_none|   B_BUF_19_4_out|       pointer|
|B_BUF_19_5_out       |  out|    32|     ap_none|   B_BUF_19_5_out|       pointer|
|B_BUF_19_6_out       |  out|    32|     ap_none|   B_BUF_19_6_out|       pointer|
|B_BUF_19_7_out       |  out|    32|     ap_none|   B_BUF_19_7_out|       pointer|
|B_BUF_19_8_out       |  out|    32|     ap_none|   B_BUF_19_8_out|       pointer|
|B_BUF_19_9_out       |  out|    32|     ap_none|   B_BUF_19_9_out|       pointer|
|B_BUF_19_10_out      |  out|    32|     ap_none|  B_BUF_19_10_out|       pointer|
|B_BUF_19_11_out      |  out|    32|     ap_none|  B_BUF_19_11_out|       pointer|
|B_BUF_19_12_out      |  out|    32|     ap_none|  B_BUF_19_12_out|       pointer|
|B_BUF_19_13_out      |  out|    32|     ap_none|  B_BUF_19_13_out|       pointer|
|B_BUF_19_14_out      |  out|    32|     ap_none|  B_BUF_19_14_out|       pointer|
|B_BUF_19_15_out      |  out|    32|     ap_none|  B_BUF_19_15_out|       pointer|
|B_BUF_20_0_out       |  out|    32|     ap_none|   B_BUF_20_0_out|       pointer|
|B_BUF_20_1_out       |  out|    32|     ap_none|   B_BUF_20_1_out|       pointer|
|B_BUF_20_2_out       |  out|    32|     ap_none|   B_BUF_20_2_out|       pointer|
|B_BUF_20_3_out       |  out|    32|     ap_none|   B_BUF_20_3_out|       pointer|
|B_BUF_20_4_out       |  out|    32|     ap_none|   B_BUF_20_4_out|       pointer|
|B_BUF_20_5_out       |  out|    32|     ap_none|   B_BUF_20_5_out|       pointer|
|B_BUF_20_6_out       |  out|    32|     ap_none|   B_BUF_20_6_out|       pointer|
|B_BUF_20_7_out       |  out|    32|     ap_none|   B_BUF_20_7_out|       pointer|
|B_BUF_20_8_out       |  out|    32|     ap_none|   B_BUF_20_8_out|       pointer|
|B_BUF_20_9_out       |  out|    32|     ap_none|   B_BUF_20_9_out|       pointer|
|B_BUF_20_10_out      |  out|    32|     ap_none|  B_BUF_20_10_out|       pointer|
|B_BUF_20_11_out      |  out|    32|     ap_none|  B_BUF_20_11_out|       pointer|
|B_BUF_20_12_out      |  out|    32|     ap_none|  B_BUF_20_12_out|       pointer|
|B_BUF_20_13_out      |  out|    32|     ap_none|  B_BUF_20_13_out|       pointer|
|B_BUF_20_14_out      |  out|    32|     ap_none|  B_BUF_20_14_out|       pointer|
|B_BUF_20_15_out      |  out|    32|     ap_none|  B_BUF_20_15_out|       pointer|
|B_BUF_21_0_out       |  out|    32|     ap_none|   B_BUF_21_0_out|       pointer|
|B_BUF_21_1_out       |  out|    32|     ap_none|   B_BUF_21_1_out|       pointer|
|B_BUF_21_2_out       |  out|    32|     ap_none|   B_BUF_21_2_out|       pointer|
|B_BUF_21_3_out       |  out|    32|     ap_none|   B_BUF_21_3_out|       pointer|
|B_BUF_21_4_out       |  out|    32|     ap_none|   B_BUF_21_4_out|       pointer|
|B_BUF_21_5_out       |  out|    32|     ap_none|   B_BUF_21_5_out|       pointer|
|B_BUF_21_6_out       |  out|    32|     ap_none|   B_BUF_21_6_out|       pointer|
|B_BUF_21_7_out       |  out|    32|     ap_none|   B_BUF_21_7_out|       pointer|
|B_BUF_21_8_out       |  out|    32|     ap_none|   B_BUF_21_8_out|       pointer|
|B_BUF_21_9_out       |  out|    32|     ap_none|   B_BUF_21_9_out|       pointer|
|B_BUF_21_10_out      |  out|    32|     ap_none|  B_BUF_21_10_out|       pointer|
|B_BUF_21_11_out      |  out|    32|     ap_none|  B_BUF_21_11_out|       pointer|
|B_BUF_21_12_out      |  out|    32|     ap_none|  B_BUF_21_12_out|       pointer|
|B_BUF_21_13_out      |  out|    32|     ap_none|  B_BUF_21_13_out|       pointer|
|B_BUF_21_14_out      |  out|    32|     ap_none|  B_BUF_21_14_out|       pointer|
|B_BUF_21_15_out      |  out|    32|     ap_none|  B_BUF_21_15_out|       pointer|
|B_BUF_22_0_out       |  out|    32|     ap_none|   B_BUF_22_0_out|       pointer|
|B_BUF_22_1_out       |  out|    32|     ap_none|   B_BUF_22_1_out|       pointer|
|B_BUF_22_2_out       |  out|    32|     ap_none|   B_BUF_22_2_out|       pointer|
|B_BUF_22_3_out       |  out|    32|     ap_none|   B_BUF_22_3_out|       pointer|
|B_BUF_22_4_out       |  out|    32|     ap_none|   B_BUF_22_4_out|       pointer|
|B_BUF_22_5_out       |  out|    32|     ap_none|   B_BUF_22_5_out|       pointer|
|B_BUF_22_6_out       |  out|    32|     ap_none|   B_BUF_22_6_out|       pointer|
|B_BUF_22_7_out       |  out|    32|     ap_none|   B_BUF_22_7_out|       pointer|
|B_BUF_22_8_out       |  out|    32|     ap_none|   B_BUF_22_8_out|       pointer|
|B_BUF_22_9_out       |  out|    32|     ap_none|   B_BUF_22_9_out|       pointer|
|B_BUF_22_10_out      |  out|    32|     ap_none|  B_BUF_22_10_out|       pointer|
|B_BUF_22_11_out      |  out|    32|     ap_none|  B_BUF_22_11_out|       pointer|
|B_BUF_22_12_out      |  out|    32|     ap_none|  B_BUF_22_12_out|       pointer|
|B_BUF_22_13_out      |  out|    32|     ap_none|  B_BUF_22_13_out|       pointer|
|B_BUF_22_14_out      |  out|    32|     ap_none|  B_BUF_22_14_out|       pointer|
|B_BUF_22_15_out      |  out|    32|     ap_none|  B_BUF_22_15_out|       pointer|
|B_BUF_23_0_out       |  out|    32|     ap_none|   B_BUF_23_0_out|       pointer|
|B_BUF_23_1_out       |  out|    32|     ap_none|   B_BUF_23_1_out|       pointer|
|B_BUF_23_2_out       |  out|    32|     ap_none|   B_BUF_23_2_out|       pointer|
|B_BUF_23_3_out       |  out|    32|     ap_none|   B_BUF_23_3_out|       pointer|
|B_BUF_23_4_out       |  out|    32|     ap_none|   B_BUF_23_4_out|       pointer|
|B_BUF_23_5_out       |  out|    32|     ap_none|   B_BUF_23_5_out|       pointer|
|B_BUF_23_6_out       |  out|    32|     ap_none|   B_BUF_23_6_out|       pointer|
|B_BUF_23_7_out       |  out|    32|     ap_none|   B_BUF_23_7_out|       pointer|
|B_BUF_23_8_out       |  out|    32|     ap_none|   B_BUF_23_8_out|       pointer|
|B_BUF_23_9_out       |  out|    32|     ap_none|   B_BUF_23_9_out|       pointer|
|B_BUF_23_10_out      |  out|    32|     ap_none|  B_BUF_23_10_out|       pointer|
|B_BUF_23_11_out      |  out|    32|     ap_none|  B_BUF_23_11_out|       pointer|
|B_BUF_23_12_out      |  out|    32|     ap_none|  B_BUF_23_12_out|       pointer|
|B_BUF_23_13_out      |  out|    32|     ap_none|  B_BUF_23_13_out|       pointer|
|B_BUF_23_14_out      |  out|    32|     ap_none|  B_BUF_23_14_out|       pointer|
|B_BUF_23_15_out      |  out|    32|     ap_none|  B_BUF_23_15_out|       pointer|
|B_BUF_24_0_out       |  out|    32|     ap_none|   B_BUF_24_0_out|       pointer|
|B_BUF_24_1_out       |  out|    32|     ap_none|   B_BUF_24_1_out|       pointer|
|B_BUF_24_2_out       |  out|    32|     ap_none|   B_BUF_24_2_out|       pointer|
|B_BUF_24_3_out       |  out|    32|     ap_none|   B_BUF_24_3_out|       pointer|
|B_BUF_24_4_out       |  out|    32|     ap_none|   B_BUF_24_4_out|       pointer|
|B_BUF_24_5_out       |  out|    32|     ap_none|   B_BUF_24_5_out|       pointer|
|B_BUF_24_6_out       |  out|    32|     ap_none|   B_BUF_24_6_out|       pointer|
|B_BUF_24_7_out       |  out|    32|     ap_none|   B_BUF_24_7_out|       pointer|
|B_BUF_24_8_out       |  out|    32|     ap_none|   B_BUF_24_8_out|       pointer|
|B_BUF_24_9_out       |  out|    32|     ap_none|   B_BUF_24_9_out|       pointer|
|B_BUF_24_10_out      |  out|    32|     ap_none|  B_BUF_24_10_out|       pointer|
|B_BUF_24_11_out      |  out|    32|     ap_none|  B_BUF_24_11_out|       pointer|
|B_BUF_24_12_out      |  out|    32|     ap_none|  B_BUF_24_12_out|       pointer|
|B_BUF_24_13_out      |  out|    32|     ap_none|  B_BUF_24_13_out|       pointer|
|B_BUF_24_14_out      |  out|    32|     ap_none|  B_BUF_24_14_out|       pointer|
|B_BUF_24_15_out      |  out|    32|     ap_none|  B_BUF_24_15_out|       pointer|
|B_BUF_25_0_out       |  out|    32|     ap_none|   B_BUF_25_0_out|       pointer|
|B_BUF_25_1_out       |  out|    32|     ap_none|   B_BUF_25_1_out|       pointer|
|B_BUF_25_2_out       |  out|    32|     ap_none|   B_BUF_25_2_out|       pointer|
|B_BUF_25_3_out       |  out|    32|     ap_none|   B_BUF_25_3_out|       pointer|
|B_BUF_25_4_out       |  out|    32|     ap_none|   B_BUF_25_4_out|       pointer|
|B_BUF_25_5_out       |  out|    32|     ap_none|   B_BUF_25_5_out|       pointer|
|B_BUF_25_6_out       |  out|    32|     ap_none|   B_BUF_25_6_out|       pointer|
|B_BUF_25_7_out       |  out|    32|     ap_none|   B_BUF_25_7_out|       pointer|
|B_BUF_25_8_out       |  out|    32|     ap_none|   B_BUF_25_8_out|       pointer|
|B_BUF_25_9_out       |  out|    32|     ap_none|   B_BUF_25_9_out|       pointer|
|B_BUF_25_10_out      |  out|    32|     ap_none|  B_BUF_25_10_out|       pointer|
|B_BUF_25_11_out      |  out|    32|     ap_none|  B_BUF_25_11_out|       pointer|
|B_BUF_25_12_out      |  out|    32|     ap_none|  B_BUF_25_12_out|       pointer|
|B_BUF_25_13_out      |  out|    32|     ap_none|  B_BUF_25_13_out|       pointer|
|B_BUF_25_14_out      |  out|    32|     ap_none|  B_BUF_25_14_out|       pointer|
|B_BUF_25_15_out      |  out|    32|     ap_none|  B_BUF_25_15_out|       pointer|
|B_BUF_26_0_out       |  out|    32|     ap_none|   B_BUF_26_0_out|       pointer|
|B_BUF_26_1_out       |  out|    32|     ap_none|   B_BUF_26_1_out|       pointer|
|B_BUF_26_2_out       |  out|    32|     ap_none|   B_BUF_26_2_out|       pointer|
|B_BUF_26_3_out       |  out|    32|     ap_none|   B_BUF_26_3_out|       pointer|
|B_BUF_26_4_out       |  out|    32|     ap_none|   B_BUF_26_4_out|       pointer|
|B_BUF_26_5_out       |  out|    32|     ap_none|   B_BUF_26_5_out|       pointer|
|B_BUF_26_6_out       |  out|    32|     ap_none|   B_BUF_26_6_out|       pointer|
|B_BUF_26_7_out       |  out|    32|     ap_none|   B_BUF_26_7_out|       pointer|
|B_BUF_26_8_out       |  out|    32|     ap_none|   B_BUF_26_8_out|       pointer|
|B_BUF_26_9_out       |  out|    32|     ap_none|   B_BUF_26_9_out|       pointer|
|B_BUF_26_10_out      |  out|    32|     ap_none|  B_BUF_26_10_out|       pointer|
|B_BUF_26_11_out      |  out|    32|     ap_none|  B_BUF_26_11_out|       pointer|
|B_BUF_26_12_out      |  out|    32|     ap_none|  B_BUF_26_12_out|       pointer|
|B_BUF_26_13_out      |  out|    32|     ap_none|  B_BUF_26_13_out|       pointer|
|B_BUF_26_14_out      |  out|    32|     ap_none|  B_BUF_26_14_out|       pointer|
|B_BUF_26_15_out      |  out|    32|     ap_none|  B_BUF_26_15_out|       pointer|
|B_BUF_27_0_out       |  out|    32|     ap_none|   B_BUF_27_0_out|       pointer|
|B_BUF_27_1_out       |  out|    32|     ap_none|   B_BUF_27_1_out|       pointer|
|B_BUF_27_2_out       |  out|    32|     ap_none|   B_BUF_27_2_out|       pointer|
|B_BUF_27_3_out       |  out|    32|     ap_none|   B_BUF_27_3_out|       pointer|
|B_BUF_27_4_out       |  out|    32|     ap_none|   B_BUF_27_4_out|       pointer|
|B_BUF_27_5_out       |  out|    32|     ap_none|   B_BUF_27_5_out|       pointer|
|B_BUF_27_6_out       |  out|    32|     ap_none|   B_BUF_27_6_out|       pointer|
|B_BUF_27_7_out       |  out|    32|     ap_none|   B_BUF_27_7_out|       pointer|
|B_BUF_27_8_out       |  out|    32|     ap_none|   B_BUF_27_8_out|       pointer|
|B_BUF_27_9_out       |  out|    32|     ap_none|   B_BUF_27_9_out|       pointer|
|B_BUF_27_10_out      |  out|    32|     ap_none|  B_BUF_27_10_out|       pointer|
|B_BUF_27_11_out      |  out|    32|     ap_none|  B_BUF_27_11_out|       pointer|
|B_BUF_27_12_out      |  out|    32|     ap_none|  B_BUF_27_12_out|       pointer|
|B_BUF_27_13_out      |  out|    32|     ap_none|  B_BUF_27_13_out|       pointer|
|B_BUF_27_14_out      |  out|    32|     ap_none|  B_BUF_27_14_out|       pointer|
|B_BUF_27_15_out      |  out|    32|     ap_none|  B_BUF_27_15_out|       pointer|
|B_BUF_28_0_out       |  out|    32|     ap_none|   B_BUF_28_0_out|       pointer|
|B_BUF_28_1_out       |  out|    32|     ap_none|   B_BUF_28_1_out|       pointer|
|B_BUF_28_2_out       |  out|    32|     ap_none|   B_BUF_28_2_out|       pointer|
|B_BUF_28_3_out       |  out|    32|     ap_none|   B_BUF_28_3_out|       pointer|
|B_BUF_28_4_out       |  out|    32|     ap_none|   B_BUF_28_4_out|       pointer|
|B_BUF_28_5_out       |  out|    32|     ap_none|   B_BUF_28_5_out|       pointer|
|B_BUF_28_6_out       |  out|    32|     ap_none|   B_BUF_28_6_out|       pointer|
|B_BUF_28_7_out       |  out|    32|     ap_none|   B_BUF_28_7_out|       pointer|
|B_BUF_28_8_out       |  out|    32|     ap_none|   B_BUF_28_8_out|       pointer|
|B_BUF_28_9_out       |  out|    32|     ap_none|   B_BUF_28_9_out|       pointer|
|B_BUF_28_10_out      |  out|    32|     ap_none|  B_BUF_28_10_out|       pointer|
|B_BUF_28_11_out      |  out|    32|     ap_none|  B_BUF_28_11_out|       pointer|
|B_BUF_28_12_out      |  out|    32|     ap_none|  B_BUF_28_12_out|       pointer|
|B_BUF_28_13_out      |  out|    32|     ap_none|  B_BUF_28_13_out|       pointer|
|B_BUF_28_14_out      |  out|    32|     ap_none|  B_BUF_28_14_out|       pointer|
|B_BUF_28_15_out      |  out|    32|     ap_none|  B_BUF_28_15_out|       pointer|
|B_BUF_29_0_out       |  out|    32|     ap_none|   B_BUF_29_0_out|       pointer|
|B_BUF_29_1_out       |  out|    32|     ap_none|   B_BUF_29_1_out|       pointer|
|B_BUF_29_2_out       |  out|    32|     ap_none|   B_BUF_29_2_out|       pointer|
|B_BUF_29_3_out       |  out|    32|     ap_none|   B_BUF_29_3_out|       pointer|
|B_BUF_29_4_out       |  out|    32|     ap_none|   B_BUF_29_4_out|       pointer|
|B_BUF_29_5_out       |  out|    32|     ap_none|   B_BUF_29_5_out|       pointer|
|B_BUF_29_6_out       |  out|    32|     ap_none|   B_BUF_29_6_out|       pointer|
|B_BUF_29_7_out       |  out|    32|     ap_none|   B_BUF_29_7_out|       pointer|
|B_BUF_29_8_out       |  out|    32|     ap_none|   B_BUF_29_8_out|       pointer|
|B_BUF_29_9_out       |  out|    32|     ap_none|   B_BUF_29_9_out|       pointer|
|B_BUF_29_10_out      |  out|    32|     ap_none|  B_BUF_29_10_out|       pointer|
|B_BUF_29_11_out      |  out|    32|     ap_none|  B_BUF_29_11_out|       pointer|
|B_BUF_29_12_out      |  out|    32|     ap_none|  B_BUF_29_12_out|       pointer|
|B_BUF_29_13_out      |  out|    32|     ap_none|  B_BUF_29_13_out|       pointer|
|B_BUF_29_14_out      |  out|    32|     ap_none|  B_BUF_29_14_out|       pointer|
|B_BUF_29_15_out      |  out|    32|     ap_none|  B_BUF_29_15_out|       pointer|
|B_BUF_30_0_out       |  out|    32|     ap_none|   B_BUF_30_0_out|       pointer|
|B_BUF_30_1_out       |  out|    32|     ap_none|   B_BUF_30_1_out|       pointer|
|B_BUF_30_2_out       |  out|    32|     ap_none|   B_BUF_30_2_out|       pointer|
|B_BUF_30_3_out       |  out|    32|     ap_none|   B_BUF_30_3_out|       pointer|
|B_BUF_30_4_out       |  out|    32|     ap_none|   B_BUF_30_4_out|       pointer|
|B_BUF_30_5_out       |  out|    32|     ap_none|   B_BUF_30_5_out|       pointer|
|B_BUF_30_6_out       |  out|    32|     ap_none|   B_BUF_30_6_out|       pointer|
|B_BUF_30_7_out       |  out|    32|     ap_none|   B_BUF_30_7_out|       pointer|
|B_BUF_30_8_out       |  out|    32|     ap_none|   B_BUF_30_8_out|       pointer|
|B_BUF_30_9_out       |  out|    32|     ap_none|   B_BUF_30_9_out|       pointer|
|B_BUF_30_10_out      |  out|    32|     ap_none|  B_BUF_30_10_out|       pointer|
|B_BUF_30_11_out      |  out|    32|     ap_none|  B_BUF_30_11_out|       pointer|
|B_BUF_30_12_out      |  out|    32|     ap_none|  B_BUF_30_12_out|       pointer|
|B_BUF_30_13_out      |  out|    32|     ap_none|  B_BUF_30_13_out|       pointer|
|B_BUF_30_14_out      |  out|    32|     ap_none|  B_BUF_30_14_out|       pointer|
|B_BUF_30_15_out      |  out|    32|     ap_none|  B_BUF_30_15_out|       pointer|
|B_BUF_31_0_out       |  out|    32|     ap_none|   B_BUF_31_0_out|       pointer|
|B_BUF_31_1_out       |  out|    32|     ap_none|   B_BUF_31_1_out|       pointer|
|B_BUF_31_2_out       |  out|    32|     ap_none|   B_BUF_31_2_out|       pointer|
|B_BUF_31_3_out       |  out|    32|     ap_none|   B_BUF_31_3_out|       pointer|
|B_BUF_31_4_out       |  out|    32|     ap_none|   B_BUF_31_4_out|       pointer|
|B_BUF_31_5_out       |  out|    32|     ap_none|   B_BUF_31_5_out|       pointer|
|B_BUF_31_6_out       |  out|    32|     ap_none|   B_BUF_31_6_out|       pointer|
|B_BUF_31_7_out       |  out|    32|     ap_none|   B_BUF_31_7_out|       pointer|
|B_BUF_31_8_out       |  out|    32|     ap_none|   B_BUF_31_8_out|       pointer|
|B_BUF_31_9_out       |  out|    32|     ap_none|   B_BUF_31_9_out|       pointer|
|B_BUF_31_10_out      |  out|    32|     ap_none|  B_BUF_31_10_out|       pointer|
|B_BUF_31_11_out      |  out|    32|     ap_none|  B_BUF_31_11_out|       pointer|
|B_BUF_31_12_out      |  out|    32|     ap_none|  B_BUF_31_12_out|       pointer|
|B_BUF_31_13_out      |  out|    32|     ap_none|  B_BUF_31_13_out|       pointer|
|B_BUF_31_14_out      |  out|    32|     ap_none|  B_BUF_31_14_out|       pointer|
|B_BUF_31_15_out      |  out|    32|     ap_none|  B_BUF_31_15_out|       pointer|
+---------------------+-----+------+------------+-----------------+--------------+

