

================================================================
== Synthesis Summary Report of 'gemm'
================================================================
+ General Information: 
    * Date:           Tue Sep  1 15:27:44 2026
    * Version:        2023.2 (Build 4023990 on Oct 11 2023)
    * Project:        hls_project
    * Solution:       gemm2 (Vitis Kernel Flow Target)
    * Product family: versalaicore
    * Target device:  xcvc1902-vsva2197-2MP-e-S
    

+ Performance & Resource Estimates: 
    
    PS: '+' for module; 'o' for loop; '*' for dataflow
    +-------------------------------------------------------------------------+--------+-------+---------+-----------+----------+---------+------+----------+-----------+-----------+--------------+--------------+-----+
    |                                 Modules                                 |  Issue |       | Latency |  Latency  | Iteration|         | Trip |          |           |           |              |              |     |
    |                                 & Loops                                 |  Type  | Slack | (cycles)|    (ns)   |  Latency | Interval| Count| Pipelined|   BRAM    |    DSP    |      FF      |      LUT     | URAM|
    +-------------------------------------------------------------------------+--------+-------+---------+-----------+----------+---------+------+----------+-----------+-----------+--------------+--------------+-----+
    |+ gemm*                                                                  |  Timing|  -0.87|     3086|  1.029e+04|         -|     3014|     -|  dataflow|  264 (13%)|  256 (13%)|  443074 (24%)|  298403 (33%)|    -|
    | + entry_proc548                                                         |       -|   1.45|        0|      0.000|         -|        0|     -|        no|          -|          -|       3 (~0%)|       8 (~0%)|    -|
    | + loadInputsFromDRAM*                                                   |  Timing|  -0.29|     1358|  4.526e+03|         -|     1359|     -|  dataflow|    48 (2%)|          -|     244 (~0%)|    1100 (~0%)|    -|
    |  + load_A                                                               |  Timing|  -0.29|     1358|  4.526e+03|         -|     1358|     -|        no|    32 (1%)|          -|     130 (~0%)|     721 (~0%)|    -|
    |   + load_A_Pipeline_load_from_DRAM                                      |       -|   0.91|      258|    859.914|         -|      258|     -|        no|          -|          -|      30 (~0%)|      53 (~0%)|    -|
    |    o load_from_DRAM                                                     |       -|   2.43|      256|    853.248|         3|        2|   128|       yes|          -|          -|             -|             -|    -|
    |   + load_A_Pipeline_replay_per_tileB_VITIS_LOOP_26_3                    |  Timing|  -0.29|     1026|  3.420e+03|         -|     1026|     -|        no|          -|          -|      22 (~0%)|      96 (~0%)|    -|
    |    o replay_per_tileB_VITIS_LOOP_26_3                                   |       -|   2.43|     1024|  3.413e+03|         2|        1|  1024|       yes|          -|          -|             -|             -|    -|
    |  + load_B                                                               |  Timing|  -0.07|      519|  1.730e+03|         -|      519|     -|        no|   16 (~0%)|          -|     111 (~0%)|     357 (~0%)|    -|
    |   o load_B                                                              |       -|   2.43|      448|  1.493e+03|        56|        -|     8|        no|          -|          -|             -|             -|    -|
    |    + load_B_Pipeline_VITIS_LOOP_40_1_VITIS_LOOP_41_2                    |  Timing|  -0.07|       34|    113.322|         -|       34|     -|        no|          -|          -|      21 (~0%)|      75 (~0%)|    -|
    |     o VITIS_LOOP_40_1_VITIS_LOOP_41_2                                   |       -|   2.43|       32|    106.656|         2|        1|    32|       yes|          -|          -|             -|             -|    -|
    |    + load_B_Pipeline_VITIS_LOOP_47_3                                    |       -|   0.16|       18|     59.994|         -|       18|     -|        no|          -|          -|       8 (~0%)|      37 (~0%)|    -|
    |     o VITIS_LOOP_47_3                                                   |       -|   2.43|       16|     53.328|         2|        1|    16|       yes|          -|          -|             -|             -|    -|
    | + runSystolicArray                                                      |  Timing|  -0.87|     3013|  1.004e+04|         -|     3013|     -|        no|          -|  256 (13%)|  286798 (15%)|  228805 (25%)|    -|
    |  o tile_loop_B                                                          |       -|   2.43|     3012|  1.004e+04|       395|        -|     8|        no|          -|          -|             -|             -|    -|
    |   + dataflow_in_loop_tile_loop_B*                                       |  Timing|  -0.87|      393|  1.310e+03|         -|      374|     -|  dataflow|          -|  256 (13%)|  286729 (15%)|  228769 (25%)|    -|
    |    + entry_proc546                                                      |       -|   0.54|        0|      0.000|         -|        0|     -|        no|          -|          -|       2 (~0%)|       6 (~0%)|    -|
    |    + B_Vec_to_Buf277                                                    |       -|   1.03|       18|     59.994|         -|       18|     -|        no|          -|          -|    32783 (1%)|    16416 (1%)|    -|
    |     o VITIS_LOOP_18_1                                                   |       -|   2.43|       16|     53.328|         2|        1|    16|       yes|          -|          -|             -|             -|    -|
    |    + tile_loop_A_proc278_wrapper*                                       |  Timing|  -0.87|      374|  1.247e+03|         -|      374|     -|  dataflow|          -|  256 (13%)|  200672 (11%)|  175435 (19%)|    -|
    |     + entry_proc547                                                     |       -|   0.54|        0|      0.000|         -|        0|     -|        no|          -|          -|       5 (~0%)|       9 (~0%)|    -|
    |     + tile_loop_A_proc278                                               |  Timing|  -0.87|      373|  1.243e+03|         -|      373|     -|        no|          -|  256 (13%)|  200646 (11%)|  175390 (19%)|    -|
    |      o tile_loop_A                                                      |       -|   2.43|      372|  1.240e+03|       128|        -|     8|        no|          -|          -|             -|             -|    -|
    |       + dataflow_in_loop_tile_loop_A279*                                |  Timing|  -0.87|      126|    419.958|         -|       35|     -|  dataflow|          -|  256 (13%)|  200577 (11%)|  175354 (19%)|    -|
    |        + entry_proc                                                     |       -|   0.36|        0|      0.000|         -|        0|     -|        no|          -|          -|       3 (~0%)|      10 (~0%)|    -|
    |        + load_tile_A3280                                                |       -|   1.03|       15|     49.995|         -|       15|     -|        no|          -|          -|    31761 (1%)|    16412 (1%)|    -|
    |        + B_Buf_to_stream5282                                            |       -|   0.57|       34|    113.322|         -|       34|     -|        no|          -|          -|     522 (~0%)|    5701 (~0%)|    -|
    |         o VITIS_LOOP_30_1                                               |       -|   2.43|       32|    106.656|         2|        1|    32|       yes|          -|          -|             -|             -|    -|
    |        + tile_A_to_stream4281                                           |       -|   0.28|       31|    103.323|         -|       31|     -|        no|          -|          -|      34 (~0%)|    10834 (1%)|    -|
    |        + PE_false_false_6283                                            |      II|   0.67|       35|    116.655|         -|       32|     -|    rewind|          -|    1 (~0%)|      90 (~0%)|      56 (~0%)|    -|
    |         o VITIS_LOOP_9_1                                                |       -|   2.43|       34|    113.322|         4|        1|    32|       yes|          -|          -|             -|             -|    -|
    |        + PE_false_false_110284                                          |      II|   0.67|       35|    116.655|         -|       32|     -|    rewind|          -|    1 (~0%)|      91 (~0%)|      58 (~0%)|    -|
    |         o VITIS_LOOP_9_1                                                |       -|   2.43|       34|    113.322|         4|        1|    32|       yes|          -|          -|             -|             -|    -|
    |        + PE_false_false_1536299                                         |      II|   0.67|       35|    116.655|         -|       32|     -|    rewind|          -|    1 (~0%)|      90 (~0%)|      56 (~0%)|    -|
    |         o VITIS_LOOP_9_1                                                |       -|   2.43|       34|    113.322|         4|        1|    32|       yes|          -|          -|             -|             -|    -|
    |        + PE_false_false_222285                                          |      II|   0.67|       35|    116.655|         -|       32|     -|    rewind|          -|    1 (~0%)|      91 (~0%)|      58 (~0%)|    -|
    |         o VITIS_LOOP_9_1                                                |       -|   2.43|       34|    113.322|         4|        1|    32|       yes|          -|          -|             -|             -|    -|
    |        + PE_false_false_1637300                                         |      II|   0.67|       35|    116.655|         -|       32|     -|    rewind|          -|    1 (~0%)|      91 (~0%)|      58 (~0%)|    -|
    |         o VITIS_LOOP_9_1                                                |       -|   2.43|       34|    113.322|         4|        1|    32|       yes|          -|          -|             -|             -|    -|
    |        + PE_false_false_3152315                                         |      II|   0.67|       35|    116.655|         -|       32|     -|    rewind|          -|    1 (~0%)|      90 (~0%)|      56 (~0%)|    -|
    |         o VITIS_LOOP_9_1                                                |       -|   2.43|       34|    113.322|         4|        1|    32|       yes|          -|          -|             -|             -|    -|
    |        + PE_false_false_323286                                          |      II|   0.67|       35|    116.655|         -|       32|     -|    rewind|          -|    1 (~0%)|      91 (~0%)|      58 (~0%)|    -|
    |         o VITIS_LOOP_9_1                                                |       -|   2.43|       34|    113.322|         4|        1|    32|       yes|          -|          -|             -|             -|    -|
    |        + PE_false_false_1738301                                         |      II|   0.67|       35|    116.655|         -|       32|     -|    rewind|          -|    1 (~0%)|      91 (~0%)|      58 (~0%)|    -|
    |         o VITIS_LOOP_9_1                                                |       -|   2.43|       34|    113.322|         4|        1|    32|       yes|          -|          -|             -|             -|    -|
    |        + PE_false_false_3253316                                         |      II|   0.67|       35|    116.655|         -|       32|     -|    rewind|          -|    1 (~0%)|      90 (~0%)|      56 (~0%)|    -|
    |         o VITIS_LOOP_9_1                                                |       -|   2.43|       34|    113.322|         4|        1|    32|       yes|          -|          -|             -|             -|    -|
    |        + PE_false_false_4768331                                         |      II|   0.67|       35|    116.655|         -|       32|     -|    rewind|          -|    1 (~0%)|      91 (~0%)|      58 (~0%)|    -|
    |         o VITIS_LOOP_9_1                                                |       -|   2.43|       34|    113.322|         4|        1|    32|       yes|          -|          -|             -|             -|    -|
    |        + PE_false_false_424287                                          |      II|   0.67|       35|    116.655|         -|       32|     -|    rewind|          -|    1 (~0%)|      91 (~0%)|      58 (~0%)|    -|
    |         o VITIS_LOOP_9_1                                                |       -|   2.43|       34|    113.322|         4|        1|    32|       yes|          -|          -|             -|             -|    -|
    |        + PE_false_false_1839302                                         |      II|   0.67|       35|    116.655|         -|       32|     -|    rewind|          -|    1 (~0%)|      91 (~0%)|      58 (~0%)|    -|
    |         o VITIS_LOOP_9_1                                                |       -|   2.43|       34|    113.322|         4|        1|    32|       yes|          -|          -|             -|             -|    -|
    |        + PE_false_false_3354317                                         |      II|   0.67|       35|    116.655|         -|       32|     -|    rewind|          -|    1 (~0%)|      91 (~0%)|      58 (~0%)|    -|
    |         o VITIS_LOOP_9_1                                                |       -|   2.43|       34|    113.322|         4|        1|    32|       yes|          -|          -|             -|             -|    -|
    |        + PE_false_false_4869332                                         |      II|   0.67|       35|    116.655|         -|       32|     -|    rewind|          -|    1 (~0%)|      90 (~0%)|      56 (~0%)|    -|
    |         o VITIS_LOOP_9_1                                                |       -|   2.43|       34|    113.322|         4|        1|    32|       yes|          -|          -|             -|             -|    -|
    |        + PE_false_false_6384347                                         |      II|   0.67|       35|    116.655|         -|       32|     -|    rewind|          -|    1 (~0%)|      91 (~0%)|      58 (~0%)|    -|
    |         o VITIS_LOOP_9_1                                                |       -|   2.43|       34|    113.322|         4|        1|    32|       yes|          -|          -|             -|             -|    -|
    |        + PE_false_false_525288                                          |      II|   0.67|       35|    116.655|         -|       32|     -|    rewind|          -|    1 (~0%)|      91 (~0%)|      58 (~0%)|    -|
    |         o VITIS_LOOP_9_1                                                |       -|   2.43|       34|    113.322|         4|        1|    32|       yes|          -|          -|             -|             -|    -|
    |        + PE_false_false_1940303                                         |      II|   0.67|       35|    116.655|         -|       32|     -|    rewind|          -|    1 (~0%)|      91 (~0%)|      58 (~0%)|    -|
    |         o VITIS_LOOP_9_1                                                |       -|   2.43|       34|    113.322|         4|        1|    32|       yes|          -|          -|             -|             -|    -|
    |        + PE_false_false_3455318                                         |      II|   0.67|       35|    116.655|         -|       32|     -|    rewind|          -|    1 (~0%)|      91 (~0%)|      58 (~0%)|    -|
    |         o VITIS_LOOP_9_1                                                |       -|   2.43|       34|    113.322|         4|        1|    32|       yes|          -|          -|             -|             -|    -|
    |        + PE_false_false_4970333                                         |      II|   0.67|       35|    116.655|         -|       32|     -|    rewind|          -|    1 (~0%)|      90 (~0%)|      56 (~0%)|    -|
    |         o VITIS_LOOP_9_1                                                |       -|   2.43|       34|    113.322|         4|        1|    32|       yes|          -|          -|             -|             -|    -|
    |        + PE_false_false_6485348                                         |      II|   0.67|       35|    116.655|         -|       32|     -|    rewind|          -|    1 (~0%)|      91 (~0%)|      58 (~0%)|    -|
    |         o VITIS_LOOP_9_1                                                |       -|   2.43|       34|    113.322|         4|        1|    32|       yes|          -|          -|             -|             -|    -|
    |        + PE_false_false_79100363                                        |      II|   0.67|       35|    116.655|         -|       32|     -|    rewind|          -|    1 (~0%)|      91 (~0%)|      58 (~0%)|    -|
    |         o VITIS_LOOP_9_1                                                |       -|   2.43|       34|    113.322|         4|        1|    32|       yes|          -|          -|             -|             -|    -|
    |        + PE_false_false_626289                                          |      II|   0.67|       35|    116.655|         -|       32|     -|    rewind|          -|    1 (~0%)|      91 (~0%)|      58 (~0%)|    -|
    |         o VITIS_LOOP_9_1                                                |       -|   2.43|       34|    113.322|         4|        1|    32|       yes|          -|          -|             -|             -|    -|
    |        + PE_false_false_2041304                                         |      II|   0.67|       35|    116.655|         -|       32|     -|    rewind|          -|    1 (~0%)|      91 (~0%)|      58 (~0%)|    -|
    |         o VITIS_LOOP_9_1                                                |       -|   2.43|       34|    113.322|         4|        1|    32|       yes|          -|          -|             -|             -|    -|
    |        + PE_false_false_3556319                                         |      II|   0.67|       35|    116.655|         -|       32|     -|    rewind|          -|    1 (~0%)|      91 (~0%)|      58 (~0%)|    -|
    |         o VITIS_LOOP_9_1                                                |       -|   2.43|       34|    113.322|         4|        1|    32|       yes|          -|          -|             -|             -|    -|
    |        + PE_false_false_5071334                                         |      II|   0.67|       35|    116.655|         -|       32|     -|    rewind|          -|    1 (~0%)|      91 (~0%)|      58 (~0%)|    -|
    |         o VITIS_LOOP_9_1                                                |       -|   2.43|       34|    113.322|         4|        1|    32|       yes|          -|          -|             -|             -|    -|
    |        + PE_false_false_6586349                                         |      II|   0.67|       35|    116.655|         -|       32|     -|    rewind|          -|    1 (~0%)|      90 (~0%)|      56 (~0%)|    -|
    |         o VITIS_LOOP_9_1                                                |       -|   2.43|       34|    113.322|         4|        1|    32|       yes|          -|          -|             -|             -|    -|
    |        + PE_false_false_80101364                                        |      II|   0.67|       35|    116.655|         -|       32|     -|    rewind|          -|    1 (~0%)|      91 (~0%)|      58 (~0%)|    -|
    |         o VITIS_LOOP_9_1                                                |       -|   2.43|       34|    113.322|         4|        1|    32|       yes|          -|          -|             -|             -|    -|
    |        + PE_false_false_95116379                                        |      II|   0.67|       35|    116.655|         -|       32|     -|    rewind|          -|    1 (~0%)|      91 (~0%)|      58 (~0%)|    -|
    |         o VITIS_LOOP_9_1                                                |       -|   2.43|       34|    113.322|         4|        1|    32|       yes|          -|          -|             -|             -|    -|
    |        + PE_false_false_727290                                          |      II|   0.67|       35|    116.655|         -|       32|     -|    rewind|          -|    1 (~0%)|      91 (~0%)|      58 (~0%)|    -|
    |         o VITIS_LOOP_9_1                                                |       -|   2.43|       34|    113.322|         4|        1|    32|       yes|          -|          -|             -|             -|    -|
    |        + PE_false_false_2142305                                         |      II|   0.67|       35|    116.655|         -|       32|     -|    rewind|          -|    1 (~0%)|      91 (~0%)|      58 (~0%)|    -|
    |         o VITIS_LOOP_9_1                                                |       -|   2.43|       34|    113.322|         4|        1|    32|       yes|          -|          -|             -|             -|    -|
    |        + PE_false_false_3657320                                         |      II|   0.67|       35|    116.655|         -|       32|     -|    rewind|          -|    1 (~0%)|      91 (~0%)|      58 (~0%)|    -|
    |         o VITIS_LOOP_9_1                                                |       -|   2.43|       34|    113.322|         4|        1|    32|       yes|          -|          -|             -|             -|    -|
    |        + PE_false_false_5172335                                         |      II|   0.67|       35|    116.655|         -|       32|     -|    rewind|          -|    1 (~0%)|      91 (~0%)|      58 (~0%)|    -|
    |         o VITIS_LOOP_9_1                                                |       -|   2.43|       34|    113.322|         4|        1|    32|       yes|          -|          -|             -|             -|    -|
    |        + PE_false_false_6687350                                         |      II|   0.67|       35|    116.655|         -|       32|     -|    rewind|          -|    1 (~0%)|      90 (~0%)|      56 (~0%)|    -|
    |         o VITIS_LOOP_9_1                                                |       -|   2.43|       34|    113.322|         4|        1|    32|       yes|          -|          -|             -|             -|    -|
    |        + PE_false_false_81102365                                        |      II|   0.67|       35|    116.655|         -|       32|     -|    rewind|          -|    1 (~0%)|      91 (~0%)|      58 (~0%)|    -|
    |         o VITIS_LOOP_9_1                                                |       -|   2.43|       34|    113.322|         4|        1|    32|       yes|          -|          -|             -|             -|    -|
    |        + PE_false_false_96117380                                        |      II|   0.67|       35|    116.655|         -|       32|     -|    rewind|          -|    1 (~0%)|      91 (~0%)|      58 (~0%)|    -|
    |         o VITIS_LOOP_9_1                                                |       -|   2.43|       34|    113.322|         4|        1|    32|       yes|          -|          -|             -|             -|    -|
    |        + PE_false_false_111132395                                       |      II|   0.67|       35|    116.655|         -|       32|     -|    rewind|          -|    1 (~0%)|      91 (~0%)|      58 (~0%)|    -|
    |         o VITIS_LOOP_9_1                                                |       -|   2.43|       34|    113.322|         4|        1|    32|       yes|          -|          -|             -|             -|    -|
    |        + PE_false_false_828291                                          |      II|   0.67|       35|    116.655|         -|       32|     -|    rewind|          -|    1 (~0%)|      91 (~0%)|      58 (~0%)|    -|
    |         o VITIS_LOOP_9_1                                                |       -|   2.43|       34|    113.322|         4|        1|    32|       yes|          -|          -|             -|             -|    -|
    |        + PE_false_false_2243306                                         |      II|   0.67|       35|    116.655|         -|       32|     -|    rewind|          -|    1 (~0%)|      91 (~0%)|      58 (~0%)|    -|
    |         o VITIS_LOOP_9_1                                                |       -|   2.43|       34|    113.322|         4|        1|    32|       yes|          -|          -|             -|             -|    -|
    |        + PE_false_false_3758321                                         |      II|   0.67|       35|    116.655|         -|       32|     -|    rewind|          -|    1 (~0%)|      91 (~0%)|      58 (~0%)|    -|
    |         o VITIS_LOOP_9_1                                                |       -|   2.43|       34|    113.322|         4|        1|    32|       yes|          -|          -|             -|             -|    -|
    |        + PE_false_false_5273336                                         |      II|   0.67|       35|    116.655|         -|       32|     -|    rewind|          -|    1 (~0%)|      91 (~0%)|      58 (~0%)|    -|
    |         o VITIS_LOOP_9_1                                                |       -|   2.43|       34|    113.322|         4|        1|    32|       yes|          -|          -|             -|             -|    -|
    |        + PE_false_false_6788351                                         |      II|   0.67|       35|    116.655|         -|       32|     -|    rewind|          -|    1 (~0%)|      91 (~0%)|      58 (~0%)|    -|
    |         o VITIS_LOOP_9_1                                                |       -|   2.43|       34|    113.322|         4|        1|    32|       yes|          -|          -|             -|             -|    -|
    |        + PE_false_false_82103366                                        |      II|   0.67|       35|    116.655|         -|       32|     -|    rewind|          -|    1 (~0%)|      90 (~0%)|      56 (~0%)|    -|
    |         o VITIS_LOOP_9_1                                                |       -|   2.43|       34|    113.322|         4|        1|    32|       yes|          -|          -|             -|             -|    -|
    |        + PE_false_false_97118381                                        |      II|   0.67|       35|    116.655|         -|       32|     -|    rewind|          -|    1 (~0%)|      91 (~0%)|      58 (~0%)|    -|
    |         o VITIS_LOOP_9_1                                                |       -|   2.43|       34|    113.322|         4|        1|    32|       yes|          -|          -|             -|             -|    -|
    |        + PE_false_false_112133396                                       |      II|   0.67|       35|    116.655|         -|       32|     -|    rewind|          -|    1 (~0%)|      91 (~0%)|      58 (~0%)|    -|
    |         o VITIS_LOOP_9_1                                                |       -|   2.43|       34|    113.322|         4|        1|    32|       yes|          -|          -|             -|             -|    -|
    |        + PE_false_false_127148411                                       |      II|   0.67|       35|    116.655|         -|       32|     -|    rewind|          -|    1 (~0%)|      91 (~0%)|      58 (~0%)|    -|
    |         o VITIS_LOOP_9_1                                                |       -|   2.43|       34|    113.322|         4|        1|    32|       yes|          -|          -|             -|             -|    -|
    |        + PE_false_false_929292                                          |      II|   0.67|       35|    116.655|         -|       32|     -|    rewind|          -|    1 (~0%)|      91 (~0%)|      58 (~0%)|    -|
    |         o VITIS_LOOP_9_1                                                |       -|   2.43|       34|    113.322|         4|        1|    32|       yes|          -|          -|             -|             -|    -|
    |        + PE_false_false_2344307                                         |      II|   0.67|       35|    116.655|         -|       32|     -|    rewind|          -|    1 (~0%)|      91 (~0%)|      58 (~0%)|    -|
    |         o VITIS_LOOP_9_1                                                |       -|   2.43|       34|    113.322|         4|        1|    32|       yes|          -|          -|             -|             -|    -|
    |        + PE_false_false_3859322                                         |      II|   0.67|       35|    116.655|         -|       32|     -|    rewind|          -|    1 (~0%)|      91 (~0%)|      58 (~0%)|    -|
    |         o VITIS_LOOP_9_1                                                |       -|   2.43|       34|    113.322|         4|        1|    32|       yes|          -|          -|             -|             -|    -|
    |        + PE_false_false_5374337                                         |      II|   0.67|       35|    116.655|         -|       32|     -|    rewind|          -|    1 (~0%)|      91 (~0%)|      58 (~0%)|    -|
    |         o VITIS_LOOP_9_1                                                |       -|   2.43|       34|    113.322|         4|        1|    32|       yes|          -|          -|             -|             -|    -|
    |        + PE_false_false_6889352                                         |      II|   0.67|       35|    116.655|         -|       32|     -|    rewind|          -|    1 (~0%)|      91 (~0%)|      58 (~0%)|    -|
    |         o VITIS_LOOP_9_1                                                |       -|   2.43|       34|    113.322|         4|        1|    32|       yes|          -|          -|             -|             -|    -|
    |        + PE_false_false_83104367                                        |      II|   0.67|       35|    116.655|         -|       32|     -|    rewind|          -|    1 (~0%)|      90 (~0%)|      56 (~0%)|    -|
    |         o VITIS_LOOP_9_1                                                |       -|   2.43|       34|    113.322|         4|        1|    32|       yes|          -|          -|             -|             -|    -|
    |        + PE_false_false_98119382                                        |      II|   0.67|       35|    116.655|         -|       32|     -|    rewind|          -|    1 (~0%)|      91 (~0%)|      58 (~0%)|    -|
    |         o VITIS_LOOP_9_1                                                |       -|   2.43|       34|    113.322|         4|        1|    32|       yes|          -|          -|             -|             -|    -|
    |        + PE_false_false_113134397                                       |      II|   0.67|       35|    116.655|         -|       32|     -|    rewind|          -|    1 (~0%)|      91 (~0%)|      58 (~0%)|    -|
    |         o VITIS_LOOP_9_1                                                |       -|   2.43|       34|    113.322|         4|        1|    32|       yes|          -|          -|             -|             -|    -|
    |        + PE_false_false_128149412                                       |      II|   0.67|       35|    116.655|         -|       32|     -|    rewind|          -|    1 (~0%)|      91 (~0%)|      58 (~0%)|    -|
    |         o VITIS_LOOP_9_1                                                |       -|   2.43|       34|    113.322|         4|        1|    32|       yes|          -|          -|             -|             -|    -|
    |        + PE_false_false_143164427                                       |      II|   0.67|       35|    116.655|         -|       32|     -|    rewind|          -|    1 (~0%)|      91 (~0%)|      58 (~0%)|    -|
    |         o VITIS_LOOP_9_1                                                |       -|   2.43|       34|    113.322|         4|        1|    32|       yes|          -|          -|             -|             -|    -|
    |        + PE_false_false_1030293                                         |      II|   0.67|       35|    116.655|         -|       32|     -|    rewind|          -|    1 (~0%)|      91 (~0%)|      58 (~0%)|    -|
    |         o VITIS_LOOP_9_1                                                |       -|   2.43|       34|    113.322|         4|        1|    32|       yes|          -|          -|             -|             -|    -|
    |        + PE_false_false_2445308                                         |      II|   0.67|       35|    116.655|         -|       32|     -|    rewind|          -|    1 (~0%)|      91 (~0%)|      58 (~0%)|    -|
    |         o VITIS_LOOP_9_1                                                |       -|   2.43|       34|    113.322|         4|        1|    32|       yes|          -|          -|             -|             -|    -|
    |        + PE_false_false_3960323                                         |      II|   0.67|       35|    116.655|         -|       32|     -|    rewind|          -|    1 (~0%)|      91 (~0%)|      58 (~0%)|    -|
    |         o VITIS_LOOP_9_1                                                |       -|   2.43|       34|    113.322|         4|        1|    32|       yes|          -|          -|             -|             -|    -|
    |        + PE_false_false_5475338                                         |      II|   0.67|       35|    116.655|         -|       32|     -|    rewind|          -|    1 (~0%)|      91 (~0%)|      58 (~0%)|    -|
    |         o VITIS_LOOP_9_1                                                |       -|   2.43|       34|    113.322|         4|        1|    32|       yes|          -|          -|             -|             -|    -|
    |        + PE_false_false_6990353                                         |      II|   0.67|       35|    116.655|         -|       32|     -|    rewind|          -|    1 (~0%)|      91 (~0%)|      58 (~0%)|    -|
    |         o VITIS_LOOP_9_1                                                |       -|   2.43|       34|    113.322|         4|        1|    32|       yes|          -|          -|             -|             -|    -|
    |        + PE_false_false_84105368                                        |      II|   0.67|       35|    116.655|         -|       32|     -|    rewind|          -|    1 (~0%)|      91 (~0%)|      58 (~0%)|    -|
    |         o VITIS_LOOP_9_1                                                |       -|   2.43|       34|    113.322|         4|        1|    32|       yes|          -|          -|             -|             -|    -|
    |        + PE_false_false_99120383                                        |      II|   0.67|       35|    116.655|         -|       32|     -|    rewind|          -|    1 (~0%)|      90 (~0%)|      56 (~0%)|    -|
    |         o VITIS_LOOP_9_1                                                |       -|   2.43|       34|    113.322|         4|        1|    32|       yes|          -|          -|             -|             -|    -|
    |        + PE_false_false_114135398                                       |      II|   0.67|       35|    116.655|         -|       32|     -|    rewind|          -|    1 (~0%)|      91 (~0%)|      58 (~0%)|    -|
    |         o VITIS_LOOP_9_1                                                |       -|   2.43|       34|    113.322|         4|        1|    32|       yes|          -|          -|             -|             -|    -|
    |        + PE_false_false_129150413                                       |      II|   0.67|       35|    116.655|         -|       32|     -|    rewind|          -|    1 (~0%)|      91 (~0%)|      58 (~0%)|    -|
    |         o VITIS_LOOP_9_1                                                |       -|   2.43|       34|    113.322|         4|        1|    32|       yes|          -|          -|             -|             -|    -|
    |        + PE_false_false_144165428                                       |      II|   0.67|       35|    116.655|         -|       32|     -|    rewind|          -|    1 (~0%)|      91 (~0%)|      58 (~0%)|    -|
    |         o VITIS_LOOP_9_1                                                |       -|   2.43|       34|    113.322|         4|        1|    32|       yes|          -|          -|             -|             -|    -|
    |        + PE_false_false_159180443                                       |      II|   0.67|       35|    116.655|         -|       32|     -|    rewind|          -|    1 (~0%)|      91 (~0%)|      58 (~0%)|    -|
    |         o VITIS_LOOP_9_1                                                |       -|   2.43|       34|    113.322|         4|        1|    32|       yes|          -|          -|             -|             -|    -|
    |        + PE_false_false_1131294                                         |      II|   0.67|       35|    116.655|         -|       32|     -|    rewind|          -|    1 (~0%)|      91 (~0%)|      58 (~0%)|    -|
    |         o VITIS_LOOP_9_1                                                |       -|   2.43|       34|    113.322|         4|        1|    32|       yes|          -|          -|             -|             -|    -|
    |        + PE_false_false_2546309                                         |      II|   0.67|       35|    116.655|         -|       32|     -|    rewind|          -|    1 (~0%)|      91 (~0%)|      58 (~0%)|    -|
    |         o VITIS_LOOP_9_1                                                |       -|   2.43|       34|    113.322|         4|        1|    32|       yes|          -|          -|             -|             -|    -|
    |        + PE_false_false_4061324                                         |      II|   0.67|       35|    116.655|         -|       32|     -|    rewind|          -|    1 (~0%)|      91 (~0%)|      58 (~0%)|    -|
    |         o VITIS_LOOP_9_1                                                |       -|   2.43|       34|    113.322|         4|        1|    32|       yes|          -|          -|             -|             -|    -|
    |        + PE_false_false_5576339                                         |      II|   0.67|       35|    116.655|         -|       32|     -|    rewind|          -|    1 (~0%)|      91 (~0%)|      58 (~0%)|    -|
    |         o VITIS_LOOP_9_1                                                |       -|   2.43|       34|    113.322|         4|        1|    32|       yes|          -|          -|             -|             -|    -|
    |        + PE_false_false_7091354                                         |      II|   0.67|       35|    116.655|         -|       32|     -|    rewind|          -|    1 (~0%)|      91 (~0%)|      58 (~0%)|    -|
    |         o VITIS_LOOP_9_1                                                |       -|   2.43|       34|    113.322|         4|        1|    32|       yes|          -|          -|             -|             -|    -|
    |        + PE_false_false_85106369                                        |      II|   0.67|       35|    116.655|         -|       32|     -|    rewind|          -|    1 (~0%)|      91 (~0%)|      58 (~0%)|    -|
    |         o VITIS_LOOP_9_1                                                |       -|   2.43|       34|    113.322|         4|        1|    32|       yes|          -|          -|             -|             -|    -|
    |        + PE_false_false_100121384                                       |      II|   0.67|       35|    116.655|         -|       32|     -|    rewind|          -|    1 (~0%)|      90 (~0%)|      56 (~0%)|    -|
    |         o VITIS_LOOP_9_1                                                |       -|   2.43|       34|    113.322|         4|        1|    32|       yes|          -|          -|             -|             -|    -|
    |        + PE_false_false_115136399                                       |      II|   0.67|       35|    116.655|         -|       32|     -|    rewind|          -|    1 (~0%)|      91 (~0%)|      58 (~0%)|    -|
    |         o VITIS_LOOP_9_1                                                |       -|   2.43|       34|    113.322|         4|        1|    32|       yes|          -|          -|             -|             -|    -|
    |        + PE_false_false_130151414                                       |      II|   0.67|       35|    116.655|         -|       32|     -|    rewind|          -|    1 (~0%)|      91 (~0%)|      58 (~0%)|    -|
    |         o VITIS_LOOP_9_1                                                |       -|   2.43|       34|    113.322|         4|        1|    32|       yes|          -|          -|             -|             -|    -|
    |        + PE_false_false_145166429                                       |      II|   0.67|       35|    116.655|         -|       32|     -|    rewind|          -|    1 (~0%)|      91 (~0%)|      58 (~0%)|    -|
    |         o VITIS_LOOP_9_1                                                |       -|   2.43|       34|    113.322|         4|        1|    32|       yes|          -|          -|             -|             -|    -|
    |        + PE_false_false_160181444                                       |      II|   0.67|       35|    116.655|         -|       32|     -|    rewind|          -|    1 (~0%)|      91 (~0%)|      58 (~0%)|    -|
    |         o VITIS_LOOP_9_1                                                |       -|   2.43|       34|    113.322|         4|        1|    32|       yes|          -|          -|             -|             -|    -|
    |        + PE_false_false_175196459                                       |      II|   0.67|       35|    116.655|         -|       32|     -|    rewind|          -|    1 (~0%)|      91 (~0%)|      58 (~0%)|    -|
    |         o VITIS_LOOP_9_1                                                |       -|   2.43|       34|    113.322|         4|        1|    32|       yes|          -|          -|             -|             -|    -|
    |        + PE_false_false_1232295                                         |      II|   0.67|       35|    116.655|         -|       32|     -|    rewind|          -|    1 (~0%)|      91 (~0%)|      58 (~0%)|    -|
    |         o VITIS_LOOP_9_1                                                |       -|   2.43|       34|    113.322|         4|        1|    32|       yes|          -|          -|             -|             -|    -|
    |        + PE_false_false_2647310                                         |      II|   0.67|       35|    116.655|         -|       32|     -|    rewind|          -|    1 (~0%)|      91 (~0%)|      58 (~0%)|    -|
    |         o VITIS_LOOP_9_1                                                |       -|   2.43|       34|    113.322|         4|        1|    32|       yes|          -|          -|             -|             -|    -|
    |        + PE_false_false_4162325                                         |      II|   0.67|       35|    116.655|         -|       32|     -|    rewind|          -|    1 (~0%)|      91 (~0%)|      58 (~0%)|    -|
    |         o VITIS_LOOP_9_1                                                |       -|   2.43|       34|    113.322|         4|        1|    32|       yes|          -|          -|             -|             -|    -|
    |        + PE_false_false_5677340                                         |      II|   0.67|       35|    116.655|         -|       32|     -|    rewind|          -|    1 (~0%)|      91 (~0%)|      58 (~0%)|    -|
    |         o VITIS_LOOP_9_1                                                |       -|   2.43|       34|    113.322|         4|        1|    32|       yes|          -|          -|             -|             -|    -|
    |        + PE_false_false_7192355                                         |      II|   0.67|       35|    116.655|         -|       32|     -|    rewind|          -|    1 (~0%)|      91 (~0%)|      58 (~0%)|    -|
    |         o VITIS_LOOP_9_1                                                |       -|   2.43|       34|    113.322|         4|        1|    32|       yes|          -|          -|             -|             -|    -|
    |        + PE_false_false_86107370                                        |      II|   0.67|       35|    116.655|         -|       32|     -|    rewind|          -|    1 (~0%)|      91 (~0%)|      58 (~0%)|    -|
    |         o VITIS_LOOP_9_1                                                |       -|   2.43|       34|    113.322|         4|        1|    32|       yes|          -|          -|             -|             -|    -|
    |        + PE_false_false_101122385                                       |      II|   0.67|       35|    116.655|         -|       32|     -|    rewind|          -|    1 (~0%)|      91 (~0%)|      58 (~0%)|    -|
    |         o VITIS_LOOP_9_1                                                |       -|   2.43|       34|    113.322|         4|        1|    32|       yes|          -|          -|             -|             -|    -|
    |        + PE_false_false_116137400                                       |      II|   0.67|       35|    116.655|         -|       32|     -|    rewind|          -|    1 (~0%)|      90 (~0%)|      56 (~0%)|    -|
    |         o VITIS_LOOP_9_1                                                |       -|   2.43|       34|    113.322|         4|        1|    32|       yes|          -|          -|             -|             -|    -|
    |        + PE_false_false_131152415                                       |      II|   0.67|       35|    116.655|         -|       32|     -|    rewind|          -|    1 (~0%)|      91 (~0%)|      58 (~0%)|    -|
    |         o VITIS_LOOP_9_1                                                |       -|   2.43|       34|    113.322|         4|        1|    32|       yes|          -|          -|             -|             -|    -|
    |        + PE_false_false_146167430                                       |      II|   0.67|       35|    116.655|         -|       32|     -|    rewind|          -|    1 (~0%)|      91 (~0%)|      58 (~0%)|    -|
    |         o VITIS_LOOP_9_1                                                |       -|   2.43|       34|    113.322|         4|        1|    32|       yes|          -|          -|             -|             -|    -|
    |        + PE_false_false_161182445                                       |      II|   0.67|       35|    116.655|         -|       32|     -|    rewind|          -|    1 (~0%)|      91 (~0%)|      58 (~0%)|    -|
    |         o VITIS_LOOP_9_1                                                |       -|   2.43|       34|    113.322|         4|        1|    32|       yes|          -|          -|             -|             -|    -|
    |        + PE_false_false_176197460                                       |      II|   0.67|       35|    116.655|         -|       32|     -|    rewind|          -|    1 (~0%)|      91 (~0%)|      58 (~0%)|    -|
    |         o VITIS_LOOP_9_1                                                |       -|   2.43|       34|    113.322|         4|        1|    32|       yes|          -|          -|             -|             -|    -|
    |        + PE_false_false_191212475                                       |      II|   0.67|       35|    116.655|         -|       32|     -|    rewind|          -|    1 (~0%)|      91 (~0%)|      58 (~0%)|    -|
    |         o VITIS_LOOP_9_1                                                |       -|   2.43|       34|    113.322|         4|        1|    32|       yes|          -|          -|             -|             -|    -|
    |        + PE_false_false_1333296                                         |      II|   0.67|       35|    116.655|         -|       32|     -|    rewind|          -|    1 (~0%)|      91 (~0%)|      58 (~0%)|    -|
    |         o VITIS_LOOP_9_1                                                |       -|   2.43|       34|    113.322|         4|        1|    32|       yes|          -|          -|             -|             -|    -|
    |        + PE_false_false_2748311                                         |      II|   0.67|       35|    116.655|         -|       32|     -|    rewind|          -|    1 (~0%)|      91 (~0%)|      58 (~0%)|    -|
    |         o VITIS_LOOP_9_1                                                |       -|   2.43|       34|    113.322|         4|        1|    32|       yes|          -|          -|             -|             -|    -|
    |        + PE_false_false_4263326                                         |      II|   0.67|       35|    116.655|         -|       32|     -|    rewind|          -|    1 (~0%)|      91 (~0%)|      58 (~0%)|    -|
    |         o VITIS_LOOP_9_1                                                |       -|   2.43|       34|    113.322|         4|        1|    32|       yes|          -|          -|             -|             -|    -|
    |        + PE_false_false_5778341                                         |      II|   0.67|       35|    116.655|         -|       32|     -|    rewind|          -|    1 (~0%)|      91 (~0%)|      58 (~0%)|    -|
    |         o VITIS_LOOP_9_1                                                |       -|   2.43|       34|    113.322|         4|        1|    32|       yes|          -|          -|             -|             -|    -|
    |        + PE_false_false_7293356                                         |      II|   0.67|       35|    116.655|         -|       32|     -|    rewind|          -|    1 (~0%)|      91 (~0%)|      58 (~0%)|    -|
    |         o VITIS_LOOP_9_1                                                |       -|   2.43|       34|    113.322|         4|        1|    32|       yes|          -|          -|             -|             -|    -|
    |        + PE_false_false_87108371                                        |      II|   0.67|       35|    116.655|         -|       32|     -|    rewind|          -|    1 (~0%)|      91 (~0%)|      58 (~0%)|    -|
    |         o VITIS_LOOP_9_1                                                |       -|   2.43|       34|    113.322|         4|        1|    32|       yes|          -|          -|             -|             -|    -|
    |        + PE_false_false_102123386                                       |      II|   0.67|       35|    116.655|         -|       32|     -|    rewind|          -|    1 (~0%)|      91 (~0%)|      58 (~0%)|    -|
    |         o VITIS_LOOP_9_1                                                |       -|   2.43|       34|    113.322|         4|        1|    32|       yes|          -|          -|             -|             -|    -|
    |        + PE_false_false_117138401                                       |      II|   0.67|       35|    116.655|         -|       32|     -|    rewind|          -|    1 (~0%)|      90 (~0%)|      56 (~0%)|    -|
    |         o VITIS_LOOP_9_1                                                |       -|   2.43|       34|    113.322|         4|        1|    32|       yes|          -|          -|             -|             -|    -|
    |        + PE_false_false_132153416                                       |      II|   0.67|       35|    116.655|         -|       32|     -|    rewind|          -|    1 (~0%)|      91 (~0%)|      58 (~0%)|    -|
    |         o VITIS_LOOP_9_1                                                |       -|   2.43|       34|    113.322|         4|        1|    32|       yes|          -|          -|             -|             -|    -|
    |        + PE_false_false_147168431                                       |      II|   0.67|       35|    116.655|         -|       32|     -|    rewind|          -|    1 (~0%)|      91 (~0%)|      58 (~0%)|    -|
    |         o VITIS_LOOP_9_1                                                |       -|   2.43|       34|    113.322|         4|        1|    32|       yes|          -|          -|             -|             -|    -|
    |        + PE_false_false_162183446                                       |      II|   0.67|       35|    116.655|         -|       32|     -|    rewind|          -|    1 (~0%)|      91 (~0%)|      58 (~0%)|    -|
    |         o VITIS_LOOP_9_1                                                |       -|   2.43|       34|    113.322|         4|        1|    32|       yes|          -|          -|             -|             -|    -|
    |        + PE_false_false_177198461                                       |      II|   0.67|       35|    116.655|         -|       32|     -|    rewind|          -|    1 (~0%)|      91 (~0%)|      58 (~0%)|    -|
    |         o VITIS_LOOP_9_1                                                |       -|   2.43|       34|    113.322|         4|        1|    32|       yes|          -|          -|             -|             -|    -|
    |        + PE_false_false_192213476                                       |      II|   0.67|       35|    116.655|         -|       32|     -|    rewind|          -|    1 (~0%)|      91 (~0%)|      58 (~0%)|    -|
    |         o VITIS_LOOP_9_1                                                |       -|   2.43|       34|    113.322|         4|        1|    32|       yes|          -|          -|             -|             -|    -|
    |        + PE_false_false_207228491                                       |      II|   0.67|       35|    116.655|         -|       32|     -|    rewind|          -|    1 (~0%)|      91 (~0%)|      58 (~0%)|    -|
    |         o VITIS_LOOP_9_1                                                |       -|   2.43|       34|    113.322|         4|        1|    32|       yes|          -|          -|             -|             -|    -|
    |        + PE_false_false_1434297                                         |      II|   0.67|       35|    116.655|         -|       32|     -|    rewind|          -|    1 (~0%)|      91 (~0%)|      58 (~0%)|    -|
    |         o VITIS_LOOP_9_1                                                |       -|   2.43|       34|    113.322|         4|        1|    32|       yes|          -|          -|             -|             -|    -|
    |        + PE_false_false_2849312                                         |      II|   0.67|       35|    116.655|         -|       32|     -|    rewind|          -|    1 (~0%)|      91 (~0%)|      58 (~0%)|    -|
    |         o VITIS_LOOP_9_1                                                |       -|   2.43|       34|    113.322|         4|        1|    32|       yes|          -|          -|             -|             -|    -|
    |        + PE_false_false_4364327                                         |      II|   0.67|       35|    116.655|         -|       32|     -|    rewind|          -|    1 (~0%)|      91 (~0%)|      58 (~0%)|    -|
    |         o VITIS_LOOP_9_1                                                |       -|   2.43|       34|    113.322|         4|        1|    32|       yes|          -|          -|             -|             -|    -|
    |        + PE_false_false_5879342                                         |      II|   0.67|       35|    116.655|         -|       32|     -|    rewind|          -|    1 (~0%)|      91 (~0%)|      58 (~0%)|    -|
    |         o VITIS_LOOP_9_1                                                |       -|   2.43|       34|    113.322|         4|        1|    32|       yes|          -|          -|             -|             -|    -|
    |        + PE_false_false_7394357                                         |      II|   0.67|       35|    116.655|         -|       32|     -|    rewind|          -|    1 (~0%)|      91 (~0%)|      58 (~0%)|    -|
    |         o VITIS_LOOP_9_1                                                |       -|   2.43|       34|    113.322|         4|        1|    32|       yes|          -|          -|             -|             -|    -|
    |        + PE_false_false_88109372                                        |      II|   0.67|       35|    116.655|         -|       32|     -|    rewind|          -|    1 (~0%)|      91 (~0%)|      58 (~0%)|    -|
    |         o VITIS_LOOP_9_1                                                |       -|   2.43|       34|    113.322|         4|        1|    32|       yes|          -|          -|             -|             -|    -|
    |        + PE_false_false_103124387                                       |      II|   0.67|       35|    116.655|         -|       32|     -|    rewind|          -|    1 (~0%)|      91 (~0%)|      58 (~0%)|    -|
    |         o VITIS_LOOP_9_1                                                |       -|   2.43|       34|    113.322|         4|        1|    32|       yes|          -|          -|             -|             -|    -|
    |        + PE_false_false_118139402                                       |      II|   0.67|       35|    116.655|         -|       32|     -|    rewind|          -|    1 (~0%)|      91 (~0%)|      58 (~0%)|    -|
    |         o VITIS_LOOP_9_1                                                |       -|   2.43|       34|    113.322|         4|        1|    32|       yes|          -|          -|             -|             -|    -|
    |        + PE_false_false_133154417                                       |      II|   0.67|       35|    116.655|         -|       32|     -|    rewind|          -|    1 (~0%)|      90 (~0%)|      56 (~0%)|    -|
    |         o VITIS_LOOP_9_1                                                |       -|   2.43|       34|    113.322|         4|        1|    32|       yes|          -|          -|             -|             -|    -|
    |        + PE_false_false_148169432                                       |      II|   0.67|       35|    116.655|         -|       32|     -|    rewind|          -|    1 (~0%)|      91 (~0%)|      58 (~0%)|    -|
    |         o VITIS_LOOP_9_1                                                |       -|   2.43|       34|    113.322|         4|        1|    32|       yes|          -|          -|             -|             -|    -|
    |        + PE_false_false_163184447                                       |      II|   0.67|       35|    116.655|         -|       32|     -|    rewind|          -|    1 (~0%)|      91 (~0%)|      58 (~0%)|    -|
    |         o VITIS_LOOP_9_1                                                |       -|   2.43|       34|    113.322|         4|        1|    32|       yes|          -|          -|             -|             -|    -|
    |        + PE_false_false_178199462                                       |      II|   0.67|       35|    116.655|         -|       32|     -|    rewind|          -|    1 (~0%)|      91 (~0%)|      58 (~0%)|    -|
    |         o VITIS_LOOP_9_1                                                |       -|   2.43|       34|    113.322|         4|        1|    32|       yes|          -|          -|             -|             -|    -|
    |        + PE_false_false_193214477                                       |      II|   0.67|       35|    116.655|         -|       32|     -|    rewind|          -|    1 (~0%)|      91 (~0%)|      58 (~0%)|    -|
    |         o VITIS_LOOP_9_1                                                |       -|   2.43|       34|    113.322|         4|        1|    32|       yes|          -|          -|             -|             -|    -|
    |        + PE_false_false_208229492                                       |      II|   0.67|       35|    116.655|         -|       32|     -|    rewind|          -|    1 (~0%)|      91 (~0%)|      58 (~0%)|    -|
    |         o VITIS_LOOP_9_1                                                |       -|   2.43|       34|    113.322|         4|        1|    32|       yes|          -|          -|             -|             -|    -|
    |        + PE_false_false_223244507                                       |      II|   0.67|       35|    116.655|         -|       32|     -|    rewind|          -|    1 (~0%)|      91 (~0%)|      58 (~0%)|    -|
    |         o VITIS_LOOP_9_1                                                |       -|   2.43|       34|    113.322|         4|        1|    32|       yes|          -|          -|             -|             -|    -|
    |        + PE_false_true_35298                                            |      II|   0.67|       35|    116.655|         -|       32|     -|    rewind|          -|    1 (~0%)|      91 (~0%)|      54 (~0%)|    -|
    |         o VITIS_LOOP_9_1                                                |       -|   2.43|       34|    113.322|         4|        1|    32|       yes|          -|          -|             -|             -|    -|
    |        + PE_false_false_2950313                                         |      II|   0.67|       35|    116.655|         -|       32|     -|    rewind|          -|    1 (~0%)|      91 (~0%)|      58 (~0%)|    -|
    |         o VITIS_LOOP_9_1                                                |       -|   2.43|       34|    113.322|         4|        1|    32|       yes|          -|          -|             -|             -|    -|
    |        + PE_false_false_4465328                                         |      II|   0.67|       35|    116.655|         -|       32|     -|    rewind|          -|    1 (~0%)|      91 (~0%)|      58 (~0%)|    -|
    |         o VITIS_LOOP_9_1                                                |       -|   2.43|       34|    113.322|         4|        1|    32|       yes|          -|          -|             -|             -|    -|
    |        + PE_false_false_5980343                                         |      II|   0.67|       35|    116.655|         -|       32|     -|    rewind|          -|    1 (~0%)|      91 (~0%)|      58 (~0%)|    -|
    |         o VITIS_LOOP_9_1                                                |       -|   2.43|       34|    113.322|         4|        1|    32|       yes|          -|          -|             -|             -|    -|
    |        + PE_false_false_7495358                                         |      II|   0.67|       35|    116.655|         -|       32|     -|    rewind|          -|    1 (~0%)|      91 (~0%)|      58 (~0%)|    -|
    |         o VITIS_LOOP_9_1                                                |       -|   2.43|       34|    113.322|         4|        1|    32|       yes|          -|          -|             -|             -|    -|
    |        + PE_false_false_89110373                                        |      II|   0.67|       35|    116.655|         -|       32|     -|    rewind|          -|    1 (~0%)|      91 (~0%)|      58 (~0%)|    -|
    |         o VITIS_LOOP_9_1                                                |       -|   2.43|       34|    113.322|         4|        1|    32|       yes|          -|          -|             -|             -|    -|
    |        + PE_false_false_104125388                                       |      II|   0.67|       35|    116.655|         -|       32|     -|    rewind|          -|    1 (~0%)|      91 (~0%)|      58 (~0%)|    -|
    |         o VITIS_LOOP_9_1                                                |       -|   2.43|       34|    113.322|         4|        1|    32|       yes|          -|          -|             -|             -|    -|
    |        + PE_false_false_119140403                                       |      II|   0.67|       35|    116.655|         -|       32|     -|    rewind|          -|    1 (~0%)|      91 (~0%)|      58 (~0%)|    -|
    |         o VITIS_LOOP_9_1                                                |       -|   2.43|       34|    113.322|         4|        1|    32|       yes|          -|          -|             -|             -|    -|
    |        + PE_false_false_134155418                                       |      II|   0.67|       35|    116.655|         -|       32|     -|    rewind|          -|    1 (~0%)|      90 (~0%)|      56 (~0%)|    -|
    |         o VITIS_LOOP_9_1                                                |       -|   2.43|       34|    113.322|         4|        1|    32|       yes|          -|          -|             -|             -|    -|
    |        + PE_false_false_149170433                                       |      II|   0.67|       35|    116.655|         -|       32|     -|    rewind|          -|    1 (~0%)|      91 (~0%)|      58 (~0%)|    -|
    |         o VITIS_LOOP_9_1                                                |       -|   2.43|       34|    113.322|         4|        1|    32|       yes|          -|          -|             -|             -|    -|
    |        + PE_false_false_164185448                                       |      II|   0.67|       35|    116.655|         -|       32|     -|    rewind|          -|    1 (~0%)|      91 (~0%)|      58 (~0%)|    -|
    |         o VITIS_LOOP_9_1                                                |       -|   2.43|       34|    113.322|         4|        1|    32|       yes|          -|          -|             -|             -|    -|
    |        + PE_false_false_179200463                                       |      II|   0.67|       35|    116.655|         -|       32|     -|    rewind|          -|    1 (~0%)|      91 (~0%)|      58 (~0%)|    -|
    |         o VITIS_LOOP_9_1                                                |       -|   2.43|       34|    113.322|         4|        1|    32|       yes|          -|          -|             -|             -|    -|
    |        + PE_false_false_194215478                                       |      II|   0.67|       35|    116.655|         -|       32|     -|    rewind|          -|    1 (~0%)|      91 (~0%)|      58 (~0%)|    -|
    |         o VITIS_LOOP_9_1                                                |       -|   2.43|       34|    113.322|         4|        1|    32|       yes|          -|          -|             -|             -|    -|
    |        + PE_false_false_209230493                                       |      II|   0.67|       35|    116.655|         -|       32|     -|    rewind|          -|    1 (~0%)|      91 (~0%)|      58 (~0%)|    -|
    |         o VITIS_LOOP_9_1                                                |       -|   2.43|       34|    113.322|         4|        1|    32|       yes|          -|          -|             -|             -|    -|
    |        + PE_false_false_224245508                                       |      II|   0.67|       35|    116.655|         -|       32|     -|    rewind|          -|    1 (~0%)|      91 (~0%)|      58 (~0%)|    -|
    |         o VITIS_LOOP_9_1                                                |       -|   2.43|       34|    113.322|         4|        1|    32|       yes|          -|          -|             -|             -|    -|
    |        + PE_true_false_260523                                           |      II|   0.67|       35|    116.655|         -|       32|     -|    rewind|          -|    1 (~0%)|      91 (~0%)|      54 (~0%)|    -|
    |         o VITIS_LOOP_9_1                                                |       -|   2.43|       34|    113.322|         4|        1|    32|       yes|          -|          -|             -|             -|    -|
    |        + PE_false_true_3051314                                          |      II|   0.67|       35|    116.655|         -|       32|     -|    rewind|          -|    1 (~0%)|      91 (~0%)|      54 (~0%)|    -|
    |         o VITIS_LOOP_9_1                                                |       -|   2.43|       34|    113.322|         4|        1|    32|       yes|          -|          -|             -|             -|    -|
    |        + PE_false_false_4566329                                         |      II|   0.67|       35|    116.655|         -|       32|     -|    rewind|          -|    1 (~0%)|      91 (~0%)|      58 (~0%)|    -|
    |         o VITIS_LOOP_9_1                                                |       -|   2.43|       34|    113.322|         4|        1|    32|       yes|          -|          -|             -|             -|    -|
    |        + PE_false_false_6081344                                         |      II|   0.67|       35|    116.655|         -|       32|     -|    rewind|          -|    1 (~0%)|      91 (~0%)|      58 (~0%)|    -|
    |         o VITIS_LOOP_9_1                                                |       -|   2.43|       34|    113.322|         4|        1|    32|       yes|          -|          -|             -|             -|    -|
    |        + PE_false_false_7596359                                         |      II|   0.67|       35|    116.655|         -|       32|     -|    rewind|          -|    1 (~0%)|      91 (~0%)|      58 (~0%)|    -|
    |         o VITIS_LOOP_9_1                                                |       -|   2.43|       34|    113.322|         4|        1|    32|       yes|          -|          -|             -|             -|    -|
    |        + PE_false_false_90111374                                        |      II|   0.67|       35|    116.655|         -|       32|     -|    rewind|          -|    1 (~0%)|      91 (~0%)|      58 (~0%)|    -|
    |         o VITIS_LOOP_9_1                                                |       -|   2.43|       34|    113.322|         4|        1|    32|       yes|          -|          -|             -|             -|    -|
    |        + PE_false_false_105126389                                       |      II|   0.67|       35|    116.655|         -|       32|     -|    rewind|          -|    1 (~0%)|      91 (~0%)|      58 (~0%)|    -|
    |         o VITIS_LOOP_9_1                                                |       -|   2.43|       34|    113.322|         4|        1|    32|       yes|          -|          -|             -|             -|    -|
    |        + PE_false_false_120141404                                       |      II|   0.67|       35|    116.655|         -|       32|     -|    rewind|          -|    1 (~0%)|      91 (~0%)|      58 (~0%)|    -|
    |         o VITIS_LOOP_9_1                                                |       -|   2.43|       34|    113.322|         4|        1|    32|       yes|          -|          -|             -|             -|    -|
    |        + PE_false_false_135156419                                       |      II|   0.67|       35|    116.655|         -|       32|     -|    rewind|          -|    1 (~0%)|      91 (~0%)|      58 (~0%)|    -|
    |         o VITIS_LOOP_9_1                                                |       -|   2.43|       34|    113.322|         4|        1|    32|       yes|          -|          -|             -|             -|    -|
    |        + PE_false_false_150171434                                       |      II|   0.67|       35|    116.655|         -|       32|     -|    rewind|          -|    1 (~0%)|      90 (~0%)|      56 (~0%)|    -|
    |         o VITIS_LOOP_9_1                                                |       -|   2.43|       34|    113.322|         4|        1|    32|       yes|          -|          -|             -|             -|    -|
    |        + PE_false_false_165186449                                       |      II|   0.67|       35|    116.655|         -|       32|     -|    rewind|          -|    1 (~0%)|      91 (~0%)|      58 (~0%)|    -|
    |         o VITIS_LOOP_9_1                                                |       -|   2.43|       34|    113.322|         4|        1|    32|       yes|          -|          -|             -|             -|    -|
    |        + PE_false_false_180201464                                       |      II|   0.67|       35|    116.655|         -|       32|     -|    rewind|          -|    1 (~0%)|      91 (~0%)|      58 (~0%)|    -|
    |         o VITIS_LOOP_9_1                                                |       -|   2.43|       34|    113.322|         4|        1|    32|       yes|          -|          -|             -|             -|    -|
    |        + PE_false_false_195216479                                       |      II|   0.67|       35|    116.655|         -|       32|     -|    rewind|          -|    1 (~0%)|      91 (~0%)|      58 (~0%)|    -|
    |         o VITIS_LOOP_9_1                                                |       -|   2.43|       34|    113.322|         4|        1|    32|       yes|          -|          -|             -|             -|    -|
    |        + PE_false_false_210231494                                       |      II|   0.67|       35|    116.655|         -|       32|     -|    rewind|          -|    1 (~0%)|      91 (~0%)|      58 (~0%)|    -|
    |         o VITIS_LOOP_9_1                                                |       -|   2.43|       34|    113.322|         4|        1|    32|       yes|          -|          -|             -|             -|    -|
    |        + PE_false_false_225246509                                       |      II|   0.67|       35|    116.655|         -|       32|     -|    rewind|          -|    1 (~0%)|      91 (~0%)|      58 (~0%)|    -|
    |         o VITIS_LOOP_9_1                                                |       -|   2.43|       34|    113.322|         4|        1|    32|       yes|          -|          -|             -|             -|    -|
    |        + PE_true_false_239261524                                        |      II|   0.67|       35|    116.655|         -|       32|     -|    rewind|          -|    1 (~0%)|      91 (~0%)|      54 (~0%)|    -|
    |         o VITIS_LOOP_9_1                                                |       -|   2.43|       34|    113.322|         4|        1|    32|       yes|          -|          -|             -|             -|    -|
    |        + PE_false_true_4667330                                          |      II|   0.67|       35|    116.655|         -|       32|     -|    rewind|          -|    1 (~0%)|      91 (~0%)|      54 (~0%)|    -|
    |         o VITIS_LOOP_9_1                                                |       -|   2.43|       34|    113.322|         4|        1|    32|       yes|          -|          -|             -|             -|    -|
    |        + PE_false_false_6182345                                         |      II|   0.67|       35|    116.655|         -|       32|     -|    rewind|          -|    1 (~0%)|      91 (~0%)|      58 (~0%)|    -|
    |         o VITIS_LOOP_9_1                                                |       -|   2.43|       34|    113.322|         4|        1|    32|       yes|          -|          -|             -|             -|    -|
    |        + PE_false_false_7697360                                         |      II|   0.67|       35|    116.655|         -|       32|     -|    rewind|          -|    1 (~0%)|      91 (~0%)|      58 (~0%)|    -|
    |         o VITIS_LOOP_9_1                                                |       -|   2.43|       34|    113.322|         4|        1|    32|       yes|          -|          -|             -|             -|    -|
    |        + PE_false_false_91112375                                        |      II|   0.67|       35|    116.655|         -|       32|     -|    rewind|          -|    1 (~0%)|      91 (~0%)|      58 (~0%)|    -|
    |         o VITIS_LOOP_9_1                                                |       -|   2.43|       34|    113.322|         4|        1|    32|       yes|          -|          -|             -|             -|    -|
    |        + PE_false_false_106127390                                       |      II|   0.67|       35|    116.655|         -|       32|     -|    rewind|          -|    1 (~0%)|      91 (~0%)|      58 (~0%)|    -|
    |         o VITIS_LOOP_9_1                                                |       -|   2.43|       34|    113.322|         4|        1|    32|       yes|          -|          -|             -|             -|    -|
    |        + PE_false_false_121142405                                       |      II|   0.67|       35|    116.655|         -|       32|     -|    rewind|          -|    1 (~0%)|      91 (~0%)|      58 (~0%)|    -|
    |         o VITIS_LOOP_9_1                                                |       -|   2.43|       34|    113.322|         4|        1|    32|       yes|          -|          -|             -|             -|    -|
    |        + PE_false_false_136157420                                       |      II|   0.67|       35|    116.655|         -|       32|     -|    rewind|          -|    1 (~0%)|      91 (~0%)|      58 (~0%)|    -|
    |         o VITIS_LOOP_9_1                                                |       -|   2.43|       34|    113.322|         4|        1|    32|       yes|          -|          -|             -|             -|    -|
    |        + PE_false_false_151172435                                       |      II|   0.67|       35|    116.655|         -|       32|     -|    rewind|          -|    1 (~0%)|      90 (~0%)|      56 (~0%)|    -|
    |         o VITIS_LOOP_9_1                                                |       -|   2.43|       34|    113.322|         4|        1|    32|       yes|          -|          -|             -|             -|    -|
    |        + PE_false_false_166187450                                       |      II|   0.67|       35|    116.655|         -|       32|     -|    rewind|          -|    1 (~0%)|      91 (~0%)|      58 (~0%)|    -|
    |         o VITIS_LOOP_9_1                                                |       -|   2.43|       34|    113.322|         4|        1|    32|       yes|          -|          -|             -|             -|    -|
    |        + PE_false_false_181202465                                       |      II|   0.67|       35|    116.655|         -|       32|     -|    rewind|          -|    1 (~0%)|      91 (~0%)|      58 (~0%)|    -|
    |         o VITIS_LOOP_9_1                                                |       -|   2.43|       34|    113.322|         4|        1|    32|       yes|          -|          -|             -|             -|    -|
    |        + PE_false_false_196217480                                       |      II|   0.67|       35|    116.655|         -|       32|     -|    rewind|          -|    1 (~0%)|      91 (~0%)|      58 (~0%)|    -|
    |         o VITIS_LOOP_9_1                                                |       -|   2.43|       34|    113.322|         4|        1|    32|       yes|          -|          -|             -|             -|    -|
    |        + PE_false_false_211232495                                       |      II|   0.67|       35|    116.655|         -|       32|     -|    rewind|          -|    1 (~0%)|      91 (~0%)|      58 (~0%)|    -|
    |         o VITIS_LOOP_9_1                                                |       -|   2.43|       34|    113.322|         4|        1|    32|       yes|          -|          -|             -|             -|    -|
    |        + PE_false_false_226247510                                       |      II|   0.67|       35|    116.655|         -|       32|     -|    rewind|          -|    1 (~0%)|      91 (~0%)|      58 (~0%)|    -|
    |         o VITIS_LOOP_9_1                                                |       -|   2.43|       34|    113.322|         4|        1|    32|       yes|          -|          -|             -|             -|    -|
    |        + PE_true_false_240262525                                        |      II|   0.67|       35|    116.655|         -|       32|     -|    rewind|          -|    1 (~0%)|      91 (~0%)|      54 (~0%)|    -|
    |         o VITIS_LOOP_9_1                                                |       -|   2.43|       34|    113.322|         4|        1|    32|       yes|          -|          -|             -|             -|    -|
    |        + PE_false_true_6283346                                          |      II|   0.67|       35|    116.655|         -|       32|     -|    rewind|          -|    1 (~0%)|      91 (~0%)|      54 (~0%)|    -|
    |         o VITIS_LOOP_9_1                                                |       -|   2.43|       34|    113.322|         4|        1|    32|       yes|          -|          -|             -|             -|    -|
    |        + PE_false_false_7798361                                         |      II|   0.67|       35|    116.655|         -|       32|     -|    rewind|          -|    1 (~0%)|      91 (~0%)|      58 (~0%)|    -|
    |         o VITIS_LOOP_9_1                                                |       -|   2.43|       34|    113.322|         4|        1|    32|       yes|          -|          -|             -|             -|    -|
    |        + PE_false_false_92113376                                        |      II|   0.67|       35|    116.655|         -|       32|     -|    rewind|          -|    1 (~0%)|      91 (~0%)|      58 (~0%)|    -|
    |         o VITIS_LOOP_9_1                                                |       -|   2.43|       34|    113.322|         4|        1|    32|       yes|          -|          -|             -|             -|    -|
    |        + PE_false_false_107128391                                       |      II|   0.67|       35|    116.655|         -|       32|     -|    rewind|          -|    1 (~0%)|      91 (~0%)|      58 (~0%)|    -|
    |         o VITIS_LOOP_9_1                                                |       -|   2.43|       34|    113.322|         4|        1|    32|       yes|          -|          -|             -|             -|    -|
    |        + PE_false_false_122143406                                       |      II|   0.67|       35|    116.655|         -|       32|     -|    rewind|          -|    1 (~0%)|      91 (~0%)|      58 (~0%)|    -|
    |         o VITIS_LOOP_9_1                                                |       -|   2.43|       34|    113.322|         4|        1|    32|       yes|          -|          -|             -|             -|    -|
    |        + PE_false_false_137158421                                       |      II|   0.67|       35|    116.655|         -|       32|     -|    rewind|          -|    1 (~0%)|      91 (~0%)|      58 (~0%)|    -|
    |         o VITIS_LOOP_9_1                                                |       -|   2.43|       34|    113.322|         4|        1|    32|       yes|          -|          -|             -|             -|    -|
    |        + PE_false_false_152173436                                       |      II|   0.67|       35|    116.655|         -|       32|     -|    rewind|          -|    1 (~0%)|      91 (~0%)|      58 (~0%)|    -|
    |         o VITIS_LOOP_9_1                                                |       -|   2.43|       34|    113.322|         4|        1|    32|       yes|          -|          -|             -|             -|    -|
    |        + PE_false_false_167188451                                       |      II|   0.67|       35|    116.655|         -|       32|     -|    rewind|          -|    1 (~0%)|      90 (~0%)|      56 (~0%)|    -|
    |         o VITIS_LOOP_9_1                                                |       -|   2.43|       34|    113.322|         4|        1|    32|       yes|          -|          -|             -|             -|    -|
    |        + PE_false_false_182203466                                       |      II|   0.67|       35|    116.655|         -|       32|     -|    rewind|          -|    1 (~0%)|      91 (~0%)|      58 (~0%)|    -|
    |         o VITIS_LOOP_9_1                                                |       -|   2.43|       34|    113.322|         4|        1|    32|       yes|          -|          -|             -|             -|    -|
    |        + PE_false_false_197218481                                       |      II|   0.67|       35|    116.655|         -|       32|     -|    rewind|          -|    1 (~0%)|      91 (~0%)|      58 (~0%)|    -|
    |         o VITIS_LOOP_9_1                                                |       -|   2.43|       34|    113.322|         4|        1|    32|       yes|          -|          -|             -|             -|    -|
    |        + PE_false_false_212233496                                       |      II|   0.67|       35|    116.655|         -|       32|     -|    rewind|          -|    1 (~0%)|      91 (~0%)|      58 (~0%)|    -|
    |         o VITIS_LOOP_9_1                                                |       -|   2.43|       34|    113.322|         4|        1|    32|       yes|          -|          -|             -|             -|    -|
    |        + PE_false_false_227248511                                       |      II|   0.67|       35|    116.655|         -|       32|     -|    rewind|          -|    1 (~0%)|      91 (~0%)|      58 (~0%)|    -|
    |         o VITIS_LOOP_9_1                                                |       -|   2.43|       34|    113.322|         4|        1|    32|       yes|          -|          -|             -|             -|    -|
    |        + PE_true_false_241263526                                        |      II|   0.67|       35|    116.655|         -|       32|     -|    rewind|          -|    1 (~0%)|      91 (~0%)|      54 (~0%)|    -|
    |         o VITIS_LOOP_9_1                                                |       -|   2.43|       34|    113.322|         4|        1|    32|       yes|          -|          -|             -|             -|    -|
    |        + PE_false_true_7899362                                          |      II|   0.67|       35|    116.655|         -|       32|     -|    rewind|          -|    1 (~0%)|      91 (~0%)|      54 (~0%)|    -|
    |         o VITIS_LOOP_9_1                                                |       -|   2.43|       34|    113.322|         4|        1|    32|       yes|          -|          -|             -|             -|    -|
    |        + PE_false_false_93114377                                        |      II|   0.67|       35|    116.655|         -|       32|     -|    rewind|          -|    1 (~0%)|      91 (~0%)|      58 (~0%)|    -|
    |         o VITIS_LOOP_9_1                                                |       -|   2.43|       34|    113.322|         4|        1|    32|       yes|          -|          -|             -|             -|    -|
    |        + PE_false_false_108129392                                       |      II|   0.67|       35|    116.655|         -|       32|     -|    rewind|          -|    1 (~0%)|      91 (~0%)|      58 (~0%)|    -|
    |         o VITIS_LOOP_9_1                                                |       -|   2.43|       34|    113.322|         4|        1|    32|       yes|          -|          -|             -|             -|    -|
    |        + PE_false_false_123144407                                       |      II|   0.67|       35|    116.655|         -|       32|     -|    rewind|          -|    1 (~0%)|      91 (~0%)|      58 (~0%)|    -|
    |         o VITIS_LOOP_9_1                                                |       -|   2.43|       34|    113.322|         4|        1|    32|       yes|          -|          -|             -|             -|    -|
    |        + PE_false_false_138159422                                       |      II|   0.67|       35|    116.655|         -|       32|     -|    rewind|          -|    1 (~0%)|      91 (~0%)|      58 (~0%)|    -|
    |         o VITIS_LOOP_9_1                                                |       -|   2.43|       34|    113.322|         4|        1|    32|       yes|          -|          -|             -|             -|    -|
    |        + PE_false_false_153174437                                       |      II|   0.67|       35|    116.655|         -|       32|     -|    rewind|          -|    1 (~0%)|      91 (~0%)|      58 (~0%)|    -|
    |         o VITIS_LOOP_9_1                                                |       -|   2.43|       34|    113.322|         4|        1|    32|       yes|          -|          -|             -|             -|    -|
    |        + PE_false_false_168189452                                       |      II|   0.67|       35|    116.655|         -|       32|     -|    rewind|          -|    1 (~0%)|      90 (~0%)|      56 (~0%)|    -|
    |         o VITIS_LOOP_9_1                                                |       -|   2.43|       34|    113.322|         4|        1|    32|       yes|          -|          -|             -|             -|    -|
    |        + PE_false_false_183204467                                       |      II|   0.67|       35|    116.655|         -|       32|     -|    rewind|          -|    1 (~0%)|      91 (~0%)|      58 (~0%)|    -|
    |         o VITIS_LOOP_9_1                                                |       -|   2.43|       34|    113.322|         4|        1|    32|       yes|          -|          -|             -|             -|    -|
    |        + PE_false_false_198219482                                       |      II|   0.67|       35|    116.655|         -|       32|     -|    rewind|          -|    1 (~0%)|      91 (~0%)|      58 (~0%)|    -|
    |         o VITIS_LOOP_9_1                                                |       -|   2.43|       34|    113.322|         4|        1|    32|       yes|          -|          -|             -|             -|    -|
    |        + PE_false_false_213234497                                       |      II|   0.67|       35|    116.655|         -|       32|     -|    rewind|          -|    1 (~0%)|      91 (~0%)|      58 (~0%)|    -|
    |         o VITIS_LOOP_9_1                                                |       -|   2.43|       34|    113.322|         4|        1|    32|       yes|          -|          -|             -|             -|    -|
    |        + PE_false_false_228249512                                       |      II|   0.67|       35|    116.655|         -|       32|     -|    rewind|          -|    1 (~0%)|      91 (~0%)|      58 (~0%)|    -|
    |         o VITIS_LOOP_9_1                                                |       -|   2.43|       34|    113.322|         4|        1|    32|       yes|          -|          -|             -|             -|    -|
    |        + PE_true_false_242264527                                        |      II|   0.67|       35|    116.655|         -|       32|     -|    rewind|          -|    1 (~0%)|      91 (~0%)|      54 (~0%)|    -|
    |         o VITIS_LOOP_9_1                                                |       -|   2.43|       34|    113.322|         4|        1|    32|       yes|          -|          -|             -|             -|    -|
    |        + PE_false_true_94115378                                         |      II|   0.67|       35|    116.655|         -|       32|     -|    rewind|          -|    1 (~0%)|      91 (~0%)|      54 (~0%)|    -|
    |         o VITIS_LOOP_9_1                                                |       -|   2.43|       34|    113.322|         4|        1|    32|       yes|          -|          -|             -|             -|    -|
    |        + PE_false_false_109130393                                       |      II|   0.67|       35|    116.655|         -|       32|     -|    rewind|          -|    1 (~0%)|      91 (~0%)|      58 (~0%)|    -|
    |         o VITIS_LOOP_9_1                                                |       -|   2.43|       34|    113.322|         4|        1|    32|       yes|          -|          -|             -|             -|    -|
    |        + PE_false_false_124145408                                       |      II|   0.67|       35|    116.655|         -|       32|     -|    rewind|          -|    1 (~0%)|      91 (~0%)|      58 (~0%)|    -|
    |         o VITIS_LOOP_9_1                                                |       -|   2.43|       34|    113.322|         4|        1|    32|       yes|          -|          -|             -|             -|    -|
    |        + PE_false_false_139160423                                       |      II|   0.67|       35|    116.655|         -|       32|     -|    rewind|          -|    1 (~0%)|      91 (~0%)|      58 (~0%)|    -|
    |         o VITIS_LOOP_9_1                                                |       -|   2.43|       34|    113.322|         4|        1|    32|       yes|          -|          -|             -|             -|    -|
    |        + PE_false_false_154175438                                       |      II|   0.67|       35|    116.655|         -|       32|     -|    rewind|          -|    1 (~0%)|      91 (~0%)|      58 (~0%)|    -|
    |         o VITIS_LOOP_9_1                                                |       -|   2.43|       34|    113.322|         4|        1|    32|       yes|          -|          -|             -|             -|    -|
    |        + PE_false_false_169190453                                       |      II|   0.67|       35|    116.655|         -|       32|     -|    rewind|          -|    1 (~0%)|      91 (~0%)|      58 (~0%)|    -|
    |         o VITIS_LOOP_9_1                                                |       -|   2.43|       34|    113.322|         4|        1|    32|       yes|          -|          -|             -|             -|    -|
    |        + PE_false_false_184205468                                       |      II|   0.67|       35|    116.655|         -|       32|     -|    rewind|          -|    1 (~0%)|      90 (~0%)|      56 (~0%)|    -|
    |         o VITIS_LOOP_9_1                                                |       -|   2.43|       34|    113.322|         4|        1|    32|       yes|          -|          -|             -|             -|    -|
    |        + PE_false_false_199220483                                       |      II|   0.67|       35|    116.655|         -|       32|     -|    rewind|          -|    1 (~0%)|      91 (~0%)|      58 (~0%)|    -|
    |         o VITIS_LOOP_9_1                                                |       -|   2.43|       34|    113.322|         4|        1|    32|       yes|          -|          -|             -|             -|    -|
    |        + PE_false_false_214235498                                       |      II|   0.67|       35|    116.655|         -|       32|     -|    rewind|          -|    1 (~0%)|      91 (~0%)|      58 (~0%)|    -|
    |         o VITIS_LOOP_9_1                                                |       -|   2.43|       34|    113.322|         4|        1|    32|       yes|          -|          -|             -|             -|    -|
    |        + PE_false_false_229250513                                       |      II|   0.67|       35|    116.655|         -|       32|     -|    rewind|          -|    1 (~0%)|      91 (~0%)|      58 (~0%)|    -|
    |         o VITIS_LOOP_9_1                                                |       -|   2.43|       34|    113.322|         4|        1|    32|       yes|          -|          -|             -|             -|    -|
    |        + PE_true_false_243265528                                        |      II|   0.67|       35|    116.655|         -|       32|     -|    rewind|          -|    1 (~0%)|      91 (~0%)|      54 (~0%)|    -|
    |         o VITIS_LOOP_9_1                                                |       -|   2.43|       34|    113.322|         4|        1|    32|       yes|          -|          -|             -|             -|    -|
    |        + PE_false_true_110131394                                        |      II|   0.67|       35|    116.655|         -|       32|     -|    rewind|          -|    1 (~0%)|      91 (~0%)|      54 (~0%)|    -|
    |         o VITIS_LOOP_9_1                                                |       -|   2.43|       34|    113.322|         4|        1|    32|       yes|          -|          -|             -|             -|    -|
    |        + PE_false_false_125146409                                       |      II|   0.67|       35|    116.655|         -|       32|     -|    rewind|          -|    1 (~0%)|      91 (~0%)|      58 (~0%)|    -|
    |         o VITIS_LOOP_9_1                                                |       -|   2.43|       34|    113.322|         4|        1|    32|       yes|          -|          -|             -|             -|    -|
    |        + PE_false_false_140161424                                       |      II|   0.67|       35|    116.655|         -|       32|     -|    rewind|          -|    1 (~0%)|      91 (~0%)|      58 (~0%)|    -|
    |         o VITIS_LOOP_9_1                                                |       -|   2.43|       34|    113.322|         4|        1|    32|       yes|          -|          -|             -|             -|    -|
    |        + PE_false_false_155176439                                       |      II|   0.67|       35|    116.655|         -|       32|     -|    rewind|          -|    1 (~0%)|      91 (~0%)|      58 (~0%)|    -|
    |         o VITIS_LOOP_9_1                                                |       -|   2.43|       34|    113.322|         4|        1|    32|       yes|          -|          -|             -|             -|    -|
    |        + PE_false_false_170191454                                       |      II|   0.67|       35|    116.655|         -|       32|     -|    rewind|          -|    1 (~0%)|      91 (~0%)|      58 (~0%)|    -|
    |         o VITIS_LOOP_9_1                                                |       -|   2.43|       34|    113.322|         4|        1|    32|       yes|          -|          -|             -|             -|    -|
    |        + PE_false_false_185206469                                       |      II|   0.67|       35|    116.655|         -|       32|     -|    rewind|          -|    1 (~0%)|      90 (~0%)|      56 (~0%)|    -|
    |         o VITIS_LOOP_9_1                                                |       -|   2.43|       34|    113.322|         4|        1|    32|       yes|          -|          -|             -|             -|    -|
    |        + PE_false_false_200221484                                       |      II|   0.67|       35|    116.655|         -|       32|     -|    rewind|          -|    1 (~0%)|      91 (~0%)|      58 (~0%)|    -|
    |         o VITIS_LOOP_9_1                                                |       -|   2.43|       34|    113.322|         4|        1|    32|       yes|          -|          -|             -|             -|    -|
    |        + PE_false_false_215236499                                       |      II|   0.67|       35|    116.655|         -|       32|     -|    rewind|          -|    1 (~0%)|      91 (~0%)|      58 (~0%)|    -|
    |         o VITIS_LOOP_9_1                                                |       -|   2.43|       34|    113.322|         4|        1|    32|       yes|          -|          -|             -|             -|    -|
    |        + PE_false_false_230251514                                       |      II|   0.67|       35|    116.655|         -|       32|     -|    rewind|          -|    1 (~0%)|      91 (~0%)|      58 (~0%)|    -|
    |         o VITIS_LOOP_9_1                                                |       -|   2.43|       34|    113.322|         4|        1|    32|       yes|          -|          -|             -|             -|    -|
    |        + PE_true_false_244266529                                        |      II|   0.67|       35|    116.655|         -|       32|     -|    rewind|          -|    1 (~0%)|      91 (~0%)|      54 (~0%)|    -|
    |         o VITIS_LOOP_9_1                                                |       -|   2.43|       34|    113.322|         4|        1|    32|       yes|          -|          -|             -|             -|    -|
    |        + PE_false_true_126147410                                        |      II|   0.67|       35|    116.655|         -|       32|     -|    rewind|          -|    1 (~0%)|      91 (~0%)|      54 (~0%)|    -|
    |         o VITIS_LOOP_9_1                                                |       -|   2.43|       34|    113.322|         4|        1|    32|       yes|          -|          -|             -|             -|    -|
    |        + PE_false_false_141162425                                       |      II|   0.67|       35|    116.655|         -|       32|     -|    rewind|          -|    1 (~0%)|      91 (~0%)|      58 (~0%)|    -|
    |         o VITIS_LOOP_9_1                                                |       -|   2.43|       34|    113.322|         4|        1|    32|       yes|          -|          -|             -|             -|    -|
    |        + PE_false_false_156177440                                       |      II|   0.67|       35|    116.655|         -|       32|     -|    rewind|          -|    1 (~0%)|      91 (~0%)|      58 (~0%)|    -|
    |         o VITIS_LOOP_9_1                                                |       -|   2.43|       34|    113.322|         4|        1|    32|       yes|          -|          -|             -|             -|    -|
    |        + PE_false_false_171192455                                       |      II|   0.67|       35|    116.655|         -|       32|     -|    rewind|          -|    1 (~0%)|      91 (~0%)|      58 (~0%)|    -|
    |         o VITIS_LOOP_9_1                                                |       -|   2.43|       34|    113.322|         4|        1|    32|       yes|          -|          -|             -|             -|    -|
    |        + PE_false_false_186207470                                       |      II|   0.67|       35|    116.655|         -|       32|     -|    rewind|          -|    1 (~0%)|      91 (~0%)|      58 (~0%)|    -|
    |         o VITIS_LOOP_9_1                                                |       -|   2.43|       34|    113.322|         4|        1|    32|       yes|          -|          -|             -|             -|    -|
    |        + PE_false_false_201222485                                       |      II|   0.67|       35|    116.655|         -|       32|     -|    rewind|          -|    1 (~0%)|      90 (~0%)|      56 (~0%)|    -|
    |         o VITIS_LOOP_9_1                                                |       -|   2.43|       34|    113.322|         4|        1|    32|       yes|          -|          -|             -|             -|    -|
    |        + PE_false_false_216237500                                       |      II|   0.67|       35|    116.655|         -|       32|     -|    rewind|          -|    1 (~0%)|      91 (~0%)|      58 (~0%)|    -|
    |         o VITIS_LOOP_9_1                                                |       -|   2.43|       34|    113.322|         4|        1|    32|       yes|          -|          -|             -|             -|    -|
    |        + PE_false_false_231252515                                       |      II|   0.67|       35|    116.655|         -|       32|     -|    rewind|          -|    1 (~0%)|      91 (~0%)|      58 (~0%)|    -|
    |         o VITIS_LOOP_9_1                                                |       -|   2.43|       34|    113.322|         4|        1|    32|       yes|          -|          -|             -|             -|    -|
    |        + PE_true_false_245267530                                        |      II|   0.67|       35|    116.655|         -|       32|     -|    rewind|          -|    1 (~0%)|      91 (~0%)|      54 (~0%)|    -|
    |         o VITIS_LOOP_9_1                                                |       -|   2.43|       34|    113.322|         4|        1|    32|       yes|          -|          -|             -|             -|    -|
    |        + PE_false_true_142163426                                        |      II|   0.67|       35|    116.655|         -|       32|     -|    rewind|          -|    1 (~0%)|      91 (~0%)|      54 (~0%)|    -|
    |         o VITIS_LOOP_9_1                                                |       -|   2.43|       34|    113.322|         4|        1|    32|       yes|          -|          -|             -|             -|    -|
    |        + PE_false_false_157178441                                       |      II|   0.67|       35|    116.655|         -|       32|     -|    rewind|          -|    1 (~0%)|      91 (~0%)|      58 (~0%)|    -|
    |         o VITIS_LOOP_9_1                                                |       -|   2.43|       34|    113.322|         4|        1|    32|       yes|          -|          -|             -|             -|    -|
    |        + PE_false_false_172193456                                       |      II|   0.67|       35|    116.655|         -|       32|     -|    rewind|          -|    1 (~0%)|      91 (~0%)|      58 (~0%)|    -|
    |         o VITIS_LOOP_9_1                                                |       -|   2.43|       34|    113.322|         4|        1|    32|       yes|          -|          -|             -|             -|    -|
    |        + PE_false_false_187208471                                       |      II|   0.67|       35|    116.655|         -|       32|     -|    rewind|          -|    1 (~0%)|      91 (~0%)|      58 (~0%)|    -|
    |         o VITIS_LOOP_9_1                                                |       -|   2.43|       34|    113.322|         4|        1|    32|       yes|          -|          -|             -|             -|    -|
    |        + PE_false_false_202223486                                       |      II|   0.67|       35|    116.655|         -|       32|     -|    rewind|          -|    1 (~0%)|      90 (~0%)|      56 (~0%)|    -|
    |         o VITIS_LOOP_9_1                                                |       -|   2.43|       34|    113.322|         4|        1|    32|       yes|          -|          -|             -|             -|    -|
    |        + PE_false_false_217238501                                       |      II|   0.67|       35|    116.655|         -|       32|     -|    rewind|          -|    1 (~0%)|      91 (~0%)|      58 (~0%)|    -|
    |         o VITIS_LOOP_9_1                                                |       -|   2.43|       34|    113.322|         4|        1|    32|       yes|          -|          -|             -|             -|    -|
    |        + PE_false_false_232253516                                       |      II|   0.67|       35|    116.655|         -|       32|     -|    rewind|          -|    1 (~0%)|      91 (~0%)|      58 (~0%)|    -|
    |         o VITIS_LOOP_9_1                                                |       -|   2.43|       34|    113.322|         4|        1|    32|       yes|          -|          -|             -|             -|    -|
    |        + PE_true_false_246268531                                        |      II|   0.67|       35|    116.655|         -|       32|     -|    rewind|          -|    1 (~0%)|      91 (~0%)|      54 (~0%)|    -|
    |         o VITIS_LOOP_9_1                                                |       -|   2.43|       34|    113.322|         4|        1|    32|       yes|          -|          -|             -|             -|    -|
    |        + PE_false_true_158179442                                        |      II|   0.67|       35|    116.655|         -|       32|     -|    rewind|          -|    1 (~0%)|      91 (~0%)|      54 (~0%)|    -|
    |         o VITIS_LOOP_9_1                                                |       -|   2.43|       34|    113.322|         4|        1|    32|       yes|          -|          -|             -|             -|    -|
    |        + PE_false_false_173194457                                       |      II|   0.67|       35|    116.655|         -|       32|     -|    rewind|          -|    1 (~0%)|      91 (~0%)|      58 (~0%)|    -|
    |         o VITIS_LOOP_9_1                                                |       -|   2.43|       34|    113.322|         4|        1|    32|       yes|          -|          -|             -|             -|    -|
    |        + PE_false_false_188209472                                       |      II|   0.67|       35|    116.655|         -|       32|     -|    rewind|          -|    1 (~0%)|      91 (~0%)|      58 (~0%)|    -|
    |         o VITIS_LOOP_9_1                                                |       -|   2.43|       34|    113.322|         4|        1|    32|       yes|          -|          -|             -|             -|    -|
    |        + PE_false_false_203224487                                       |      II|   0.67|       35|    116.655|         -|       32|     -|    rewind|          -|    1 (~0%)|      91 (~0%)|      58 (~0%)|    -|
    |         o VITIS_LOOP_9_1                                                |       -|   2.43|       34|    113.322|         4|        1|    32|       yes|          -|          -|             -|             -|    -|
    |        + PE_false_false_218239502                                       |      II|   0.67|       35|    116.655|         -|       32|     -|    rewind|          -|    1 (~0%)|      90 (~0%)|      56 (~0%)|    -|
    |         o VITIS_LOOP_9_1                                                |       -|   2.43|       34|    113.322|         4|        1|    32|       yes|          -|          -|             -|             -|    -|
    |        + PE_false_false_233254517                                       |      II|   0.67|       35|    116.655|         -|       32|     -|    rewind|          -|    1 (~0%)|      91 (~0%)|      58 (~0%)|    -|
    |         o VITIS_LOOP_9_1                                                |       -|   2.43|       34|    113.322|         4|        1|    32|       yes|          -|          -|             -|             -|    -|
    |        + PE_true_false_247269532                                        |      II|   0.67|       35|    116.655|         -|       32|     -|    rewind|          -|    1 (~0%)|      91 (~0%)|      54 (~0%)|    -|
    |         o VITIS_LOOP_9_1                                                |       -|   2.43|       34|    113.322|         4|        1|    32|       yes|          -|          -|             -|             -|    -|
    |        + PE_false_true_174195458                                        |      II|   0.67|       35|    116.655|         -|       32|     -|    rewind|          -|    1 (~0%)|      91 (~0%)|      54 (~0%)|    -|
    |         o VITIS_LOOP_9_1                                                |       -|   2.43|       34|    113.322|         4|        1|    32|       yes|          -|          -|             -|             -|    -|
    |        + PE_false_false_189210473                                       |      II|   0.67|       35|    116.655|         -|       32|     -|    rewind|          -|    1 (~0%)|      91 (~0%)|      58 (~0%)|    -|
    |         o VITIS_LOOP_9_1                                                |       -|   2.43|       34|    113.322|         4|        1|    32|       yes|          -|          -|             -|             -|    -|
    |        + PE_false_false_204225488                                       |      II|   0.67|       35|    116.655|         -|       32|     -|    rewind|          -|    1 (~0%)|      91 (~0%)|      58 (~0%)|    -|
    |         o VITIS_LOOP_9_1                                                |       -|   2.43|       34|    113.322|         4|        1|    32|       yes|          -|          -|             -|             -|    -|
    |        + PE_false_false_219240503                                       |      II|   0.67|       35|    116.655|         -|       32|     -|    rewind|          -|    1 (~0%)|      90 (~0%)|      56 (~0%)|    -|
    |         o VITIS_LOOP_9_1                                                |       -|   2.43|       34|    113.322|         4|        1|    32|       yes|          -|          -|             -|             -|    -|
    |        + PE_false_false_234255518                                       |      II|   0.67|       35|    116.655|         -|       32|     -|    rewind|          -|    1 (~0%)|      91 (~0%)|      58 (~0%)|    -|
    |         o VITIS_LOOP_9_1                                                |       -|   2.43|       34|    113.322|         4|        1|    32|       yes|          -|          -|             -|             -|    -|
    |        + PE_true_false_248270533                                        |      II|   0.67|       35|    116.655|         -|       32|     -|    rewind|          -|    1 (~0%)|      91 (~0%)|      54 (~0%)|    -|
    |         o VITIS_LOOP_9_1                                                |       -|   2.43|       34|    113.322|         4|        1|    32|       yes|          -|          -|             -|             -|    -|
    |        + PE_false_true_190211474                                        |      II|   0.67|       35|    116.655|         -|       32|     -|    rewind|          -|    1 (~0%)|      91 (~0%)|      54 (~0%)|    -|
    |         o VITIS_LOOP_9_1                                                |       -|   2.43|       34|    113.322|         4|        1|    32|       yes|          -|          -|             -|             -|    -|
    |        + PE_false_false_205226489                                       |      II|   0.67|       35|    116.655|         -|       32|     -|    rewind|          -|    1 (~0%)|      91 (~0%)|      58 (~0%)|    -|
    |         o VITIS_LOOP_9_1                                                |       -|   2.43|       34|    113.322|         4|        1|    32|       yes|          -|          -|             -|             -|    -|
    |        + PE_false_false_220241504                                       |      II|   0.67|       35|    116.655|         -|       32|     -|    rewind|          -|    1 (~0%)|      91 (~0%)|      58 (~0%)|    -|
    |         o VITIS_LOOP_9_1                                                |       -|   2.43|       34|    113.322|         4|        1|    32|       yes|          -|          -|             -|             -|    -|
    |        + PE_false_false_235256519                                       |      II|   0.67|       35|    116.655|         -|       32|     -|    rewind|          -|    1 (~0%)|      90 (~0%)|      56 (~0%)|    -|
    |         o VITIS_LOOP_9_1                                                |       -|   2.43|       34|    113.322|         4|        1|    32|       yes|          -|          -|             -|             -|    -|
    |        + PE_true_false_249271534                                        |      II|   0.67|       35|    116.655|         -|       32|     -|    rewind|          -|    1 (~0%)|      91 (~0%)|      54 (~0%)|    -|
    |         o VITIS_LOOP_9_1                                                |       -|   2.43|       34|    113.322|         4|        1|    32|       yes|          -|          -|             -|             -|    -|
    |        + PE_false_true_206227490                                        |      II|   0.67|       35|    116.655|         -|       32|     -|    rewind|          -|    1 (~0%)|      91 (~0%)|      54 (~0%)|    -|
    |         o VITIS_LOOP_9_1                                                |       -|   2.43|       34|    113.322|         4|        1|    32|       yes|          -|          -|             -|             -|    -|
    |        + PE_false_false_221242505                                       |      II|   0.67|       35|    116.655|         -|       32|     -|    rewind|          -|    1 (~0%)|      91 (~0%)|      58 (~0%)|    -|
    |         o VITIS_LOOP_9_1                                                |       -|   2.43|       34|    113.322|         4|        1|    32|       yes|          -|          -|             -|             -|    -|
    |        + PE_false_false_236257520                                       |      II|   0.67|       35|    116.655|         -|       32|     -|    rewind|          -|    1 (~0%)|      90 (~0%)|      56 (~0%)|    -|
    |         o VITIS_LOOP_9_1                                                |       -|   2.43|       34|    113.322|         4|        1|    32|       yes|          -|          -|             -|             -|    -|
    |        + PE_true_false_250272535                                        |      II|   0.67|       35|    116.655|         -|       32|     -|    rewind|          -|    1 (~0%)|      91 (~0%)|      54 (~0%)|    -|
    |         o VITIS_LOOP_9_1                                                |       -|   2.43|       34|    113.322|         4|        1|    32|       yes|          -|          -|             -|             -|    -|
    |        + PE_false_true_222243506                                        |      II|   0.67|       35|    116.655|         -|       32|     -|    rewind|          -|    1 (~0%)|      91 (~0%)|      54 (~0%)|    -|
    |         o VITIS_LOOP_9_1                                                |       -|   2.43|       34|    113.322|         4|        1|    32|       yes|          -|          -|             -|             -|    -|
    |        + PE_false_false_237258521                                       |      II|   0.67|       35|    116.655|         -|       32|     -|    rewind|          -|    1 (~0%)|      91 (~0%)|      58 (~0%)|    -|
    |         o VITIS_LOOP_9_1                                                |       -|   2.43|       34|    113.322|         4|        1|    32|       yes|          -|          -|             -|             -|    -|
    |        + PE_true_false_251273536                                        |      II|   0.67|       35|    116.655|         -|       32|     -|    rewind|          -|    1 (~0%)|      90 (~0%)|      52 (~0%)|    -|
    |         o VITIS_LOOP_9_1                                                |       -|   2.43|       34|    113.322|         4|        1|    32|       yes|          -|          -|             -|             -|    -|
    |        + PE_false_true_238259522                                        |      II|   0.67|       35|    116.655|         -|       32|     -|    rewind|          -|    1 (~0%)|      91 (~0%)|      54 (~0%)|    -|
    |         o VITIS_LOOP_9_1                                                |       -|   2.43|       34|    113.322|         4|        1|    32|       yes|          -|          -|             -|             -|    -|
    |        + PE_true_false_252274537                                        |      II|   0.67|       35|    116.655|         -|       32|     -|    rewind|          -|    1 (~0%)|      90 (~0%)|      52 (~0%)|    -|
    |         o VITIS_LOOP_9_1                                                |       -|   2.43|       34|    113.322|         4|        1|    32|       yes|          -|          -|             -|             -|    -|
    |        + PE_true_true_275538                                            |      II|   0.67|       35|    116.655|         -|       32|     -|    rewind|          -|    1 (~0%)|      90 (~0%)|      50 (~0%)|    -|
    |         o VITIS_LOOP_9_1                                                |       -|   2.43|       34|    113.322|         4|        1|    32|       yes|          -|          -|             -|             -|    -|
    |        + dataflow_in_loop_tile_loop_A_Block_newFuncRoot1325_proc276539  |       -|   0.02|       20|     66.660|         -|       20|     -|        no|          -|          -|    1049 (~0%)|    7033 (~0%)|    -|
    |         + stream_to_C_Vec                                               |       -|   0.02|       19|     63.327|         -|       19|     -|        no|          -|          -|    1039 (~0%)|    6211 (~0%)|    -|
    |          o VITIS_LOOP_5_1                                               |       -|   2.43|       17|     56.661|         3|        1|    16|       yes|          -|          -|             -|             -|    -|
    | + storeOutputToDRAM                                                     |  Timing|  -0.00|     1095|  3.650e+03|         -|     1095|     -|        no|          -|          -|    39474 (2%)|    4185 (~0%)|    -|
    |  o VITIS_LOOP_74_1_VITIS_LOOP_75_2                                      |       -|   2.43|     1093|  3.643e+03|        78|        8|   128|       yes|          -|          -|             -|             -|    -|
    +-------------------------------------------------------------------------+--------+-------+---------+-----------+----------+---------+------+----------+-----------+-----------+--------------+--------------+-----+


================================================================
== HW Interfaces
================================================================
* M_AXI
+-------------+------------+---------------+---------+--------+----------+-----------+--------------+--------------+-------------+-------------+-------------------+
| Interface   | Data Width | Address Width | Latency | Offset | Register | Max Widen | Max Read     | Max Write    | Num Read    | Num Write   | Resource Estimate |
|             | (SW->HW)   |               |         |        |          | Bitwidth  | Burst Length | Burst Length | Outstanding | Outstanding |                   |
+-------------+------------+---------------+---------+--------+----------+-----------+--------------+--------------+-------------+-------------+-------------------+
| m_axi_gmem0 | 512 -> 512 | 64            | 64      | slave  | 0        | 512       | 128          | 16           | 16          | 16          | BRAM=72           |
| m_axi_gmem1 | 512 -> 512 | 64            | 64      | slave  | 0        | 512       | 128          | 16           | 16          | 16          | BRAM=72           |
| m_axi_gmem2 | 512 -> 512 | 64            | 64      | slave  | 0        | 512       | 16           | 128          | 16          | 16          | BRAM=72           |
+-------------+------------+---------------+---------+--------+----------+-----------+--------------+--------------+-------------+-------------+-------------------+

* S_AXILITE Interfaces
+---------------+------------+---------------+--------+----------+
| Interface     | Data Width | Address Width | Offset | Register |
+---------------+------------+---------------+--------+----------+
| s_axi_control | 32         | 6             | 16     | 0        |
+---------------+------------+---------------+--------+----------+

* S_AXILITE Registers
+---------------+----------+--------+-------+--------+----------------------------------+------------------------------------------------------------------------------------+
| Interface     | Register | Offset | Width | Access | Description                      | Bit Fields                                                                         |
+---------------+----------+--------+-------+--------+----------------------------------+------------------------------------------------------------------------------------+
| s_axi_control | CTRL     | 0x00   | 32    | RW     | Control signals                  | 0=AP_START 1=AP_DONE 2=AP_IDLE 3=AP_READY 4=AP_CONTINUE 7=AUTO_RESTART 9=INTERRUPT |
| s_axi_control | GIER     | 0x04   | 32    | RW     | Global Interrupt Enable Register | 0=Enable                                                                           |
| s_axi_control | IP_IER   | 0x08   | 32    | RW     | IP Interrupt Enable Register     | 0=CHAN0_INT_EN 1=CHAN1_INT_EN                                                      |
| s_axi_control | IP_ISR   | 0x0c   | 32    | RW     | IP Interrupt Status Register     | 0=CHAN0_INT_ST 1=CHAN1_INT_ST                                                      |
| s_axi_control | A_DRAM_1 | 0x10   | 32    | W      | Data signal of A_DRAM            |                                                                                    |
| s_axi_control | A_DRAM_2 | 0x14   | 32    | W      | Data signal of A_DRAM            |                                                                                    |
| s_axi_control | B_DRAM_1 | 0x1c   | 32    | W      | Data signal of B_DRAM            |                                                                                    |
| s_axi_control | B_DRAM_2 | 0x20   | 32    | W      | Data signal of B_DRAM            |                                                                                    |
| s_axi_control | C_DRAM_1 | 0x28   | 32    | W      | Data signal of C_DRAM            |                                                                                    |
| s_axi_control | C_DRAM_2 | 0x2c   | 32    | W      | Data signal of C_DRAM            |                                                                                    |
+---------------+----------+--------+-------+--------+----------------------------------+------------------------------------------------------------------------------------+

* TOP LEVEL CONTROL
+-----------+---------------+-----------+
| Interface | Type          | Ports     |
+-----------+---------------+-----------+
| ap_clk    | clock         | ap_clk    |
| ap_rst_n  | reset         | ap_rst_n  |
| interrupt | interrupt     | interrupt |
| ap_ctrl   | ap_ctrl_chain |           |
+-----------+---------------+-----------+


================================================================
== SW I/O Information
================================================================
* Top Function Arguments
+----------+-----------+--------------------------------------------+
| Argument | Direction | Datatype                                   |
+----------+-----------+--------------------------------------------+
| A_DRAM   | in        | burst_maxi<hls::vector<float, 16> > const  |
| B_DRAM   | in        | burst_maxi<hls::vector<float, 16> > const  |
| C_DRAM   | out       | burst_maxi<hls::vector<float, 16> >        |
+----------+-----------+--------------------------------------------+

* SW-to-HW Mapping
+----------+---------------+-----------+----------+------------------------------------+
| Argument | HW Interface  | HW Type   | HW Usage | HW Info                            |
+----------+---------------+-----------+----------+------------------------------------+
| A_DRAM   | m_axi_gmem0   | interface |          |                                    |
| A_DRAM   | s_axi_control | register  | offset   | name=A_DRAM_1 offset=0x10 range=32 |
| A_DRAM   | s_axi_control | register  | offset   | name=A_DRAM_2 offset=0x14 range=32 |
| B_DRAM   | m_axi_gmem1   | interface |          |                                    |
| B_DRAM   | s_axi_control | register  | offset   | name=B_DRAM_1 offset=0x1c range=32 |
| B_DRAM   | s_axi_control | register  | offset   | name=B_DRAM_2 offset=0x20 range=32 |
| C_DRAM   | m_axi_gmem2   | interface |          |                                    |
| C_DRAM   | s_axi_control | register  | offset   | name=C_DRAM_1 offset=0x28 range=32 |
| C_DRAM   | s_axi_control | register  | offset   | name=C_DRAM_2 offset=0x2c range=32 |
+----------+---------------+-----------+----------+------------------------------------+


================================================================
== M_AXI Burst Information
================================================================
 Note: All burst requests might be further partitioned into multiple requests during RTL generation based on max_read_burst_length or max_write_burst_length settings.

* Manual Burst (burst_maxi)
+--------------+-----------+--------+-------+----------------------+
| HW Interface | Direction | Length | Width | Location             |
+--------------+-----------+--------+-------+----------------------+
| m_axi_gmem0  | read      | 256    | 512   | source/dram.hpp:6:9  |
| m_axi_gmem1  | read      | 256    | 512   | source/dram.hpp:35:9 |
| m_axi_gmem2  | write     | 1024   | 512   | source/dram.hpp:73:9 |
+--------------+-----------+--------+-------+----------------------+


================================================================
== Bind Op Report
================================================================
+-----------------------------------------------------------------------+-----+--------+------------+-------+--------------+---------+
| Name                                                                  | DSP | Pragma | Variable   | Op    | Impl         | Latency |
+-----------------------------------------------------------------------+-----+--------+------------+-------+--------------+---------+
| + gemm                                                                | 256 |        |            |       |              |         |
|  + loadInputsFromDRAM                                                 | 0   |        |            |       |              |         |
|   + load_A                                                            | 0   |        |            |       |              |         |
|    + load_A_Pipeline_load_from_DRAM                                   | 0   |        |            |       |              |         |
|      add_ln11_fu_764_p2                                               |     |        | add_ln11   | add   | fabric       | 0       |
|    + load_A_Pipeline_replay_per_tileB_VITIS_LOOP_26_3                 | 0   |        |            |       |              |         |
|      add_ln25_fu_567_p2                                               |     |        | add_ln25   | add   | fabric       | 0       |
|      add_ln26_fu_763_p2                                               |     |        | add_ln26   | add   | fabric       | 0       |
|   + load_B                                                            | 0   |        |            |       |              |         |
|     tj_2_fu_142_p2                                                    |     |        | tj_2       | add   | fabric       | 0       |
|    + load_B_Pipeline_VITIS_LOOP_40_1_VITIS_LOOP_41_2                  | 0   |        |            |       |              |         |
|      add_ln40_1_fu_136_p2                                             |     |        | add_ln40_1 | add   | fabric       | 0       |
|      add_ln40_fu_160_p2                                               |     |        | add_ln40   | add   | fabric       | 0       |
|      add_ln43_fu_200_p2                                               |     |        | add_ln43   | add   | fabric       | 0       |
|      add_ln41_fu_206_p2                                               |     |        | add_ln41   | add   | fabric       | 0       |
|    + load_B_Pipeline_VITIS_LOOP_47_3                                  | 0   |        |            |       |              |         |
|      add_ln47_fu_92_p2                                                |     |        | add_ln47   | add   | fabric       | 0       |
|  + runSystolicArray                                                   | 256 |        |            |       |              |         |
|   + dataflow_in_loop_tile_loop_B                                      | 256 |        |            |       |              |         |
|    + B_Vec_to_Buf277                                                  | 0   |        |            |       |              |         |
|      add_ln18_fu_9116_p2                                              |     |        | add_ln18   | add   | fabric       | 0       |
|    + tile_loop_A_proc278_wrapper                                      | 256 |        |            |       |              |         |
|     + tile_loop_A_proc278                                             | 256 |        |            |       |              |         |
|      + dataflow_in_loop_tile_loop_A279                                | 256 |        |            |       |              |         |
|       + B_Buf_to_stream5282                                           | 0   |        |            |       |              |         |
|         add_ln30_fu_5390_p2                                           |     |        | add_ln30   | add   | fabric       | 0       |
|       + PE_false_false_6283                                           | 1   |        |            |       |              |         |
|         k_fu_91_p2                                                    |     |        | k          | add   | fabric       | 0       |
|         fmacc_32ns_32ns_32ns_1ns_32_3_primitive_dsp_1_U1682           | 1   |        | acc        | fmacc | primitivedsp | 2       |
|       + PE_false_false_110284                                         | 1   |        |            |       |              |         |
|         k_fu_91_p2                                                    |     |        | k          | add   | fabric       | 0       |
|         fmacc_32ns_32ns_32ns_1ns_32_3_primitive_dsp_1_U1689           | 1   |        | acc        | fmacc | primitivedsp | 2       |
|       + PE_false_false_1536299                                        | 1   |        |            |       |              |         |
|         k_fu_91_p2                                                    |     |        | k          | add   | fabric       | 0       |
|         fmacc_32ns_32ns_32ns_1ns_32_3_primitive_dsp_1_U1778           | 1   |        | acc        | fmacc | primitivedsp | 2       |
|       + PE_false_false_222285                                         | 1   |        |            |       |              |         |
|         k_fu_91_p2                                                    |     |        | k          | add   | fabric       | 0       |
|         fmacc_32ns_32ns_32ns_1ns_32_3_primitive_dsp_1_U1695           | 1   |        | acc        | fmacc | primitivedsp | 2       |
|       + PE_false_false_1637300                                        | 1   |        |            |       |              |         |
|         k_fu_91_p2                                                    |     |        | k          | add   | fabric       | 0       |
|         fmacc_32ns_32ns_32ns_1ns_32_3_primitive_dsp_1_U1784           | 1   |        | acc        | fmacc | primitivedsp | 2       |
|       + PE_false_false_3152315                                        | 1   |        |            |       |              |         |
|         k_fu_91_p2                                                    |     |        | k          | add   | fabric       | 0       |
|         fmacc_32ns_32ns_32ns_1ns_32_3_primitive_dsp_1_U1873           | 1   |        | acc        | fmacc | primitivedsp | 2       |
|       + PE_false_false_323286                                         | 1   |        |            |       |              |         |
|         k_fu_91_p2                                                    |     |        | k          | add   | fabric       | 0       |
|         fmacc_32ns_32ns_32ns_1ns_32_3_primitive_dsp_1_U1701           | 1   |        | acc        | fmacc | primitivedsp | 2       |
|       + PE_false_false_1738301                                        | 1   |        |            |       |              |         |
|         k_fu_91_p2                                                    |     |        | k          | add   | fabric       | 0       |
|         fmacc_32ns_32ns_32ns_1ns_32_3_primitive_dsp_1_U1790           | 1   |        | acc        | fmacc | primitivedsp | 2       |
|       + PE_false_false_3253316                                        | 1   |        |            |       |              |         |
|         k_fu_91_p2                                                    |     |        | k          | add   | fabric       | 0       |
|         fmacc_32ns_32ns_32ns_1ns_32_3_primitive_dsp_1_U1879           | 1   |        | acc        | fmacc | primitivedsp | 2       |
|       + PE_false_false_4768331                                        | 1   |        |            |       |              |         |
|         k_fu_91_p2                                                    |     |        | k          | add   | fabric       | 0       |
|         fmacc_32ns_32ns_32ns_1ns_32_3_primitive_dsp_1_U1968           | 1   |        | acc        | fmacc | primitivedsp | 2       |
|       + PE_false_false_424287                                         | 1   |        |            |       |              |         |
|         k_fu_91_p2                                                    |     |        | k          | add   | fabric       | 0       |
|         fmacc_32ns_32ns_32ns_1ns_32_3_primitive_dsp_1_U1707           | 1   |        | acc        | fmacc | primitivedsp | 2       |
|       + PE_false_false_1839302                                        | 1   |        |            |       |              |         |
|         k_fu_91_p2                                                    |     |        | k          | add   | fabric       | 0       |
|         fmacc_32ns_32ns_32ns_1ns_32_3_primitive_dsp_1_U1796           | 1   |        | acc        | fmacc | primitivedsp | 2       |
|       + PE_false_false_3354317                                        | 1   |        |            |       |              |         |
|         k_fu_91_p2                                                    |     |        | k          | add   | fabric       | 0       |
|         fmacc_32ns_32ns_32ns_1ns_32_3_primitive_dsp_1_U1885           | 1   |        | acc        | fmacc | primitivedsp | 2       |
|       + PE_false_false_4869332                                        | 1   |        |            |       |              |         |
|         k_fu_91_p2                                                    |     |        | k          | add   | fabric       | 0       |
|         fmacc_32ns_32ns_32ns_1ns_32_3_primitive_dsp_1_U1974           | 1   |        | acc        | fmacc | primitivedsp | 2       |
|       + PE_false_false_6384347                                        | 1   |        |            |       |              |         |
|         k_fu_91_p2                                                    |     |        | k          | add   | fabric       | 0       |
|         fmacc_32ns_32ns_32ns_1ns_32_3_primitive_dsp_1_U2063           | 1   |        | acc        | fmacc | primitivedsp | 2       |
|       + PE_false_false_525288                                         | 1   |        |            |       |              |         |
|         k_fu_91_p2                                                    |     |        | k          | add   | fabric       | 0       |
|         fmacc_32ns_32ns_32ns_1ns_32_3_primitive_dsp_1_U1713           | 1   |        | acc        | fmacc | primitivedsp | 2       |
|       + PE_false_false_1940303                                        | 1   |        |            |       |              |         |
|         k_fu_91_p2                                                    |     |        | k          | add   | fabric       | 0       |
|         fmacc_32ns_32ns_32ns_1ns_32_3_primitive_dsp_1_U1802           | 1   |        | acc        | fmacc | primitivedsp | 2       |
|       + PE_false_false_3455318                                        | 1   |        |            |       |              |         |
|         k_fu_91_p2                                                    |     |        | k          | add   | fabric       | 0       |
|         fmacc_32ns_32ns_32ns_1ns_32_3_primitive_dsp_1_U1891           | 1   |        | acc        | fmacc | primitivedsp | 2       |
|       + PE_false_false_4970333                                        | 1   |        |            |       |              |         |
|         k_fu_91_p2                                                    |     |        | k          | add   | fabric       | 0       |
|         fmacc_32ns_32ns_32ns_1ns_32_3_primitive_dsp_1_U1980           | 1   |        | acc        | fmacc | primitivedsp | 2       |
|       + PE_false_false_6485348                                        | 1   |        |            |       |              |         |
|         k_fu_91_p2                                                    |     |        | k          | add   | fabric       | 0       |
|         fmacc_32ns_32ns_32ns_1ns_32_3_primitive_dsp_1_U2069           | 1   |        | acc        | fmacc | primitivedsp | 2       |
|       + PE_false_false_79100363                                       | 1   |        |            |       |              |         |
|         k_fu_91_p2                                                    |     |        | k          | add   | fabric       | 0       |
|         fmacc_32ns_32ns_32ns_1ns_32_3_primitive_dsp_1_U2158           | 1   |        | acc        | fmacc | primitivedsp | 2       |
|       + PE_false_false_626289                                         | 1   |        |            |       |              |         |
|         k_fu_91_p2                                                    |     |        | k          | add   | fabric       | 0       |
|         fmacc_32ns_32ns_32ns_1ns_32_3_primitive_dsp_1_U1719           | 1   |        | acc        | fmacc | primitivedsp | 2       |
|       + PE_false_false_2041304                                        | 1   |        |            |       |              |         |
|         k_fu_91_p2                                                    |     |        | k          | add   | fabric       | 0       |
|         fmacc_32ns_32ns_32ns_1ns_32_3_primitive_dsp_1_U1808           | 1   |        | acc        | fmacc | primitivedsp | 2       |
|       + PE_false_false_3556319                                        | 1   |        |            |       |              |         |
|         k_fu_91_p2                                                    |     |        | k          | add   | fabric       | 0       |
|         fmacc_32ns_32ns_32ns_1ns_32_3_primitive_dsp_1_U1897           | 1   |        | acc        | fmacc | primitivedsp | 2       |
|       + PE_false_false_5071334                                        | 1   |        |            |       |              |         |
|         k_fu_91_p2                                                    |     |        | k          | add   | fabric       | 0       |
|         fmacc_32ns_32ns_32ns_1ns_32_3_primitive_dsp_1_U1986           | 1   |        | acc        | fmacc | primitivedsp | 2       |
|       + PE_false_false_6586349                                        | 1   |        |            |       |              |         |
|         k_fu_91_p2                                                    |     |        | k          | add   | fabric       | 0       |
|         fmacc_32ns_32ns_32ns_1ns_32_3_primitive_dsp_1_U2075           | 1   |        | acc        | fmacc | primitivedsp | 2       |
|       + PE_false_false_80101364                                       | 1   |        |            |       |              |         |
|         k_fu_91_p2                                                    |     |        | k          | add   | fabric       | 0       |
|         fmacc_32ns_32ns_32ns_1ns_32_3_primitive_dsp_1_U2164           | 1   |        | acc        | fmacc | primitivedsp | 2       |
|       + PE_false_false_95116379                                       | 1   |        |            |       |              |         |
|         k_fu_91_p2                                                    |     |        | k          | add   | fabric       | 0       |
|         fmacc_32ns_32ns_32ns_1ns_32_3_primitive_dsp_1_U2253           | 1   |        | acc        | fmacc | primitivedsp | 2       |
|       + PE_false_false_727290                                         | 1   |        |            |       |              |         |
|         k_fu_91_p2                                                    |     |        | k          | add   | fabric       | 0       |
|         fmacc_32ns_32ns_32ns_1ns_32_3_primitive_dsp_1_U1725           | 1   |        | acc        | fmacc | primitivedsp | 2       |
|       + PE_false_false_2142305                                        | 1   |        |            |       |              |         |
|         k_fu_91_p2                                                    |     |        | k          | add   | fabric       | 0       |
|         fmacc_32ns_32ns_32ns_1ns_32_3_primitive_dsp_1_U1814           | 1   |        | acc        | fmacc | primitivedsp | 2       |
|       + PE_false_false_3657320                                        | 1   |        |            |       |              |         |
|         k_fu_91_p2                                                    |     |        | k          | add   | fabric       | 0       |
|         fmacc_32ns_32ns_32ns_1ns_32_3_primitive_dsp_1_U1903           | 1   |        | acc        | fmacc | primitivedsp | 2       |
|       + PE_false_false_5172335                                        | 1   |        |            |       |              |         |
|         k_fu_91_p2                                                    |     |        | k          | add   | fabric       | 0       |
|         fmacc_32ns_32ns_32ns_1ns_32_3_primitive_dsp_1_U1992           | 1   |        | acc        | fmacc | primitivedsp | 2       |
|       + PE_false_false_6687350                                        | 1   |        |            |       |              |         |
|         k_fu_91_p2                                                    |     |        | k          | add   | fabric       | 0       |
|         fmacc_32ns_32ns_32ns_1ns_32_3_primitive_dsp_1_U2081           | 1   |        | acc        | fmacc | primitivedsp | 2       |
|       + PE_false_false_81102365                                       | 1   |        |            |       |              |         |
|         k_fu_91_p2                                                    |     |        | k          | add   | fabric       | 0       |
|         fmacc_32ns_32ns_32ns_1ns_32_3_primitive_dsp_1_U2170           | 1   |        | acc        | fmacc | primitivedsp | 2       |
|       + PE_false_false_96117380                                       | 1   |        |            |       |              |         |
|         k_fu_91_p2                                                    |     |        | k          | add   | fabric       | 0       |
|         fmacc_32ns_32ns_32ns_1ns_32_3_primitive_dsp_1_U2259           | 1   |        | acc        | fmacc | primitivedsp | 2       |
|       + PE_false_false_111132395                                      | 1   |        |            |       |              |         |
|         k_fu_91_p2                                                    |     |        | k          | add   | fabric       | 0       |
|         fmacc_32ns_32ns_32ns_1ns_32_3_primitive_dsp_1_U2348           | 1   |        | acc        | fmacc | primitivedsp | 2       |
|       + PE_false_false_828291                                         | 1   |        |            |       |              |         |
|         k_fu_91_p2                                                    |     |        | k          | add   | fabric       | 0       |
|         fmacc_32ns_32ns_32ns_1ns_32_3_primitive_dsp_1_U1731           | 1   |        | acc        | fmacc | primitivedsp | 2       |
|       + PE_false_false_2243306                                        | 1   |        |            |       |              |         |
|         k_fu_91_p2                                                    |     |        | k          | add   | fabric       | 0       |
|         fmacc_32ns_32ns_32ns_1ns_32_3_primitive_dsp_1_U1820           | 1   |        | acc        | fmacc | primitivedsp | 2       |
|       + PE_false_false_3758321                                        | 1   |        |            |       |              |         |
|         k_fu_91_p2                                                    |     |        | k          | add   | fabric       | 0       |
|         fmacc_32ns_32ns_32ns_1ns_32_3_primitive_dsp_1_U1909           | 1   |        | acc        | fmacc | primitivedsp | 2       |
|       + PE_false_false_5273336                                        | 1   |        |            |       |              |         |
|         k_fu_91_p2                                                    |     |        | k          | add   | fabric       | 0       |
|         fmacc_32ns_32ns_32ns_1ns_32_3_primitive_dsp_1_U1998           | 1   |        | acc        | fmacc | primitivedsp | 2       |
|       + PE_false_false_6788351                                        | 1   |        |            |       |              |         |
|         k_fu_91_p2                                                    |     |        | k          | add   | fabric       | 0       |
|         fmacc_32ns_32ns_32ns_1ns_32_3_primitive_dsp_1_U2087           | 1   |        | acc        | fmacc | primitivedsp | 2       |
|       + PE_false_false_82103366                                       | 1   |        |            |       |              |         |
|         k_fu_91_p2                                                    |     |        | k          | add   | fabric       | 0       |
|         fmacc_32ns_32ns_32ns_1ns_32_3_primitive_dsp_1_U2176           | 1   |        | acc        | fmacc | primitivedsp | 2       |
|       + PE_false_false_97118381                                       | 1   |        |            |       |              |         |
|         k_fu_91_p2                                                    |     |        | k          | add   | fabric       | 0       |
|         fmacc_32ns_32ns_32ns_1ns_32_3_primitive_dsp_1_U2265           | 1   |        | acc        | fmacc | primitivedsp | 2       |
|       + PE_false_false_112133396                                      | 1   |        |            |       |              |         |
|         k_fu_91_p2                                                    |     |        | k          | add   | fabric       | 0       |
|         fmacc_32ns_32ns_32ns_1ns_32_3_primitive_dsp_1_U2354           | 1   |        | acc        | fmacc | primitivedsp | 2       |
|       + PE_false_false_127148411                                      | 1   |        |            |       |              |         |
|         k_fu_91_p2                                                    |     |        | k          | add   | fabric       | 0       |
|         fmacc_32ns_32ns_32ns_1ns_32_3_primitive_dsp_1_U2443           | 1   |        | acc        | fmacc | primitivedsp | 2       |
|       + PE_false_false_929292                                         | 1   |        |            |       |              |         |
|         k_fu_91_p2                                                    |     |        | k          | add   | fabric       | 0       |
|         fmacc_32ns_32ns_32ns_1ns_32_3_primitive_dsp_1_U1737           | 1   |        | acc        | fmacc | primitivedsp | 2       |
|       + PE_false_false_2344307                                        | 1   |        |            |       |              |         |
|         k_fu_91_p2                                                    |     |        | k          | add   | fabric       | 0       |
|         fmacc_32ns_32ns_32ns_1ns_32_3_primitive_dsp_1_U1826           | 1   |        | acc        | fmacc | primitivedsp | 2       |
|       + PE_false_false_3859322                                        | 1   |        |            |       |              |         |
|         k_fu_91_p2                                                    |     |        | k          | add   | fabric       | 0       |
|         fmacc_32ns_32ns_32ns_1ns_32_3_primitive_dsp_1_U1915           | 1   |        | acc        | fmacc | primitivedsp | 2       |
|       + PE_false_false_5374337                                        | 1   |        |            |       |              |         |
|         k_fu_91_p2                                                    |     |        | k          | add   | fabric       | 0       |
|         fmacc_32ns_32ns_32ns_1ns_32_3_primitive_dsp_1_U2004           | 1   |        | acc        | fmacc | primitivedsp | 2       |
|       + PE_false_false_6889352                                        | 1   |        |            |       |              |         |
|         k_fu_91_p2                                                    |     |        | k          | add   | fabric       | 0       |
|         fmacc_32ns_32ns_32ns_1ns_32_3_primitive_dsp_1_U2093           | 1   |        | acc        | fmacc | primitivedsp | 2       |
|       + PE_false_false_83104367                                       | 1   |        |            |       |              |         |
|         k_fu_91_p2                                                    |     |        | k          | add   | fabric       | 0       |
|         fmacc_32ns_32ns_32ns_1ns_32_3_primitive_dsp_1_U2182           | 1   |        | acc        | fmacc | primitivedsp | 2       |
|       + PE_false_false_98119382                                       | 1   |        |            |       |              |         |
|         k_fu_91_p2                                                    |     |        | k          | add   | fabric       | 0       |
|         fmacc_32ns_32ns_32ns_1ns_32_3_primitive_dsp_1_U2271           | 1   |        | acc        | fmacc | primitivedsp | 2       |
|       + PE_false_false_113134397                                      | 1   |        |            |       |              |         |
|         k_fu_91_p2                                                    |     |        | k          | add   | fabric       | 0       |
|         fmacc_32ns_32ns_32ns_1ns_32_3_primitive_dsp_1_U2360           | 1   |        | acc        | fmacc | primitivedsp | 2       |
|       + PE_false_false_128149412                                      | 1   |        |            |       |              |         |
|         k_fu_91_p2                                                    |     |        | k          | add   | fabric       | 0       |
|         fmacc_32ns_32ns_32ns_1ns_32_3_primitive_dsp_1_U2449           | 1   |        | acc        | fmacc | primitivedsp | 2       |
|       + PE_false_false_143164427                                      | 1   |        |            |       |              |         |
|         k_fu_91_p2                                                    |     |        | k          | add   | fabric       | 0       |
|         fmacc_32ns_32ns_32ns_1ns_32_3_primitive_dsp_1_U2538           | 1   |        | acc        | fmacc | primitivedsp | 2       |
|       + PE_false_false_1030293                                        | 1   |        |            |       |              |         |
|         k_fu_91_p2                                                    |     |        | k          | add   | fabric       | 0       |
|         fmacc_32ns_32ns_32ns_1ns_32_3_primitive_dsp_1_U1743           | 1   |        | acc        | fmacc | primitivedsp | 2       |
|       + PE_false_false_2445308                                        | 1   |        |            |       |              |         |
|         k_fu_91_p2                                                    |     |        | k          | add   | fabric       | 0       |
|         fmacc_32ns_32ns_32ns_1ns_32_3_primitive_dsp_1_U1832           | 1   |        | acc        | fmacc | primitivedsp | 2       |
|       + PE_false_false_3960323                                        | 1   |        |            |       |              |         |
|         k_fu_91_p2                                                    |     |        | k          | add   | fabric       | 0       |
|         fmacc_32ns_32ns_32ns_1ns_32_3_primitive_dsp_1_U1921           | 1   |        | acc        | fmacc | primitivedsp | 2       |
|       + PE_false_false_5475338                                        | 1   |        |            |       |              |         |
|         k_fu_91_p2                                                    |     |        | k          | add   | fabric       | 0       |
|         fmacc_32ns_32ns_32ns_1ns_32_3_primitive_dsp_1_U2010           | 1   |        | acc        | fmacc | primitivedsp | 2       |
|       + PE_false_false_6990353                                        | 1   |        |            |       |              |         |
|         k_fu_91_p2                                                    |     |        | k          | add   | fabric       | 0       |
|         fmacc_32ns_32ns_32ns_1ns_32_3_primitive_dsp_1_U2099           | 1   |        | acc        | fmacc | primitivedsp | 2       |
|       + PE_false_false_84105368                                       | 1   |        |            |       |              |         |
|         k_fu_91_p2                                                    |     |        | k          | add   | fabric       | 0       |
|         fmacc_32ns_32ns_32ns_1ns_32_3_primitive_dsp_1_U2188           | 1   |        | acc        | fmacc | primitivedsp | 2       |
|       + PE_false_false_99120383                                       | 1   |        |            |       |              |         |
|         k_fu_91_p2                                                    |     |        | k          | add   | fabric       | 0       |
|         fmacc_32ns_32ns_32ns_1ns_32_3_primitive_dsp_1_U2277           | 1   |        | acc        | fmacc | primitivedsp | 2       |
|       + PE_false_false_114135398                                      | 1   |        |            |       |              |         |
|         k_fu_91_p2                                                    |     |        | k          | add   | fabric       | 0       |
|         fmacc_32ns_32ns_32ns_1ns_32_3_primitive_dsp_1_U2366           | 1   |        | acc        | fmacc | primitivedsp | 2       |
|       + PE_false_false_129150413                                      | 1   |        |            |       |              |         |
|         k_fu_91_p2                                                    |     |        | k          | add   | fabric       | 0       |
|         fmacc_32ns_32ns_32ns_1ns_32_3_primitive_dsp_1_U2455           | 1   |        | acc        | fmacc | primitivedsp | 2       |
|       + PE_false_false_144165428                                      | 1   |        |            |       |              |         |
|         k_fu_91_p2                                                    |     |        | k          | add   | fabric       | 0       |
|         fmacc_32ns_32ns_32ns_1ns_32_3_primitive_dsp_1_U2544           | 1   |        | acc        | fmacc | primitivedsp | 2       |
|       + PE_false_false_159180443                                      | 1   |        |            |       |              |         |
|         k_fu_91_p2                                                    |     |        | k          | add   | fabric       | 0       |
|         fmacc_32ns_32ns_32ns_1ns_32_3_primitive_dsp_1_U2633           | 1   |        | acc        | fmacc | primitivedsp | 2       |
|       + PE_false_false_1131294                                        | 1   |        |            |       |              |         |
|         k_fu_91_p2                                                    |     |        | k          | add   | fabric       | 0       |
|         fmacc_32ns_32ns_32ns_1ns_32_3_primitive_dsp_1_U1749           | 1   |        | acc        | fmacc | primitivedsp | 2       |
|       + PE_false_false_2546309                                        | 1   |        |            |       |              |         |
|         k_fu_91_p2                                                    |     |        | k          | add   | fabric       | 0       |
|         fmacc_32ns_32ns_32ns_1ns_32_3_primitive_dsp_1_U1838           | 1   |        | acc        | fmacc | primitivedsp | 2       |
|       + PE_false_false_4061324                                        | 1   |        |            |       |              |         |
|         k_fu_91_p2                                                    |     |        | k          | add   | fabric       | 0       |
|         fmacc_32ns_32ns_32ns_1ns_32_3_primitive_dsp_1_U1927           | 1   |        | acc        | fmacc | primitivedsp | 2       |
|       + PE_false_false_5576339                                        | 1   |        |            |       |              |         |
|         k_fu_91_p2                                                    |     |        | k          | add   | fabric       | 0       |
|         fmacc_32ns_32ns_32ns_1ns_32_3_primitive_dsp_1_U2016           | 1   |        | acc        | fmacc | primitivedsp | 2       |
|       + PE_false_false_7091354                                        | 1   |        |            |       |              |         |
|         k_fu_91_p2                                                    |     |        | k          | add   | fabric       | 0       |
|         fmacc_32ns_32ns_32ns_1ns_32_3_primitive_dsp_1_U2105           | 1   |        | acc        | fmacc | primitivedsp | 2       |
|       + PE_false_false_85106369                                       | 1   |        |            |       |              |         |
|         k_fu_91_p2                                                    |     |        | k          | add   | fabric       | 0       |
|         fmacc_32ns_32ns_32ns_1ns_32_3_primitive_dsp_1_U2194           | 1   |        | acc        | fmacc | primitivedsp | 2       |
|       + PE_false_false_100121384                                      | 1   |        |            |       |              |         |
|         k_fu_91_p2                                                    |     |        | k          | add   | fabric       | 0       |
|         fmacc_32ns_32ns_32ns_1ns_32_3_primitive_dsp_1_U2283           | 1   |        | acc        | fmacc | primitivedsp | 2       |
|       + PE_false_false_115136399                                      | 1   |        |            |       |              |         |
|         k_fu_91_p2                                                    |     |        | k          | add   | fabric       | 0       |
|         fmacc_32ns_32ns_32ns_1ns_32_3_primitive_dsp_1_U2372           | 1   |        | acc        | fmacc | primitivedsp | 2       |
|       + PE_false_false_130151414                                      | 1   |        |            |       |              |         |
|         k_fu_91_p2                                                    |     |        | k          | add   | fabric       | 0       |
|         fmacc_32ns_32ns_32ns_1ns_32_3_primitive_dsp_1_U2461           | 1   |        | acc        | fmacc | primitivedsp | 2       |
|       + PE_false_false_145166429                                      | 1   |        |            |       |              |         |
|         k_fu_91_p2                                                    |     |        | k          | add   | fabric       | 0       |
|         fmacc_32ns_32ns_32ns_1ns_32_3_primitive_dsp_1_U2550           | 1   |        | acc        | fmacc | primitivedsp | 2       |
|       + PE_false_false_160181444                                      | 1   |        |            |       |              |         |
|         k_fu_91_p2                                                    |     |        | k          | add   | fabric       | 0       |
|         fmacc_32ns_32ns_32ns_1ns_32_3_primitive_dsp_1_U2639           | 1   |        | acc        | fmacc | primitivedsp | 2       |
|       + PE_false_false_175196459                                      | 1   |        |            |       |              |         |
|         k_fu_91_p2                                                    |     |        | k          | add   | fabric       | 0       |
|         fmacc_32ns_32ns_32ns_1ns_32_3_primitive_dsp_1_U2728           | 1   |        | acc        | fmacc | primitivedsp | 2       |
|       + PE_false_false_1232295                                        | 1   |        |            |       |              |         |
|         k_fu_91_p2                                                    |     |        | k          | add   | fabric       | 0       |
|         fmacc_32ns_32ns_32ns_1ns_32_3_primitive_dsp_1_U1755           | 1   |        | acc        | fmacc | primitivedsp | 2       |
|       + PE_false_false_2647310                                        | 1   |        |            |       |              |         |
|         k_fu_91_p2                                                    |     |        | k          | add   | fabric       | 0       |
|         fmacc_32ns_32ns_32ns_1ns_32_3_primitive_dsp_1_U1844           | 1   |        | acc        | fmacc | primitivedsp | 2       |
|       + PE_false_false_4162325                                        | 1   |        |            |       |              |         |
|         k_fu_91_p2                                                    |     |        | k          | add   | fabric       | 0       |
|         fmacc_32ns_32ns_32ns_1ns_32_3_primitive_dsp_1_U1933           | 1   |        | acc        | fmacc | primitivedsp | 2       |
|       + PE_false_false_5677340                                        | 1   |        |            |       |              |         |
|         k_fu_91_p2                                                    |     |        | k          | add   | fabric       | 0       |
|         fmacc_32ns_32ns_32ns_1ns_32_3_primitive_dsp_1_U2022           | 1   |        | acc        | fmacc | primitivedsp | 2       |
|       + PE_false_false_7192355                                        | 1   |        |            |       |              |         |
|         k_fu_91_p2                                                    |     |        | k          | add   | fabric       | 0       |
|         fmacc_32ns_32ns_32ns_1ns_32_3_primitive_dsp_1_U2111           | 1   |        | acc        | fmacc | primitivedsp | 2       |
|       + PE_false_false_86107370                                       | 1   |        |            |       |              |         |
|         k_fu_91_p2                                                    |     |        | k          | add   | fabric       | 0       |
|         fmacc_32ns_32ns_32ns_1ns_32_3_primitive_dsp_1_U2200           | 1   |        | acc        | fmacc | primitivedsp | 2       |
|       + PE_false_false_101122385                                      | 1   |        |            |       |              |         |
|         k_fu_91_p2                                                    |     |        | k          | add   | fabric       | 0       |
|         fmacc_32ns_32ns_32ns_1ns_32_3_primitive_dsp_1_U2289           | 1   |        | acc        | fmacc | primitivedsp | 2       |
|       + PE_false_false_116137400                                      | 1   |        |            |       |              |         |
|         k_fu_91_p2                                                    |     |        | k          | add   | fabric       | 0       |
|         fmacc_32ns_32ns_32ns_1ns_32_3_primitive_dsp_1_U2378           | 1   |        | acc        | fmacc | primitivedsp | 2       |
|       + PE_false_false_131152415                                      | 1   |        |            |       |              |         |
|         k_fu_91_p2                                                    |     |        | k          | add   | fabric       | 0       |
|         fmacc_32ns_32ns_32ns_1ns_32_3_primitive_dsp_1_U2467           | 1   |        | acc        | fmacc | primitivedsp | 2       |
|       + PE_false_false_146167430                                      | 1   |        |            |       |              |         |
|         k_fu_91_p2                                                    |     |        | k          | add   | fabric       | 0       |
|         fmacc_32ns_32ns_32ns_1ns_32_3_primitive_dsp_1_U2556           | 1   |        | acc        | fmacc | primitivedsp | 2       |
|       + PE_false_false_161182445                                      | 1   |        |            |       |              |         |
|         k_fu_91_p2                                                    |     |        | k          | add   | fabric       | 0       |
|         fmacc_32ns_32ns_32ns_1ns_32_3_primitive_dsp_1_U2645           | 1   |        | acc        | fmacc | primitivedsp | 2       |
|       + PE_false_false_176197460                                      | 1   |        |            |       |              |         |
|         k_fu_91_p2                                                    |     |        | k          | add   | fabric       | 0       |
|         fmacc_32ns_32ns_32ns_1ns_32_3_primitive_dsp_1_U2734           | 1   |        | acc        | fmacc | primitivedsp | 2       |
|       + PE_false_false_191212475                                      | 1   |        |            |       |              |         |
|         k_fu_91_p2                                                    |     |        | k          | add   | fabric       | 0       |
|         fmacc_32ns_32ns_32ns_1ns_32_3_primitive_dsp_1_U2823           | 1   |        | acc        | fmacc | primitivedsp | 2       |
|       + PE_false_false_1333296                                        | 1   |        |            |       |              |         |
|         k_fu_91_p2                                                    |     |        | k          | add   | fabric       | 0       |
|         fmacc_32ns_32ns_32ns_1ns_32_3_primitive_dsp_1_U1761           | 1   |        | acc        | fmacc | primitivedsp | 2       |
|       + PE_false_false_2748311                                        | 1   |        |            |       |              |         |
|         k_fu_91_p2                                                    |     |        | k          | add   | fabric       | 0       |
|         fmacc_32ns_32ns_32ns_1ns_32_3_primitive_dsp_1_U1850           | 1   |        | acc        | fmacc | primitivedsp | 2       |
|       + PE_false_false_4263326                                        | 1   |        |            |       |              |         |
|         k_fu_91_p2                                                    |     |        | k          | add   | fabric       | 0       |
|         fmacc_32ns_32ns_32ns_1ns_32_3_primitive_dsp_1_U1939           | 1   |        | acc        | fmacc | primitivedsp | 2       |
|       + PE_false_false_5778341                                        | 1   |        |            |       |              |         |
|         k_fu_91_p2                                                    |     |        | k          | add   | fabric       | 0       |
|         fmacc_32ns_32ns_32ns_1ns_32_3_primitive_dsp_1_U2028           | 1   |        | acc        | fmacc | primitivedsp | 2       |
|       + PE_false_false_7293356                                        | 1   |        |            |       |              |         |
|         k_fu_91_p2                                                    |     |        | k          | add   | fabric       | 0       |
|         fmacc_32ns_32ns_32ns_1ns_32_3_primitive_dsp_1_U2117           | 1   |        | acc        | fmacc | primitivedsp | 2       |
|       + PE_false_false_87108371                                       | 1   |        |            |       |              |         |
|         k_fu_91_p2                                                    |     |        | k          | add   | fabric       | 0       |
|         fmacc_32ns_32ns_32ns_1ns_32_3_primitive_dsp_1_U2206           | 1   |        | acc        | fmacc | primitivedsp | 2       |
|       + PE_false_false_102123386                                      | 1   |        |            |       |              |         |
|         k_fu_91_p2                                                    |     |        | k          | add   | fabric       | 0       |
|         fmacc_32ns_32ns_32ns_1ns_32_3_primitive_dsp_1_U2295           | 1   |        | acc        | fmacc | primitivedsp | 2       |
|       + PE_false_false_117138401                                      | 1   |        |            |       |              |         |
|         k_fu_91_p2                                                    |     |        | k          | add   | fabric       | 0       |
|         fmacc_32ns_32ns_32ns_1ns_32_3_primitive_dsp_1_U2384           | 1   |        | acc        | fmacc | primitivedsp | 2       |
|       + PE_false_false_132153416                                      | 1   |        |            |       |              |         |
|         k_fu_91_p2                                                    |     |        | k          | add   | fabric       | 0       |
|         fmacc_32ns_32ns_32ns_1ns_32_3_primitive_dsp_1_U2473           | 1   |        | acc        | fmacc | primitivedsp | 2       |
|       + PE_false_false_147168431                                      | 1   |        |            |       |              |         |
|         k_fu_91_p2                                                    |     |        | k          | add   | fabric       | 0       |
|         fmacc_32ns_32ns_32ns_1ns_32_3_primitive_dsp_1_U2562           | 1   |        | acc        | fmacc | primitivedsp | 2       |
|       + PE_false_false_162183446                                      | 1   |        |            |       |              |         |
|         k_fu_91_p2                                                    |     |        | k          | add   | fabric       | 0       |
|         fmacc_32ns_32ns_32ns_1ns_32_3_primitive_dsp_1_U2651           | 1   |        | acc        | fmacc | primitivedsp | 2       |
|       + PE_false_false_177198461                                      | 1   |        |            |       |              |         |
|         k_fu_91_p2                                                    |     |        | k          | add   | fabric       | 0       |
|         fmacc_32ns_32ns_32ns_1ns_32_3_primitive_dsp_1_U2740           | 1   |        | acc        | fmacc | primitivedsp | 2       |
|       + PE_false_false_192213476                                      | 1   |        |            |       |              |         |
|         k_fu_91_p2                                                    |     |        | k          | add   | fabric       | 0       |
|         fmacc_32ns_32ns_32ns_1ns_32_3_primitive_dsp_1_U2829           | 1   |        | acc        | fmacc | primitivedsp | 2       |
|       + PE_false_false_207228491                                      | 1   |        |            |       |              |         |
|         k_fu_91_p2                                                    |     |        | k          | add   | fabric       | 0       |
|         fmacc_32ns_32ns_32ns_1ns_32_3_primitive_dsp_1_U2918           | 1   |        | acc        | fmacc | primitivedsp | 2       |
|       + PE_false_false_1434297                                        | 1   |        |            |       |              |         |
|         k_fu_91_p2                                                    |     |        | k          | add   | fabric       | 0       |
|         fmacc_32ns_32ns_32ns_1ns_32_3_primitive_dsp_1_U1767           | 1   |        | acc        | fmacc | primitivedsp | 2       |
|       + PE_false_false_2849312                                        | 1   |        |            |       |              |         |
|         k_fu_91_p2                                                    |     |        | k          | add   | fabric       | 0       |
|         fmacc_32ns_32ns_32ns_1ns_32_3_primitive_dsp_1_U1856           | 1   |        | acc        | fmacc | primitivedsp | 2       |
|       + PE_false_false_4364327                                        | 1   |        |            |       |              |         |
|         k_fu_91_p2                                                    |     |        | k          | add   | fabric       | 0       |
|         fmacc_32ns_32ns_32ns_1ns_32_3_primitive_dsp_1_U1945           | 1   |        | acc        | fmacc | primitivedsp | 2       |
|       + PE_false_false_5879342                                        | 1   |        |            |       |              |         |
|         k_fu_91_p2                                                    |     |        | k          | add   | fabric       | 0       |
|         fmacc_32ns_32ns_32ns_1ns_32_3_primitive_dsp_1_U2034           | 1   |        | acc        | fmacc | primitivedsp | 2       |
|       + PE_false_false_7394357                                        | 1   |        |            |       |              |         |
|         k_fu_91_p2                                                    |     |        | k          | add   | fabric       | 0       |
|         fmacc_32ns_32ns_32ns_1ns_32_3_primitive_dsp_1_U2123           | 1   |        | acc        | fmacc | primitivedsp | 2       |
|       + PE_false_false_88109372                                       | 1   |        |            |       |              |         |
|         k_fu_91_p2                                                    |     |        | k          | add   | fabric       | 0       |
|         fmacc_32ns_32ns_32ns_1ns_32_3_primitive_dsp_1_U2212           | 1   |        | acc        | fmacc | primitivedsp | 2       |
|       + PE_false_false_103124387                                      | 1   |        |            |       |              |         |
|         k_fu_91_p2                                                    |     |        | k          | add   | fabric       | 0       |
|         fmacc_32ns_32ns_32ns_1ns_32_3_primitive_dsp_1_U2301           | 1   |        | acc        | fmacc | primitivedsp | 2       |
|       + PE_false_false_118139402                                      | 1   |        |            |       |              |         |
|         k_fu_91_p2                                                    |     |        | k          | add   | fabric       | 0       |
|         fmacc_32ns_32ns_32ns_1ns_32_3_primitive_dsp_1_U2390           | 1   |        | acc        | fmacc | primitivedsp | 2       |
|       + PE_false_false_133154417                                      | 1   |        |            |       |              |         |
|         k_fu_91_p2                                                    |     |        | k          | add   | fabric       | 0       |
|         fmacc_32ns_32ns_32ns_1ns_32_3_primitive_dsp_1_U2479           | 1   |        | acc        | fmacc | primitivedsp | 2       |
|       + PE_false_false_148169432                                      | 1   |        |            |       |              |         |
|         k_fu_91_p2                                                    |     |        | k          | add   | fabric       | 0       |
|         fmacc_32ns_32ns_32ns_1ns_32_3_primitive_dsp_1_U2568           | 1   |        | acc        | fmacc | primitivedsp | 2       |
|       + PE_false_false_163184447                                      | 1   |        |            |       |              |         |
|         k_fu_91_p2                                                    |     |        | k          | add   | fabric       | 0       |
|         fmacc_32ns_32ns_32ns_1ns_32_3_primitive_dsp_1_U2657           | 1   |        | acc        | fmacc | primitivedsp | 2       |
|       + PE_false_false_178199462                                      | 1   |        |            |       |              |         |
|         k_fu_91_p2                                                    |     |        | k          | add   | fabric       | 0       |
|         fmacc_32ns_32ns_32ns_1ns_32_3_primitive_dsp_1_U2746           | 1   |        | acc        | fmacc | primitivedsp | 2       |
|       + PE_false_false_193214477                                      | 1   |        |            |       |              |         |
|         k_fu_91_p2                                                    |     |        | k          | add   | fabric       | 0       |
|         fmacc_32ns_32ns_32ns_1ns_32_3_primitive_dsp_1_U2835           | 1   |        | acc        | fmacc | primitivedsp | 2       |
|       + PE_false_false_208229492                                      | 1   |        |            |       |              |         |
|         k_fu_91_p2                                                    |     |        | k          | add   | fabric       | 0       |
|         fmacc_32ns_32ns_32ns_1ns_32_3_primitive_dsp_1_U2924           | 1   |        | acc        | fmacc | primitivedsp | 2       |
|       + PE_false_false_223244507                                      | 1   |        |            |       |              |         |
|         k_fu_91_p2                                                    |     |        | k          | add   | fabric       | 0       |
|         fmacc_32ns_32ns_32ns_1ns_32_3_primitive_dsp_1_U3013           | 1   |        | acc        | fmacc | primitivedsp | 2       |
|       + PE_false_true_35298                                           | 1   |        |            |       |              |         |
|         k_fu_82_p2                                                    |     |        | k          | add   | fabric       | 0       |
|         fmacc_32ns_32ns_32ns_1ns_32_3_primitive_dsp_1_U1773           | 1   |        | acc        | fmacc | primitivedsp | 2       |
|       + PE_false_false_2950313                                        | 1   |        |            |       |              |         |
|         k_fu_91_p2                                                    |     |        | k          | add   | fabric       | 0       |
|         fmacc_32ns_32ns_32ns_1ns_32_3_primitive_dsp_1_U1862           | 1   |        | acc        | fmacc | primitivedsp | 2       |
|       + PE_false_false_4465328                                        | 1   |        |            |       |              |         |
|         k_fu_91_p2                                                    |     |        | k          | add   | fabric       | 0       |
|         fmacc_32ns_32ns_32ns_1ns_32_3_primitive_dsp_1_U1951           | 1   |        | acc        | fmacc | primitivedsp | 2       |
|       + PE_false_false_5980343                                        | 1   |        |            |       |              |         |
|         k_fu_91_p2                                                    |     |        | k          | add   | fabric       | 0       |
|         fmacc_32ns_32ns_32ns_1ns_32_3_primitive_dsp_1_U2040           | 1   |        | acc        | fmacc | primitivedsp | 2       |
|       + PE_false_false_7495358                                        | 1   |        |            |       |              |         |
|         k_fu_91_p2                                                    |     |        | k          | add   | fabric       | 0       |
|         fmacc_32ns_32ns_32ns_1ns_32_3_primitive_dsp_1_U2129           | 1   |        | acc        | fmacc | primitivedsp | 2       |
|       + PE_false_false_89110373                                       | 1   |        |            |       |              |         |
|         k_fu_91_p2                                                    |     |        | k          | add   | fabric       | 0       |
|         fmacc_32ns_32ns_32ns_1ns_32_3_primitive_dsp_1_U2218           | 1   |        | acc        | fmacc | primitivedsp | 2       |
|       + PE_false_false_104125388                                      | 1   |        |            |       |              |         |
|         k_fu_91_p2                                                    |     |        | k          | add   | fabric       | 0       |
|         fmacc_32ns_32ns_32ns_1ns_32_3_primitive_dsp_1_U2307           | 1   |        | acc        | fmacc | primitivedsp | 2       |
|       + PE_false_false_119140403                                      | 1   |        |            |       |              |         |
|         k_fu_91_p2                                                    |     |        | k          | add   | fabric       | 0       |
|         fmacc_32ns_32ns_32ns_1ns_32_3_primitive_dsp_1_U2396           | 1   |        | acc        | fmacc | primitivedsp | 2       |
|       + PE_false_false_134155418                                      | 1   |        |            |       |              |         |
|         k_fu_91_p2                                                    |     |        | k          | add   | fabric       | 0       |
|         fmacc_32ns_32ns_32ns_1ns_32_3_primitive_dsp_1_U2485           | 1   |        | acc        | fmacc | primitivedsp | 2       |
|       + PE_false_false_149170433                                      | 1   |        |            |       |              |         |
|         k_fu_91_p2                                                    |     |        | k          | add   | fabric       | 0       |
|         fmacc_32ns_32ns_32ns_1ns_32_3_primitive_dsp_1_U2574           | 1   |        | acc        | fmacc | primitivedsp | 2       |
|       + PE_false_false_164185448                                      | 1   |        |            |       |              |         |
|         k_fu_91_p2                                                    |     |        | k          | add   | fabric       | 0       |
|         fmacc_32ns_32ns_32ns_1ns_32_3_primitive_dsp_1_U2663           | 1   |        | acc        | fmacc | primitivedsp | 2       |
|       + PE_false_false_179200463                                      | 1   |        |            |       |              |         |
|         k_fu_91_p2                                                    |     |        | k          | add   | fabric       | 0       |
|         fmacc_32ns_32ns_32ns_1ns_32_3_primitive_dsp_1_U2752           | 1   |        | acc        | fmacc | primitivedsp | 2       |
|       + PE_false_false_194215478                                      | 1   |        |            |       |              |         |
|         k_fu_91_p2                                                    |     |        | k          | add   | fabric       | 0       |
|         fmacc_32ns_32ns_32ns_1ns_32_3_primitive_dsp_1_U2841           | 1   |        | acc        | fmacc | primitivedsp | 2       |
|       + PE_false_false_209230493                                      | 1   |        |            |       |              |         |
|         k_fu_91_p2                                                    |     |        | k          | add   | fabric       | 0       |
|         fmacc_32ns_32ns_32ns_1ns_32_3_primitive_dsp_1_U2930           | 1   |        | acc        | fmacc | primitivedsp | 2       |
|       + PE_false_false_224245508                                      | 1   |        |            |       |              |         |
|         k_fu_91_p2                                                    |     |        | k          | add   | fabric       | 0       |
|         fmacc_32ns_32ns_32ns_1ns_32_3_primitive_dsp_1_U3019           | 1   |        | acc        | fmacc | primitivedsp | 2       |
|       + PE_true_false_260523                                          | 1   |        |            |       |              |         |
|         k_fu_82_p2                                                    |     |        | k          | add   | fabric       | 0       |
|         fmacc_32ns_32ns_32ns_1ns_32_3_primitive_dsp_1_U3108           | 1   |        | acc        | fmacc | primitivedsp | 2       |
|       + PE_false_true_3051314                                         | 1   |        |            |       |              |         |
|         k_fu_82_p2                                                    |     |        | k          | add   | fabric       | 0       |
|         fmacc_32ns_32ns_32ns_1ns_32_3_primitive_dsp_1_U1868           | 1   |        | acc        | fmacc | primitivedsp | 2       |
|       + PE_false_false_4566329                                        | 1   |        |            |       |              |         |
|         k_fu_91_p2                                                    |     |        | k          | add   | fabric       | 0       |
|         fmacc_32ns_32ns_32ns_1ns_32_3_primitive_dsp_1_U1957           | 1   |        | acc        | fmacc | primitivedsp | 2       |
|       + PE_false_false_6081344                                        | 1   |        |            |       |              |         |
|         k_fu_91_p2                                                    |     |        | k          | add   | fabric       | 0       |
|         fmacc_32ns_32ns_32ns_1ns_32_3_primitive_dsp_1_U2046           | 1   |        | acc        | fmacc | primitivedsp | 2       |
|       + PE_false_false_7596359                                        | 1   |        |            |       |              |         |
|         k_fu_91_p2                                                    |     |        | k          | add   | fabric       | 0       |
|         fmacc_32ns_32ns_32ns_1ns_32_3_primitive_dsp_1_U2135           | 1   |        | acc        | fmacc | primitivedsp | 2       |
|       + PE_false_false_90111374                                       | 1   |        |            |       |              |         |
|         k_fu_91_p2                                                    |     |        | k          | add   | fabric       | 0       |
|         fmacc_32ns_32ns_32ns_1ns_32_3_primitive_dsp_1_U2224           | 1   |        | acc        | fmacc | primitivedsp | 2       |
|       + PE_false_false_105126389                                      | 1   |        |            |       |              |         |
|         k_fu_91_p2                                                    |     |        | k          | add   | fabric       | 0       |
|         fmacc_32ns_32ns_32ns_1ns_32_3_primitive_dsp_1_U2313           | 1   |        | acc        | fmacc | primitivedsp | 2       |
|       + PE_false_false_120141404                                      | 1   |        |            |       |              |         |
|         k_fu_91_p2                                                    |     |        | k          | add   | fabric       | 0       |
|         fmacc_32ns_32ns_32ns_1ns_32_3_primitive_dsp_1_U2402           | 1   |        | acc        | fmacc | primitivedsp | 2       |
|       + PE_false_false_135156419                                      | 1   |        |            |       |              |         |
|         k_fu_91_p2                                                    |     |        | k          | add   | fabric       | 0       |
|         fmacc_32ns_32ns_32ns_1ns_32_3_primitive_dsp_1_U2491           | 1   |        | acc        | fmacc | primitivedsp | 2       |
|       + PE_false_false_150171434                                      | 1   |        |            |       |              |         |
|         k_fu_91_p2                                                    |     |        | k          | add   | fabric       | 0       |
|         fmacc_32ns_32ns_32ns_1ns_32_3_primitive_dsp_1_U2580           | 1   |        | acc        | fmacc | primitivedsp | 2       |
|       + PE_false_false_165186449                                      | 1   |        |            |       |              |         |
|         k_fu_91_p2                                                    |     |        | k          | add   | fabric       | 0       |
|         fmacc_32ns_32ns_32ns_1ns_32_3_primitive_dsp_1_U2669           | 1   |        | acc        | fmacc | primitivedsp | 2       |
|       + PE_false_false_180201464                                      | 1   |        |            |       |              |         |
|         k_fu_91_p2                                                    |     |        | k          | add   | fabric       | 0       |
|         fmacc_32ns_32ns_32ns_1ns_32_3_primitive_dsp_1_U2758           | 1   |        | acc        | fmacc | primitivedsp | 2       |
|       + PE_false_false_195216479                                      | 1   |        |            |       |              |         |
|         k_fu_91_p2                                                    |     |        | k          | add   | fabric       | 0       |
|         fmacc_32ns_32ns_32ns_1ns_32_3_primitive_dsp_1_U2847           | 1   |        | acc        | fmacc | primitivedsp | 2       |
|       + PE_false_false_210231494                                      | 1   |        |            |       |              |         |
|         k_fu_91_p2                                                    |     |        | k          | add   | fabric       | 0       |
|         fmacc_32ns_32ns_32ns_1ns_32_3_primitive_dsp_1_U2936           | 1   |        | acc        | fmacc | primitivedsp | 2       |
|       + PE_false_false_225246509                                      | 1   |        |            |       |              |         |
|         k_fu_91_p2                                                    |     |        | k          | add   | fabric       | 0       |
|         fmacc_32ns_32ns_32ns_1ns_32_3_primitive_dsp_1_U3025           | 1   |        | acc        | fmacc | primitivedsp | 2       |
|       + PE_true_false_239261524                                       | 1   |        |            |       |              |         |
|         k_fu_82_p2                                                    |     |        | k          | add   | fabric       | 0       |
|         fmacc_32ns_32ns_32ns_1ns_32_3_primitive_dsp_1_U3113           | 1   |        | acc        | fmacc | primitivedsp | 2       |
|       + PE_false_true_4667330                                         | 1   |        |            |       |              |         |
|         k_fu_82_p2                                                    |     |        | k          | add   | fabric       | 0       |
|         fmacc_32ns_32ns_32ns_1ns_32_3_primitive_dsp_1_U1963           | 1   |        | acc        | fmacc | primitivedsp | 2       |
|       + PE_false_false_6182345                                        | 1   |        |            |       |              |         |
|         k_fu_91_p2                                                    |     |        | k          | add   | fabric       | 0       |
|         fmacc_32ns_32ns_32ns_1ns_32_3_primitive_dsp_1_U2052           | 1   |        | acc        | fmacc | primitivedsp | 2       |
|       + PE_false_false_7697360                                        | 1   |        |            |       |              |         |
|         k_fu_91_p2                                                    |     |        | k          | add   | fabric       | 0       |
|         fmacc_32ns_32ns_32ns_1ns_32_3_primitive_dsp_1_U2141           | 1   |        | acc        | fmacc | primitivedsp | 2       |
|       + PE_false_false_91112375                                       | 1   |        |            |       |              |         |
|         k_fu_91_p2                                                    |     |        | k          | add   | fabric       | 0       |
|         fmacc_32ns_32ns_32ns_1ns_32_3_primitive_dsp_1_U2230           | 1   |        | acc        | fmacc | primitivedsp | 2       |
|       + PE_false_false_106127390                                      | 1   |        |            |       |              |         |
|         k_fu_91_p2                                                    |     |        | k          | add   | fabric       | 0       |
|         fmacc_32ns_32ns_32ns_1ns_32_3_primitive_dsp_1_U2319           | 1   |        | acc        | fmacc | primitivedsp | 2       |
|       + PE_false_false_121142405                                      | 1   |        |            |       |              |         |
|         k_fu_91_p2                                                    |     |        | k          | add   | fabric       | 0       |
|         fmacc_32ns_32ns_32ns_1ns_32_3_primitive_dsp_1_U2408           | 1   |        | acc        | fmacc | primitivedsp | 2       |
|       + PE_false_false_136157420                                      | 1   |        |            |       |              |         |
|         k_fu_91_p2                                                    |     |        | k          | add   | fabric       | 0       |
|         fmacc_32ns_32ns_32ns_1ns_32_3_primitive_dsp_1_U2497           | 1   |        | acc        | fmacc | primitivedsp | 2       |
|       + PE_false_false_151172435                                      | 1   |        |            |       |              |         |
|         k_fu_91_p2                                                    |     |        | k          | add   | fabric       | 0       |
|         fmacc_32ns_32ns_32ns_1ns_32_3_primitive_dsp_1_U2586           | 1   |        | acc        | fmacc | primitivedsp | 2       |
|       + PE_false_false_166187450                                      | 1   |        |            |       |              |         |
|         k_fu_91_p2                                                    |     |        | k          | add   | fabric       | 0       |
|         fmacc_32ns_32ns_32ns_1ns_32_3_primitive_dsp_1_U2675           | 1   |        | acc        | fmacc | primitivedsp | 2       |
|       + PE_false_false_181202465                                      | 1   |        |            |       |              |         |
|         k_fu_91_p2                                                    |     |        | k          | add   | fabric       | 0       |
|         fmacc_32ns_32ns_32ns_1ns_32_3_primitive_dsp_1_U2764           | 1   |        | acc        | fmacc | primitivedsp | 2       |
|       + PE_false_false_196217480                                      | 1   |        |            |       |              |         |
|         k_fu_91_p2                                                    |     |        | k          | add   | fabric       | 0       |
|         fmacc_32ns_32ns_32ns_1ns_32_3_primitive_dsp_1_U2853           | 1   |        | acc        | fmacc | primitivedsp | 2       |
|       + PE_false_false_211232495                                      | 1   |        |            |       |              |         |
|         k_fu_91_p2                                                    |     |        | k          | add   | fabric       | 0       |
|         fmacc_32ns_32ns_32ns_1ns_32_3_primitive_dsp_1_U2942           | 1   |        | acc        | fmacc | primitivedsp | 2       |
|       + PE_false_false_226247510                                      | 1   |        |            |       |              |         |
|         k_fu_91_p2                                                    |     |        | k          | add   | fabric       | 0       |
|         fmacc_32ns_32ns_32ns_1ns_32_3_primitive_dsp_1_U3031           | 1   |        | acc        | fmacc | primitivedsp | 2       |
|       + PE_true_false_240262525                                       | 1   |        |            |       |              |         |
|         k_fu_82_p2                                                    |     |        | k          | add   | fabric       | 0       |
|         fmacc_32ns_32ns_32ns_1ns_32_3_primitive_dsp_1_U3118           | 1   |        | acc        | fmacc | primitivedsp | 2       |
|       + PE_false_true_6283346                                         | 1   |        |            |       |              |         |
|         k_fu_82_p2                                                    |     |        | k          | add   | fabric       | 0       |
|         fmacc_32ns_32ns_32ns_1ns_32_3_primitive_dsp_1_U2058           | 1   |        | acc        | fmacc | primitivedsp | 2       |
|       + PE_false_false_7798361                                        | 1   |        |            |       |              |         |
|         k_fu_91_p2                                                    |     |        | k          | add   | fabric       | 0       |
|         fmacc_32ns_32ns_32ns_1ns_32_3_primitive_dsp_1_U2147           | 1   |        | acc        | fmacc | primitivedsp | 2       |
|       + PE_false_false_92113376                                       | 1   |        |            |       |              |         |
|         k_fu_91_p2                                                    |     |        | k          | add   | fabric       | 0       |
|         fmacc_32ns_32ns_32ns_1ns_32_3_primitive_dsp_1_U2236           | 1   |        | acc        | fmacc | primitivedsp | 2       |
|       + PE_false_false_107128391                                      | 1   |        |            |       |              |         |
|         k_fu_91_p2                                                    |     |        | k          | add   | fabric       | 0       |
|         fmacc_32ns_32ns_32ns_1ns_32_3_primitive_dsp_1_U2325           | 1   |        | acc        | fmacc | primitivedsp | 2       |
|       + PE_false_false_122143406                                      | 1   |        |            |       |              |         |
|         k_fu_91_p2                                                    |     |        | k          | add   | fabric       | 0       |
|         fmacc_32ns_32ns_32ns_1ns_32_3_primitive_dsp_1_U2414           | 1   |        | acc        | fmacc | primitivedsp | 2       |
|       + PE_false_false_137158421                                      | 1   |        |            |       |              |         |
|         k_fu_91_p2                                                    |     |        | k          | add   | fabric       | 0       |
|         fmacc_32ns_32ns_32ns_1ns_32_3_primitive_dsp_1_U2503           | 1   |        | acc        | fmacc | primitivedsp | 2       |
|       + PE_false_false_152173436                                      | 1   |        |            |       |              |         |
|         k_fu_91_p2                                                    |     |        | k          | add   | fabric       | 0       |
|         fmacc_32ns_32ns_32ns_1ns_32_3_primitive_dsp_1_U2592           | 1   |        | acc        | fmacc | primitivedsp | 2       |
|       + PE_false_false_167188451                                      | 1   |        |            |       |              |         |
|         k_fu_91_p2                                                    |     |        | k          | add   | fabric       | 0       |
|         fmacc_32ns_32ns_32ns_1ns_32_3_primitive_dsp_1_U2681           | 1   |        | acc        | fmacc | primitivedsp | 2       |
|       + PE_false_false_182203466                                      | 1   |        |            |       |              |         |
|         k_fu_91_p2                                                    |     |        | k          | add   | fabric       | 0       |
|         fmacc_32ns_32ns_32ns_1ns_32_3_primitive_dsp_1_U2770           | 1   |        | acc        | fmacc | primitivedsp | 2       |
|       + PE_false_false_197218481                                      | 1   |        |            |       |              |         |
|         k_fu_91_p2                                                    |     |        | k          | add   | fabric       | 0       |
|         fmacc_32ns_32ns_32ns_1ns_32_3_primitive_dsp_1_U2859           | 1   |        | acc        | fmacc | primitivedsp | 2       |
|       + PE_false_false_212233496                                      | 1   |        |            |       |              |         |
|         k_fu_91_p2                                                    |     |        | k          | add   | fabric       | 0       |
|         fmacc_32ns_32ns_32ns_1ns_32_3_primitive_dsp_1_U2948           | 1   |        | acc        | fmacc | primitivedsp | 2       |
|       + PE_false_false_227248511                                      | 1   |        |            |       |              |         |
|         k_fu_91_p2                                                    |     |        | k          | add   | fabric       | 0       |
|         fmacc_32ns_32ns_32ns_1ns_32_3_primitive_dsp_1_U3037           | 1   |        | acc        | fmacc | primitivedsp | 2       |
|       + PE_true_false_241263526                                       | 1   |        |            |       |              |         |
|         k_fu_82_p2                                                    |     |        | k          | add   | fabric       | 0       |
|         fmacc_32ns_32ns_32ns_1ns_32_3_primitive_dsp_1_U3123           | 1   |        | acc        | fmacc | primitivedsp | 2       |
|       + PE_false_true_7899362                                         | 1   |        |            |       |              |         |
|         k_fu_82_p2                                                    |     |        | k          | add   | fabric       | 0       |
|         fmacc_32ns_32ns_32ns_1ns_32_3_primitive_dsp_1_U2153           | 1   |        | acc        | fmacc | primitivedsp | 2       |
|       + PE_false_false_93114377                                       | 1   |        |            |       |              |         |
|         k_fu_91_p2                                                    |     |        | k          | add   | fabric       | 0       |
|         fmacc_32ns_32ns_32ns_1ns_32_3_primitive_dsp_1_U2242           | 1   |        | acc        | fmacc | primitivedsp | 2       |
|       + PE_false_false_108129392                                      | 1   |        |            |       |              |         |
|         k_fu_91_p2                                                    |     |        | k          | add   | fabric       | 0       |
|         fmacc_32ns_32ns_32ns_1ns_32_3_primitive_dsp_1_U2331           | 1   |        | acc        | fmacc | primitivedsp | 2       |
|       + PE_false_false_123144407                                      | 1   |        |            |       |              |         |
|         k_fu_91_p2                                                    |     |        | k          | add   | fabric       | 0       |
|         fmacc_32ns_32ns_32ns_1ns_32_3_primitive_dsp_1_U2420           | 1   |        | acc        | fmacc | primitivedsp | 2       |
|       + PE_false_false_138159422                                      | 1   |        |            |       |              |         |
|         k_fu_91_p2                                                    |     |        | k          | add   | fabric       | 0       |
|         fmacc_32ns_32ns_32ns_1ns_32_3_primitive_dsp_1_U2509           | 1   |        | acc        | fmacc | primitivedsp | 2       |
|       + PE_false_false_153174437                                      | 1   |        |            |       |              |         |
|         k_fu_91_p2                                                    |     |        | k          | add   | fabric       | 0       |
|         fmacc_32ns_32ns_32ns_1ns_32_3_primitive_dsp_1_U2598           | 1   |        | acc        | fmacc | primitivedsp | 2       |
|       + PE_false_false_168189452                                      | 1   |        |            |       |              |         |
|         k_fu_91_p2                                                    |     |        | k          | add   | fabric       | 0       |
|         fmacc_32ns_32ns_32ns_1ns_32_3_primitive_dsp_1_U2687           | 1   |        | acc        | fmacc | primitivedsp | 2       |
|       + PE_false_false_183204467                                      | 1   |        |            |       |              |         |
|         k_fu_91_p2                                                    |     |        | k          | add   | fabric       | 0       |
|         fmacc_32ns_32ns_32ns_1ns_32_3_primitive_dsp_1_U2776           | 1   |        | acc        | fmacc | primitivedsp | 2       |
|       + PE_false_false_198219482                                      | 1   |        |            |       |              |         |
|         k_fu_91_p2                                                    |     |        | k          | add   | fabric       | 0       |
|         fmacc_32ns_32ns_32ns_1ns_32_3_primitive_dsp_1_U2865           | 1   |        | acc        | fmacc | primitivedsp | 2       |
|       + PE_false_false_213234497                                      | 1   |        |            |       |              |         |
|         k_fu_91_p2                                                    |     |        | k          | add   | fabric       | 0       |
|         fmacc_32ns_32ns_32ns_1ns_32_3_primitive_dsp_1_U2954           | 1   |        | acc        | fmacc | primitivedsp | 2       |
|       + PE_false_false_228249512                                      | 1   |        |            |       |              |         |
|         k_fu_91_p2                                                    |     |        | k          | add   | fabric       | 0       |
|         fmacc_32ns_32ns_32ns_1ns_32_3_primitive_dsp_1_U3043           | 1   |        | acc        | fmacc | primitivedsp | 2       |
|       + PE_true_false_242264527                                       | 1   |        |            |       |              |         |
|         k_fu_82_p2                                                    |     |        | k          | add   | fabric       | 0       |
|         fmacc_32ns_32ns_32ns_1ns_32_3_primitive_dsp_1_U3128           | 1   |        | acc        | fmacc | primitivedsp | 2       |
|       + PE_false_true_94115378                                        | 1   |        |            |       |              |         |
|         k_fu_82_p2                                                    |     |        | k          | add   | fabric       | 0       |
|         fmacc_32ns_32ns_32ns_1ns_32_3_primitive_dsp_1_U2248           | 1   |        | acc        | fmacc | primitivedsp | 2       |
|       + PE_false_false_109130393                                      | 1   |        |            |       |              |         |
|         k_fu_91_p2                                                    |     |        | k          | add   | fabric       | 0       |
|         fmacc_32ns_32ns_32ns_1ns_32_3_primitive_dsp_1_U2337           | 1   |        | acc        | fmacc | primitivedsp | 2       |
|       + PE_false_false_124145408                                      | 1   |        |            |       |              |         |
|         k_fu_91_p2                                                    |     |        | k          | add   | fabric       | 0       |
|         fmacc_32ns_32ns_32ns_1ns_32_3_primitive_dsp_1_U2426           | 1   |        | acc        | fmacc | primitivedsp | 2       |
|       + PE_false_false_139160423                                      | 1   |        |            |       |              |         |
|         k_fu_91_p2                                                    |     |        | k          | add   | fabric       | 0       |
|         fmacc_32ns_32ns_32ns_1ns_32_3_primitive_dsp_1_U2515           | 1   |        | acc        | fmacc | primitivedsp | 2       |
|       + PE_false_false_154175438                                      | 1   |        |            |       |              |         |
|         k_fu_91_p2                                                    |     |        | k          | add   | fabric       | 0       |
|         fmacc_32ns_32ns_32ns_1ns_32_3_primitive_dsp_1_U2604           | 1   |        | acc        | fmacc | primitivedsp | 2       |
|       + PE_false_false_169190453                                      | 1   |        |            |       |              |         |
|         k_fu_91_p2                                                    |     |        | k          | add   | fabric       | 0       |
|         fmacc_32ns_32ns_32ns_1ns_32_3_primitive_dsp_1_U2693           | 1   |        | acc        | fmacc | primitivedsp | 2       |
|       + PE_false_false_184205468                                      | 1   |        |            |       |              |         |
|         k_fu_91_p2                                                    |     |        | k          | add   | fabric       | 0       |
|         fmacc_32ns_32ns_32ns_1ns_32_3_primitive_dsp_1_U2782           | 1   |        | acc        | fmacc | primitivedsp | 2       |
|       + PE_false_false_199220483                                      | 1   |        |            |       |              |         |
|         k_fu_91_p2                                                    |     |        | k          | add   | fabric       | 0       |
|         fmacc_32ns_32ns_32ns_1ns_32_3_primitive_dsp_1_U2871           | 1   |        | acc        | fmacc | primitivedsp | 2       |
|       + PE_false_false_214235498                                      | 1   |        |            |       |              |         |
|         k_fu_91_p2                                                    |     |        | k          | add   | fabric       | 0       |
|         fmacc_32ns_32ns_32ns_1ns_32_3_primitive_dsp_1_U2960           | 1   |        | acc        | fmacc | primitivedsp | 2       |
|       + PE_false_false_229250513                                      | 1   |        |            |       |              |         |
|         k_fu_91_p2                                                    |     |        | k          | add   | fabric       | 0       |
|         fmacc_32ns_32ns_32ns_1ns_32_3_primitive_dsp_1_U3049           | 1   |        | acc        | fmacc | primitivedsp | 2       |
|       + PE_true_false_243265528                                       | 1   |        |            |       |              |         |
|         k_fu_82_p2                                                    |     |        | k          | add   | fabric       | 0       |
|         fmacc_32ns_32ns_32ns_1ns_32_3_primitive_dsp_1_U3133           | 1   |        | acc        | fmacc | primitivedsp | 2       |
|       + PE_false_true_110131394                                       | 1   |        |            |       |              |         |
|         k_fu_82_p2                                                    |     |        | k          | add   | fabric       | 0       |
|         fmacc_32ns_32ns_32ns_1ns_32_3_primitive_dsp_1_U2343           | 1   |        | acc        | fmacc | primitivedsp | 2       |
|       + PE_false_false_125146409                                      | 1   |        |            |       |              |         |
|         k_fu_91_p2                                                    |     |        | k          | add   | fabric       | 0       |
|         fmacc_32ns_32ns_32ns_1ns_32_3_primitive_dsp_1_U2432           | 1   |        | acc        | fmacc | primitivedsp | 2       |
|       + PE_false_false_140161424                                      | 1   |        |            |       |              |         |
|         k_fu_91_p2                                                    |     |        | k          | add   | fabric       | 0       |
|         fmacc_32ns_32ns_32ns_1ns_32_3_primitive_dsp_1_U2521           | 1   |        | acc        | fmacc | primitivedsp | 2       |
|       + PE_false_false_155176439                                      | 1   |        |            |       |              |         |
|         k_fu_91_p2                                                    |     |        | k          | add   | fabric       | 0       |
|         fmacc_32ns_32ns_32ns_1ns_32_3_primitive_dsp_1_U2610           | 1   |        | acc        | fmacc | primitivedsp | 2       |
|       + PE_false_false_170191454                                      | 1   |        |            |       |              |         |
|         k_fu_91_p2                                                    |     |        | k          | add   | fabric       | 0       |
|         fmacc_32ns_32ns_32ns_1ns_32_3_primitive_dsp_1_U2699           | 1   |        | acc        | fmacc | primitivedsp | 2       |
|       + PE_false_false_185206469                                      | 1   |        |            |       |              |         |
|         k_fu_91_p2                                                    |     |        | k          | add   | fabric       | 0       |
|         fmacc_32ns_32ns_32ns_1ns_32_3_primitive_dsp_1_U2788           | 1   |        | acc        | fmacc | primitivedsp | 2       |
|       + PE_false_false_200221484                                      | 1   |        |            |       |              |         |
|         k_fu_91_p2                                                    |     |        | k          | add   | fabric       | 0       |
|         fmacc_32ns_32ns_32ns_1ns_32_3_primitive_dsp_1_U2877           | 1   |        | acc        | fmacc | primitivedsp | 2       |
|       + PE_false_false_215236499                                      | 1   |        |            |       |              |         |
|         k_fu_91_p2                                                    |     |        | k          | add   | fabric       | 0       |
|         fmacc_32ns_32ns_32ns_1ns_32_3_primitive_dsp_1_U2966           | 1   |        | acc        | fmacc | primitivedsp | 2       |
|       + PE_false_false_230251514                                      | 1   |        |            |       |              |         |
|         k_fu_91_p2                                                    |     |        | k          | add   | fabric       | 0       |
|         fmacc_32ns_32ns_32ns_1ns_32_3_primitive_dsp_1_U3055           | 1   |        | acc        | fmacc | primitivedsp | 2       |
|       + PE_true_false_244266529                                       | 1   |        |            |       |              |         |
|         k_fu_82_p2                                                    |     |        | k          | add   | fabric       | 0       |
|         fmacc_32ns_32ns_32ns_1ns_32_3_primitive_dsp_1_U3138           | 1   |        | acc        | fmacc | primitivedsp | 2       |
|       + PE_false_true_126147410                                       | 1   |        |            |       |              |         |
|         k_fu_82_p2                                                    |     |        | k          | add   | fabric       | 0       |
|         fmacc_32ns_32ns_32ns_1ns_32_3_primitive_dsp_1_U2438           | 1   |        | acc        | fmacc | primitivedsp | 2       |
|       + PE_false_false_141162425                                      | 1   |        |            |       |              |         |
|         k_fu_91_p2                                                    |     |        | k          | add   | fabric       | 0       |
|         fmacc_32ns_32ns_32ns_1ns_32_3_primitive_dsp_1_U2527           | 1   |        | acc        | fmacc | primitivedsp | 2       |
|       + PE_false_false_156177440                                      | 1   |        |            |       |              |         |
|         k_fu_91_p2                                                    |     |        | k          | add   | fabric       | 0       |
|         fmacc_32ns_32ns_32ns_1ns_32_3_primitive_dsp_1_U2616           | 1   |        | acc        | fmacc | primitivedsp | 2       |
|       + PE_false_false_171192455                                      | 1   |        |            |       |              |         |
|         k_fu_91_p2                                                    |     |        | k          | add   | fabric       | 0       |
|         fmacc_32ns_32ns_32ns_1ns_32_3_primitive_dsp_1_U2705           | 1   |        | acc        | fmacc | primitivedsp | 2       |
|       + PE_false_false_186207470                                      | 1   |        |            |       |              |         |
|         k_fu_91_p2                                                    |     |        | k          | add   | fabric       | 0       |
|         fmacc_32ns_32ns_32ns_1ns_32_3_primitive_dsp_1_U2794           | 1   |        | acc        | fmacc | primitivedsp | 2       |
|       + PE_false_false_201222485                                      | 1   |        |            |       |              |         |
|         k_fu_91_p2                                                    |     |        | k          | add   | fabric       | 0       |
|         fmacc_32ns_32ns_32ns_1ns_32_3_primitive_dsp_1_U2883           | 1   |        | acc        | fmacc | primitivedsp | 2       |
|       + PE_false_false_216237500                                      | 1   |        |            |       |              |         |
|         k_fu_91_p2                                                    |     |        | k          | add   | fabric       | 0       |
|         fmacc_32ns_32ns_32ns_1ns_32_3_primitive_dsp_1_U2972           | 1   |        | acc        | fmacc | primitivedsp | 2       |
|       + PE_false_false_231252515                                      | 1   |        |            |       |              |         |
|         k_fu_91_p2                                                    |     |        | k          | add   | fabric       | 0       |
|         fmacc_32ns_32ns_32ns_1ns_32_3_primitive_dsp_1_U3061           | 1   |        | acc        | fmacc | primitivedsp | 2       |
|       + PE_true_false_245267530                                       | 1   |        |            |       |              |         |
|         k_fu_82_p2                                                    |     |        | k          | add   | fabric       | 0       |
|         fmacc_32ns_32ns_32ns_1ns_32_3_primitive_dsp_1_U3143           | 1   |        | acc        | fmacc | primitivedsp | 2       |
|       + PE_false_true_142163426                                       | 1   |        |            |       |              |         |
|         k_fu_82_p2                                                    |     |        | k          | add   | fabric       | 0       |
|         fmacc_32ns_32ns_32ns_1ns_32_3_primitive_dsp_1_U2533           | 1   |        | acc        | fmacc | primitivedsp | 2       |
|       + PE_false_false_157178441                                      | 1   |        |            |       |              |         |
|         k_fu_91_p2                                                    |     |        | k          | add   | fabric       | 0       |
|         fmacc_32ns_32ns_32ns_1ns_32_3_primitive_dsp_1_U2622           | 1   |        | acc        | fmacc | primitivedsp | 2       |
|       + PE_false_false_172193456                                      | 1   |        |            |       |              |         |
|         k_fu_91_p2                                                    |     |        | k          | add   | fabric       | 0       |
|         fmacc_32ns_32ns_32ns_1ns_32_3_primitive_dsp_1_U2711           | 1   |        | acc        | fmacc | primitivedsp | 2       |
|       + PE_false_false_187208471                                      | 1   |        |            |       |              |         |
|         k_fu_91_p2                                                    |     |        | k          | add   | fabric       | 0       |
|         fmacc_32ns_32ns_32ns_1ns_32_3_primitive_dsp_1_U2800           | 1   |        | acc        | fmacc | primitivedsp | 2       |
|       + PE_false_false_202223486                                      | 1   |        |            |       |              |         |
|         k_fu_91_p2                                                    |     |        | k          | add   | fabric       | 0       |
|         fmacc_32ns_32ns_32ns_1ns_32_3_primitive_dsp_1_U2889           | 1   |        | acc        | fmacc | primitivedsp | 2       |
|       + PE_false_false_217238501                                      | 1   |        |            |       |              |         |
|         k_fu_91_p2                                                    |     |        | k          | add   | fabric       | 0       |
|         fmacc_32ns_32ns_32ns_1ns_32_3_primitive_dsp_1_U2978           | 1   |        | acc        | fmacc | primitivedsp | 2       |
|       + PE_false_false_232253516                                      | 1   |        |            |       |              |         |
|         k_fu_91_p2                                                    |     |        | k          | add   | fabric       | 0       |
|         fmacc_32ns_32ns_32ns_1ns_32_3_primitive_dsp_1_U3067           | 1   |        | acc        | fmacc | primitivedsp | 2       |
|       + PE_true_false_246268531                                       | 1   |        |            |       |              |         |
|         k_fu_82_p2                                                    |     |        | k          | add   | fabric       | 0       |
|         fmacc_32ns_32ns_32ns_1ns_32_3_primitive_dsp_1_U3148           | 1   |        | acc        | fmacc | primitivedsp | 2       |
|       + PE_false_true_158179442                                       | 1   |        |            |       |              |         |
|         k_fu_82_p2                                                    |     |        | k          | add   | fabric       | 0       |
|         fmacc_32ns_32ns_32ns_1ns_32_3_primitive_dsp_1_U2628           | 1   |        | acc        | fmacc | primitivedsp | 2       |
|       + PE_false_false_173194457                                      | 1   |        |            |       |              |         |
|         k_fu_91_p2                                                    |     |        | k          | add   | fabric       | 0       |
|         fmacc_32ns_32ns_32ns_1ns_32_3_primitive_dsp_1_U2717           | 1   |        | acc        | fmacc | primitivedsp | 2       |
|       + PE_false_false_188209472                                      | 1   |        |            |       |              |         |
|         k_fu_91_p2                                                    |     |        | k          | add   | fabric       | 0       |
|         fmacc_32ns_32ns_32ns_1ns_32_3_primitive_dsp_1_U2806           | 1   |        | acc        | fmacc | primitivedsp | 2       |
|       + PE_false_false_203224487                                      | 1   |        |            |       |              |         |
|         k_fu_91_p2                                                    |     |        | k          | add   | fabric       | 0       |
|         fmacc_32ns_32ns_32ns_1ns_32_3_primitive_dsp_1_U2895           | 1   |        | acc        | fmacc | primitivedsp | 2       |
|       + PE_false_false_218239502                                      | 1   |        |            |       |              |         |
|         k_fu_91_p2                                                    |     |        | k          | add   | fabric       | 0       |
|         fmacc_32ns_32ns_32ns_1ns_32_3_primitive_dsp_1_U2984           | 1   |        | acc        | fmacc | primitivedsp | 2       |
|       + PE_false_false_233254517                                      | 1   |        |            |       |              |         |
|         k_fu_91_p2                                                    |     |        | k          | add   | fabric       | 0       |
|         fmacc_32ns_32ns_32ns_1ns_32_3_primitive_dsp_1_U3073           | 1   |        | acc        | fmacc | primitivedsp | 2       |
|       + PE_true_false_247269532                                       | 1   |        |            |       |              |         |
|         k_fu_82_p2                                                    |     |        | k          | add   | fabric       | 0       |
|         fmacc_32ns_32ns_32ns_1ns_32_3_primitive_dsp_1_U3153           | 1   |        | acc        | fmacc | primitivedsp | 2       |
|       + PE_false_true_174195458                                       | 1   |        |            |       |              |         |
|         k_fu_82_p2                                                    |     |        | k          | add   | fabric       | 0       |
|         fmacc_32ns_32ns_32ns_1ns_32_3_primitive_dsp_1_U2723           | 1   |        | acc        | fmacc | primitivedsp | 2       |
|       + PE_false_false_189210473                                      | 1   |        |            |       |              |         |
|         k_fu_91_p2                                                    |     |        | k          | add   | fabric       | 0       |
|         fmacc_32ns_32ns_32ns_1ns_32_3_primitive_dsp_1_U2812           | 1   |        | acc        | fmacc | primitivedsp | 2       |
|       + PE_false_false_204225488                                      | 1   |        |            |       |              |         |
|         k_fu_91_p2                                                    |     |        | k          | add   | fabric       | 0       |
|         fmacc_32ns_32ns_32ns_1ns_32_3_primitive_dsp_1_U2901           | 1   |        | acc        | fmacc | primitivedsp | 2       |
|       + PE_false_false_219240503                                      | 1   |        |            |       |              |         |
|         k_fu_91_p2                                                    |     |        | k          | add   | fabric       | 0       |
|         fmacc_32ns_32ns_32ns_1ns_32_3_primitive_dsp_1_U2990           | 1   |        | acc        | fmacc | primitivedsp | 2       |
|       + PE_false_false_234255518                                      | 1   |        |            |       |              |         |
|         k_fu_91_p2                                                    |     |        | k          | add   | fabric       | 0       |
|         fmacc_32ns_32ns_32ns_1ns_32_3_primitive_dsp_1_U3079           | 1   |        | acc        | fmacc | primitivedsp | 2       |
|       + PE_true_false_248270533                                       | 1   |        |            |       |              |         |
|         k_fu_82_p2                                                    |     |        | k          | add   | fabric       | 0       |
|         fmacc_32ns_32ns_32ns_1ns_32_3_primitive_dsp_1_U3158           | 1   |        | acc        | fmacc | primitivedsp | 2       |
|       + PE_false_true_190211474                                       | 1   |        |            |       |              |         |
|         k_fu_82_p2                                                    |     |        | k          | add   | fabric       | 0       |
|         fmacc_32ns_32ns_32ns_1ns_32_3_primitive_dsp_1_U2818           | 1   |        | acc        | fmacc | primitivedsp | 2       |
|       + PE_false_false_205226489                                      | 1   |        |            |       |              |         |
|         k_fu_91_p2                                                    |     |        | k          | add   | fabric       | 0       |
|         fmacc_32ns_32ns_32ns_1ns_32_3_primitive_dsp_1_U2907           | 1   |        | acc        | fmacc | primitivedsp | 2       |
|       + PE_false_false_220241504                                      | 1   |        |            |       |              |         |
|         k_fu_91_p2                                                    |     |        | k          | add   | fabric       | 0       |
|         fmacc_32ns_32ns_32ns_1ns_32_3_primitive_dsp_1_U2996           | 1   |        | acc        | fmacc | primitivedsp | 2       |
|       + PE_false_false_235256519                                      | 1   |        |            |       |              |         |
|         k_fu_91_p2                                                    |     |        | k          | add   | fabric       | 0       |
|         fmacc_32ns_32ns_32ns_1ns_32_3_primitive_dsp_1_U3085           | 1   |        | acc        | fmacc | primitivedsp | 2       |
|       + PE_true_false_249271534                                       | 1   |        |            |       |              |         |
|         k_fu_82_p2                                                    |     |        | k          | add   | fabric       | 0       |
|         fmacc_32ns_32ns_32ns_1ns_32_3_primitive_dsp_1_U3163           | 1   |        | acc        | fmacc | primitivedsp | 2       |
|       + PE_false_true_206227490                                       | 1   |        |            |       |              |         |
|         k_fu_82_p2                                                    |     |        | k          | add   | fabric       | 0       |
|         fmacc_32ns_32ns_32ns_1ns_32_3_primitive_dsp_1_U2913           | 1   |        | acc        | fmacc | primitivedsp | 2       |
|       + PE_false_false_221242505                                      | 1   |        |            |       |              |         |
|         k_fu_91_p2                                                    |     |        | k          | add   | fabric       | 0       |
|         fmacc_32ns_32ns_32ns_1ns_32_3_primitive_dsp_1_U3002           | 1   |        | acc        | fmacc | primitivedsp | 2       |
|       + PE_false_false_236257520                                      | 1   |        |            |       |              |         |
|         k_fu_91_p2                                                    |     |        | k          | add   | fabric       | 0       |
|         fmacc_32ns_32ns_32ns_1ns_32_3_primitive_dsp_1_U3091           | 1   |        | acc        | fmacc | primitivedsp | 2       |
|       + PE_true_false_250272535                                       | 1   |        |            |       |              |         |
|         k_fu_82_p2                                                    |     |        | k          | add   | fabric       | 0       |
|         fmacc_32ns_32ns_32ns_1ns_32_3_primitive_dsp_1_U3168           | 1   |        | acc        | fmacc | primitivedsp | 2       |
|       + PE_false_true_222243506                                       | 1   |        |            |       |              |         |
|         k_fu_82_p2                                                    |     |        | k          | add   | fabric       | 0       |
|         fmacc_32ns_32ns_32ns_1ns_32_3_primitive_dsp_1_U3008           | 1   |        | acc        | fmacc | primitivedsp | 2       |
|       + PE_false_false_237258521                                      | 1   |        |            |       |              |         |
|         k_fu_91_p2                                                    |     |        | k          | add   | fabric       | 0       |
|         fmacc_32ns_32ns_32ns_1ns_32_3_primitive_dsp_1_U3097           | 1   |        | acc        | fmacc | primitivedsp | 2       |
|       + PE_true_false_251273536                                       | 1   |        |            |       |              |         |
|         k_fu_82_p2                                                    |     |        | k          | add   | fabric       | 0       |
|         fmacc_32ns_32ns_32ns_1ns_32_3_primitive_dsp_1_U3173           | 1   |        | acc        | fmacc | primitivedsp | 2       |
|       + PE_false_true_238259522                                       | 1   |        |            |       |              |         |
|         k_fu_82_p2                                                    |     |        | k          | add   | fabric       | 0       |
|         fmacc_32ns_32ns_32ns_1ns_32_3_primitive_dsp_1_U3103           | 1   |        | acc        | fmacc | primitivedsp | 2       |
|       + PE_true_false_252274537                                       | 1   |        |            |       |              |         |
|         k_fu_82_p2                                                    |     |        | k          | add   | fabric       | 0       |
|         fmacc_32ns_32ns_32ns_1ns_32_3_primitive_dsp_1_U3178           | 1   |        | acc        | fmacc | primitivedsp | 2       |
|       + PE_true_true_275538                                           | 1   |        |            |       |              |         |
|         k_fu_73_p2                                                    |     |        | k          | add   | fabric       | 0       |
|         fmacc_32ns_32ns_32ns_1ns_32_3_primitive_dsp_1_U3183           | 1   |        | acc        | fmacc | primitivedsp | 2       |
|       + dataflow_in_loop_tile_loop_A_Block_newFuncRoot1325_proc276539 | 0   |        |            |       |              |         |
|        + stream_to_C_Vec                                              | 0   |        |            |       |              |         |
|          add_ln5_fu_2767_p2                                           |     |        | add_ln5    | add   | fabric       | 0       |
|  + storeOutputToDRAM                                                  | 0   |        |            |       |              |         |
|    add_ln74_1_fu_975_p2                                               |     |        | add_ln74_1 | add   | fabric       | 0       |
|    add_ln74_fu_993_p2                                                 |     |        | add_ln74   | add   | fabric       | 0       |
|    add_ln75_fu_1017_p2                                                |     |        | add_ln75   | add   | fabric       | 0       |
+-----------------------------------------------------------------------+-----+--------+------------+-------+--------------+---------+


================================================================
== Storage Report
================================================================
+----------------------------------------+---------------+-------------+------+------+--------+--------------+--------+---------+------------------+
| Name                                   | Usage         | Type        | BRAM | URAM | Pragma | Variable     | Impl   | Latency | Bitwidth, Depth, |
|                                        |               |             |      |      |        |              |        |         | Banks            |
+----------------------------------------+---------------+-------------+------+------+--------+--------------+--------+---------+------------------+
| + gemm                                 |               |             | 264  | 0    |        |              |        |         |                  |
|   control_s_axi_U                      | interface     | s_axilite   |      |      |        |              |        |         |                  |
|   gmem0_m_axi_U                        | interface     | m_axi       | 72   |      |        |              |        |         |                  |
|   gmem1_m_axi_U                        | interface     | m_axi       | 72   |      |        |              |        |         |                  |
|   gmem2_m_axi_U                        | interface     | m_axi       | 72   |      |        |              |        |         |                  |
|   C_DRAM_c_U                           | fifo channel  | scalar prop |      |      |        | C_DRAM_c     | memory | 0       | 64, 4, 1         |
|   A_in_U                               | fifo channel  | stream      |      |      |        | A_in         | memory | 0       | 1024, 16, 1      |
|   B_in_U                               | fifo channel  | stream      |      |      |        | B_in         | memory | 0       | 1024, 16, 1      |
|   C_out_0_0_U                          | fifo channel  | stream      |      |      |        | C_out_0_0    | memory | 0       | 512, 16, 1       |
|   C_out_0_1_U                          | fifo channel  | stream      |      |      |        | C_out_0_1    | memory | 0       | 512, 16, 1       |
|   C_out_0_2_U                          | fifo channel  | stream      |      |      |        | C_out_0_2    | memory | 0       | 512, 16, 1       |
|   C_out_0_3_U                          | fifo channel  | stream      |      |      |        | C_out_0_3    | memory | 0       | 512, 16, 1       |
|   C_out_0_4_U                          | fifo channel  | stream      |      |      |        | C_out_0_4    | memory | 0       | 512, 16, 1       |
|   C_out_0_5_U                          | fifo channel  | stream      |      |      |        | C_out_0_5    | memory | 0       | 512, 16, 1       |
|   C_out_0_6_U                          | fifo channel  | stream      |      |      |        | C_out_0_6    | memory | 0       | 512, 16, 1       |
|   C_out_0_7_U                          | fifo channel  | stream      |      |      |        | C_out_0_7    | memory | 0       | 512, 16, 1       |
|   C_out_1_0_U                          | fifo channel  | stream      |      |      |        | C_out_1_0    | memory | 0       | 512, 16, 1       |
|   C_out_1_1_U                          | fifo channel  | stream      |      |      |        | C_out_1_1    | memory | 0       | 512, 16, 1       |
|   C_out_1_2_U                          | fifo channel  | stream      |      |      |        | C_out_1_2    | memory | 0       | 512, 16, 1       |
|   C_out_1_3_U                          | fifo channel  | stream      |      |      |        | C_out_1_3    | memory | 0       | 512, 16, 1       |
|   C_out_1_4_U                          | fifo channel  | stream      |      |      |        | C_out_1_4    | memory | 0       | 512, 16, 1       |
|   C_out_1_5_U                          | fifo channel  | stream      |      |      |        | C_out_1_5    | memory | 0       | 512, 16, 1       |
|   C_out_1_6_U                          | fifo channel  | stream      |      |      |        | C_out_1_6    | memory | 0       | 512, 16, 1       |
|   C_out_1_7_U                          | fifo channel  | stream      |      |      |        | C_out_1_7    | memory | 0       | 512, 16, 1       |
|   C_out_2_0_U                          | fifo channel  | stream      |      |      |        | C_out_2_0    | memory | 0       | 512, 16, 1       |
|   C_out_2_1_U                          | fifo channel  | stream      |      |      |        | C_out_2_1    | memory | 0       | 512, 16, 1       |
|   C_out_2_2_U                          | fifo channel  | stream      |      |      |        | C_out_2_2    | memory | 0       | 512, 16, 1       |
|   C_out_2_3_U                          | fifo channel  | stream      |      |      |        | C_out_2_3    | memory | 0       | 512, 16, 1       |
|   C_out_2_4_U                          | fifo channel  | stream      |      |      |        | C_out_2_4    | memory | 0       | 512, 16, 1       |
|   C_out_2_5_U                          | fifo channel  | stream      |      |      |        | C_out_2_5    | memory | 0       | 512, 16, 1       |
|   C_out_2_6_U                          | fifo channel  | stream      |      |      |        | C_out_2_6    | memory | 0       | 512, 16, 1       |
|   C_out_2_7_U                          | fifo channel  | stream      |      |      |        | C_out_2_7    | memory | 0       | 512, 16, 1       |
|   C_out_3_0_U                          | fifo channel  | stream      |      |      |        | C_out_3_0    | memory | 0       | 512, 16, 1       |
|   C_out_3_1_U                          | fifo channel  | stream      |      |      |        | C_out_3_1    | memory | 0       | 512, 16, 1       |
|   C_out_3_2_U                          | fifo channel  | stream      |      |      |        | C_out_3_2    | memory | 0       | 512, 16, 1       |
|   C_out_3_3_U                          | fifo channel  | stream      |      |      |        | C_out_3_3    | memory | 0       | 512, 16, 1       |
|   C_out_3_4_U                          | fifo channel  | stream      |      |      |        | C_out_3_4    | memory | 0       | 512, 16, 1       |
|   C_out_3_5_U                          | fifo channel  | stream      |      |      |        | C_out_3_5    | memory | 0       | 512, 16, 1       |
|   C_out_3_6_U                          | fifo channel  | stream      |      |      |        | C_out_3_6    | memory | 0       | 512, 16, 1       |
|   C_out_3_7_U                          | fifo channel  | stream      |      |      |        | C_out_3_7    | memory | 0       | 512, 16, 1       |
|   C_out_4_0_U                          | fifo channel  | stream      |      |      |        | C_out_4_0    | memory | 0       | 512, 16, 1       |
|   C_out_4_1_U                          | fifo channel  | stream      |      |      |        | C_out_4_1    | memory | 0       | 512, 16, 1       |
|   C_out_4_2_U                          | fifo channel  | stream      |      |      |        | C_out_4_2    | memory | 0       | 512, 16, 1       |
|   C_out_4_3_U                          | fifo channel  | stream      |      |      |        | C_out_4_3    | memory | 0       | 512, 16, 1       |
|   C_out_4_4_U                          | fifo channel  | stream      |      |      |        | C_out_4_4    | memory | 0       | 512, 16, 1       |
|   C_out_4_5_U                          | fifo channel  | stream      |      |      |        | C_out_4_5    | memory | 0       | 512, 16, 1       |
|   C_out_4_6_U                          | fifo channel  | stream      |      |      |        | C_out_4_6    | memory | 0       | 512, 16, 1       |
|   C_out_4_7_U                          | fifo channel  | stream      |      |      |        | C_out_4_7    | memory | 0       | 512, 16, 1       |
|   C_out_5_0_U                          | fifo channel  | stream      |      |      |        | C_out_5_0    | memory | 0       | 512, 16, 1       |
|   C_out_5_1_U                          | fifo channel  | stream      |      |      |        | C_out_5_1    | memory | 0       | 512, 16, 1       |
|   C_out_5_2_U                          | fifo channel  | stream      |      |      |        | C_out_5_2    | memory | 0       | 512, 16, 1       |
|   C_out_5_3_U                          | fifo channel  | stream      |      |      |        | C_out_5_3    | memory | 0       | 512, 16, 1       |
|   C_out_5_4_U                          | fifo channel  | stream      |      |      |        | C_out_5_4    | memory | 0       | 512, 16, 1       |
|   C_out_5_5_U                          | fifo channel  | stream      |      |      |        | C_out_5_5    | memory | 0       | 512, 16, 1       |
|   C_out_5_6_U                          | fifo channel  | stream      |      |      |        | C_out_5_6    | memory | 0       | 512, 16, 1       |
|   C_out_5_7_U                          | fifo channel  | stream      |      |      |        | C_out_5_7    | memory | 0       | 512, 16, 1       |
|   C_out_6_0_U                          | fifo channel  | stream      |      |      |        | C_out_6_0    | memory | 0       | 512, 16, 1       |
|   C_out_6_1_U                          | fifo channel  | stream      |      |      |        | C_out_6_1    | memory | 0       | 512, 16, 1       |
|   C_out_6_2_U                          | fifo channel  | stream      |      |      |        | C_out_6_2    | memory | 0       | 512, 16, 1       |
|   C_out_6_3_U                          | fifo channel  | stream      |      |      |        | C_out_6_3    | memory | 0       | 512, 16, 1       |
|   C_out_6_4_U                          | fifo channel  | stream      |      |      |        | C_out_6_4    | memory | 0       | 512, 16, 1       |
|   C_out_6_5_U                          | fifo channel  | stream      |      |      |        | C_out_6_5    | memory | 0       | 512, 16, 1       |
|   C_out_6_6_U                          | fifo channel  | stream      |      |      |        | C_out_6_6    | memory | 0       | 512, 16, 1       |
|   C_out_6_7_U                          | fifo channel  | stream      |      |      |        | C_out_6_7    | memory | 0       | 512, 16, 1       |
|   C_out_7_0_U                          | fifo channel  | stream      |      |      |        | C_out_7_0    | memory | 0       | 512, 16, 1       |
|   C_out_7_1_U                          | fifo channel  | stream      |      |      |        | C_out_7_1    | memory | 0       | 512, 16, 1       |
|   C_out_7_2_U                          | fifo channel  | stream      |      |      |        | C_out_7_2    | memory | 0       | 512, 16, 1       |
|   C_out_7_3_U                          | fifo channel  | stream      |      |      |        | C_out_7_3    | memory | 0       | 512, 16, 1       |
|   C_out_7_4_U                          | fifo channel  | stream      |      |      |        | C_out_7_4    | memory | 0       | 512, 16, 1       |
|   C_out_7_5_U                          | fifo channel  | stream      |      |      |        | C_out_7_5    | memory | 0       | 512, 16, 1       |
|   C_out_7_6_U                          | fifo channel  | stream      |      |      |        | C_out_7_6    | memory | 0       | 512, 16, 1       |
|   C_out_7_7_U                          | fifo channel  | stream      |      |      |        | C_out_7_7    | memory | 0       | 512, 16, 1       |
|  + loadInputsFromDRAM                  |               |             | 48   | 0    |        |              |        |         |                  |
|   + load_A                             |               |             | 32   | 0    |        |              |        |         |                  |
|     A_BUF_0_U                          | ram_1p array  |             | 1    |      |        | A_BUF_0      | auto   | 1       | 32, 128, 1       |
|     A_BUF_1_U                          | ram_1p array  |             | 1    |      |        | A_BUF_1      | auto   | 1       | 32, 128, 1       |
|     A_BUF_2_U                          | ram_1p array  |             | 1    |      |        | A_BUF_2      | auto   | 1       | 32, 128, 1       |
|     A_BUF_3_U                          | ram_1p array  |             | 1    |      |        | A_BUF_3      | auto   | 1       | 32, 128, 1       |
|     A_BUF_4_U                          | ram_1p array  |             | 1    |      |        | A_BUF_4      | auto   | 1       | 32, 128, 1       |
|     A_BUF_5_U                          | ram_1p array  |             | 1    |      |        | A_BUF_5      | auto   | 1       | 32, 128, 1       |
|     A_BUF_6_U                          | ram_1p array  |             | 1    |      |        | A_BUF_6      | auto   | 1       | 32, 128, 1       |
|     A_BUF_7_U                          | ram_1p array  |             | 1    |      |        | A_BUF_7      | auto   | 1       | 32, 128, 1       |
|     A_BUF_8_U                          | ram_1p array  |             | 1    |      |        | A_BUF_8      | auto   | 1       | 32, 128, 1       |
|     A_BUF_9_U                          | ram_1p array  |             | 1    |      |        | A_BUF_9      | auto   | 1       | 32, 128, 1       |
|     A_BUF_10_U                         | ram_1p array  |             | 1    |      |        | A_BUF_10     | auto   | 1       | 32, 128, 1       |
|     A_BUF_11_U                         | ram_1p array  |             | 1    |      |        | A_BUF_11     | auto   | 1       | 32, 128, 1       |
|     A_BUF_12_U                         | ram_1p array  |             | 1    |      |        | A_BUF_12     | auto   | 1       | 32, 128, 1       |
|     A_BUF_13_U                         | ram_1p array  |             | 1    |      |        | A_BUF_13     | auto   | 1       | 32, 128, 1       |
|     A_BUF_14_U                         | ram_1p array  |             | 1    |      |        | A_BUF_14     | auto   | 1       | 32, 128, 1       |
|     A_BUF_15_U                         | ram_1p array  |             | 1    |      |        | A_BUF_15     | auto   | 1       | 32, 128, 1       |
|     A_BUF_16_U                         | ram_1p array  |             | 1    |      |        | A_BUF_16     | auto   | 1       | 32, 128, 1       |
|     A_BUF_17_U                         | ram_1p array  |             | 1    |      |        | A_BUF_17     | auto   | 1       | 32, 128, 1       |
|     A_BUF_18_U                         | ram_1p array  |             | 1    |      |        | A_BUF_18     | auto   | 1       | 32, 128, 1       |
|     A_BUF_19_U                         | ram_1p array  |             | 1    |      |        | A_BUF_19     | auto   | 1       | 32, 128, 1       |
|     A_BUF_20_U                         | ram_1p array  |             | 1    |      |        | A_BUF_20     | auto   | 1       | 32, 128, 1       |
|     A_BUF_21_U                         | ram_1p array  |             | 1    |      |        | A_BUF_21     | auto   | 1       | 32, 128, 1       |
|     A_BUF_22_U                         | ram_1p array  |             | 1    |      |        | A_BUF_22     | auto   | 1       | 32, 128, 1       |
|     A_BUF_23_U                         | ram_1p array  |             | 1    |      |        | A_BUF_23     | auto   | 1       | 32, 128, 1       |
|     A_BUF_24_U                         | ram_1p array  |             | 1    |      |        | A_BUF_24     | auto   | 1       | 32, 128, 1       |
|     A_BUF_25_U                         | ram_1p array  |             | 1    |      |        | A_BUF_25     | auto   | 1       | 32, 128, 1       |
|     A_BUF_26_U                         | ram_1p array  |             | 1    |      |        | A_BUF_26     | auto   | 1       | 32, 128, 1       |
|     A_BUF_27_U                         | ram_1p array  |             | 1    |      |        | A_BUF_27     | auto   | 1       | 32, 128, 1       |
|     A_BUF_28_U                         | ram_1p array  |             | 1    |      |        | A_BUF_28     | auto   | 1       | 32, 128, 1       |
|     A_BUF_29_U                         | ram_1p array  |             | 1    |      |        | A_BUF_29     | auto   | 1       | 32, 128, 1       |
|     A_BUF_30_U                         | ram_1p array  |             | 1    |      |        | A_BUF_30     | auto   | 1       | 32, 128, 1       |
|     A_BUF_31_U                         | ram_1p array  |             | 1    |      |        | A_BUF_31     | auto   | 1       | 32, 128, 1       |
|   + load_B                             |               |             | 16   | 0    |        |              |        |         |                  |
|     B_BUF_U                            | ram_s2p array |             | 16   |      |        | B_BUF        | auto   | 1       | 512, 32, 1       |
|  + runSystolicArray                    |               |             | 0    | 0    |        |              |        |         |                  |
|   + dataflow_in_loop_tile_loop_B       |               |             | 0    | 0    |        |              |        |         |                  |
|     tileB_c_U                          | fifo channel  | scalar prop |      |      |        | tileB_c      | memory | 0       | 3, 3, 1          |
|     B_TILE_511_U                       | fifo channel  | task level  |      |      |        | B_TILE_511   | memory | 0       | 32, 2, 1         |
|     B_TILE_510_U                       | fifo channel  | task level  |      |      |        | B_TILE_510   | memory | 0       | 32, 2, 1         |
|     B_TILE_509_U                       | fifo channel  | task level  |      |      |        | B_TILE_509   | memory | 0       | 32, 2, 1         |
|     B_TILE_508_U                       | fifo channel  | task level  |      |      |        | B_TILE_508   | memory | 0       | 32, 2, 1         |
|     B_TILE_507_U                       | fifo channel  | task level  |      |      |        | B_TILE_507   | memory | 0       | 32, 2, 1         |
|     B_TILE_506_U                       | fifo channel  | task level  |      |      |        | B_TILE_506   | memory | 0       | 32, 2, 1         |
|     B_TILE_505_U                       | fifo channel  | task level  |      |      |        | B_TILE_505   | memory | 0       | 32, 2, 1         |
|     B_TILE_504_U                       | fifo channel  | task level  |      |      |        | B_TILE_504   | memory | 0       | 32, 2, 1         |
|     B_TILE_503_U                       | fifo channel  | task level  |      |      |        | B_TILE_503   | memory | 0       | 32, 2, 1         |
|     B_TILE_502_U                       | fifo channel  | task level  |      |      |        | B_TILE_502   | memory | 0       | 32, 2, 1         |
|     B_TILE_501_U                       | fifo channel  | task level  |      |      |        | B_TILE_501   | memory | 0       | 32, 2, 1         |
|     B_TILE_500_U                       | fifo channel  | task level  |      |      |        | B_TILE_500   | memory | 0       | 32, 2, 1         |
|     B_TILE_499_U                       | fifo channel  | task level  |      |      |        | B_TILE_499   | memory | 0       | 32, 2, 1         |
|     B_TILE_498_U                       | fifo channel  | task level  |      |      |        | B_TILE_498   | memory | 0       | 32, 2, 1         |
|     B_TILE_497_U                       | fifo channel  | task level  |      |      |        | B_TILE_497   | memory | 0       | 32, 2, 1         |
|     B_TILE_496_U                       | fifo channel  | task level  |      |      |        | B_TILE_496   | memory | 0       | 32, 2, 1         |
|     B_TILE_495_U                       | fifo channel  | task level  |      |      |        | B_TILE_495   | memory | 0       | 32, 2, 1         |
|     B_TILE_494_U                       | fifo channel  | task level  |      |      |        | B_TILE_494   | memory | 0       | 32, 2, 1         |
|     B_TILE_493_U                       | fifo channel  | task level  |      |      |        | B_TILE_493   | memory | 0       | 32, 2, 1         |
|     B_TILE_492_U                       | fifo channel  | task level  |      |      |        | B_TILE_492   | memory | 0       | 32, 2, 1         |
|     B_TILE_491_U                       | fifo channel  | task level  |      |      |        | B_TILE_491   | memory | 0       | 32, 2, 1         |
|     B_TILE_490_U                       | fifo channel  | task level  |      |      |        | B_TILE_490   | memory | 0       | 32, 2, 1         |
|     B_TILE_489_U                       | fifo channel  | task level  |      |      |        | B_TILE_489   | memory | 0       | 32, 2, 1         |
|     B_TILE_488_U                       | fifo channel  | task level  |      |      |        | B_TILE_488   | memory | 0       | 32, 2, 1         |
|     B_TILE_487_U                       | fifo channel  | task level  |      |      |        | B_TILE_487   | memory | 0       | 32, 2, 1         |
|     B_TILE_486_U                       | fifo channel  | task level  |      |      |        | B_TILE_486   | memory | 0       | 32, 2, 1         |
|     B_TILE_485_U                       | fifo channel  | task level  |      |      |        | B_TILE_485   | memory | 0       | 32, 2, 1         |
|     B_TILE_484_U                       | fifo channel  | task level  |      |      |        | B_TILE_484   | memory | 0       | 32, 2, 1         |
|     B_TILE_483_U                       | fifo channel  | task level  |      |      |        | B_TILE_483   | memory | 0       | 32, 2, 1         |
|     B_TILE_482_U                       | fifo channel  | task level  |      |      |        | B_TILE_482   | memory | 0       | 32, 2, 1         |
|     B_TILE_481_U                       | fifo channel  | task level  |      |      |        | B_TILE_481   | memory | 0       | 32, 2, 1         |
|     B_TILE_480_U                       | fifo channel  | task level  |      |      |        | B_TILE_480   | memory | 0       | 32, 2, 1         |
|     B_TILE_479_U                       | fifo channel  | task level  |      |      |        | B_TILE_479   | memory | 0       | 32, 2, 1         |
|     B_TILE_478_U                       | fifo channel  | task level  |      |      |        | B_TILE_478   | memory | 0       | 32, 2, 1         |
|     B_TILE_477_U                       | fifo channel  | task level  |      |      |        | B_TILE_477   | memory | 0       | 32, 2, 1         |
|     B_TILE_476_U                       | fifo channel  | task level  |      |      |        | B_TILE_476   | memory | 0       | 32, 2, 1         |
|     B_TILE_475_U                       | fifo channel  | task level  |      |      |        | B_TILE_475   | memory | 0       | 32, 2, 1         |
|     B_TILE_474_U                       | fifo channel  | task level  |      |      |        | B_TILE_474   | memory | 0       | 32, 2, 1         |
|     B_TILE_473_U                       | fifo channel  | task level  |      |      |        | B_TILE_473   | memory | 0       | 32, 2, 1         |
|     B_TILE_472_U                       | fifo channel  | task level  |      |      |        | B_TILE_472   | memory | 0       | 32, 2, 1         |
|     B_TILE_471_U                       | fifo channel  | task level  |      |      |        | B_TILE_471   | memory | 0       | 32, 2, 1         |
|     B_TILE_470_U                       | fifo channel  | task level  |      |      |        | B_TILE_470   | memory | 0       | 32, 2, 1         |
|     B_TILE_469_U                       | fifo channel  | task level  |      |      |        | B_TILE_469   | memory | 0       | 32, 2, 1         |
|     B_TILE_468_U                       | fifo channel  | task level  |      |      |        | B_TILE_468   | memory | 0       | 32, 2, 1         |
|     B_TILE_467_U                       | fifo channel  | task level  |      |      |        | B_TILE_467   | memory | 0       | 32, 2, 1         |
|     B_TILE_466_U                       | fifo channel  | task level  |      |      |        | B_TILE_466   | memory | 0       | 32, 2, 1         |
|     B_TILE_465_U                       | fifo channel  | task level  |      |      |        | B_TILE_465   | memory | 0       | 32, 2, 1         |
|     B_TILE_464_U                       | fifo channel  | task level  |      |      |        | B_TILE_464   | memory | 0       | 32, 2, 1         |
|     B_TILE_463_U                       | fifo channel  | task level  |      |      |        | B_TILE_463   | memory | 0       | 32, 2, 1         |
|     B_TILE_462_U                       | fifo channel  | task level  |      |      |        | B_TILE_462   | memory | 0       | 32, 2, 1         |
|     B_TILE_461_U                       | fifo channel  | task level  |      |      |        | B_TILE_461   | memory | 0       | 32, 2, 1         |
|     B_TILE_460_U                       | fifo channel  | task level  |      |      |        | B_TILE_460   | memory | 0       | 32, 2, 1         |
|     B_TILE_459_U                       | fifo channel  | task level  |      |      |        | B_TILE_459   | memory | 0       | 32, 2, 1         |
|     B_TILE_458_U                       | fifo channel  | task level  |      |      |        | B_TILE_458   | memory | 0       | 32, 2, 1         |
|     B_TILE_457_U                       | fifo channel  | task level  |      |      |        | B_TILE_457   | memory | 0       | 32, 2, 1         |
|     B_TILE_456_U                       | fifo channel  | task level  |      |      |        | B_TILE_456   | memory | 0       | 32, 2, 1         |
|     B_TILE_455_U                       | fifo channel  | task level  |      |      |        | B_TILE_455   | memory | 0       | 32, 2, 1         |
|     B_TILE_454_U                       | fifo channel  | task level  |      |      |        | B_TILE_454   | memory | 0       | 32, 2, 1         |
|     B_TILE_453_U                       | fifo channel  | task level  |      |      |        | B_TILE_453   | memory | 0       | 32, 2, 1         |
|     B_TILE_452_U                       | fifo channel  | task level  |      |      |        | B_TILE_452   | memory | 0       | 32, 2, 1         |
|     B_TILE_451_U                       | fifo channel  | task level  |      |      |        | B_TILE_451   | memory | 0       | 32, 2, 1         |
|     B_TILE_450_U                       | fifo channel  | task level  |      |      |        | B_TILE_450   | memory | 0       | 32, 2, 1         |
|     B_TILE_449_U                       | fifo channel  | task level  |      |      |        | B_TILE_449   | memory | 0       | 32, 2, 1         |
|     B_TILE_448_U                       | fifo channel  | task level  |      |      |        | B_TILE_448   | memory | 0       | 32, 2, 1         |
|     B_TILE_447_U                       | fifo channel  | task level  |      |      |        | B_TILE_447   | memory | 0       | 32, 2, 1         |
|     B_TILE_446_U                       | fifo channel  | task level  |      |      |        | B_TILE_446   | memory | 0       | 32, 2, 1         |
|     B_TILE_445_U                       | fifo channel  | task level  |      |      |        | B_TILE_445   | memory | 0       | 32, 2, 1         |
|     B_TILE_444_U                       | fifo channel  | task level  |      |      |        | B_TILE_444   | memory | 0       | 32, 2, 1         |
|     B_TILE_443_U                       | fifo channel  | task level  |      |      |        | B_TILE_443   | memory | 0       | 32, 2, 1         |
|     B_TILE_442_U                       | fifo channel  | task level  |      |      |        | B_TILE_442   | memory | 0       | 32, 2, 1         |
|     B_TILE_441_U                       | fifo channel  | task level  |      |      |        | B_TILE_441   | memory | 0       | 32, 2, 1         |
|     B_TILE_440_U                       | fifo channel  | task level  |      |      |        | B_TILE_440   | memory | 0       | 32, 2, 1         |
|     B_TILE_439_U                       | fifo channel  | task level  |      |      |        | B_TILE_439   | memory | 0       | 32, 2, 1         |
|     B_TILE_438_U                       | fifo channel  | task level  |      |      |        | B_TILE_438   | memory | 0       | 32, 2, 1         |
|     B_TILE_437_U                       | fifo channel  | task level  |      |      |        | B_TILE_437   | memory | 0       | 32, 2, 1         |
|     B_TILE_436_U                       | fifo channel  | task level  |      |      |        | B_TILE_436   | memory | 0       | 32, 2, 1         |
|     B_TILE_435_U                       | fifo channel  | task level  |      |      |        | B_TILE_435   | memory | 0       | 32, 2, 1         |
|     B_TILE_434_U                       | fifo channel  | task level  |      |      |        | B_TILE_434   | memory | 0       | 32, 2, 1         |
|     B_TILE_433_U                       | fifo channel  | task level  |      |      |        | B_TILE_433   | memory | 0       | 32, 2, 1         |
|     B_TILE_432_U                       | fifo channel  | task level  |      |      |        | B_TILE_432   | memory | 0       | 32, 2, 1         |
|     B_TILE_431_U                       | fifo channel  | task level  |      |      |        | B_TILE_431   | memory | 0       | 32, 2, 1         |
|     B_TILE_430_U                       | fifo channel  | task level  |      |      |        | B_TILE_430   | memory | 0       | 32, 2, 1         |
|     B_TILE_429_U                       | fifo channel  | task level  |      |      |        | B_TILE_429   | memory | 0       | 32, 2, 1         |
|     B_TILE_428_U                       | fifo channel  | task level  |      |      |        | B_TILE_428   | memory | 0       | 32, 2, 1         |
|     B_TILE_427_U                       | fifo channel  | task level  |      |      |        | B_TILE_427   | memory | 0       | 32, 2, 1         |
|     B_TILE_426_U                       | fifo channel  | task level  |      |      |        | B_TILE_426   | memory | 0       | 32, 2, 1         |
|     B_TILE_425_U                       | fifo channel  | task level  |      |      |        | B_TILE_425   | memory | 0       | 32, 2, 1         |
|     B_TILE_424_U                       | fifo channel  | task level  |      |      |        | B_TILE_424   | memory | 0       | 32, 2, 1         |
|     B_TILE_423_U                       | fifo channel  | task level  |      |      |        | B_TILE_423   | memory | 0       | 32, 2, 1         |
|     B_TILE_422_U                       | fifo channel  | task level  |      |      |        | B_TILE_422   | memory | 0       | 32, 2, 1         |
|     B_TILE_421_U                       | fifo channel  | task level  |      |      |        | B_TILE_421   | memory | 0       | 32, 2, 1         |
|     B_TILE_420_U                       | fifo channel  | task level  |      |      |        | B_TILE_420   | memory | 0       | 32, 2, 1         |
|     B_TILE_419_U                       | fifo channel  | task level  |      |      |        | B_TILE_419   | memory | 0       | 32, 2, 1         |
|     B_TILE_418_U                       | fifo channel  | task level  |      |      |        | B_TILE_418   | memory | 0       | 32, 2, 1         |
|     B_TILE_417_U                       | fifo channel  | task level  |      |      |        | B_TILE_417   | memory | 0       | 32, 2, 1         |
|     B_TILE_416_U                       | fifo channel  | task level  |      |      |        | B_TILE_416   | memory | 0       | 32, 2, 1         |
|     B_TILE_415_U                       | fifo channel  | task level  |      |      |        | B_TILE_415   | memory | 0       | 32, 2, 1         |
|     B_TILE_414_U                       | fifo channel  | task level  |      |      |        | B_TILE_414   | memory | 0       | 32, 2, 1         |
|     B_TILE_413_U                       | fifo channel  | task level  |      |      |        | B_TILE_413   | memory | 0       | 32, 2, 1         |
|     B_TILE_412_U                       | fifo channel  | task level  |      |      |        | B_TILE_412   | memory | 0       | 32, 2, 1         |
|     B_TILE_411_U                       | fifo channel  | task level  |      |      |        | B_TILE_411   | memory | 0       | 32, 2, 1         |
|     B_TILE_410_U                       | fifo channel  | task level  |      |      |        | B_TILE_410   | memory | 0       | 32, 2, 1         |
|     B_TILE_409_U                       | fifo channel  | task level  |      |      |        | B_TILE_409   | memory | 0       | 32, 2, 1         |
|     B_TILE_408_U                       | fifo channel  | task level  |      |      |        | B_TILE_408   | memory | 0       | 32, 2, 1         |
|     B_TILE_407_U                       | fifo channel  | task level  |      |      |        | B_TILE_407   | memory | 0       | 32, 2, 1         |
|     B_TILE_406_U                       | fifo channel  | task level  |      |      |        | B_TILE_406   | memory | 0       | 32, 2, 1         |
|     B_TILE_405_U                       | fifo channel  | task level  |      |      |        | B_TILE_405   | memory | 0       | 32, 2, 1         |
|     B_TILE_404_U                       | fifo channel  | task level  |      |      |        | B_TILE_404   | memory | 0       | 32, 2, 1         |
|     B_TILE_403_U                       | fifo channel  | task level  |      |      |        | B_TILE_403   | memory | 0       | 32, 2, 1         |
|     B_TILE_402_U                       | fifo channel  | task level  |      |      |        | B_TILE_402   | memory | 0       | 32, 2, 1         |
|     B_TILE_401_U                       | fifo channel  | task level  |      |      |        | B_TILE_401   | memory | 0       | 32, 2, 1         |
|     B_TILE_400_U                       | fifo channel  | task level  |      |      |        | B_TILE_400   | memory | 0       | 32, 2, 1         |
|     B_TILE_399_U                       | fifo channel  | task level  |      |      |        | B_TILE_399   | memory | 0       | 32, 2, 1         |
|     B_TILE_398_U                       | fifo channel  | task level  |      |      |        | B_TILE_398   | memory | 0       | 32, 2, 1         |
|     B_TILE_397_U                       | fifo channel  | task level  |      |      |        | B_TILE_397   | memory | 0       | 32, 2, 1         |
|     B_TILE_396_U                       | fifo channel  | task level  |      |      |        | B_TILE_396   | memory | 0       | 32, 2, 1         |
|     B_TILE_395_U                       | fifo channel  | task level  |      |      |        | B_TILE_395   | memory | 0       | 32, 2, 1         |
|     B_TILE_394_U                       | fifo channel  | task level  |      |      |        | B_TILE_394   | memory | 0       | 32, 2, 1         |
|     B_TILE_393_U                       | fifo channel  | task level  |      |      |        | B_TILE_393   | memory | 0       | 32, 2, 1         |
|     B_TILE_392_U                       | fifo channel  | task level  |      |      |        | B_TILE_392   | memory | 0       | 32, 2, 1         |
|     B_TILE_391_U                       | fifo channel  | task level  |      |      |        | B_TILE_391   | memory | 0       | 32, 2, 1         |
|     B_TILE_390_U                       | fifo channel  | task level  |      |      |        | B_TILE_390   | memory | 0       | 32, 2, 1         |
|     B_TILE_389_U                       | fifo channel  | task level  |      |      |        | B_TILE_389   | memory | 0       | 32, 2, 1         |
|     B_TILE_388_U                       | fifo channel  | task level  |      |      |        | B_TILE_388   | memory | 0       | 32, 2, 1         |
|     B_TILE_387_U                       | fifo channel  | task level  |      |      |        | B_TILE_387   | memory | 0       | 32, 2, 1         |
|     B_TILE_386_U                       | fifo channel  | task level  |      |      |        | B_TILE_386   | memory | 0       | 32, 2, 1         |
|     B_TILE_385_U                       | fifo channel  | task level  |      |      |        | B_TILE_385   | memory | 0       | 32, 2, 1         |
|     B_TILE_384_U                       | fifo channel  | task level  |      |      |        | B_TILE_384   | memory | 0       | 32, 2, 1         |
|     B_TILE_383_U                       | fifo channel  | task level  |      |      |        | B_TILE_383   | memory | 0       | 32, 2, 1         |
|     B_TILE_382_U                       | fifo channel  | task level  |      |      |        | B_TILE_382   | memory | 0       | 32, 2, 1         |
|     B_TILE_381_U                       | fifo channel  | task level  |      |      |        | B_TILE_381   | memory | 0       | 32, 2, 1         |
|     B_TILE_380_U                       | fifo channel  | task level  |      |      |        | B_TILE_380   | memory | 0       | 32, 2, 1         |
|     B_TILE_379_U                       | fifo channel  | task level  |      |      |        | B_TILE_379   | memory | 0       | 32, 2, 1         |
|     B_TILE_378_U                       | fifo channel  | task level  |      |      |        | B_TILE_378   | memory | 0       | 32, 2, 1         |
|     B_TILE_377_U                       | fifo channel  | task level  |      |      |        | B_TILE_377   | memory | 0       | 32, 2, 1         |
|     B_TILE_376_U                       | fifo channel  | task level  |      |      |        | B_TILE_376   | memory | 0       | 32, 2, 1         |
|     B_TILE_375_U                       | fifo channel  | task level  |      |      |        | B_TILE_375   | memory | 0       | 32, 2, 1         |
|     B_TILE_374_U                       | fifo channel  | task level  |      |      |        | B_TILE_374   | memory | 0       | 32, 2, 1         |
|     B_TILE_373_U                       | fifo channel  | task level  |      |      |        | B_TILE_373   | memory | 0       | 32, 2, 1         |
|     B_TILE_372_U                       | fifo channel  | task level  |      |      |        | B_TILE_372   | memory | 0       | 32, 2, 1         |
|     B_TILE_371_U                       | fifo channel  | task level  |      |      |        | B_TILE_371   | memory | 0       | 32, 2, 1         |
|     B_TILE_370_U                       | fifo channel  | task level  |      |      |        | B_TILE_370   | memory | 0       | 32, 2, 1         |
|     B_TILE_369_U                       | fifo channel  | task level  |      |      |        | B_TILE_369   | memory | 0       | 32, 2, 1         |
|     B_TILE_368_U                       | fifo channel  | task level  |      |      |        | B_TILE_368   | memory | 0       | 32, 2, 1         |
|     B_TILE_367_U                       | fifo channel  | task level  |      |      |        | B_TILE_367   | memory | 0       | 32, 2, 1         |
|     B_TILE_366_U                       | fifo channel  | task level  |      |      |        | B_TILE_366   | memory | 0       | 32, 2, 1         |
|     B_TILE_365_U                       | fifo channel  | task level  |      |      |        | B_TILE_365   | memory | 0       | 32, 2, 1         |
|     B_TILE_364_U                       | fifo channel  | task level  |      |      |        | B_TILE_364   | memory | 0       | 32, 2, 1         |
|     B_TILE_363_U                       | fifo channel  | task level  |      |      |        | B_TILE_363   | memory | 0       | 32, 2, 1         |
|     B_TILE_362_U                       | fifo channel  | task level  |      |      |        | B_TILE_362   | memory | 0       | 32, 2, 1         |
|     B_TILE_361_U                       | fifo channel  | task level  |      |      |        | B_TILE_361   | memory | 0       | 32, 2, 1         |
|     B_TILE_360_U                       | fifo channel  | task level  |      |      |        | B_TILE_360   | memory | 0       | 32, 2, 1         |
|     B_TILE_359_U                       | fifo channel  | task level  |      |      |        | B_TILE_359   | memory | 0       | 32, 2, 1         |
|     B_TILE_358_U                       | fifo channel  | task level  |      |      |        | B_TILE_358   | memory | 0       | 32, 2, 1         |
|     B_TILE_357_U                       | fifo channel  | task level  |      |      |        | B_TILE_357   | memory | 0       | 32, 2, 1         |
|     B_TILE_356_U                       | fifo channel  | task level  |      |      |        | B_TILE_356   | memory | 0       | 32, 2, 1         |
|     B_TILE_355_U                       | fifo channel  | task level  |      |      |        | B_TILE_355   | memory | 0       | 32, 2, 1         |
|     B_TILE_354_U                       | fifo channel  | task level  |      |      |        | B_TILE_354   | memory | 0       | 32, 2, 1         |
|     B_TILE_353_U                       | fifo channel  | task level  |      |      |        | B_TILE_353   | memory | 0       | 32, 2, 1         |
|     B_TILE_352_U                       | fifo channel  | task level  |      |      |        | B_TILE_352   | memory | 0       | 32, 2, 1         |
|     B_TILE_351_U                       | fifo channel  | task level  |      |      |        | B_TILE_351   | memory | 0       | 32, 2, 1         |
|     B_TILE_350_U                       | fifo channel  | task level  |      |      |        | B_TILE_350   | memory | 0       | 32, 2, 1         |
|     B_TILE_349_U                       | fifo channel  | task level  |      |      |        | B_TILE_349   | memory | 0       | 32, 2, 1         |
|     B_TILE_348_U                       | fifo channel  | task level  |      |      |        | B_TILE_348   | memory | 0       | 32, 2, 1         |
|     B_TILE_347_U                       | fifo channel  | task level  |      |      |        | B_TILE_347   | memory | 0       | 32, 2, 1         |
|     B_TILE_346_U                       | fifo channel  | task level  |      |      |        | B_TILE_346   | memory | 0       | 32, 2, 1         |
|     B_TILE_345_U                       | fifo channel  | task level  |      |      |        | B_TILE_345   | memory | 0       | 32, 2, 1         |
|     B_TILE_344_U                       | fifo channel  | task level  |      |      |        | B_TILE_344   | memory | 0       | 32, 2, 1         |
|     B_TILE_343_U                       | fifo channel  | task level  |      |      |        | B_TILE_343   | memory | 0       | 32, 2, 1         |
|     B_TILE_342_U                       | fifo channel  | task level  |      |      |        | B_TILE_342   | memory | 0       | 32, 2, 1         |
|     B_TILE_341_U                       | fifo channel  | task level  |      |      |        | B_TILE_341   | memory | 0       | 32, 2, 1         |
|     B_TILE_340_U                       | fifo channel  | task level  |      |      |        | B_TILE_340   | memory | 0       | 32, 2, 1         |
|     B_TILE_339_U                       | fifo channel  | task level  |      |      |        | B_TILE_339   | memory | 0       | 32, 2, 1         |
|     B_TILE_338_U                       | fifo channel  | task level  |      |      |        | B_TILE_338   | memory | 0       | 32, 2, 1         |
|     B_TILE_337_U                       | fifo channel  | task level  |      |      |        | B_TILE_337   | memory | 0       | 32, 2, 1         |
|     B_TILE_336_U                       | fifo channel  | task level  |      |      |        | B_TILE_336   | memory | 0       | 32, 2, 1         |
|     B_TILE_335_U                       | fifo channel  | task level  |      |      |        | B_TILE_335   | memory | 0       | 32, 2, 1         |
|     B_TILE_334_U                       | fifo channel  | task level  |      |      |        | B_TILE_334   | memory | 0       | 32, 2, 1         |
|     B_TILE_333_U                       | fifo channel  | task level  |      |      |        | B_TILE_333   | memory | 0       | 32, 2, 1         |
|     B_TILE_332_U                       | fifo channel  | task level  |      |      |        | B_TILE_332   | memory | 0       | 32, 2, 1         |
|     B_TILE_331_U                       | fifo channel  | task level  |      |      |        | B_TILE_331   | memory | 0       | 32, 2, 1         |
|     B_TILE_330_U                       | fifo channel  | task level  |      |      |        | B_TILE_330   | memory | 0       | 32, 2, 1         |
|     B_TILE_329_U                       | fifo channel  | task level  |      |      |        | B_TILE_329   | memory | 0       | 32, 2, 1         |
|     B_TILE_328_U                       | fifo channel  | task level  |      |      |        | B_TILE_328   | memory | 0       | 32, 2, 1         |
|     B_TILE_327_U                       | fifo channel  | task level  |      |      |        | B_TILE_327   | memory | 0       | 32, 2, 1         |
|     B_TILE_326_U                       | fifo channel  | task level  |      |      |        | B_TILE_326   | memory | 0       | 32, 2, 1         |
|     B_TILE_325_U                       | fifo channel  | task level  |      |      |        | B_TILE_325   | memory | 0       | 32, 2, 1         |
|     B_TILE_324_U                       | fifo channel  | task level  |      |      |        | B_TILE_324   | memory | 0       | 32, 2, 1         |
|     B_TILE_323_U                       | fifo channel  | task level  |      |      |        | B_TILE_323   | memory | 0       | 32, 2, 1         |
|     B_TILE_322_U                       | fifo channel  | task level  |      |      |        | B_TILE_322   | memory | 0       | 32, 2, 1         |
|     B_TILE_321_U                       | fifo channel  | task level  |      |      |        | B_TILE_321   | memory | 0       | 32, 2, 1         |
|     B_TILE_320_U                       | fifo channel  | task level  |      |      |        | B_TILE_320   | memory | 0       | 32, 2, 1         |
|     B_TILE_319_U                       | fifo channel  | task level  |      |      |        | B_TILE_319   | memory | 0       | 32, 2, 1         |
|     B_TILE_318_U                       | fifo channel  | task level  |      |      |        | B_TILE_318   | memory | 0       | 32, 2, 1         |
|     B_TILE_317_U                       | fifo channel  | task level  |      |      |        | B_TILE_317   | memory | 0       | 32, 2, 1         |
|     B_TILE_316_U                       | fifo channel  | task level  |      |      |        | B_TILE_316   | memory | 0       | 32, 2, 1         |
|     B_TILE_315_U                       | fifo channel  | task level  |      |      |        | B_TILE_315   | memory | 0       | 32, 2, 1         |
|     B_TILE_314_U                       | fifo channel  | task level  |      |      |        | B_TILE_314   | memory | 0       | 32, 2, 1         |
|     B_TILE_313_U                       | fifo channel  | task level  |      |      |        | B_TILE_313   | memory | 0       | 32, 2, 1         |
|     B_TILE_312_U                       | fifo channel  | task level  |      |      |        | B_TILE_312   | memory | 0       | 32, 2, 1         |
|     B_TILE_311_U                       | fifo channel  | task level  |      |      |        | B_TILE_311   | memory | 0       | 32, 2, 1         |
|     B_TILE_310_U                       | fifo channel  | task level  |      |      |        | B_TILE_310   | memory | 0       | 32, 2, 1         |
|     B_TILE_309_U                       | fifo channel  | task level  |      |      |        | B_TILE_309   | memory | 0       | 32, 2, 1         |
|     B_TILE_308_U                       | fifo channel  | task level  |      |      |        | B_TILE_308   | memory | 0       | 32, 2, 1         |
|     B_TILE_307_U                       | fifo channel  | task level  |      |      |        | B_TILE_307   | memory | 0       | 32, 2, 1         |
|     B_TILE_306_U                       | fifo channel  | task level  |      |      |        | B_TILE_306   | memory | 0       | 32, 2, 1         |
|     B_TILE_305_U                       | fifo channel  | task level  |      |      |        | B_TILE_305   | memory | 0       | 32, 2, 1         |
|     B_TILE_304_U                       | fifo channel  | task level  |      |      |        | B_TILE_304   | memory | 0       | 32, 2, 1         |
|     B_TILE_303_U                       | fifo channel  | task level  |      |      |        | B_TILE_303   | memory | 0       | 32, 2, 1         |
|     B_TILE_302_U                       | fifo channel  | task level  |      |      |        | B_TILE_302   | memory | 0       | 32, 2, 1         |
|     B_TILE_301_U                       | fifo channel  | task level  |      |      |        | B_TILE_301   | memory | 0       | 32, 2, 1         |
|     B_TILE_300_U                       | fifo channel  | task level  |      |      |        | B_TILE_300   | memory | 0       | 32, 2, 1         |
|     B_TILE_299_U                       | fifo channel  | task level  |      |      |        | B_TILE_299   | memory | 0       | 32, 2, 1         |
|     B_TILE_298_U                       | fifo channel  | task level  |      |      |        | B_TILE_298   | memory | 0       | 32, 2, 1         |
|     B_TILE_297_U                       | fifo channel  | task level  |      |      |        | B_TILE_297   | memory | 0       | 32, 2, 1         |
|     B_TILE_296_U                       | fifo channel  | task level  |      |      |        | B_TILE_296   | memory | 0       | 32, 2, 1         |
|     B_TILE_295_U                       | fifo channel  | task level  |      |      |        | B_TILE_295   | memory | 0       | 32, 2, 1         |
|     B_TILE_294_U                       | fifo channel  | task level  |      |      |        | B_TILE_294   | memory | 0       | 32, 2, 1         |
|     B_TILE_293_U                       | fifo channel  | task level  |      |      |        | B_TILE_293   | memory | 0       | 32, 2, 1         |
|     B_TILE_292_U                       | fifo channel  | task level  |      |      |        | B_TILE_292   | memory | 0       | 32, 2, 1         |
|     B_TILE_291_U                       | fifo channel  | task level  |      |      |        | B_TILE_291   | memory | 0       | 32, 2, 1         |
|     B_TILE_290_U                       | fifo channel  | task level  |      |      |        | B_TILE_290   | memory | 0       | 32, 2, 1         |
|     B_TILE_289_U                       | fifo channel  | task level  |      |      |        | B_TILE_289   | memory | 0       | 32, 2, 1         |
|     B_TILE_288_U                       | fifo channel  | task level  |      |      |        | B_TILE_288   | memory | 0       | 32, 2, 1         |
|     B_TILE_287_U                       | fifo channel  | task level  |      |      |        | B_TILE_287   | memory | 0       | 32, 2, 1         |
|     B_TILE_286_U                       | fifo channel  | task level  |      |      |        | B_TILE_286   | memory | 0       | 32, 2, 1         |
|     B_TILE_285_U                       | fifo channel  | task level  |      |      |        | B_TILE_285   | memory | 0       | 32, 2, 1         |
|     B_TILE_284_U                       | fifo channel  | task level  |      |      |        | B_TILE_284   | memory | 0       | 32, 2, 1         |
|     B_TILE_283_U                       | fifo channel  | task level  |      |      |        | B_TILE_283   | memory | 0       | 32, 2, 1         |
|     B_TILE_282_U                       | fifo channel  | task level  |      |      |        | B_TILE_282   | memory | 0       | 32, 2, 1         |
|     B_TILE_281_U                       | fifo channel  | task level  |      |      |        | B_TILE_281   | memory | 0       | 32, 2, 1         |
|     B_TILE_280_U                       | fifo channel  | task level  |      |      |        | B_TILE_280   | memory | 0       | 32, 2, 1         |
|     B_TILE_279_U                       | fifo channel  | task level  |      |      |        | B_TILE_279   | memory | 0       | 32, 2, 1         |
|     B_TILE_278_U                       | fifo channel  | task level  |      |      |        | B_TILE_278   | memory | 0       | 32, 2, 1         |
|     B_TILE_277_U                       | fifo channel  | task level  |      |      |        | B_TILE_277   | memory | 0       | 32, 2, 1         |
|     B_TILE_276_U                       | fifo channel  | task level  |      |      |        | B_TILE_276   | memory | 0       | 32, 2, 1         |
|     B_TILE_275_U                       | fifo channel  | task level  |      |      |        | B_TILE_275   | memory | 0       | 32, 2, 1         |
|     B_TILE_274_U                       | fifo channel  | task level  |      |      |        | B_TILE_274   | memory | 0       | 32, 2, 1         |
|     B_TILE_273_U                       | fifo channel  | task level  |      |      |        | B_TILE_273   | memory | 0       | 32, 2, 1         |
|     B_TILE_272_U                       | fifo channel  | task level  |      |      |        | B_TILE_272   | memory | 0       | 32, 2, 1         |
|     B_TILE_271_U                       | fifo channel  | task level  |      |      |        | B_TILE_271   | memory | 0       | 32, 2, 1         |
|     B_TILE_270_U                       | fifo channel  | task level  |      |      |        | B_TILE_270   | memory | 0       | 32, 2, 1         |
|     B_TILE_269_U                       | fifo channel  | task level  |      |      |        | B_TILE_269   | memory | 0       | 32, 2, 1         |
|     B_TILE_268_U                       | fifo channel  | task level  |      |      |        | B_TILE_268   | memory | 0       | 32, 2, 1         |
|     B_TILE_267_U                       | fifo channel  | task level  |      |      |        | B_TILE_267   | memory | 0       | 32, 2, 1         |
|     B_TILE_266_U                       | fifo channel  | task level  |      |      |        | B_TILE_266   | memory | 0       | 32, 2, 1         |
|     B_TILE_265_U                       | fifo channel  | task level  |      |      |        | B_TILE_265   | memory | 0       | 32, 2, 1         |
|     B_TILE_264_U                       | fifo channel  | task level  |      |      |        | B_TILE_264   | memory | 0       | 32, 2, 1         |
|     B_TILE_263_U                       | fifo channel  | task level  |      |      |        | B_TILE_263   | memory | 0       | 32, 2, 1         |
|     B_TILE_262_U                       | fifo channel  | task level  |      |      |        | B_TILE_262   | memory | 0       | 32, 2, 1         |
|     B_TILE_261_U                       | fifo channel  | task level  |      |      |        | B_TILE_261   | memory | 0       | 32, 2, 1         |
|     B_TILE_260_U                       | fifo channel  | task level  |      |      |        | B_TILE_260   | memory | 0       | 32, 2, 1         |
|     B_TILE_259_U                       | fifo channel  | task level  |      |      |        | B_TILE_259   | memory | 0       | 32, 2, 1         |
|     B_TILE_258_U                       | fifo channel  | task level  |      |      |        | B_TILE_258   | memory | 0       | 32, 2, 1         |
|     B_TILE_257_U                       | fifo channel  | task level  |      |      |        | B_TILE_257   | memory | 0       | 32, 2, 1         |
|     B_TILE_256_U                       | fifo channel  | task level  |      |      |        | B_TILE_256   | memory | 0       | 32, 2, 1         |
|     B_TILE_255_U                       | fifo channel  | task level  |      |      |        | B_TILE_255   | memory | 0       | 32, 2, 1         |
|     B_TILE_254_U                       | fifo channel  | task level  |      |      |        | B_TILE_254   | memory | 0       | 32, 2, 1         |
|     B_TILE_253_U                       | fifo channel  | task level  |      |      |        | B_TILE_253   | memory | 0       | 32, 2, 1         |
|     B_TILE_252_U                       | fifo channel  | task level  |      |      |        | B_TILE_252   | memory | 0       | 32, 2, 1         |
|     B_TILE_251_U                       | fifo channel  | task level  |      |      |        | B_TILE_251   | memory | 0       | 32, 2, 1         |
|     B_TILE_250_U                       | fifo channel  | task level  |      |      |        | B_TILE_250   | memory | 0       | 32, 2, 1         |
|     B_TILE_249_U                       | fifo channel  | task level  |      |      |        | B_TILE_249   | memory | 0       | 32, 2, 1         |
|     B_TILE_248_U                       | fifo channel  | task level  |      |      |        | B_TILE_248   | memory | 0       | 32, 2, 1         |
|     B_TILE_247_U                       | fifo channel  | task level  |      |      |        | B_TILE_247   | memory | 0       | 32, 2, 1         |
|     B_TILE_246_U                       | fifo channel  | task level  |      |      |        | B_TILE_246   | memory | 0       | 32, 2, 1         |
|     B_TILE_245_U                       | fifo channel  | task level  |      |      |        | B_TILE_245   | memory | 0       | 32, 2, 1         |
|     B_TILE_244_U                       | fifo channel  | task level  |      |      |        | B_TILE_244   | memory | 0       | 32, 2, 1         |
|     B_TILE_243_U                       | fifo channel  | task level  |      |      |        | B_TILE_243   | memory | 0       | 32, 2, 1         |
|     B_TILE_242_U                       | fifo channel  | task level  |      |      |        | B_TILE_242   | memory | 0       | 32, 2, 1         |
|     B_TILE_241_U                       | fifo channel  | task level  |      |      |        | B_TILE_241   | memory | 0       | 32, 2, 1         |
|     B_TILE_240_U                       | fifo channel  | task level  |      |      |        | B_TILE_240   | memory | 0       | 32, 2, 1         |
|     B_TILE_239_U                       | fifo channel  | task level  |      |      |        | B_TILE_239   | memory | 0       | 32, 2, 1         |
|     B_TILE_238_U                       | fifo channel  | task level  |      |      |        | B_TILE_238   | memory | 0       | 32, 2, 1         |
|     B_TILE_237_U                       | fifo channel  | task level  |      |      |        | B_TILE_237   | memory | 0       | 32, 2, 1         |
|     B_TILE_236_U                       | fifo channel  | task level  |      |      |        | B_TILE_236   | memory | 0       | 32, 2, 1         |
|     B_TILE_235_U                       | fifo channel  | task level  |      |      |        | B_TILE_235   | memory | 0       | 32, 2, 1         |
|     B_TILE_234_U                       | fifo channel  | task level  |      |      |        | B_TILE_234   | memory | 0       | 32, 2, 1         |
|     B_TILE_233_U                       | fifo channel  | task level  |      |      |        | B_TILE_233   | memory | 0       | 32, 2, 1         |
|     B_TILE_232_U                       | fifo channel  | task level  |      |      |        | B_TILE_232   | memory | 0       | 32, 2, 1         |
|     B_TILE_231_U                       | fifo channel  | task level  |      |      |        | B_TILE_231   | memory | 0       | 32, 2, 1         |
|     B_TILE_230_U                       | fifo channel  | task level  |      |      |        | B_TILE_230   | memory | 0       | 32, 2, 1         |
|     B_TILE_229_U                       | fifo channel  | task level  |      |      |        | B_TILE_229   | memory | 0       | 32, 2, 1         |
|     B_TILE_228_U                       | fifo channel  | task level  |      |      |        | B_TILE_228   | memory | 0       | 32, 2, 1         |
|     B_TILE_227_U                       | fifo channel  | task level  |      |      |        | B_TILE_227   | memory | 0       | 32, 2, 1         |
|     B_TILE_226_U                       | fifo channel  | task level  |      |      |        | B_TILE_226   | memory | 0       | 32, 2, 1         |
|     B_TILE_225_U                       | fifo channel  | task level  |      |      |        | B_TILE_225   | memory | 0       | 32, 2, 1         |
|     B_TILE_224_U                       | fifo channel  | task level  |      |      |        | B_TILE_224   | memory | 0       | 32, 2, 1         |
|     B_TILE_223_U                       | fifo channel  | task level  |      |      |        | B_TILE_223   | memory | 0       | 32, 2, 1         |
|     B_TILE_222_U                       | fifo channel  | task level  |      |      |        | B_TILE_222   | memory | 0       | 32, 2, 1         |
|     B_TILE_221_U                       | fifo channel  | task level  |      |      |        | B_TILE_221   | memory | 0       | 32, 2, 1         |
|     B_TILE_220_U                       | fifo channel  | task level  |      |      |        | B_TILE_220   | memory | 0       | 32, 2, 1         |
|     B_TILE_219_U                       | fifo channel  | task level  |      |      |        | B_TILE_219   | memory | 0       | 32, 2, 1         |
|     B_TILE_218_U                       | fifo channel  | task level  |      |      |        | B_TILE_218   | memory | 0       | 32, 2, 1         |
|     B_TILE_217_U                       | fifo channel  | task level  |      |      |        | B_TILE_217   | memory | 0       | 32, 2, 1         |
|     B_TILE_216_U                       | fifo channel  | task level  |      |      |        | B_TILE_216   | memory | 0       | 32, 2, 1         |
|     B_TILE_215_U                       | fifo channel  | task level  |      |      |        | B_TILE_215   | memory | 0       | 32, 2, 1         |
|     B_TILE_214_U                       | fifo channel  | task level  |      |      |        | B_TILE_214   | memory | 0       | 32, 2, 1         |
|     B_TILE_213_U                       | fifo channel  | task level  |      |      |        | B_TILE_213   | memory | 0       | 32, 2, 1         |
|     B_TILE_212_U                       | fifo channel  | task level  |      |      |        | B_TILE_212   | memory | 0       | 32, 2, 1         |
|     B_TILE_211_U                       | fifo channel  | task level  |      |      |        | B_TILE_211   | memory | 0       | 32, 2, 1         |
|     B_TILE_210_U                       | fifo channel  | task level  |      |      |        | B_TILE_210   | memory | 0       | 32, 2, 1         |
|     B_TILE_209_U                       | fifo channel  | task level  |      |      |        | B_TILE_209   | memory | 0       | 32, 2, 1         |
|     B_TILE_208_U                       | fifo channel  | task level  |      |      |        | B_TILE_208   | memory | 0       | 32, 2, 1         |
|     B_TILE_207_U                       | fifo channel  | task level  |      |      |        | B_TILE_207   | memory | 0       | 32, 2, 1         |
|     B_TILE_206_U                       | fifo channel  | task level  |      |      |        | B_TILE_206   | memory | 0       | 32, 2, 1         |
|     B_TILE_205_U                       | fifo channel  | task level  |      |      |        | B_TILE_205   | memory | 0       | 32, 2, 1         |
|     B_TILE_204_U                       | fifo channel  | task level  |      |      |        | B_TILE_204   | memory | 0       | 32, 2, 1         |
|     B_TILE_203_U                       | fifo channel  | task level  |      |      |        | B_TILE_203   | memory | 0       | 32, 2, 1         |
|     B_TILE_202_U                       | fifo channel  | task level  |      |      |        | B_TILE_202   | memory | 0       | 32, 2, 1         |
|     B_TILE_201_U                       | fifo channel  | task level  |      |      |        | B_TILE_201   | memory | 0       | 32, 2, 1         |
|     B_TILE_200_U                       | fifo channel  | task level  |      |      |        | B_TILE_200   | memory | 0       | 32, 2, 1         |
|     B_TILE_199_U                       | fifo channel  | task level  |      |      |        | B_TILE_199   | memory | 0       | 32, 2, 1         |
|     B_TILE_198_U                       | fifo channel  | task level  |      |      |        | B_TILE_198   | memory | 0       | 32, 2, 1         |
|     B_TILE_197_U                       | fifo channel  | task level  |      |      |        | B_TILE_197   | memory | 0       | 32, 2, 1         |
|     B_TILE_196_U                       | fifo channel  | task level  |      |      |        | B_TILE_196   | memory | 0       | 32, 2, 1         |
|     B_TILE_195_U                       | fifo channel  | task level  |      |      |        | B_TILE_195   | memory | 0       | 32, 2, 1         |
|     B_TILE_194_U                       | fifo channel  | task level  |      |      |        | B_TILE_194   | memory | 0       | 32, 2, 1         |
|     B_TILE_193_U                       | fifo channel  | task level  |      |      |        | B_TILE_193   | memory | 0       | 32, 2, 1         |
|     B_TILE_192_U                       | fifo channel  | task level  |      |      |        | B_TILE_192   | memory | 0       | 32, 2, 1         |
|     B_TILE_191_U                       | fifo channel  | task level  |      |      |        | B_TILE_191   | memory | 0       | 32, 2, 1         |
|     B_TILE_190_U                       | fifo channel  | task level  |      |      |        | B_TILE_190   | memory | 0       | 32, 2, 1         |
|     B_TILE_189_U                       | fifo channel  | task level  |      |      |        | B_TILE_189   | memory | 0       | 32, 2, 1         |
|     B_TILE_188_U                       | fifo channel  | task level  |      |      |        | B_TILE_188   | memory | 0       | 32, 2, 1         |
|     B_TILE_187_U                       | fifo channel  | task level  |      |      |        | B_TILE_187   | memory | 0       | 32, 2, 1         |
|     B_TILE_186_U                       | fifo channel  | task level  |      |      |        | B_TILE_186   | memory | 0       | 32, 2, 1         |
|     B_TILE_185_U                       | fifo channel  | task level  |      |      |        | B_TILE_185   | memory | 0       | 32, 2, 1         |
|     B_TILE_184_U                       | fifo channel  | task level  |      |      |        | B_TILE_184   | memory | 0       | 32, 2, 1         |
|     B_TILE_183_U                       | fifo channel  | task level  |      |      |        | B_TILE_183   | memory | 0       | 32, 2, 1         |
|     B_TILE_182_U                       | fifo channel  | task level  |      |      |        | B_TILE_182   | memory | 0       | 32, 2, 1         |
|     B_TILE_181_U                       | fifo channel  | task level  |      |      |        | B_TILE_181   | memory | 0       | 32, 2, 1         |
|     B_TILE_180_U                       | fifo channel  | task level  |      |      |        | B_TILE_180   | memory | 0       | 32, 2, 1         |
|     B_TILE_179_U                       | fifo channel  | task level  |      |      |        | B_TILE_179   | memory | 0       | 32, 2, 1         |
|     B_TILE_178_U                       | fifo channel  | task level  |      |      |        | B_TILE_178   | memory | 0       | 32, 2, 1         |
|     B_TILE_177_U                       | fifo channel  | task level  |      |      |        | B_TILE_177   | memory | 0       | 32, 2, 1         |
|     B_TILE_176_U                       | fifo channel  | task level  |      |      |        | B_TILE_176   | memory | 0       | 32, 2, 1         |
|     B_TILE_175_U                       | fifo channel  | task level  |      |      |        | B_TILE_175   | memory | 0       | 32, 2, 1         |
|     B_TILE_174_U                       | fifo channel  | task level  |      |      |        | B_TILE_174   | memory | 0       | 32, 2, 1         |
|     B_TILE_173_U                       | fifo channel  | task level  |      |      |        | B_TILE_173   | memory | 0       | 32, 2, 1         |
|     B_TILE_172_U                       | fifo channel  | task level  |      |      |        | B_TILE_172   | memory | 0       | 32, 2, 1         |
|     B_TILE_171_U                       | fifo channel  | task level  |      |      |        | B_TILE_171   | memory | 0       | 32, 2, 1         |
|     B_TILE_170_U                       | fifo channel  | task level  |      |      |        | B_TILE_170   | memory | 0       | 32, 2, 1         |
|     B_TILE_169_U                       | fifo channel  | task level  |      |      |        | B_TILE_169   | memory | 0       | 32, 2, 1         |
|     B_TILE_168_U                       | fifo channel  | task level  |      |      |        | B_TILE_168   | memory | 0       | 32, 2, 1         |
|     B_TILE_167_U                       | fifo channel  | task level  |      |      |        | B_TILE_167   | memory | 0       | 32, 2, 1         |
|     B_TILE_166_U                       | fifo channel  | task level  |      |      |        | B_TILE_166   | memory | 0       | 32, 2, 1         |
|     B_TILE_165_U                       | fifo channel  | task level  |      |      |        | B_TILE_165   | memory | 0       | 32, 2, 1         |
|     B_TILE_164_U                       | fifo channel  | task level  |      |      |        | B_TILE_164   | memory | 0       | 32, 2, 1         |
|     B_TILE_163_U                       | fifo channel  | task level  |      |      |        | B_TILE_163   | memory | 0       | 32, 2, 1         |
|     B_TILE_162_U                       | fifo channel  | task level  |      |      |        | B_TILE_162   | memory | 0       | 32, 2, 1         |
|     B_TILE_161_U                       | fifo channel  | task level  |      |      |        | B_TILE_161   | memory | 0       | 32, 2, 1         |
|     B_TILE_160_U                       | fifo channel  | task level  |      |      |        | B_TILE_160   | memory | 0       | 32, 2, 1         |
|     B_TILE_159_U                       | fifo channel  | task level  |      |      |        | B_TILE_159   | memory | 0       | 32, 2, 1         |
|     B_TILE_158_U                       | fifo channel  | task level  |      |      |        | B_TILE_158   | memory | 0       | 32, 2, 1         |
|     B_TILE_157_U                       | fifo channel  | task level  |      |      |        | B_TILE_157   | memory | 0       | 32, 2, 1         |
|     B_TILE_156_U                       | fifo channel  | task level  |      |      |        | B_TILE_156   | memory | 0       | 32, 2, 1         |
|     B_TILE_155_U                       | fifo channel  | task level  |      |      |        | B_TILE_155   | memory | 0       | 32, 2, 1         |
|     B_TILE_154_U                       | fifo channel  | task level  |      |      |        | B_TILE_154   | memory | 0       | 32, 2, 1         |
|     B_TILE_153_U                       | fifo channel  | task level  |      |      |        | B_TILE_153   | memory | 0       | 32, 2, 1         |
|     B_TILE_152_U                       | fifo channel  | task level  |      |      |        | B_TILE_152   | memory | 0       | 32, 2, 1         |
|     B_TILE_151_U                       | fifo channel  | task level  |      |      |        | B_TILE_151   | memory | 0       | 32, 2, 1         |
|     B_TILE_150_U                       | fifo channel  | task level  |      |      |        | B_TILE_150   | memory | 0       | 32, 2, 1         |
|     B_TILE_149_U                       | fifo channel  | task level  |      |      |        | B_TILE_149   | memory | 0       | 32, 2, 1         |
|     B_TILE_148_U                       | fifo channel  | task level  |      |      |        | B_TILE_148   | memory | 0       | 32, 2, 1         |
|     B_TILE_147_U                       | fifo channel  | task level  |      |      |        | B_TILE_147   | memory | 0       | 32, 2, 1         |
|     B_TILE_146_U                       | fifo channel  | task level  |      |      |        | B_TILE_146   | memory | 0       | 32, 2, 1         |
|     B_TILE_145_U                       | fifo channel  | task level  |      |      |        | B_TILE_145   | memory | 0       | 32, 2, 1         |
|     B_TILE_144_U                       | fifo channel  | task level  |      |      |        | B_TILE_144   | memory | 0       | 32, 2, 1         |
|     B_TILE_143_U                       | fifo channel  | task level  |      |      |        | B_TILE_143   | memory | 0       | 32, 2, 1         |
|     B_TILE_142_U                       | fifo channel  | task level  |      |      |        | B_TILE_142   | memory | 0       | 32, 2, 1         |
|     B_TILE_141_U                       | fifo channel  | task level  |      |      |        | B_TILE_141   | memory | 0       | 32, 2, 1         |
|     B_TILE_140_U                       | fifo channel  | task level  |      |      |        | B_TILE_140   | memory | 0       | 32, 2, 1         |
|     B_TILE_139_U                       | fifo channel  | task level  |      |      |        | B_TILE_139   | memory | 0       | 32, 2, 1         |
|     B_TILE_138_U                       | fifo channel  | task level  |      |      |        | B_TILE_138   | memory | 0       | 32, 2, 1         |
|     B_TILE_137_U                       | fifo channel  | task level  |      |      |        | B_TILE_137   | memory | 0       | 32, 2, 1         |
|     B_TILE_136_U                       | fifo channel  | task level  |      |      |        | B_TILE_136   | memory | 0       | 32, 2, 1         |
|     B_TILE_135_U                       | fifo channel  | task level  |      |      |        | B_TILE_135   | memory | 0       | 32, 2, 1         |
|     B_TILE_134_U                       | fifo channel  | task level  |      |      |        | B_TILE_134   | memory | 0       | 32, 2, 1         |
|     B_TILE_133_U                       | fifo channel  | task level  |      |      |        | B_TILE_133   | memory | 0       | 32, 2, 1         |
|     B_TILE_132_U                       | fifo channel  | task level  |      |      |        | B_TILE_132   | memory | 0       | 32, 2, 1         |
|     B_TILE_131_U                       | fifo channel  | task level  |      |      |        | B_TILE_131   | memory | 0       | 32, 2, 1         |
|     B_TILE_130_U                       | fifo channel  | task level  |      |      |        | B_TILE_130   | memory | 0       | 32, 2, 1         |
|     B_TILE_129_U                       | fifo channel  | task level  |      |      |        | B_TILE_129   | memory | 0       | 32, 2, 1         |
|     B_TILE_128_U                       | fifo channel  | task level  |      |      |        | B_TILE_128   | memory | 0       | 32, 2, 1         |
|     B_TILE_127_U                       | fifo channel  | task level  |      |      |        | B_TILE_127   | memory | 0       | 32, 2, 1         |
|     B_TILE_126_U                       | fifo channel  | task level  |      |      |        | B_TILE_126   | memory | 0       | 32, 2, 1         |
|     B_TILE_125_U                       | fifo channel  | task level  |      |      |        | B_TILE_125   | memory | 0       | 32, 2, 1         |
|     B_TILE_124_U                       | fifo channel  | task level  |      |      |        | B_TILE_124   | memory | 0       | 32, 2, 1         |
|     B_TILE_123_U                       | fifo channel  | task level  |      |      |        | B_TILE_123   | memory | 0       | 32, 2, 1         |
|     B_TILE_122_U                       | fifo channel  | task level  |      |      |        | B_TILE_122   | memory | 0       | 32, 2, 1         |
|     B_TILE_121_U                       | fifo channel  | task level  |      |      |        | B_TILE_121   | memory | 0       | 32, 2, 1         |
|     B_TILE_120_U                       | fifo channel  | task level  |      |      |        | B_TILE_120   | memory | 0       | 32, 2, 1         |
|     B_TILE_119_U                       | fifo channel  | task level  |      |      |        | B_TILE_119   | memory | 0       | 32, 2, 1         |
|     B_TILE_118_U                       | fifo channel  | task level  |      |      |        | B_TILE_118   | memory | 0       | 32, 2, 1         |
|     B_TILE_117_U                       | fifo channel  | task level  |      |      |        | B_TILE_117   | memory | 0       | 32, 2, 1         |
|     B_TILE_116_U                       | fifo channel  | task level  |      |      |        | B_TILE_116   | memory | 0       | 32, 2, 1         |
|     B_TILE_115_U                       | fifo channel  | task level  |      |      |        | B_TILE_115   | memory | 0       | 32, 2, 1         |
|     B_TILE_114_U                       | fifo channel  | task level  |      |      |        | B_TILE_114   | memory | 0       | 32, 2, 1         |
|     B_TILE_113_U                       | fifo channel  | task level  |      |      |        | B_TILE_113   | memory | 0       | 32, 2, 1         |
|     B_TILE_112_U                       | fifo channel  | task level  |      |      |        | B_TILE_112   | memory | 0       | 32, 2, 1         |
|     B_TILE_111_U                       | fifo channel  | task level  |      |      |        | B_TILE_111   | memory | 0       | 32, 2, 1         |
|     B_TILE_110_U                       | fifo channel  | task level  |      |      |        | B_TILE_110   | memory | 0       | 32, 2, 1         |
|     B_TILE_109_U                       | fifo channel  | task level  |      |      |        | B_TILE_109   | memory | 0       | 32, 2, 1         |
|     B_TILE_108_U                       | fifo channel  | task level  |      |      |        | B_TILE_108   | memory | 0       | 32, 2, 1         |
|     B_TILE_107_U                       | fifo channel  | task level  |      |      |        | B_TILE_107   | memory | 0       | 32, 2, 1         |
|     B_TILE_106_U                       | fifo channel  | task level  |      |      |        | B_TILE_106   | memory | 0       | 32, 2, 1         |
|     B_TILE_105_U                       | fifo channel  | task level  |      |      |        | B_TILE_105   | memory | 0       | 32, 2, 1         |
|     B_TILE_104_U                       | fifo channel  | task level  |      |      |        | B_TILE_104   | memory | 0       | 32, 2, 1         |
|     B_TILE_103_U                       | fifo channel  | task level  |      |      |        | B_TILE_103   | memory | 0       | 32, 2, 1         |
|     B_TILE_102_U                       | fifo channel  | task level  |      |      |        | B_TILE_102   | memory | 0       | 32, 2, 1         |
|     B_TILE_101_U                       | fifo channel  | task level  |      |      |        | B_TILE_101   | memory | 0       | 32, 2, 1         |
|     B_TILE_100_U                       | fifo channel  | task level  |      |      |        | B_TILE_100   | memory | 0       | 32, 2, 1         |
|     B_TILE_99_U                        | fifo channel  | task level  |      |      |        | B_TILE_99    | memory | 0       | 32, 2, 1         |
|     B_TILE_98_U                        | fifo channel  | task level  |      |      |        | B_TILE_98    | memory | 0       | 32, 2, 1         |
|     B_TILE_97_U                        | fifo channel  | task level  |      |      |        | B_TILE_97    | memory | 0       | 32, 2, 1         |
|     B_TILE_96_U                        | fifo channel  | task level  |      |      |        | B_TILE_96    | memory | 0       | 32, 2, 1         |
|     B_TILE_95_U                        | fifo channel  | task level  |      |      |        | B_TILE_95    | memory | 0       | 32, 2, 1         |
|     B_TILE_94_U                        | fifo channel  | task level  |      |      |        | B_TILE_94    | memory | 0       | 32, 2, 1         |
|     B_TILE_93_U                        | fifo channel  | task level  |      |      |        | B_TILE_93    | memory | 0       | 32, 2, 1         |
|     B_TILE_92_U                        | fifo channel  | task level  |      |      |        | B_TILE_92    | memory | 0       | 32, 2, 1         |
|     B_TILE_91_U                        | fifo channel  | task level  |      |      |        | B_TILE_91    | memory | 0       | 32, 2, 1         |
|     B_TILE_90_U                        | fifo channel  | task level  |      |      |        | B_TILE_90    | memory | 0       | 32, 2, 1         |
|     B_TILE_89_U                        | fifo channel  | task level  |      |      |        | B_TILE_89    | memory | 0       | 32, 2, 1         |
|     B_TILE_88_U                        | fifo channel  | task level  |      |      |        | B_TILE_88    | memory | 0       | 32, 2, 1         |
|     B_TILE_87_U                        | fifo channel  | task level  |      |      |        | B_TILE_87    | memory | 0       | 32, 2, 1         |
|     B_TILE_86_U                        | fifo channel  | task level  |      |      |        | B_TILE_86    | memory | 0       | 32, 2, 1         |
|     B_TILE_85_U                        | fifo channel  | task level  |      |      |        | B_TILE_85    | memory | 0       | 32, 2, 1         |
|     B_TILE_84_U                        | fifo channel  | task level  |      |      |        | B_TILE_84    | memory | 0       | 32, 2, 1         |
|     B_TILE_83_U                        | fifo channel  | task level  |      |      |        | B_TILE_83    | memory | 0       | 32, 2, 1         |
|     B_TILE_82_U                        | fifo channel  | task level  |      |      |        | B_TILE_82    | memory | 0       | 32, 2, 1         |
|     B_TILE_81_U                        | fifo channel  | task level  |      |      |        | B_TILE_81    | memory | 0       | 32, 2, 1         |
|     B_TILE_80_U                        | fifo channel  | task level  |      |      |        | B_TILE_80    | memory | 0       | 32, 2, 1         |
|     B_TILE_79_U                        | fifo channel  | task level  |      |      |        | B_TILE_79    | memory | 0       | 32, 2, 1         |
|     B_TILE_78_U                        | fifo channel  | task level  |      |      |        | B_TILE_78    | memory | 0       | 32, 2, 1         |
|     B_TILE_77_U                        | fifo channel  | task level  |      |      |        | B_TILE_77    | memory | 0       | 32, 2, 1         |
|     B_TILE_76_U                        | fifo channel  | task level  |      |      |        | B_TILE_76    | memory | 0       | 32, 2, 1         |
|     B_TILE_75_U                        | fifo channel  | task level  |      |      |        | B_TILE_75    | memory | 0       | 32, 2, 1         |
|     B_TILE_74_U                        | fifo channel  | task level  |      |      |        | B_TILE_74    | memory | 0       | 32, 2, 1         |
|     B_TILE_73_U                        | fifo channel  | task level  |      |      |        | B_TILE_73    | memory | 0       | 32, 2, 1         |
|     B_TILE_72_U                        | fifo channel  | task level  |      |      |        | B_TILE_72    | memory | 0       | 32, 2, 1         |
|     B_TILE_71_U                        | fifo channel  | task level  |      |      |        | B_TILE_71    | memory | 0       | 32, 2, 1         |
|     B_TILE_70_U                        | fifo channel  | task level  |      |      |        | B_TILE_70    | memory | 0       | 32, 2, 1         |
|     B_TILE_69_U                        | fifo channel  | task level  |      |      |        | B_TILE_69    | memory | 0       | 32, 2, 1         |
|     B_TILE_68_U                        | fifo channel  | task level  |      |      |        | B_TILE_68    | memory | 0       | 32, 2, 1         |
|     B_TILE_67_U                        | fifo channel  | task level  |      |      |        | B_TILE_67    | memory | 0       | 32, 2, 1         |
|     B_TILE_66_U                        | fifo channel  | task level  |      |      |        | B_TILE_66    | memory | 0       | 32, 2, 1         |
|     B_TILE_65_U                        | fifo channel  | task level  |      |      |        | B_TILE_65    | memory | 0       | 32, 2, 1         |
|     B_TILE_64_U                        | fifo channel  | task level  |      |      |        | B_TILE_64    | memory | 0       | 32, 2, 1         |
|     B_TILE_63_U                        | fifo channel  | task level  |      |      |        | B_TILE_63    | memory | 0       | 32, 2, 1         |
|     B_TILE_62_U                        | fifo channel  | task level  |      |      |        | B_TILE_62    | memory | 0       | 32, 2, 1         |
|     B_TILE_61_U                        | fifo channel  | task level  |      |      |        | B_TILE_61    | memory | 0       | 32, 2, 1         |
|     B_TILE_60_U                        | fifo channel  | task level  |      |      |        | B_TILE_60    | memory | 0       | 32, 2, 1         |
|     B_TILE_59_U                        | fifo channel  | task level  |      |      |        | B_TILE_59    | memory | 0       | 32, 2, 1         |
|     B_TILE_58_U                        | fifo channel  | task level  |      |      |        | B_TILE_58    | memory | 0       | 32, 2, 1         |
|     B_TILE_57_U                        | fifo channel  | task level  |      |      |        | B_TILE_57    | memory | 0       | 32, 2, 1         |
|     B_TILE_56_U                        | fifo channel  | task level  |      |      |        | B_TILE_56    | memory | 0       | 32, 2, 1         |
|     B_TILE_55_U                        | fifo channel  | task level  |      |      |        | B_TILE_55    | memory | 0       | 32, 2, 1         |
|     B_TILE_54_U                        | fifo channel  | task level  |      |      |        | B_TILE_54    | memory | 0       | 32, 2, 1         |
|     B_TILE_53_U                        | fifo channel  | task level  |      |      |        | B_TILE_53    | memory | 0       | 32, 2, 1         |
|     B_TILE_52_U                        | fifo channel  | task level  |      |      |        | B_TILE_52    | memory | 0       | 32, 2, 1         |
|     B_TILE_51_U                        | fifo channel  | task level  |      |      |        | B_TILE_51    | memory | 0       | 32, 2, 1         |
|     B_TILE_50_U                        | fifo channel  | task level  |      |      |        | B_TILE_50    | memory | 0       | 32, 2, 1         |
|     B_TILE_49_U                        | fifo channel  | task level  |      |      |        | B_TILE_49    | memory | 0       | 32, 2, 1         |
|     B_TILE_48_U                        | fifo channel  | task level  |      |      |        | B_TILE_48    | memory | 0       | 32, 2, 1         |
|     B_TILE_47_U                        | fifo channel  | task level  |      |      |        | B_TILE_47    | memory | 0       | 32, 2, 1         |
|     B_TILE_46_U                        | fifo channel  | task level  |      |      |        | B_TILE_46    | memory | 0       | 32, 2, 1         |
|     B_TILE_45_U                        | fifo channel  | task level  |      |      |        | B_TILE_45    | memory | 0       | 32, 2, 1         |
|     B_TILE_44_U                        | fifo channel  | task level  |      |      |        | B_TILE_44    | memory | 0       | 32, 2, 1         |
|     B_TILE_43_U                        | fifo channel  | task level  |      |      |        | B_TILE_43    | memory | 0       | 32, 2, 1         |
|     B_TILE_42_U                        | fifo channel  | task level  |      |      |        | B_TILE_42    | memory | 0       | 32, 2, 1         |
|     B_TILE_41_U                        | fifo channel  | task level  |      |      |        | B_TILE_41    | memory | 0       | 32, 2, 1         |
|     B_TILE_40_U                        | fifo channel  | task level  |      |      |        | B_TILE_40    | memory | 0       | 32, 2, 1         |
|     B_TILE_39_U                        | fifo channel  | task level  |      |      |        | B_TILE_39    | memory | 0       | 32, 2, 1         |
|     B_TILE_38_U                        | fifo channel  | task level  |      |      |        | B_TILE_38    | memory | 0       | 32, 2, 1         |
|     B_TILE_37_U                        | fifo channel  | task level  |      |      |        | B_TILE_37    | memory | 0       | 32, 2, 1         |
|     B_TILE_36_U                        | fifo channel  | task level  |      |      |        | B_TILE_36    | memory | 0       | 32, 2, 1         |
|     B_TILE_35_U                        | fifo channel  | task level  |      |      |        | B_TILE_35    | memory | 0       | 32, 2, 1         |
|     B_TILE_34_U                        | fifo channel  | task level  |      |      |        | B_TILE_34    | memory | 0       | 32, 2, 1         |
|     B_TILE_33_U                        | fifo channel  | task level  |      |      |        | B_TILE_33    | memory | 0       | 32, 2, 1         |
|     B_TILE_32_U                        | fifo channel  | task level  |      |      |        | B_TILE_32    | memory | 0       | 32, 2, 1         |
|     B_TILE_31_U                        | fifo channel  | task level  |      |      |        | B_TILE_31    | memory | 0       | 32, 2, 1         |
|     B_TILE_30_U                        | fifo channel  | task level  |      |      |        | B_TILE_30    | memory | 0       | 32, 2, 1         |
|     B_TILE_29_U                        | fifo channel  | task level  |      |      |        | B_TILE_29    | memory | 0       | 32, 2, 1         |
|     B_TILE_28_U                        | fifo channel  | task level  |      |      |        | B_TILE_28    | memory | 0       | 32, 2, 1         |
|     B_TILE_27_U                        | fifo channel  | task level  |      |      |        | B_TILE_27    | memory | 0       | 32, 2, 1         |
|     B_TILE_26_U                        | fifo channel  | task level  |      |      |        | B_TILE_26    | memory | 0       | 32, 2, 1         |
|     B_TILE_25_U                        | fifo channel  | task level  |      |      |        | B_TILE_25    | memory | 0       | 32, 2, 1         |
|     B_TILE_24_U                        | fifo channel  | task level  |      |      |        | B_TILE_24    | memory | 0       | 32, 2, 1         |
|     B_TILE_23_U                        | fifo channel  | task level  |      |      |        | B_TILE_23    | memory | 0       | 32, 2, 1         |
|     B_TILE_22_U                        | fifo channel  | task level  |      |      |        | B_TILE_22    | memory | 0       | 32, 2, 1         |
|     B_TILE_21_U                        | fifo channel  | task level  |      |      |        | B_TILE_21    | memory | 0       | 32, 2, 1         |
|     B_TILE_20_U                        | fifo channel  | task level  |      |      |        | B_TILE_20    | memory | 0       | 32, 2, 1         |
|     B_TILE_19_U                        | fifo channel  | task level  |      |      |        | B_TILE_19    | memory | 0       | 32, 2, 1         |
|     B_TILE_18_U                        | fifo channel  | task level  |      |      |        | B_TILE_18    | memory | 0       | 32, 2, 1         |
|     B_TILE_17_U                        | fifo channel  | task level  |      |      |        | B_TILE_17    | memory | 0       | 32, 2, 1         |
|     B_TILE_16_U                        | fifo channel  | task level  |      |      |        | B_TILE_16    | memory | 0       | 32, 2, 1         |
|     B_TILE_15_U                        | fifo channel  | task level  |      |      |        | B_TILE_15    | memory | 0       | 32, 2, 1         |
|     B_TILE_14_U                        | fifo channel  | task level  |      |      |        | B_TILE_14    | memory | 0       | 32, 2, 1         |
|     B_TILE_13_U                        | fifo channel  | task level  |      |      |        | B_TILE_13    | memory | 0       | 32, 2, 1         |
|     B_TILE_12_U                        | fifo channel  | task level  |      |      |        | B_TILE_12    | memory | 0       | 32, 2, 1         |
|     B_TILE_11_U                        | fifo channel  | task level  |      |      |        | B_TILE_11    | memory | 0       | 32, 2, 1         |
|     B_TILE_10_U                        | fifo channel  | task level  |      |      |        | B_TILE_10    | memory | 0       | 32, 2, 1         |
|     B_TILE_9_U                         | fifo channel  | task level  |      |      |        | B_TILE_9     | memory | 0       | 32, 2, 1         |
|     B_TILE_8_U                         | fifo channel  | task level  |      |      |        | B_TILE_8     | memory | 0       | 32, 2, 1         |
|     B_TILE_7_U                         | fifo channel  | task level  |      |      |        | B_TILE_7     | memory | 0       | 32, 2, 1         |
|     B_TILE_6_U                         | fifo channel  | task level  |      |      |        | B_TILE_6     | memory | 0       | 32, 2, 1         |
|     B_TILE_5_U                         | fifo channel  | task level  |      |      |        | B_TILE_5     | memory | 0       | 32, 2, 1         |
|     B_TILE_4_U                         | fifo channel  | task level  |      |      |        | B_TILE_4     | memory | 0       | 32, 2, 1         |
|     B_TILE_3_U                         | fifo channel  | task level  |      |      |        | B_TILE_3     | memory | 0       | 32, 2, 1         |
|     B_TILE_2_U                         | fifo channel  | task level  |      |      |        | B_TILE_2     | memory | 0       | 32, 2, 1         |
|     B_TILE_1_U                         | fifo channel  | task level  |      |      |        | B_TILE_1     | memory | 0       | 32, 2, 1         |
|     B_TILE_U                           | fifo channel  | task level  |      |      |        | B_TILE       | memory | 0       | 32, 2, 1         |
|    + tile_loop_A_proc278_wrapper       |               |             | 0    | 0    |        |              |        |         |                  |
|      p_channel_U                       | fifo channel  | task level  |      |      |        | p_channel    | memory | 0       | 3, 2, 1          |
|     + tile_loop_A_proc278              |               |             | 0    | 0    |        |              |        |         |                  |
|      + dataflow_in_loop_tile_loop_A279 |               |             | 0    | 0    |        |              |        |         |                  |
|        tileA_i_c_U                     | fifo channel  | scalar prop |      |      |        | tileA_i_c    | memory | 0       | 3, 35, 1         |
|        tileB_c_U                       | fifo channel  | scalar prop |      |      |        | tileB_c      | memory | 0       | 3, 35, 1         |
|        A_TILE_U                        | fifo channel  | task level  |      |      |        | A_TILE       | memory | 0       | 32, 2, 1         |
|        A_TILE_1_U                      | fifo channel  | task level  |      |      |        | A_TILE_1     | memory | 0       | 32, 2, 1         |
|        A_TILE_2_U                      | fifo channel  | task level  |      |      |        | A_TILE_2     | memory | 0       | 32, 2, 1         |
|        A_TILE_3_U                      | fifo channel  | task level  |      |      |        | A_TILE_3     | memory | 0       | 32, 2, 1         |
|        A_TILE_4_U                      | fifo channel  | task level  |      |      |        | A_TILE_4     | memory | 0       | 32, 2, 1         |
|        A_TILE_5_U                      | fifo channel  | task level  |      |      |        | A_TILE_5     | memory | 0       | 32, 2, 1         |
|        A_TILE_6_U                      | fifo channel  | task level  |      |      |        | A_TILE_6     | memory | 0       | 32, 2, 1         |
|        A_TILE_7_U                      | fifo channel  | task level  |      |      |        | A_TILE_7     | memory | 0       | 32, 2, 1         |
|        A_TILE_8_U                      | fifo channel  | task level  |      |      |        | A_TILE_8     | memory | 0       | 32, 2, 1         |
|        A_TILE_9_U                      | fifo channel  | task level  |      |      |        | A_TILE_9     | memory | 0       | 32, 2, 1         |
|        A_TILE_10_U                     | fifo channel  | task level  |      |      |        | A_TILE_10    | memory | 0       | 32, 2, 1         |
|        A_TILE_11_U                     | fifo channel  | task level  |      |      |        | A_TILE_11    | memory | 0       | 32, 2, 1         |
|        A_TILE_12_U                     | fifo channel  | task level  |      |      |        | A_TILE_12    | memory | 0       | 32, 2, 1         |
|        A_TILE_13_U                     | fifo channel  | task level  |      |      |        | A_TILE_13    | memory | 0       | 32, 2, 1         |
|        A_TILE_14_U                     | fifo channel  | task level  |      |      |        | A_TILE_14    | memory | 0       | 32, 2, 1         |
|        A_TILE_15_U                     | fifo channel  | task level  |      |      |        | A_TILE_15    | memory | 0       | 32, 2, 1         |
|        A_TILE_16_U                     | fifo channel  | task level  |      |      |        | A_TILE_16    | memory | 0       | 32, 2, 1         |
|        A_TILE_17_U                     | fifo channel  | task level  |      |      |        | A_TILE_17    | memory | 0       | 32, 2, 1         |
|        A_TILE_18_U                     | fifo channel  | task level  |      |      |        | A_TILE_18    | memory | 0       | 32, 2, 1         |
|        A_TILE_19_U                     | fifo channel  | task level  |      |      |        | A_TILE_19    | memory | 0       | 32, 2, 1         |
|        A_TILE_20_U                     | fifo channel  | task level  |      |      |        | A_TILE_20    | memory | 0       | 32, 2, 1         |
|        A_TILE_21_U                     | fifo channel  | task level  |      |      |        | A_TILE_21    | memory | 0       | 32, 2, 1         |
|        A_TILE_22_U                     | fifo channel  | task level  |      |      |        | A_TILE_22    | memory | 0       | 32, 2, 1         |
|        A_TILE_23_U                     | fifo channel  | task level  |      |      |        | A_TILE_23    | memory | 0       | 32, 2, 1         |
|        A_TILE_24_U                     | fifo channel  | task level  |      |      |        | A_TILE_24    | memory | 0       | 32, 2, 1         |
|        A_TILE_25_U                     | fifo channel  | task level  |      |      |        | A_TILE_25    | memory | 0       | 32, 2, 1         |
|        A_TILE_26_U                     | fifo channel  | task level  |      |      |        | A_TILE_26    | memory | 0       | 32, 2, 1         |
|        A_TILE_27_U                     | fifo channel  | task level  |      |      |        | A_TILE_27    | memory | 0       | 32, 2, 1         |
|        A_TILE_28_U                     | fifo channel  | task level  |      |      |        | A_TILE_28    | memory | 0       | 32, 2, 1         |
|        A_TILE_29_U                     | fifo channel  | task level  |      |      |        | A_TILE_29    | memory | 0       | 32, 2, 1         |
|        A_TILE_30_U                     | fifo channel  | task level  |      |      |        | A_TILE_30    | memory | 0       | 32, 2, 1         |
|        A_TILE_31_U                     | fifo channel  | task level  |      |      |        | A_TILE_31    | memory | 0       | 32, 2, 1         |
|        A_TILE_32_U                     | fifo channel  | task level  |      |      |        | A_TILE_32    | memory | 0       | 32, 2, 1         |
|        A_TILE_33_U                     | fifo channel  | task level  |      |      |        | A_TILE_33    | memory | 0       | 32, 2, 1         |
|        A_TILE_34_U                     | fifo channel  | task level  |      |      |        | A_TILE_34    | memory | 0       | 32, 2, 1         |
|        A_TILE_35_U                     | fifo channel  | task level  |      |      |        | A_TILE_35    | memory | 0       | 32, 2, 1         |
|        A_TILE_36_U                     | fifo channel  | task level  |      |      |        | A_TILE_36    | memory | 0       | 32, 2, 1         |
|        A_TILE_37_U                     | fifo channel  | task level  |      |      |        | A_TILE_37    | memory | 0       | 32, 2, 1         |
|        A_TILE_38_U                     | fifo channel  | task level  |      |      |        | A_TILE_38    | memory | 0       | 32, 2, 1         |
|        A_TILE_39_U                     | fifo channel  | task level  |      |      |        | A_TILE_39    | memory | 0       | 32, 2, 1         |
|        A_TILE_40_U                     | fifo channel  | task level  |      |      |        | A_TILE_40    | memory | 0       | 32, 2, 1         |
|        A_TILE_41_U                     | fifo channel  | task level  |      |      |        | A_TILE_41    | memory | 0       | 32, 2, 1         |
|        A_TILE_42_U                     | fifo channel  | task level  |      |      |        | A_TILE_42    | memory | 0       | 32, 2, 1         |
|        A_TILE_43_U                     | fifo channel  | task level  |      |      |        | A_TILE_43    | memory | 0       | 32, 2, 1         |
|        A_TILE_44_U                     | fifo channel  | task level  |      |      |        | A_TILE_44    | memory | 0       | 32, 2, 1         |
|        A_TILE_45_U                     | fifo channel  | task level  |      |      |        | A_TILE_45    | memory | 0       | 32, 2, 1         |
|        A_TILE_46_U                     | fifo channel  | task level  |      |      |        | A_TILE_46    | memory | 0       | 32, 2, 1         |
|        A_TILE_47_U                     | fifo channel  | task level  |      |      |        | A_TILE_47    | memory | 0       | 32, 2, 1         |
|        A_TILE_48_U                     | fifo channel  | task level  |      |      |        | A_TILE_48    | memory | 0       | 32, 2, 1         |
|        A_TILE_49_U                     | fifo channel  | task level  |      |      |        | A_TILE_49    | memory | 0       | 32, 2, 1         |
|        A_TILE_50_U                     | fifo channel  | task level  |      |      |        | A_TILE_50    | memory | 0       | 32, 2, 1         |
|        A_TILE_51_U                     | fifo channel  | task level  |      |      |        | A_TILE_51    | memory | 0       | 32, 2, 1         |
|        A_TILE_52_U                     | fifo channel  | task level  |      |      |        | A_TILE_52    | memory | 0       | 32, 2, 1         |
|        A_TILE_53_U                     | fifo channel  | task level  |      |      |        | A_TILE_53    | memory | 0       | 32, 2, 1         |
|        A_TILE_54_U                     | fifo channel  | task level  |      |      |        | A_TILE_54    | memory | 0       | 32, 2, 1         |
|        A_TILE_55_U                     | fifo channel  | task level  |      |      |        | A_TILE_55    | memory | 0       | 32, 2, 1         |
|        A_TILE_56_U                     | fifo channel  | task level  |      |      |        | A_TILE_56    | memory | 0       | 32, 2, 1         |
|        A_TILE_57_U                     | fifo channel  | task level  |      |      |        | A_TILE_57    | memory | 0       | 32, 2, 1         |
|        A_TILE_58_U                     | fifo channel  | task level  |      |      |        | A_TILE_58    | memory | 0       | 32, 2, 1         |
|        A_TILE_59_U                     | fifo channel  | task level  |      |      |        | A_TILE_59    | memory | 0       | 32, 2, 1         |
|        A_TILE_60_U                     | fifo channel  | task level  |      |      |        | A_TILE_60    | memory | 0       | 32, 2, 1         |
|        A_TILE_61_U                     | fifo channel  | task level  |      |      |        | A_TILE_61    | memory | 0       | 32, 2, 1         |
|        A_TILE_62_U                     | fifo channel  | task level  |      |      |        | A_TILE_62    | memory | 0       | 32, 2, 1         |
|        A_TILE_63_U                     | fifo channel  | task level  |      |      |        | A_TILE_63    | memory | 0       | 32, 2, 1         |
|        A_TILE_64_U                     | fifo channel  | task level  |      |      |        | A_TILE_64    | memory | 0       | 32, 2, 1         |
|        A_TILE_65_U                     | fifo channel  | task level  |      |      |        | A_TILE_65    | memory | 0       | 32, 2, 1         |
|        A_TILE_66_U                     | fifo channel  | task level  |      |      |        | A_TILE_66    | memory | 0       | 32, 2, 1         |
|        A_TILE_67_U                     | fifo channel  | task level  |      |      |        | A_TILE_67    | memory | 0       | 32, 2, 1         |
|        A_TILE_68_U                     | fifo channel  | task level  |      |      |        | A_TILE_68    | memory | 0       | 32, 2, 1         |
|        A_TILE_69_U                     | fifo channel  | task level  |      |      |        | A_TILE_69    | memory | 0       | 32, 2, 1         |
|        A_TILE_70_U                     | fifo channel  | task level  |      |      |        | A_TILE_70    | memory | 0       | 32, 2, 1         |
|        A_TILE_71_U                     | fifo channel  | task level  |      |      |        | A_TILE_71    | memory | 0       | 32, 2, 1         |
|        A_TILE_72_U                     | fifo channel  | task level  |      |      |        | A_TILE_72    | memory | 0       | 32, 2, 1         |
|        A_TILE_73_U                     | fifo channel  | task level  |      |      |        | A_TILE_73    | memory | 0       | 32, 2, 1         |
|        A_TILE_74_U                     | fifo channel  | task level  |      |      |        | A_TILE_74    | memory | 0       | 32, 2, 1         |
|        A_TILE_75_U                     | fifo channel  | task level  |      |      |        | A_TILE_75    | memory | 0       | 32, 2, 1         |
|        A_TILE_76_U                     | fifo channel  | task level  |      |      |        | A_TILE_76    | memory | 0       | 32, 2, 1         |
|        A_TILE_77_U                     | fifo channel  | task level  |      |      |        | A_TILE_77    | memory | 0       | 32, 2, 1         |
|        A_TILE_78_U                     | fifo channel  | task level  |      |      |        | A_TILE_78    | memory | 0       | 32, 2, 1         |
|        A_TILE_79_U                     | fifo channel  | task level  |      |      |        | A_TILE_79    | memory | 0       | 32, 2, 1         |
|        A_TILE_80_U                     | fifo channel  | task level  |      |      |        | A_TILE_80    | memory | 0       | 32, 2, 1         |
|        A_TILE_81_U                     | fifo channel  | task level  |      |      |        | A_TILE_81    | memory | 0       | 32, 2, 1         |
|        A_TILE_82_U                     | fifo channel  | task level  |      |      |        | A_TILE_82    | memory | 0       | 32, 2, 1         |
|        A_TILE_83_U                     | fifo channel  | task level  |      |      |        | A_TILE_83    | memory | 0       | 32, 2, 1         |
|        A_TILE_84_U                     | fifo channel  | task level  |      |      |        | A_TILE_84    | memory | 0       | 32, 2, 1         |
|        A_TILE_85_U                     | fifo channel  | task level  |      |      |        | A_TILE_85    | memory | 0       | 32, 2, 1         |
|        A_TILE_86_U                     | fifo channel  | task level  |      |      |        | A_TILE_86    | memory | 0       | 32, 2, 1         |
|        A_TILE_87_U                     | fifo channel  | task level  |      |      |        | A_TILE_87    | memory | 0       | 32, 2, 1         |
|        A_TILE_88_U                     | fifo channel  | task level  |      |      |        | A_TILE_88    | memory | 0       | 32, 2, 1         |
|        A_TILE_89_U                     | fifo channel  | task level  |      |      |        | A_TILE_89    | memory | 0       | 32, 2, 1         |
|        A_TILE_90_U                     | fifo channel  | task level  |      |      |        | A_TILE_90    | memory | 0       | 32, 2, 1         |
|        A_TILE_91_U                     | fifo channel  | task level  |      |      |        | A_TILE_91    | memory | 0       | 32, 2, 1         |
|        A_TILE_92_U                     | fifo channel  | task level  |      |      |        | A_TILE_92    | memory | 0       | 32, 2, 1         |
|        A_TILE_93_U                     | fifo channel  | task level  |      |      |        | A_TILE_93    | memory | 0       | 32, 2, 1         |
|        A_TILE_94_U                     | fifo channel  | task level  |      |      |        | A_TILE_94    | memory | 0       | 32, 2, 1         |
|        A_TILE_95_U                     | fifo channel  | task level  |      |      |        | A_TILE_95    | memory | 0       | 32, 2, 1         |
|        A_TILE_96_U                     | fifo channel  | task level  |      |      |        | A_TILE_96    | memory | 0       | 32, 2, 1         |
|        A_TILE_97_U                     | fifo channel  | task level  |      |      |        | A_TILE_97    | memory | 0       | 32, 2, 1         |
|        A_TILE_98_U                     | fifo channel  | task level  |      |      |        | A_TILE_98    | memory | 0       | 32, 2, 1         |
|        A_TILE_99_U                     | fifo channel  | task level  |      |      |        | A_TILE_99    | memory | 0       | 32, 2, 1         |
|        A_TILE_100_U                    | fifo channel  | task level  |      |      |        | A_TILE_100   | memory | 0       | 32, 2, 1         |
|        A_TILE_101_U                    | fifo channel  | task level  |      |      |        | A_TILE_101   | memory | 0       | 32, 2, 1         |
|        A_TILE_102_U                    | fifo channel  | task level  |      |      |        | A_TILE_102   | memory | 0       | 32, 2, 1         |
|        A_TILE_103_U                    | fifo channel  | task level  |      |      |        | A_TILE_103   | memory | 0       | 32, 2, 1         |
|        A_TILE_104_U                    | fifo channel  | task level  |      |      |        | A_TILE_104   | memory | 0       | 32, 2, 1         |
|        A_TILE_105_U                    | fifo channel  | task level  |      |      |        | A_TILE_105   | memory | 0       | 32, 2, 1         |
|        A_TILE_106_U                    | fifo channel  | task level  |      |      |        | A_TILE_106   | memory | 0       | 32, 2, 1         |
|        A_TILE_107_U                    | fifo channel  | task level  |      |      |        | A_TILE_107   | memory | 0       | 32, 2, 1         |
|        A_TILE_108_U                    | fifo channel  | task level  |      |      |        | A_TILE_108   | memory | 0       | 32, 2, 1         |
|        A_TILE_109_U                    | fifo channel  | task level  |      |      |        | A_TILE_109   | memory | 0       | 32, 2, 1         |
|        A_TILE_110_U                    | fifo channel  | task level  |      |      |        | A_TILE_110   | memory | 0       | 32, 2, 1         |
|        A_TILE_111_U                    | fifo channel  | task level  |      |      |        | A_TILE_111   | memory | 0       | 32, 2, 1         |
|        A_TILE_112_U                    | fifo channel  | task level  |      |      |        | A_TILE_112   | memory | 0       | 32, 2, 1         |
|        A_TILE_113_U                    | fifo channel  | task level  |      |      |        | A_TILE_113   | memory | 0       | 32, 2, 1         |
|        A_TILE_114_U                    | fifo channel  | task level  |      |      |        | A_TILE_114   | memory | 0       | 32, 2, 1         |
|        A_TILE_115_U                    | fifo channel  | task level  |      |      |        | A_TILE_115   | memory | 0       | 32, 2, 1         |
|        A_TILE_116_U                    | fifo channel  | task level  |      |      |        | A_TILE_116   | memory | 0       | 32, 2, 1         |
|        A_TILE_117_U                    | fifo channel  | task level  |      |      |        | A_TILE_117   | memory | 0       | 32, 2, 1         |
|        A_TILE_118_U                    | fifo channel  | task level  |      |      |        | A_TILE_118   | memory | 0       | 32, 2, 1         |
|        A_TILE_119_U                    | fifo channel  | task level  |      |      |        | A_TILE_119   | memory | 0       | 32, 2, 1         |
|        A_TILE_120_U                    | fifo channel  | task level  |      |      |        | A_TILE_120   | memory | 0       | 32, 2, 1         |
|        A_TILE_121_U                    | fifo channel  | task level  |      |      |        | A_TILE_121   | memory | 0       | 32, 2, 1         |
|        A_TILE_122_U                    | fifo channel  | task level  |      |      |        | A_TILE_122   | memory | 0       | 32, 2, 1         |
|        A_TILE_123_U                    | fifo channel  | task level  |      |      |        | A_TILE_123   | memory | 0       | 32, 2, 1         |
|        A_TILE_124_U                    | fifo channel  | task level  |      |      |        | A_TILE_124   | memory | 0       | 32, 2, 1         |
|        A_TILE_125_U                    | fifo channel  | task level  |      |      |        | A_TILE_125   | memory | 0       | 32, 2, 1         |
|        A_TILE_126_U                    | fifo channel  | task level  |      |      |        | A_TILE_126   | memory | 0       | 32, 2, 1         |
|        A_TILE_127_U                    | fifo channel  | task level  |      |      |        | A_TILE_127   | memory | 0       | 32, 2, 1         |
|        A_TILE_128_U                    | fifo channel  | task level  |      |      |        | A_TILE_128   | memory | 0       | 32, 2, 1         |
|        A_TILE_129_U                    | fifo channel  | task level  |      |      |        | A_TILE_129   | memory | 0       | 32, 2, 1         |
|        A_TILE_130_U                    | fifo channel  | task level  |      |      |        | A_TILE_130   | memory | 0       | 32, 2, 1         |
|        A_TILE_131_U                    | fifo channel  | task level  |      |      |        | A_TILE_131   | memory | 0       | 32, 2, 1         |
|        A_TILE_132_U                    | fifo channel  | task level  |      |      |        | A_TILE_132   | memory | 0       | 32, 2, 1         |
|        A_TILE_133_U                    | fifo channel  | task level  |      |      |        | A_TILE_133   | memory | 0       | 32, 2, 1         |
|        A_TILE_134_U                    | fifo channel  | task level  |      |      |        | A_TILE_134   | memory | 0       | 32, 2, 1         |
|        A_TILE_135_U                    | fifo channel  | task level  |      |      |        | A_TILE_135   | memory | 0       | 32, 2, 1         |
|        A_TILE_136_U                    | fifo channel  | task level  |      |      |        | A_TILE_136   | memory | 0       | 32, 2, 1         |
|        A_TILE_137_U                    | fifo channel  | task level  |      |      |        | A_TILE_137   | memory | 0       | 32, 2, 1         |
|        A_TILE_138_U                    | fifo channel  | task level  |      |      |        | A_TILE_138   | memory | 0       | 32, 2, 1         |
|        A_TILE_139_U                    | fifo channel  | task level  |      |      |        | A_TILE_139   | memory | 0       | 32, 2, 1         |
|        A_TILE_140_U                    | fifo channel  | task level  |      |      |        | A_TILE_140   | memory | 0       | 32, 2, 1         |
|        A_TILE_141_U                    | fifo channel  | task level  |      |      |        | A_TILE_141   | memory | 0       | 32, 2, 1         |
|        A_TILE_142_U                    | fifo channel  | task level  |      |      |        | A_TILE_142   | memory | 0       | 32, 2, 1         |
|        A_TILE_143_U                    | fifo channel  | task level  |      |      |        | A_TILE_143   | memory | 0       | 32, 2, 1         |
|        A_TILE_144_U                    | fifo channel  | task level  |      |      |        | A_TILE_144   | memory | 0       | 32, 2, 1         |
|        A_TILE_145_U                    | fifo channel  | task level  |      |      |        | A_TILE_145   | memory | 0       | 32, 2, 1         |
|        A_TILE_146_U                    | fifo channel  | task level  |      |      |        | A_TILE_146   | memory | 0       | 32, 2, 1         |
|        A_TILE_147_U                    | fifo channel  | task level  |      |      |        | A_TILE_147   | memory | 0       | 32, 2, 1         |
|        A_TILE_148_U                    | fifo channel  | task level  |      |      |        | A_TILE_148   | memory | 0       | 32, 2, 1         |
|        A_TILE_149_U                    | fifo channel  | task level  |      |      |        | A_TILE_149   | memory | 0       | 32, 2, 1         |
|        A_TILE_150_U                    | fifo channel  | task level  |      |      |        | A_TILE_150   | memory | 0       | 32, 2, 1         |
|        A_TILE_151_U                    | fifo channel  | task level  |      |      |        | A_TILE_151   | memory | 0       | 32, 2, 1         |
|        A_TILE_152_U                    | fifo channel  | task level  |      |      |        | A_TILE_152   | memory | 0       | 32, 2, 1         |
|        A_TILE_153_U                    | fifo channel  | task level  |      |      |        | A_TILE_153   | memory | 0       | 32, 2, 1         |
|        A_TILE_154_U                    | fifo channel  | task level  |      |      |        | A_TILE_154   | memory | 0       | 32, 2, 1         |
|        A_TILE_155_U                    | fifo channel  | task level  |      |      |        | A_TILE_155   | memory | 0       | 32, 2, 1         |
|        A_TILE_156_U                    | fifo channel  | task level  |      |      |        | A_TILE_156   | memory | 0       | 32, 2, 1         |
|        A_TILE_157_U                    | fifo channel  | task level  |      |      |        | A_TILE_157   | memory | 0       | 32, 2, 1         |
|        A_TILE_158_U                    | fifo channel  | task level  |      |      |        | A_TILE_158   | memory | 0       | 32, 2, 1         |
|        A_TILE_159_U                    | fifo channel  | task level  |      |      |        | A_TILE_159   | memory | 0       | 32, 2, 1         |
|        A_TILE_160_U                    | fifo channel  | task level  |      |      |        | A_TILE_160   | memory | 0       | 32, 2, 1         |
|        A_TILE_161_U                    | fifo channel  | task level  |      |      |        | A_TILE_161   | memory | 0       | 32, 2, 1         |
|        A_TILE_162_U                    | fifo channel  | task level  |      |      |        | A_TILE_162   | memory | 0       | 32, 2, 1         |
|        A_TILE_163_U                    | fifo channel  | task level  |      |      |        | A_TILE_163   | memory | 0       | 32, 2, 1         |
|        A_TILE_164_U                    | fifo channel  | task level  |      |      |        | A_TILE_164   | memory | 0       | 32, 2, 1         |
|        A_TILE_165_U                    | fifo channel  | task level  |      |      |        | A_TILE_165   | memory | 0       | 32, 2, 1         |
|        A_TILE_166_U                    | fifo channel  | task level  |      |      |        | A_TILE_166   | memory | 0       | 32, 2, 1         |
|        A_TILE_167_U                    | fifo channel  | task level  |      |      |        | A_TILE_167   | memory | 0       | 32, 2, 1         |
|        A_TILE_168_U                    | fifo channel  | task level  |      |      |        | A_TILE_168   | memory | 0       | 32, 2, 1         |
|        A_TILE_169_U                    | fifo channel  | task level  |      |      |        | A_TILE_169   | memory | 0       | 32, 2, 1         |
|        A_TILE_170_U                    | fifo channel  | task level  |      |      |        | A_TILE_170   | memory | 0       | 32, 2, 1         |
|        A_TILE_171_U                    | fifo channel  | task level  |      |      |        | A_TILE_171   | memory | 0       | 32, 2, 1         |
|        A_TILE_172_U                    | fifo channel  | task level  |      |      |        | A_TILE_172   | memory | 0       | 32, 2, 1         |
|        A_TILE_173_U                    | fifo channel  | task level  |      |      |        | A_TILE_173   | memory | 0       | 32, 2, 1         |
|        A_TILE_174_U                    | fifo channel  | task level  |      |      |        | A_TILE_174   | memory | 0       | 32, 2, 1         |
|        A_TILE_175_U                    | fifo channel  | task level  |      |      |        | A_TILE_175   | memory | 0       | 32, 2, 1         |
|        A_TILE_176_U                    | fifo channel  | task level  |      |      |        | A_TILE_176   | memory | 0       | 32, 2, 1         |
|        A_TILE_177_U                    | fifo channel  | task level  |      |      |        | A_TILE_177   | memory | 0       | 32, 2, 1         |
|        A_TILE_178_U                    | fifo channel  | task level  |      |      |        | A_TILE_178   | memory | 0       | 32, 2, 1         |
|        A_TILE_179_U                    | fifo channel  | task level  |      |      |        | A_TILE_179   | memory | 0       | 32, 2, 1         |
|        A_TILE_180_U                    | fifo channel  | task level  |      |      |        | A_TILE_180   | memory | 0       | 32, 2, 1         |
|        A_TILE_181_U                    | fifo channel  | task level  |      |      |        | A_TILE_181   | memory | 0       | 32, 2, 1         |
|        A_TILE_182_U                    | fifo channel  | task level  |      |      |        | A_TILE_182   | memory | 0       | 32, 2, 1         |
|        A_TILE_183_U                    | fifo channel  | task level  |      |      |        | A_TILE_183   | memory | 0       | 32, 2, 1         |
|        A_TILE_184_U                    | fifo channel  | task level  |      |      |        | A_TILE_184   | memory | 0       | 32, 2, 1         |
|        A_TILE_185_U                    | fifo channel  | task level  |      |      |        | A_TILE_185   | memory | 0       | 32, 2, 1         |
|        A_TILE_186_U                    | fifo channel  | task level  |      |      |        | A_TILE_186   | memory | 0       | 32, 2, 1         |
|        A_TILE_187_U                    | fifo channel  | task level  |      |      |        | A_TILE_187   | memory | 0       | 32, 2, 1         |
|        A_TILE_188_U                    | fifo channel  | task level  |      |      |        | A_TILE_188   | memory | 0       | 32, 2, 1         |
|        A_TILE_189_U                    | fifo channel  | task level  |      |      |        | A_TILE_189   | memory | 0       | 32, 2, 1         |
|        A_TILE_190_U                    | fifo channel  | task level  |      |      |        | A_TILE_190   | memory | 0       | 32, 2, 1         |
|        A_TILE_191_U                    | fifo channel  | task level  |      |      |        | A_TILE_191   | memory | 0       | 32, 2, 1         |
|        A_TILE_192_U                    | fifo channel  | task level  |      |      |        | A_TILE_192   | memory | 0       | 32, 2, 1         |
|        A_TILE_193_U                    | fifo channel  | task level  |      |      |        | A_TILE_193   | memory | 0       | 32, 2, 1         |
|        A_TILE_194_U                    | fifo channel  | task level  |      |      |        | A_TILE_194   | memory | 0       | 32, 2, 1         |
|        A_TILE_195_U                    | fifo channel  | task level  |      |      |        | A_TILE_195   | memory | 0       | 32, 2, 1         |
|        A_TILE_196_U                    | fifo channel  | task level  |      |      |        | A_TILE_196   | memory | 0       | 32, 2, 1         |
|        A_TILE_197_U                    | fifo channel  | task level  |      |      |        | A_TILE_197   | memory | 0       | 32, 2, 1         |
|        A_TILE_198_U                    | fifo channel  | task level  |      |      |        | A_TILE_198   | memory | 0       | 32, 2, 1         |
|        A_TILE_199_U                    | fifo channel  | task level  |      |      |        | A_TILE_199   | memory | 0       | 32, 2, 1         |
|        A_TILE_200_U                    | fifo channel  | task level  |      |      |        | A_TILE_200   | memory | 0       | 32, 2, 1         |
|        A_TILE_201_U                    | fifo channel  | task level  |      |      |        | A_TILE_201   | memory | 0       | 32, 2, 1         |
|        A_TILE_202_U                    | fifo channel  | task level  |      |      |        | A_TILE_202   | memory | 0       | 32, 2, 1         |
|        A_TILE_203_U                    | fifo channel  | task level  |      |      |        | A_TILE_203   | memory | 0       | 32, 2, 1         |
|        A_TILE_204_U                    | fifo channel  | task level  |      |      |        | A_TILE_204   | memory | 0       | 32, 2, 1         |
|        A_TILE_205_U                    | fifo channel  | task level  |      |      |        | A_TILE_205   | memory | 0       | 32, 2, 1         |
|        A_TILE_206_U                    | fifo channel  | task level  |      |      |        | A_TILE_206   | memory | 0       | 32, 2, 1         |
|        A_TILE_207_U                    | fifo channel  | task level  |      |      |        | A_TILE_207   | memory | 0       | 32, 2, 1         |
|        A_TILE_208_U                    | fifo channel  | task level  |      |      |        | A_TILE_208   | memory | 0       | 32, 2, 1         |
|        A_TILE_209_U                    | fifo channel  | task level  |      |      |        | A_TILE_209   | memory | 0       | 32, 2, 1         |
|        A_TILE_210_U                    | fifo channel  | task level  |      |      |        | A_TILE_210   | memory | 0       | 32, 2, 1         |
|        A_TILE_211_U                    | fifo channel  | task level  |      |      |        | A_TILE_211   | memory | 0       | 32, 2, 1         |
|        A_TILE_212_U                    | fifo channel  | task level  |      |      |        | A_TILE_212   | memory | 0       | 32, 2, 1         |
|        A_TILE_213_U                    | fifo channel  | task level  |      |      |        | A_TILE_213   | memory | 0       | 32, 2, 1         |
|        A_TILE_214_U                    | fifo channel  | task level  |      |      |        | A_TILE_214   | memory | 0       | 32, 2, 1         |
|        A_TILE_215_U                    | fifo channel  | task level  |      |      |        | A_TILE_215   | memory | 0       | 32, 2, 1         |
|        A_TILE_216_U                    | fifo channel  | task level  |      |      |        | A_TILE_216   | memory | 0       | 32, 2, 1         |
|        A_TILE_217_U                    | fifo channel  | task level  |      |      |        | A_TILE_217   | memory | 0       | 32, 2, 1         |
|        A_TILE_218_U                    | fifo channel  | task level  |      |      |        | A_TILE_218   | memory | 0       | 32, 2, 1         |
|        A_TILE_219_U                    | fifo channel  | task level  |      |      |        | A_TILE_219   | memory | 0       | 32, 2, 1         |
|        A_TILE_220_U                    | fifo channel  | task level  |      |      |        | A_TILE_220   | memory | 0       | 32, 2, 1         |
|        A_TILE_221_U                    | fifo channel  | task level  |      |      |        | A_TILE_221   | memory | 0       | 32, 2, 1         |
|        A_TILE_222_U                    | fifo channel  | task level  |      |      |        | A_TILE_222   | memory | 0       | 32, 2, 1         |
|        A_TILE_223_U                    | fifo channel  | task level  |      |      |        | A_TILE_223   | memory | 0       | 32, 2, 1         |
|        A_TILE_224_U                    | fifo channel  | task level  |      |      |        | A_TILE_224   | memory | 0       | 32, 2, 1         |
|        A_TILE_225_U                    | fifo channel  | task level  |      |      |        | A_TILE_225   | memory | 0       | 32, 2, 1         |
|        A_TILE_226_U                    | fifo channel  | task level  |      |      |        | A_TILE_226   | memory | 0       | 32, 2, 1         |
|        A_TILE_227_U                    | fifo channel  | task level  |      |      |        | A_TILE_227   | memory | 0       | 32, 2, 1         |
|        A_TILE_228_U                    | fifo channel  | task level  |      |      |        | A_TILE_228   | memory | 0       | 32, 2, 1         |
|        A_TILE_229_U                    | fifo channel  | task level  |      |      |        | A_TILE_229   | memory | 0       | 32, 2, 1         |
|        A_TILE_230_U                    | fifo channel  | task level  |      |      |        | A_TILE_230   | memory | 0       | 32, 2, 1         |
|        A_TILE_231_U                    | fifo channel  | task level  |      |      |        | A_TILE_231   | memory | 0       | 32, 2, 1         |
|        A_TILE_232_U                    | fifo channel  | task level  |      |      |        | A_TILE_232   | memory | 0       | 32, 2, 1         |
|        A_TILE_233_U                    | fifo channel  | task level  |      |      |        | A_TILE_233   | memory | 0       | 32, 2, 1         |
|        A_TILE_234_U                    | fifo channel  | task level  |      |      |        | A_TILE_234   | memory | 0       | 32, 2, 1         |
|        A_TILE_235_U                    | fifo channel  | task level  |      |      |        | A_TILE_235   | memory | 0       | 32, 2, 1         |
|        A_TILE_236_U                    | fifo channel  | task level  |      |      |        | A_TILE_236   | memory | 0       | 32, 2, 1         |
|        A_TILE_237_U                    | fifo channel  | task level  |      |      |        | A_TILE_237   | memory | 0       | 32, 2, 1         |
|        A_TILE_238_U                    | fifo channel  | task level  |      |      |        | A_TILE_238   | memory | 0       | 32, 2, 1         |
|        A_TILE_239_U                    | fifo channel  | task level  |      |      |        | A_TILE_239   | memory | 0       | 32, 2, 1         |
|        A_TILE_240_U                    | fifo channel  | task level  |      |      |        | A_TILE_240   | memory | 0       | 32, 2, 1         |
|        A_TILE_241_U                    | fifo channel  | task level  |      |      |        | A_TILE_241   | memory | 0       | 32, 2, 1         |
|        A_TILE_242_U                    | fifo channel  | task level  |      |      |        | A_TILE_242   | memory | 0       | 32, 2, 1         |
|        A_TILE_243_U                    | fifo channel  | task level  |      |      |        | A_TILE_243   | memory | 0       | 32, 2, 1         |
|        A_TILE_244_U                    | fifo channel  | task level  |      |      |        | A_TILE_244   | memory | 0       | 32, 2, 1         |
|        A_TILE_245_U                    | fifo channel  | task level  |      |      |        | A_TILE_245   | memory | 0       | 32, 2, 1         |
|        A_TILE_246_U                    | fifo channel  | task level  |      |      |        | A_TILE_246   | memory | 0       | 32, 2, 1         |
|        A_TILE_247_U                    | fifo channel  | task level  |      |      |        | A_TILE_247   | memory | 0       | 32, 2, 1         |
|        A_TILE_248_U                    | fifo channel  | task level  |      |      |        | A_TILE_248   | memory | 0       | 32, 2, 1         |
|        A_TILE_249_U                    | fifo channel  | task level  |      |      |        | A_TILE_249   | memory | 0       | 32, 2, 1         |
|        A_TILE_250_U                    | fifo channel  | task level  |      |      |        | A_TILE_250   | memory | 0       | 32, 2, 1         |
|        A_TILE_251_U                    | fifo channel  | task level  |      |      |        | A_TILE_251   | memory | 0       | 32, 2, 1         |
|        A_TILE_252_U                    | fifo channel  | task level  |      |      |        | A_TILE_252   | memory | 0       | 32, 2, 1         |
|        A_TILE_253_U                    | fifo channel  | task level  |      |      |        | A_TILE_253   | memory | 0       | 32, 2, 1         |
|        A_TILE_254_U                    | fifo channel  | task level  |      |      |        | A_TILE_254   | memory | 0       | 32, 2, 1         |
|        A_TILE_255_U                    | fifo channel  | task level  |      |      |        | A_TILE_255   | memory | 0       | 32, 2, 1         |
|        A_TILE_256_U                    | fifo channel  | task level  |      |      |        | A_TILE_256   | memory | 0       | 32, 2, 1         |
|        A_TILE_257_U                    | fifo channel  | task level  |      |      |        | A_TILE_257   | memory | 0       | 32, 2, 1         |
|        A_TILE_258_U                    | fifo channel  | task level  |      |      |        | A_TILE_258   | memory | 0       | 32, 2, 1         |
|        A_TILE_259_U                    | fifo channel  | task level  |      |      |        | A_TILE_259   | memory | 0       | 32, 2, 1         |
|        A_TILE_260_U                    | fifo channel  | task level  |      |      |        | A_TILE_260   | memory | 0       | 32, 2, 1         |
|        A_TILE_261_U                    | fifo channel  | task level  |      |      |        | A_TILE_261   | memory | 0       | 32, 2, 1         |
|        A_TILE_262_U                    | fifo channel  | task level  |      |      |        | A_TILE_262   | memory | 0       | 32, 2, 1         |
|        A_TILE_263_U                    | fifo channel  | task level  |      |      |        | A_TILE_263   | memory | 0       | 32, 2, 1         |
|        A_TILE_264_U                    | fifo channel  | task level  |      |      |        | A_TILE_264   | memory | 0       | 32, 2, 1         |
|        A_TILE_265_U                    | fifo channel  | task level  |      |      |        | A_TILE_265   | memory | 0       | 32, 2, 1         |
|        A_TILE_266_U                    | fifo channel  | task level  |      |      |        | A_TILE_266   | memory | 0       | 32, 2, 1         |
|        A_TILE_267_U                    | fifo channel  | task level  |      |      |        | A_TILE_267   | memory | 0       | 32, 2, 1         |
|        A_TILE_268_U                    | fifo channel  | task level  |      |      |        | A_TILE_268   | memory | 0       | 32, 2, 1         |
|        A_TILE_269_U                    | fifo channel  | task level  |      |      |        | A_TILE_269   | memory | 0       | 32, 2, 1         |
|        A_TILE_270_U                    | fifo channel  | task level  |      |      |        | A_TILE_270   | memory | 0       | 32, 2, 1         |
|        A_TILE_271_U                    | fifo channel  | task level  |      |      |        | A_TILE_271   | memory | 0       | 32, 2, 1         |
|        A_TILE_272_U                    | fifo channel  | task level  |      |      |        | A_TILE_272   | memory | 0       | 32, 2, 1         |
|        A_TILE_273_U                    | fifo channel  | task level  |      |      |        | A_TILE_273   | memory | 0       | 32, 2, 1         |
|        A_TILE_274_U                    | fifo channel  | task level  |      |      |        | A_TILE_274   | memory | 0       | 32, 2, 1         |
|        A_TILE_275_U                    | fifo channel  | task level  |      |      |        | A_TILE_275   | memory | 0       | 32, 2, 1         |
|        A_TILE_276_U                    | fifo channel  | task level  |      |      |        | A_TILE_276   | memory | 0       | 32, 2, 1         |
|        A_TILE_277_U                    | fifo channel  | task level  |      |      |        | A_TILE_277   | memory | 0       | 32, 2, 1         |
|        A_TILE_278_U                    | fifo channel  | task level  |      |      |        | A_TILE_278   | memory | 0       | 32, 2, 1         |
|        A_TILE_279_U                    | fifo channel  | task level  |      |      |        | A_TILE_279   | memory | 0       | 32, 2, 1         |
|        A_TILE_280_U                    | fifo channel  | task level  |      |      |        | A_TILE_280   | memory | 0       | 32, 2, 1         |
|        A_TILE_281_U                    | fifo channel  | task level  |      |      |        | A_TILE_281   | memory | 0       | 32, 2, 1         |
|        A_TILE_282_U                    | fifo channel  | task level  |      |      |        | A_TILE_282   | memory | 0       | 32, 2, 1         |
|        A_TILE_283_U                    | fifo channel  | task level  |      |      |        | A_TILE_283   | memory | 0       | 32, 2, 1         |
|        A_TILE_284_U                    | fifo channel  | task level  |      |      |        | A_TILE_284   | memory | 0       | 32, 2, 1         |
|        A_TILE_285_U                    | fifo channel  | task level  |      |      |        | A_TILE_285   | memory | 0       | 32, 2, 1         |
|        A_TILE_286_U                    | fifo channel  | task level  |      |      |        | A_TILE_286   | memory | 0       | 32, 2, 1         |
|        A_TILE_287_U                    | fifo channel  | task level  |      |      |        | A_TILE_287   | memory | 0       | 32, 2, 1         |
|        A_TILE_288_U                    | fifo channel  | task level  |      |      |        | A_TILE_288   | memory | 0       | 32, 2, 1         |
|        A_TILE_289_U                    | fifo channel  | task level  |      |      |        | A_TILE_289   | memory | 0       | 32, 2, 1         |
|        A_TILE_290_U                    | fifo channel  | task level  |      |      |        | A_TILE_290   | memory | 0       | 32, 2, 1         |
|        A_TILE_291_U                    | fifo channel  | task level  |      |      |        | A_TILE_291   | memory | 0       | 32, 2, 1         |
|        A_TILE_292_U                    | fifo channel  | task level  |      |      |        | A_TILE_292   | memory | 0       | 32, 2, 1         |
|        A_TILE_293_U                    | fifo channel  | task level  |      |      |        | A_TILE_293   | memory | 0       | 32, 2, 1         |
|        A_TILE_294_U                    | fifo channel  | task level  |      |      |        | A_TILE_294   | memory | 0       | 32, 2, 1         |
|        A_TILE_295_U                    | fifo channel  | task level  |      |      |        | A_TILE_295   | memory | 0       | 32, 2, 1         |
|        A_TILE_296_U                    | fifo channel  | task level  |      |      |        | A_TILE_296   | memory | 0       | 32, 2, 1         |
|        A_TILE_297_U                    | fifo channel  | task level  |      |      |        | A_TILE_297   | memory | 0       | 32, 2, 1         |
|        A_TILE_298_U                    | fifo channel  | task level  |      |      |        | A_TILE_298   | memory | 0       | 32, 2, 1         |
|        A_TILE_299_U                    | fifo channel  | task level  |      |      |        | A_TILE_299   | memory | 0       | 32, 2, 1         |
|        A_TILE_300_U                    | fifo channel  | task level  |      |      |        | A_TILE_300   | memory | 0       | 32, 2, 1         |
|        A_TILE_301_U                    | fifo channel  | task level  |      |      |        | A_TILE_301   | memory | 0       | 32, 2, 1         |
|        A_TILE_302_U                    | fifo channel  | task level  |      |      |        | A_TILE_302   | memory | 0       | 32, 2, 1         |
|        A_TILE_303_U                    | fifo channel  | task level  |      |      |        | A_TILE_303   | memory | 0       | 32, 2, 1         |
|        A_TILE_304_U                    | fifo channel  | task level  |      |      |        | A_TILE_304   | memory | 0       | 32, 2, 1         |
|        A_TILE_305_U                    | fifo channel  | task level  |      |      |        | A_TILE_305   | memory | 0       | 32, 2, 1         |
|        A_TILE_306_U                    | fifo channel  | task level  |      |      |        | A_TILE_306   | memory | 0       | 32, 2, 1         |
|        A_TILE_307_U                    | fifo channel  | task level  |      |      |        | A_TILE_307   | memory | 0       | 32, 2, 1         |
|        A_TILE_308_U                    | fifo channel  | task level  |      |      |        | A_TILE_308   | memory | 0       | 32, 2, 1         |
|        A_TILE_309_U                    | fifo channel  | task level  |      |      |        | A_TILE_309   | memory | 0       | 32, 2, 1         |
|        A_TILE_310_U                    | fifo channel  | task level  |      |      |        | A_TILE_310   | memory | 0       | 32, 2, 1         |
|        A_TILE_311_U                    | fifo channel  | task level  |      |      |        | A_TILE_311   | memory | 0       | 32, 2, 1         |
|        A_TILE_312_U                    | fifo channel  | task level  |      |      |        | A_TILE_312   | memory | 0       | 32, 2, 1         |
|        A_TILE_313_U                    | fifo channel  | task level  |      |      |        | A_TILE_313   | memory | 0       | 32, 2, 1         |
|        A_TILE_314_U                    | fifo channel  | task level  |      |      |        | A_TILE_314   | memory | 0       | 32, 2, 1         |
|        A_TILE_315_U                    | fifo channel  | task level  |      |      |        | A_TILE_315   | memory | 0       | 32, 2, 1         |
|        A_TILE_316_U                    | fifo channel  | task level  |      |      |        | A_TILE_316   | memory | 0       | 32, 2, 1         |
|        A_TILE_317_U                    | fifo channel  | task level  |      |      |        | A_TILE_317   | memory | 0       | 32, 2, 1         |
|        A_TILE_318_U                    | fifo channel  | task level  |      |      |        | A_TILE_318   | memory | 0       | 32, 2, 1         |
|        A_TILE_319_U                    | fifo channel  | task level  |      |      |        | A_TILE_319   | memory | 0       | 32, 2, 1         |
|        A_TILE_320_U                    | fifo channel  | task level  |      |      |        | A_TILE_320   | memory | 0       | 32, 2, 1         |
|        A_TILE_321_U                    | fifo channel  | task level  |      |      |        | A_TILE_321   | memory | 0       | 32, 2, 1         |
|        A_TILE_322_U                    | fifo channel  | task level  |      |      |        | A_TILE_322   | memory | 0       | 32, 2, 1         |
|        A_TILE_323_U                    | fifo channel  | task level  |      |      |        | A_TILE_323   | memory | 0       | 32, 2, 1         |
|        A_TILE_324_U                    | fifo channel  | task level  |      |      |        | A_TILE_324   | memory | 0       | 32, 2, 1         |
|        A_TILE_325_U                    | fifo channel  | task level  |      |      |        | A_TILE_325   | memory | 0       | 32, 2, 1         |
|        A_TILE_326_U                    | fifo channel  | task level  |      |      |        | A_TILE_326   | memory | 0       | 32, 2, 1         |
|        A_TILE_327_U                    | fifo channel  | task level  |      |      |        | A_TILE_327   | memory | 0       | 32, 2, 1         |
|        A_TILE_328_U                    | fifo channel  | task level  |      |      |        | A_TILE_328   | memory | 0       | 32, 2, 1         |
|        A_TILE_329_U                    | fifo channel  | task level  |      |      |        | A_TILE_329   | memory | 0       | 32, 2, 1         |
|        A_TILE_330_U                    | fifo channel  | task level  |      |      |        | A_TILE_330   | memory | 0       | 32, 2, 1         |
|        A_TILE_331_U                    | fifo channel  | task level  |      |      |        | A_TILE_331   | memory | 0       | 32, 2, 1         |
|        A_TILE_332_U                    | fifo channel  | task level  |      |      |        | A_TILE_332   | memory | 0       | 32, 2, 1         |
|        A_TILE_333_U                    | fifo channel  | task level  |      |      |        | A_TILE_333   | memory | 0       | 32, 2, 1         |
|        A_TILE_334_U                    | fifo channel  | task level  |      |      |        | A_TILE_334   | memory | 0       | 32, 2, 1         |
|        A_TILE_335_U                    | fifo channel  | task level  |      |      |        | A_TILE_335   | memory | 0       | 32, 2, 1         |
|        A_TILE_336_U                    | fifo channel  | task level  |      |      |        | A_TILE_336   | memory | 0       | 32, 2, 1         |
|        A_TILE_337_U                    | fifo channel  | task level  |      |      |        | A_TILE_337   | memory | 0       | 32, 2, 1         |
|        A_TILE_338_U                    | fifo channel  | task level  |      |      |        | A_TILE_338   | memory | 0       | 32, 2, 1         |
|        A_TILE_339_U                    | fifo channel  | task level  |      |      |        | A_TILE_339   | memory | 0       | 32, 2, 1         |
|        A_TILE_340_U                    | fifo channel  | task level  |      |      |        | A_TILE_340   | memory | 0       | 32, 2, 1         |
|        A_TILE_341_U                    | fifo channel  | task level  |      |      |        | A_TILE_341   | memory | 0       | 32, 2, 1         |
|        A_TILE_342_U                    | fifo channel  | task level  |      |      |        | A_TILE_342   | memory | 0       | 32, 2, 1         |
|        A_TILE_343_U                    | fifo channel  | task level  |      |      |        | A_TILE_343   | memory | 0       | 32, 2, 1         |
|        A_TILE_344_U                    | fifo channel  | task level  |      |      |        | A_TILE_344   | memory | 0       | 32, 2, 1         |
|        A_TILE_345_U                    | fifo channel  | task level  |      |      |        | A_TILE_345   | memory | 0       | 32, 2, 1         |
|        A_TILE_346_U                    | fifo channel  | task level  |      |      |        | A_TILE_346   | memory | 0       | 32, 2, 1         |
|        A_TILE_347_U                    | fifo channel  | task level  |      |      |        | A_TILE_347   | memory | 0       | 32, 2, 1         |
|        A_TILE_348_U                    | fifo channel  | task level  |      |      |        | A_TILE_348   | memory | 0       | 32, 2, 1         |
|        A_TILE_349_U                    | fifo channel  | task level  |      |      |        | A_TILE_349   | memory | 0       | 32, 2, 1         |
|        A_TILE_350_U                    | fifo channel  | task level  |      |      |        | A_TILE_350   | memory | 0       | 32, 2, 1         |
|        A_TILE_351_U                    | fifo channel  | task level  |      |      |        | A_TILE_351   | memory | 0       | 32, 2, 1         |
|        A_TILE_352_U                    | fifo channel  | task level  |      |      |        | A_TILE_352   | memory | 0       | 32, 2, 1         |
|        A_TILE_353_U                    | fifo channel  | task level  |      |      |        | A_TILE_353   | memory | 0       | 32, 2, 1         |
|        A_TILE_354_U                    | fifo channel  | task level  |      |      |        | A_TILE_354   | memory | 0       | 32, 2, 1         |
|        A_TILE_355_U                    | fifo channel  | task level  |      |      |        | A_TILE_355   | memory | 0       | 32, 2, 1         |
|        A_TILE_356_U                    | fifo channel  | task level  |      |      |        | A_TILE_356   | memory | 0       | 32, 2, 1         |
|        A_TILE_357_U                    | fifo channel  | task level  |      |      |        | A_TILE_357   | memory | 0       | 32, 2, 1         |
|        A_TILE_358_U                    | fifo channel  | task level  |      |      |        | A_TILE_358   | memory | 0       | 32, 2, 1         |
|        A_TILE_359_U                    | fifo channel  | task level  |      |      |        | A_TILE_359   | memory | 0       | 32, 2, 1         |
|        A_TILE_360_U                    | fifo channel  | task level  |      |      |        | A_TILE_360   | memory | 0       | 32, 2, 1         |
|        A_TILE_361_U                    | fifo channel  | task level  |      |      |        | A_TILE_361   | memory | 0       | 32, 2, 1         |
|        A_TILE_362_U                    | fifo channel  | task level  |      |      |        | A_TILE_362   | memory | 0       | 32, 2, 1         |
|        A_TILE_363_U                    | fifo channel  | task level  |      |      |        | A_TILE_363   | memory | 0       | 32, 2, 1         |
|        A_TILE_364_U                    | fifo channel  | task level  |      |      |        | A_TILE_364   | memory | 0       | 32, 2, 1         |
|        A_TILE_365_U                    | fifo channel  | task level  |      |      |        | A_TILE_365   | memory | 0       | 32, 2, 1         |
|        A_TILE_366_U                    | fifo channel  | task level  |      |      |        | A_TILE_366   | memory | 0       | 32, 2, 1         |
|        A_TILE_367_U                    | fifo channel  | task level  |      |      |        | A_TILE_367   | memory | 0       | 32, 2, 1         |
|        A_TILE_368_U                    | fifo channel  | task level  |      |      |        | A_TILE_368   | memory | 0       | 32, 2, 1         |
|        A_TILE_369_U                    | fifo channel  | task level  |      |      |        | A_TILE_369   | memory | 0       | 32, 2, 1         |
|        A_TILE_370_U                    | fifo channel  | task level  |      |      |        | A_TILE_370   | memory | 0       | 32, 2, 1         |
|        A_TILE_371_U                    | fifo channel  | task level  |      |      |        | A_TILE_371   | memory | 0       | 32, 2, 1         |
|        A_TILE_372_U                    | fifo channel  | task level  |      |      |        | A_TILE_372   | memory | 0       | 32, 2, 1         |
|        A_TILE_373_U                    | fifo channel  | task level  |      |      |        | A_TILE_373   | memory | 0       | 32, 2, 1         |
|        A_TILE_374_U                    | fifo channel  | task level  |      |      |        | A_TILE_374   | memory | 0       | 32, 2, 1         |
|        A_TILE_375_U                    | fifo channel  | task level  |      |      |        | A_TILE_375   | memory | 0       | 32, 2, 1         |
|        A_TILE_376_U                    | fifo channel  | task level  |      |      |        | A_TILE_376   | memory | 0       | 32, 2, 1         |
|        A_TILE_377_U                    | fifo channel  | task level  |      |      |        | A_TILE_377   | memory | 0       | 32, 2, 1         |
|        A_TILE_378_U                    | fifo channel  | task level  |      |      |        | A_TILE_378   | memory | 0       | 32, 2, 1         |
|        A_TILE_379_U                    | fifo channel  | task level  |      |      |        | A_TILE_379   | memory | 0       | 32, 2, 1         |
|        A_TILE_380_U                    | fifo channel  | task level  |      |      |        | A_TILE_380   | memory | 0       | 32, 2, 1         |
|        A_TILE_381_U                    | fifo channel  | task level  |      |      |        | A_TILE_381   | memory | 0       | 32, 2, 1         |
|        A_TILE_382_U                    | fifo channel  | task level  |      |      |        | A_TILE_382   | memory | 0       | 32, 2, 1         |
|        A_TILE_383_U                    | fifo channel  | task level  |      |      |        | A_TILE_383   | memory | 0       | 32, 2, 1         |
|        A_TILE_384_U                    | fifo channel  | task level  |      |      |        | A_TILE_384   | memory | 0       | 32, 2, 1         |
|        A_TILE_385_U                    | fifo channel  | task level  |      |      |        | A_TILE_385   | memory | 0       | 32, 2, 1         |
|        A_TILE_386_U                    | fifo channel  | task level  |      |      |        | A_TILE_386   | memory | 0       | 32, 2, 1         |
|        A_TILE_387_U                    | fifo channel  | task level  |      |      |        | A_TILE_387   | memory | 0       | 32, 2, 1         |
|        A_TILE_388_U                    | fifo channel  | task level  |      |      |        | A_TILE_388   | memory | 0       | 32, 2, 1         |
|        A_TILE_389_U                    | fifo channel  | task level  |      |      |        | A_TILE_389   | memory | 0       | 32, 2, 1         |
|        A_TILE_390_U                    | fifo channel  | task level  |      |      |        | A_TILE_390   | memory | 0       | 32, 2, 1         |
|        A_TILE_391_U                    | fifo channel  | task level  |      |      |        | A_TILE_391   | memory | 0       | 32, 2, 1         |
|        A_TILE_392_U                    | fifo channel  | task level  |      |      |        | A_TILE_392   | memory | 0       | 32, 2, 1         |
|        A_TILE_393_U                    | fifo channel  | task level  |      |      |        | A_TILE_393   | memory | 0       | 32, 2, 1         |
|        A_TILE_394_U                    | fifo channel  | task level  |      |      |        | A_TILE_394   | memory | 0       | 32, 2, 1         |
|        A_TILE_395_U                    | fifo channel  | task level  |      |      |        | A_TILE_395   | memory | 0       | 32, 2, 1         |
|        A_TILE_396_U                    | fifo channel  | task level  |      |      |        | A_TILE_396   | memory | 0       | 32, 2, 1         |
|        A_TILE_397_U                    | fifo channel  | task level  |      |      |        | A_TILE_397   | memory | 0       | 32, 2, 1         |
|        A_TILE_398_U                    | fifo channel  | task level  |      |      |        | A_TILE_398   | memory | 0       | 32, 2, 1         |
|        A_TILE_399_U                    | fifo channel  | task level  |      |      |        | A_TILE_399   | memory | 0       | 32, 2, 1         |
|        A_TILE_400_U                    | fifo channel  | task level  |      |      |        | A_TILE_400   | memory | 0       | 32, 2, 1         |
|        A_TILE_401_U                    | fifo channel  | task level  |      |      |        | A_TILE_401   | memory | 0       | 32, 2, 1         |
|        A_TILE_402_U                    | fifo channel  | task level  |      |      |        | A_TILE_402   | memory | 0       | 32, 2, 1         |
|        A_TILE_403_U                    | fifo channel  | task level  |      |      |        | A_TILE_403   | memory | 0       | 32, 2, 1         |
|        A_TILE_404_U                    | fifo channel  | task level  |      |      |        | A_TILE_404   | memory | 0       | 32, 2, 1         |
|        A_TILE_405_U                    | fifo channel  | task level  |      |      |        | A_TILE_405   | memory | 0       | 32, 2, 1         |
|        A_TILE_406_U                    | fifo channel  | task level  |      |      |        | A_TILE_406   | memory | 0       | 32, 2, 1         |
|        A_TILE_407_U                    | fifo channel  | task level  |      |      |        | A_TILE_407   | memory | 0       | 32, 2, 1         |
|        A_TILE_408_U                    | fifo channel  | task level  |      |      |        | A_TILE_408   | memory | 0       | 32, 2, 1         |
|        A_TILE_409_U                    | fifo channel  | task level  |      |      |        | A_TILE_409   | memory | 0       | 32, 2, 1         |
|        A_TILE_410_U                    | fifo channel  | task level  |      |      |        | A_TILE_410   | memory | 0       | 32, 2, 1         |
|        A_TILE_411_U                    | fifo channel  | task level  |      |      |        | A_TILE_411   | memory | 0       | 32, 2, 1         |
|        A_TILE_412_U                    | fifo channel  | task level  |      |      |        | A_TILE_412   | memory | 0       | 32, 2, 1         |
|        A_TILE_413_U                    | fifo channel  | task level  |      |      |        | A_TILE_413   | memory | 0       | 32, 2, 1         |
|        A_TILE_414_U                    | fifo channel  | task level  |      |      |        | A_TILE_414   | memory | 0       | 32, 2, 1         |
|        A_TILE_415_U                    | fifo channel  | task level  |      |      |        | A_TILE_415   | memory | 0       | 32, 2, 1         |
|        A_TILE_416_U                    | fifo channel  | task level  |      |      |        | A_TILE_416   | memory | 0       | 32, 2, 1         |
|        A_TILE_417_U                    | fifo channel  | task level  |      |      |        | A_TILE_417   | memory | 0       | 32, 2, 1         |
|        A_TILE_418_U                    | fifo channel  | task level  |      |      |        | A_TILE_418   | memory | 0       | 32, 2, 1         |
|        A_TILE_419_U                    | fifo channel  | task level  |      |      |        | A_TILE_419   | memory | 0       | 32, 2, 1         |
|        A_TILE_420_U                    | fifo channel  | task level  |      |      |        | A_TILE_420   | memory | 0       | 32, 2, 1         |
|        A_TILE_421_U                    | fifo channel  | task level  |      |      |        | A_TILE_421   | memory | 0       | 32, 2, 1         |
|        A_TILE_422_U                    | fifo channel  | task level  |      |      |        | A_TILE_422   | memory | 0       | 32, 2, 1         |
|        A_TILE_423_U                    | fifo channel  | task level  |      |      |        | A_TILE_423   | memory | 0       | 32, 2, 1         |
|        A_TILE_424_U                    | fifo channel  | task level  |      |      |        | A_TILE_424   | memory | 0       | 32, 2, 1         |
|        A_TILE_425_U                    | fifo channel  | task level  |      |      |        | A_TILE_425   | memory | 0       | 32, 2, 1         |
|        A_TILE_426_U                    | fifo channel  | task level  |      |      |        | A_TILE_426   | memory | 0       | 32, 2, 1         |
|        A_TILE_427_U                    | fifo channel  | task level  |      |      |        | A_TILE_427   | memory | 0       | 32, 2, 1         |
|        A_TILE_428_U                    | fifo channel  | task level  |      |      |        | A_TILE_428   | memory | 0       | 32, 2, 1         |
|        A_TILE_429_U                    | fifo channel  | task level  |      |      |        | A_TILE_429   | memory | 0       | 32, 2, 1         |
|        A_TILE_430_U                    | fifo channel  | task level  |      |      |        | A_TILE_430   | memory | 0       | 32, 2, 1         |
|        A_TILE_431_U                    | fifo channel  | task level  |      |      |        | A_TILE_431   | memory | 0       | 32, 2, 1         |
|        A_TILE_432_U                    | fifo channel  | task level  |      |      |        | A_TILE_432   | memory | 0       | 32, 2, 1         |
|        A_TILE_433_U                    | fifo channel  | task level  |      |      |        | A_TILE_433   | memory | 0       | 32, 2, 1         |
|        A_TILE_434_U                    | fifo channel  | task level  |      |      |        | A_TILE_434   | memory | 0       | 32, 2, 1         |
|        A_TILE_435_U                    | fifo channel  | task level  |      |      |        | A_TILE_435   | memory | 0       | 32, 2, 1         |
|        A_TILE_436_U                    | fifo channel  | task level  |      |      |        | A_TILE_436   | memory | 0       | 32, 2, 1         |
|        A_TILE_437_U                    | fifo channel  | task level  |      |      |        | A_TILE_437   | memory | 0       | 32, 2, 1         |
|        A_TILE_438_U                    | fifo channel  | task level  |      |      |        | A_TILE_438   | memory | 0       | 32, 2, 1         |
|        A_TILE_439_U                    | fifo channel  | task level  |      |      |        | A_TILE_439   | memory | 0       | 32, 2, 1         |
|        A_TILE_440_U                    | fifo channel  | task level  |      |      |        | A_TILE_440   | memory | 0       | 32, 2, 1         |
|        A_TILE_441_U                    | fifo channel  | task level  |      |      |        | A_TILE_441   | memory | 0       | 32, 2, 1         |
|        A_TILE_442_U                    | fifo channel  | task level  |      |      |        | A_TILE_442   | memory | 0       | 32, 2, 1         |
|        A_TILE_443_U                    | fifo channel  | task level  |      |      |        | A_TILE_443   | memory | 0       | 32, 2, 1         |
|        A_TILE_444_U                    | fifo channel  | task level  |      |      |        | A_TILE_444   | memory | 0       | 32, 2, 1         |
|        A_TILE_445_U                    | fifo channel  | task level  |      |      |        | A_TILE_445   | memory | 0       | 32, 2, 1         |
|        A_TILE_446_U                    | fifo channel  | task level  |      |      |        | A_TILE_446   | memory | 0       | 32, 2, 1         |
|        A_TILE_447_U                    | fifo channel  | task level  |      |      |        | A_TILE_447   | memory | 0       | 32, 2, 1         |
|        A_TILE_448_U                    | fifo channel  | task level  |      |      |        | A_TILE_448   | memory | 0       | 32, 2, 1         |
|        A_TILE_449_U                    | fifo channel  | task level  |      |      |        | A_TILE_449   | memory | 0       | 32, 2, 1         |
|        A_TILE_450_U                    | fifo channel  | task level  |      |      |        | A_TILE_450   | memory | 0       | 32, 2, 1         |
|        A_TILE_451_U                    | fifo channel  | task level  |      |      |        | A_TILE_451   | memory | 0       | 32, 2, 1         |
|        A_TILE_452_U                    | fifo channel  | task level  |      |      |        | A_TILE_452   | memory | 0       | 32, 2, 1         |
|        A_TILE_453_U                    | fifo channel  | task level  |      |      |        | A_TILE_453   | memory | 0       | 32, 2, 1         |
|        A_TILE_454_U                    | fifo channel  | task level  |      |      |        | A_TILE_454   | memory | 0       | 32, 2, 1         |
|        A_TILE_455_U                    | fifo channel  | task level  |      |      |        | A_TILE_455   | memory | 0       | 32, 2, 1         |
|        A_TILE_456_U                    | fifo channel  | task level  |      |      |        | A_TILE_456   | memory | 0       | 32, 2, 1         |
|        A_TILE_457_U                    | fifo channel  | task level  |      |      |        | A_TILE_457   | memory | 0       | 32, 2, 1         |
|        A_TILE_458_U                    | fifo channel  | task level  |      |      |        | A_TILE_458   | memory | 0       | 32, 2, 1         |
|        A_TILE_459_U                    | fifo channel  | task level  |      |      |        | A_TILE_459   | memory | 0       | 32, 2, 1         |
|        A_TILE_460_U                    | fifo channel  | task level  |      |      |        | A_TILE_460   | memory | 0       | 32, 2, 1         |
|        A_TILE_461_U                    | fifo channel  | task level  |      |      |        | A_TILE_461   | memory | 0       | 32, 2, 1         |
|        A_TILE_462_U                    | fifo channel  | task level  |      |      |        | A_TILE_462   | memory | 0       | 32, 2, 1         |
|        A_TILE_463_U                    | fifo channel  | task level  |      |      |        | A_TILE_463   | memory | 0       | 32, 2, 1         |
|        A_TILE_464_U                    | fifo channel  | task level  |      |      |        | A_TILE_464   | memory | 0       | 32, 2, 1         |
|        A_TILE_465_U                    | fifo channel  | task level  |      |      |        | A_TILE_465   | memory | 0       | 32, 2, 1         |
|        A_TILE_466_U                    | fifo channel  | task level  |      |      |        | A_TILE_466   | memory | 0       | 32, 2, 1         |
|        A_TILE_467_U                    | fifo channel  | task level  |      |      |        | A_TILE_467   | memory | 0       | 32, 2, 1         |
|        A_TILE_468_U                    | fifo channel  | task level  |      |      |        | A_TILE_468   | memory | 0       | 32, 2, 1         |
|        A_TILE_469_U                    | fifo channel  | task level  |      |      |        | A_TILE_469   | memory | 0       | 32, 2, 1         |
|        A_TILE_470_U                    | fifo channel  | task level  |      |      |        | A_TILE_470   | memory | 0       | 32, 2, 1         |
|        A_TILE_471_U                    | fifo channel  | task level  |      |      |        | A_TILE_471   | memory | 0       | 32, 2, 1         |
|        A_TILE_472_U                    | fifo channel  | task level  |      |      |        | A_TILE_472   | memory | 0       | 32, 2, 1         |
|        A_TILE_473_U                    | fifo channel  | task level  |      |      |        | A_TILE_473   | memory | 0       | 32, 2, 1         |
|        A_TILE_474_U                    | fifo channel  | task level  |      |      |        | A_TILE_474   | memory | 0       | 32, 2, 1         |
|        A_TILE_475_U                    | fifo channel  | task level  |      |      |        | A_TILE_475   | memory | 0       | 32, 2, 1         |
|        A_TILE_476_U                    | fifo channel  | task level  |      |      |        | A_TILE_476   | memory | 0       | 32, 2, 1         |
|        A_TILE_477_U                    | fifo channel  | task level  |      |      |        | A_TILE_477   | memory | 0       | 32, 2, 1         |
|        A_TILE_478_U                    | fifo channel  | task level  |      |      |        | A_TILE_478   | memory | 0       | 32, 2, 1         |
|        A_TILE_479_U                    | fifo channel  | task level  |      |      |        | A_TILE_479   | memory | 0       | 32, 2, 1         |
|        A_TILE_480_U                    | fifo channel  | task level  |      |      |        | A_TILE_480   | memory | 0       | 32, 2, 1         |
|        A_TILE_481_U                    | fifo channel  | task level  |      |      |        | A_TILE_481   | memory | 0       | 32, 2, 1         |
|        A_TILE_482_U                    | fifo channel  | task level  |      |      |        | A_TILE_482   | memory | 0       | 32, 2, 1         |
|        A_TILE_483_U                    | fifo channel  | task level  |      |      |        | A_TILE_483   | memory | 0       | 32, 2, 1         |
|        A_TILE_484_U                    | fifo channel  | task level  |      |      |        | A_TILE_484   | memory | 0       | 32, 2, 1         |
|        A_TILE_485_U                    | fifo channel  | task level  |      |      |        | A_TILE_485   | memory | 0       | 32, 2, 1         |
|        A_TILE_486_U                    | fifo channel  | task level  |      |      |        | A_TILE_486   | memory | 0       | 32, 2, 1         |
|        A_TILE_487_U                    | fifo channel  | task level  |      |      |        | A_TILE_487   | memory | 0       | 32, 2, 1         |
|        A_TILE_488_U                    | fifo channel  | task level  |      |      |        | A_TILE_488   | memory | 0       | 32, 2, 1         |
|        A_TILE_489_U                    | fifo channel  | task level  |      |      |        | A_TILE_489   | memory | 0       | 32, 2, 1         |
|        A_TILE_490_U                    | fifo channel  | task level  |      |      |        | A_TILE_490   | memory | 0       | 32, 2, 1         |
|        A_TILE_491_U                    | fifo channel  | task level  |      |      |        | A_TILE_491   | memory | 0       | 32, 2, 1         |
|        A_TILE_492_U                    | fifo channel  | task level  |      |      |        | A_TILE_492   | memory | 0       | 32, 2, 1         |
|        A_TILE_493_U                    | fifo channel  | task level  |      |      |        | A_TILE_493   | memory | 0       | 32, 2, 1         |
|        A_TILE_494_U                    | fifo channel  | task level  |      |      |        | A_TILE_494   | memory | 0       | 32, 2, 1         |
|        A_TILE_495_U                    | fifo channel  | task level  |      |      |        | A_TILE_495   | memory | 0       | 32, 2, 1         |
|        A_TILE_496_U                    | fifo channel  | task level  |      |      |        | A_TILE_496   | memory | 0       | 32, 2, 1         |
|        A_TILE_497_U                    | fifo channel  | task level  |      |      |        | A_TILE_497   | memory | 0       | 32, 2, 1         |
|        A_TILE_498_U                    | fifo channel  | task level  |      |      |        | A_TILE_498   | memory | 0       | 32, 2, 1         |
|        A_TILE_499_U                    | fifo channel  | task level  |      |      |        | A_TILE_499   | memory | 0       | 32, 2, 1         |
|        A_TILE_500_U                    | fifo channel  | task level  |      |      |        | A_TILE_500   | memory | 0       | 32, 2, 1         |
|        A_TILE_501_U                    | fifo channel  | task level  |      |      |        | A_TILE_501   | memory | 0       | 32, 2, 1         |
|        A_TILE_502_U                    | fifo channel  | task level  |      |      |        | A_TILE_502   | memory | 0       | 32, 2, 1         |
|        A_TILE_503_U                    | fifo channel  | task level  |      |      |        | A_TILE_503   | memory | 0       | 32, 2, 1         |
|        A_TILE_504_U                    | fifo channel  | task level  |      |      |        | A_TILE_504   | memory | 0       | 32, 2, 1         |
|        A_TILE_505_U                    | fifo channel  | task level  |      |      |        | A_TILE_505   | memory | 0       | 32, 2, 1         |
|        A_TILE_506_U                    | fifo channel  | task level  |      |      |        | A_TILE_506   | memory | 0       | 32, 2, 1         |
|        A_TILE_507_U                    | fifo channel  | task level  |      |      |        | A_TILE_507   | memory | 0       | 32, 2, 1         |
|        A_TILE_508_U                    | fifo channel  | task level  |      |      |        | A_TILE_508   | memory | 0       | 32, 2, 1         |
|        A_TILE_509_U                    | fifo channel  | task level  |      |      |        | A_TILE_509   | memory | 0       | 32, 2, 1         |
|        A_TILE_510_U                    | fifo channel  | task level  |      |      |        | A_TILE_510   | memory | 0       | 32, 2, 1         |
|        A_TILE511_U                     | fifo channel  | task level  |      |      |        | A_TILE511    | memory | 0       | 32, 2, 1         |
|        A_stream_255_U                  | fifo channel  | stream      |      |      |        | A_stream_255 | memory | 0       | 32, 64, 1        |
|        A_stream_239_U                  | fifo channel  | stream      |      |      |        | A_stream_239 | memory | 0       | 32, 64, 1        |
|        A_stream_223_U                  | fifo channel  | stream      |      |      |        | A_stream_223 | memory | 0       | 32, 64, 1        |
|        A_stream_207_U                  | fifo channel  | stream      |      |      |        | A_stream_207 | memory | 0       | 32, 64, 1        |
|        A_stream_191_U                  | fifo channel  | stream      |      |      |        | A_stream_191 | memory | 0       | 32, 64, 1        |
|        A_stream_175_U                  | fifo channel  | stream      |      |      |        | A_stream_175 | memory | 0       | 32, 64, 1        |
|        A_stream_159_U                  | fifo channel  | stream      |      |      |        | A_stream_159 | memory | 0       | 32, 64, 1        |
|        A_stream_143_U                  | fifo channel  | stream      |      |      |        | A_stream_143 | memory | 0       | 32, 64, 1        |
|        A_stream_127_U                  | fifo channel  | stream      |      |      |        | A_stream_127 | memory | 0       | 32, 64, 1        |
|        A_stream_111_U                  | fifo channel  | stream      |      |      |        | A_stream_111 | memory | 0       | 32, 64, 1        |
|        A_stream_95_U                   | fifo channel  | stream      |      |      |        | A_stream_95  | memory | 0       | 32, 64, 1        |
|        A_stream_79_U                   | fifo channel  | stream      |      |      |        | A_stream_79  | memory | 0       | 32, 64, 1        |
|        A_stream_63_U                   | fifo channel  | stream      |      |      |        | A_stream_63  | memory | 0       | 32, 64, 1        |
|        A_stream_47_U                   | fifo channel  | stream      |      |      |        | A_stream_47  | memory | 0       | 32, 64, 1        |
|        A_stream_31_U                   | fifo channel  | stream      |      |      |        | A_stream_31  | memory | 0       | 32, 64, 1        |
|        A_stream_15_U                   | fifo channel  | stream      |      |      |        | A_stream_15  | memory | 0       | 32, 64, 1        |
|        B_stream_255_U                  | fifo channel  | stream      |      |      |        | B_stream_255 | memory | 0       | 32, 64, 1        |
|        B_stream_254_U                  | fifo channel  | stream      |      |      |        | B_stream_254 | memory | 0       | 32, 64, 1        |
|        B_stream_253_U                  | fifo channel  | stream      |      |      |        | B_stream_253 | memory | 0       | 32, 64, 1        |
|        B_stream_252_U                  | fifo channel  | stream      |      |      |        | B_stream_252 | memory | 0       | 32, 64, 1        |
|        B_stream_251_U                  | fifo channel  | stream      |      |      |        | B_stream_251 | memory | 0       | 32, 64, 1        |
|        B_stream_250_U                  | fifo channel  | stream      |      |      |        | B_stream_250 | memory | 0       | 32, 64, 1        |
|        B_stream_249_U                  | fifo channel  | stream      |      |      |        | B_stream_249 | memory | 0       | 32, 64, 1        |
|        B_stream_248_U                  | fifo channel  | stream      |      |      |        | B_stream_248 | memory | 0       | 32, 64, 1        |
|        B_stream_247_U                  | fifo channel  | stream      |      |      |        | B_stream_247 | memory | 0       | 32, 64, 1        |
|        B_stream_246_U                  | fifo channel  | stream      |      |      |        | B_stream_246 | memory | 0       | 32, 64, 1        |
|        B_stream_245_U                  | fifo channel  | stream      |      |      |        | B_stream_245 | memory | 0       | 32, 64, 1        |
|        B_stream_244_U                  | fifo channel  | stream      |      |      |        | B_stream_244 | memory | 0       | 32, 64, 1        |
|        B_stream_243_U                  | fifo channel  | stream      |      |      |        | B_stream_243 | memory | 0       | 32, 64, 1        |
|        B_stream_242_U                  | fifo channel  | stream      |      |      |        | B_stream_242 | memory | 0       | 32, 64, 1        |
|        B_stream_241_U                  | fifo channel  | stream      |      |      |        | B_stream_241 | memory | 0       | 32, 64, 1        |
|        B_stream_240_U                  | fifo channel  | stream      |      |      |        | B_stream_240 | memory | 0       | 32, 64, 1        |
|        A_stream_254_U                  | fifo channel  | stream      |      |      |        | A_stream_254 | memory | 0       | 32, 64, 1        |
|        B_stream_239_U                  | fifo channel  | stream      |      |      |        | B_stream_239 | memory | 0       | 32, 64, 1        |
|        C_stream_255_U                  | fifo channel  | stream      |      |      |        | C_stream_255 | memory | 0       | 32, 64, 1        |
|        A_stream_253_U                  | fifo channel  | stream      |      |      |        | A_stream_253 | memory | 0       | 32, 64, 1        |
|        B_stream_238_U                  | fifo channel  | stream      |      |      |        | B_stream_238 | memory | 0       | 32, 64, 1        |
|        C_stream_254_U                  | fifo channel  | stream      |      |      |        | C_stream_254 | memory | 0       | 32, 64, 1        |
|        A_stream_252_U                  | fifo channel  | stream      |      |      |        | A_stream_252 | memory | 0       | 32, 64, 1        |
|        B_stream_237_U                  | fifo channel  | stream      |      |      |        | B_stream_237 | memory | 0       | 32, 64, 1        |
|        C_stream_253_U                  | fifo channel  | stream      |      |      |        | C_stream_253 | memory | 0       | 32, 64, 1        |
|        A_stream_251_U                  | fifo channel  | stream      |      |      |        | A_stream_251 | memory | 0       | 32, 64, 1        |
|        B_stream_236_U                  | fifo channel  | stream      |      |      |        | B_stream_236 | memory | 0       | 32, 64, 1        |
|        C_stream_252_U                  | fifo channel  | stream      |      |      |        | C_stream_252 | memory | 0       | 32, 64, 1        |
|        A_stream_250_U                  | fifo channel  | stream      |      |      |        | A_stream_250 | memory | 0       | 32, 64, 1        |
|        B_stream_235_U                  | fifo channel  | stream      |      |      |        | B_stream_235 | memory | 0       | 32, 64, 1        |
|        C_stream_251_U                  | fifo channel  | stream      |      |      |        | C_stream_251 | memory | 0       | 32, 64, 1        |
|        A_stream_249_U                  | fifo channel  | stream      |      |      |        | A_stream_249 | memory | 0       | 32, 64, 1        |
|        B_stream_234_U                  | fifo channel  | stream      |      |      |        | B_stream_234 | memory | 0       | 32, 64, 1        |
|        C_stream_250_U                  | fifo channel  | stream      |      |      |        | C_stream_250 | memory | 0       | 32, 64, 1        |
|        A_stream_248_U                  | fifo channel  | stream      |      |      |        | A_stream_248 | memory | 0       | 32, 64, 1        |
|        B_stream_233_U                  | fifo channel  | stream      |      |      |        | B_stream_233 | memory | 0       | 32, 64, 1        |
|        C_stream_249_U                  | fifo channel  | stream      |      |      |        | C_stream_249 | memory | 0       | 32, 64, 1        |
|        A_stream_247_U                  | fifo channel  | stream      |      |      |        | A_stream_247 | memory | 0       | 32, 64, 1        |
|        B_stream_232_U                  | fifo channel  | stream      |      |      |        | B_stream_232 | memory | 0       | 32, 64, 1        |
|        C_stream_248_U                  | fifo channel  | stream      |      |      |        | C_stream_248 | memory | 0       | 32, 64, 1        |
|        A_stream_246_U                  | fifo channel  | stream      |      |      |        | A_stream_246 | memory | 0       | 32, 64, 1        |
|        B_stream_231_U                  | fifo channel  | stream      |      |      |        | B_stream_231 | memory | 0       | 32, 64, 1        |
|        C_stream_247_U                  | fifo channel  | stream      |      |      |        | C_stream_247 | memory | 0       | 32, 64, 1        |
|        A_stream_245_U                  | fifo channel  | stream      |      |      |        | A_stream_245 | memory | 0       | 32, 64, 1        |
|        B_stream_230_U                  | fifo channel  | stream      |      |      |        | B_stream_230 | memory | 0       | 32, 64, 1        |
|        C_stream_246_U                  | fifo channel  | stream      |      |      |        | C_stream_246 | memory | 0       | 32, 64, 1        |
|        A_stream_244_U                  | fifo channel  | stream      |      |      |        | A_stream_244 | memory | 0       | 32, 64, 1        |
|        B_stream_229_U                  | fifo channel  | stream      |      |      |        | B_stream_229 | memory | 0       | 32, 64, 1        |
|        C_stream_245_U                  | fifo channel  | stream      |      |      |        | C_stream_245 | memory | 0       | 32, 64, 1        |
|        A_stream_243_U                  | fifo channel  | stream      |      |      |        | A_stream_243 | memory | 0       | 32, 64, 1        |
|        B_stream_228_U                  | fifo channel  | stream      |      |      |        | B_stream_228 | memory | 0       | 32, 64, 1        |
|        C_stream_244_U                  | fifo channel  | stream      |      |      |        | C_stream_244 | memory | 0       | 32, 64, 1        |
|        A_stream_242_U                  | fifo channel  | stream      |      |      |        | A_stream_242 | memory | 0       | 32, 64, 1        |
|        B_stream_227_U                  | fifo channel  | stream      |      |      |        | B_stream_227 | memory | 0       | 32, 64, 1        |
|        C_stream_243_U                  | fifo channel  | stream      |      |      |        | C_stream_243 | memory | 0       | 32, 64, 1        |
|        A_stream_241_U                  | fifo channel  | stream      |      |      |        | A_stream_241 | memory | 0       | 32, 64, 1        |
|        B_stream_226_U                  | fifo channel  | stream      |      |      |        | B_stream_226 | memory | 0       | 32, 64, 1        |
|        C_stream_242_U                  | fifo channel  | stream      |      |      |        | C_stream_242 | memory | 0       | 32, 64, 1        |
|        A_stream_240_U                  | fifo channel  | stream      |      |      |        | A_stream_240 | memory | 0       | 32, 64, 1        |
|        B_stream_225_U                  | fifo channel  | stream      |      |      |        | B_stream_225 | memory | 0       | 32, 64, 1        |
|        C_stream_241_U                  | fifo channel  | stream      |      |      |        | C_stream_241 | memory | 0       | 32, 64, 1        |
|        B_stream_224_U                  | fifo channel  | stream      |      |      |        | B_stream_224 | memory | 0       | 32, 64, 1        |
|        C_stream_240_U                  | fifo channel  | stream      |      |      |        | C_stream_240 | memory | 0       | 32, 64, 1        |
|        A_stream_238_U                  | fifo channel  | stream      |      |      |        | A_stream_238 | memory | 0       | 32, 64, 1        |
|        B_stream_223_U                  | fifo channel  | stream      |      |      |        | B_stream_223 | memory | 0       | 32, 64, 1        |
|        C_stream_239_U                  | fifo channel  | stream      |      |      |        | C_stream_239 | memory | 0       | 32, 64, 1        |
|        A_stream_237_U                  | fifo channel  | stream      |      |      |        | A_stream_237 | memory | 0       | 32, 64, 1        |
|        B_stream_222_U                  | fifo channel  | stream      |      |      |        | B_stream_222 | memory | 0       | 32, 64, 1        |
|        C_stream_238_U                  | fifo channel  | stream      |      |      |        | C_stream_238 | memory | 0       | 32, 64, 1        |
|        A_stream_236_U                  | fifo channel  | stream      |      |      |        | A_stream_236 | memory | 0       | 32, 64, 1        |
|        B_stream_221_U                  | fifo channel  | stream      |      |      |        | B_stream_221 | memory | 0       | 32, 64, 1        |
|        C_stream_237_U                  | fifo channel  | stream      |      |      |        | C_stream_237 | memory | 0       | 32, 64, 1        |
|        A_stream_235_U                  | fifo channel  | stream      |      |      |        | A_stream_235 | memory | 0       | 32, 64, 1        |
|        B_stream_220_U                  | fifo channel  | stream      |      |      |        | B_stream_220 | memory | 0       | 32, 64, 1        |
|        C_stream_236_U                  | fifo channel  | stream      |      |      |        | C_stream_236 | memory | 0       | 32, 64, 1        |
|        A_stream_234_U                  | fifo channel  | stream      |      |      |        | A_stream_234 | memory | 0       | 32, 64, 1        |
|        B_stream_219_U                  | fifo channel  | stream      |      |      |        | B_stream_219 | memory | 0       | 32, 64, 1        |
|        C_stream_235_U                  | fifo channel  | stream      |      |      |        | C_stream_235 | memory | 0       | 32, 64, 1        |
|        A_stream_233_U                  | fifo channel  | stream      |      |      |        | A_stream_233 | memory | 0       | 32, 64, 1        |
|        B_stream_218_U                  | fifo channel  | stream      |      |      |        | B_stream_218 | memory | 0       | 32, 64, 1        |
|        C_stream_234_U                  | fifo channel  | stream      |      |      |        | C_stream_234 | memory | 0       | 32, 64, 1        |
|        A_stream_232_U                  | fifo channel  | stream      |      |      |        | A_stream_232 | memory | 0       | 32, 64, 1        |
|        B_stream_217_U                  | fifo channel  | stream      |      |      |        | B_stream_217 | memory | 0       | 32, 64, 1        |
|        C_stream_233_U                  | fifo channel  | stream      |      |      |        | C_stream_233 | memory | 0       | 32, 64, 1        |
|        A_stream_231_U                  | fifo channel  | stream      |      |      |        | A_stream_231 | memory | 0       | 32, 64, 1        |
|        B_stream_216_U                  | fifo channel  | stream      |      |      |        | B_stream_216 | memory | 0       | 32, 64, 1        |
|        C_stream_232_U                  | fifo channel  | stream      |      |      |        | C_stream_232 | memory | 0       | 32, 64, 1        |
|        A_stream_230_U                  | fifo channel  | stream      |      |      |        | A_stream_230 | memory | 0       | 32, 64, 1        |
|        B_stream_215_U                  | fifo channel  | stream      |      |      |        | B_stream_215 | memory | 0       | 32, 64, 1        |
|        C_stream_231_U                  | fifo channel  | stream      |      |      |        | C_stream_231 | memory | 0       | 32, 64, 1        |
|        A_stream_229_U                  | fifo channel  | stream      |      |      |        | A_stream_229 | memory | 0       | 32, 64, 1        |
|        B_stream_214_U                  | fifo channel  | stream      |      |      |        | B_stream_214 | memory | 0       | 32, 64, 1        |
|        C_stream_230_U                  | fifo channel  | stream      |      |      |        | C_stream_230 | memory | 0       | 32, 64, 1        |
|        A_stream_228_U                  | fifo channel  | stream      |      |      |        | A_stream_228 | memory | 0       | 32, 64, 1        |
|        B_stream_213_U                  | fifo channel  | stream      |      |      |        | B_stream_213 | memory | 0       | 32, 64, 1        |
|        C_stream_229_U                  | fifo channel  | stream      |      |      |        | C_stream_229 | memory | 0       | 32, 64, 1        |
|        A_stream_227_U                  | fifo channel  | stream      |      |      |        | A_stream_227 | memory | 0       | 32, 64, 1        |
|        B_stream_212_U                  | fifo channel  | stream      |      |      |        | B_stream_212 | memory | 0       | 32, 64, 1        |
|        C_stream_228_U                  | fifo channel  | stream      |      |      |        | C_stream_228 | memory | 0       | 32, 64, 1        |
|        A_stream_226_U                  | fifo channel  | stream      |      |      |        | A_stream_226 | memory | 0       | 32, 64, 1        |
|        B_stream_211_U                  | fifo channel  | stream      |      |      |        | B_stream_211 | memory | 0       | 32, 64, 1        |
|        C_stream_227_U                  | fifo channel  | stream      |      |      |        | C_stream_227 | memory | 0       | 32, 64, 1        |
|        A_stream_225_U                  | fifo channel  | stream      |      |      |        | A_stream_225 | memory | 0       | 32, 64, 1        |
|        B_stream_210_U                  | fifo channel  | stream      |      |      |        | B_stream_210 | memory | 0       | 32, 64, 1        |
|        C_stream_226_U                  | fifo channel  | stream      |      |      |        | C_stream_226 | memory | 0       | 32, 64, 1        |
|        A_stream_224_U                  | fifo channel  | stream      |      |      |        | A_stream_224 | memory | 0       | 32, 64, 1        |
|        B_stream_209_U                  | fifo channel  | stream      |      |      |        | B_stream_209 | memory | 0       | 32, 64, 1        |
|        C_stream_225_U                  | fifo channel  | stream      |      |      |        | C_stream_225 | memory | 0       | 32, 64, 1        |
|        B_stream_208_U                  | fifo channel  | stream      |      |      |        | B_stream_208 | memory | 0       | 32, 64, 1        |
|        C_stream_224_U                  | fifo channel  | stream      |      |      |        | C_stream_224 | memory | 0       | 32, 64, 1        |
|        A_stream_222_U                  | fifo channel  | stream      |      |      |        | A_stream_222 | memory | 0       | 32, 64, 1        |
|        B_stream_207_U                  | fifo channel  | stream      |      |      |        | B_stream_207 | memory | 0       | 32, 64, 1        |
|        C_stream_223_U                  | fifo channel  | stream      |      |      |        | C_stream_223 | memory | 0       | 32, 64, 1        |
|        A_stream_221_U                  | fifo channel  | stream      |      |      |        | A_stream_221 | memory | 0       | 32, 64, 1        |
|        B_stream_206_U                  | fifo channel  | stream      |      |      |        | B_stream_206 | memory | 0       | 32, 64, 1        |
|        C_stream_222_U                  | fifo channel  | stream      |      |      |        | C_stream_222 | memory | 0       | 32, 64, 1        |
|        A_stream_220_U                  | fifo channel  | stream      |      |      |        | A_stream_220 | memory | 0       | 32, 64, 1        |
|        B_stream_205_U                  | fifo channel  | stream      |      |      |        | B_stream_205 | memory | 0       | 32, 64, 1        |
|        C_stream_221_U                  | fifo channel  | stream      |      |      |        | C_stream_221 | memory | 0       | 32, 64, 1        |
|        A_stream_219_U                  | fifo channel  | stream      |      |      |        | A_stream_219 | memory | 0       | 32, 64, 1        |
|        B_stream_204_U                  | fifo channel  | stream      |      |      |        | B_stream_204 | memory | 0       | 32, 64, 1        |
|        C_stream_220_U                  | fifo channel  | stream      |      |      |        | C_stream_220 | memory | 0       | 32, 64, 1        |
|        A_stream_218_U                  | fifo channel  | stream      |      |      |        | A_stream_218 | memory | 0       | 32, 64, 1        |
|        B_stream_203_U                  | fifo channel  | stream      |      |      |        | B_stream_203 | memory | 0       | 32, 64, 1        |
|        C_stream_219_U                  | fifo channel  | stream      |      |      |        | C_stream_219 | memory | 0       | 32, 64, 1        |
|        A_stream_217_U                  | fifo channel  | stream      |      |      |        | A_stream_217 | memory | 0       | 32, 64, 1        |
|        B_stream_202_U                  | fifo channel  | stream      |      |      |        | B_stream_202 | memory | 0       | 32, 64, 1        |
|        C_stream_218_U                  | fifo channel  | stream      |      |      |        | C_stream_218 | memory | 0       | 32, 64, 1        |
|        A_stream_216_U                  | fifo channel  | stream      |      |      |        | A_stream_216 | memory | 0       | 32, 64, 1        |
|        B_stream_201_U                  | fifo channel  | stream      |      |      |        | B_stream_201 | memory | 0       | 32, 64, 1        |
|        C_stream_217_U                  | fifo channel  | stream      |      |      |        | C_stream_217 | memory | 0       | 32, 64, 1        |
|        A_stream_215_U                  | fifo channel  | stream      |      |      |        | A_stream_215 | memory | 0       | 32, 64, 1        |
|        B_stream_200_U                  | fifo channel  | stream      |      |      |        | B_stream_200 | memory | 0       | 32, 64, 1        |
|        C_stream_216_U                  | fifo channel  | stream      |      |      |        | C_stream_216 | memory | 0       | 32, 64, 1        |
|        A_stream_214_U                  | fifo channel  | stream      |      |      |        | A_stream_214 | memory | 0       | 32, 64, 1        |
|        B_stream_199_U                  | fifo channel  | stream      |      |      |        | B_stream_199 | memory | 0       | 32, 64, 1        |
|        C_stream_215_U                  | fifo channel  | stream      |      |      |        | C_stream_215 | memory | 0       | 32, 64, 1        |
|        A_stream_213_U                  | fifo channel  | stream      |      |      |        | A_stream_213 | memory | 0       | 32, 64, 1        |
|        B_stream_198_U                  | fifo channel  | stream      |      |      |        | B_stream_198 | memory | 0       | 32, 64, 1        |
|        C_stream_214_U                  | fifo channel  | stream      |      |      |        | C_stream_214 | memory | 0       | 32, 64, 1        |
|        A_stream_212_U                  | fifo channel  | stream      |      |      |        | A_stream_212 | memory | 0       | 32, 64, 1        |
|        B_stream_197_U                  | fifo channel  | stream      |      |      |        | B_stream_197 | memory | 0       | 32, 64, 1        |
|        C_stream_213_U                  | fifo channel  | stream      |      |      |        | C_stream_213 | memory | 0       | 32, 64, 1        |
|        A_stream_211_U                  | fifo channel  | stream      |      |      |        | A_stream_211 | memory | 0       | 32, 64, 1        |
|        B_stream_196_U                  | fifo channel  | stream      |      |      |        | B_stream_196 | memory | 0       | 32, 64, 1        |
|        C_stream_212_U                  | fifo channel  | stream      |      |      |        | C_stream_212 | memory | 0       | 32, 64, 1        |
|        A_stream_210_U                  | fifo channel  | stream      |      |      |        | A_stream_210 | memory | 0       | 32, 64, 1        |
|        B_stream_195_U                  | fifo channel  | stream      |      |      |        | B_stream_195 | memory | 0       | 32, 64, 1        |
|        C_stream_211_U                  | fifo channel  | stream      |      |      |        | C_stream_211 | memory | 0       | 32, 64, 1        |
|        A_stream_209_U                  | fifo channel  | stream      |      |      |        | A_stream_209 | memory | 0       | 32, 64, 1        |
|        B_stream_194_U                  | fifo channel  | stream      |      |      |        | B_stream_194 | memory | 0       | 32, 64, 1        |
|        C_stream_210_U                  | fifo channel  | stream      |      |      |        | C_stream_210 | memory | 0       | 32, 64, 1        |
|        A_stream_208_U                  | fifo channel  | stream      |      |      |        | A_stream_208 | memory | 0       | 32, 64, 1        |
|        B_stream_193_U                  | fifo channel  | stream      |      |      |        | B_stream_193 | memory | 0       | 32, 64, 1        |
|        C_stream_209_U                  | fifo channel  | stream      |      |      |        | C_stream_209 | memory | 0       | 32, 64, 1        |
|        B_stream_192_U                  | fifo channel  | stream      |      |      |        | B_stream_192 | memory | 0       | 32, 64, 1        |
|        C_stream_208_U                  | fifo channel  | stream      |      |      |        | C_stream_208 | memory | 0       | 32, 64, 1        |
|        A_stream_206_U                  | fifo channel  | stream      |      |      |        | A_stream_206 | memory | 0       | 32, 64, 1        |
|        B_stream_191_U                  | fifo channel  | stream      |      |      |        | B_stream_191 | memory | 0       | 32, 64, 1        |
|        C_stream_207_U                  | fifo channel  | stream      |      |      |        | C_stream_207 | memory | 0       | 32, 64, 1        |
|        A_stream_205_U                  | fifo channel  | stream      |      |      |        | A_stream_205 | memory | 0       | 32, 64, 1        |
|        B_stream_190_U                  | fifo channel  | stream      |      |      |        | B_stream_190 | memory | 0       | 32, 64, 1        |
|        C_stream_206_U                  | fifo channel  | stream      |      |      |        | C_stream_206 | memory | 0       | 32, 64, 1        |
|        A_stream_204_U                  | fifo channel  | stream      |      |      |        | A_stream_204 | memory | 0       | 32, 64, 1        |
|        B_stream_189_U                  | fifo channel  | stream      |      |      |        | B_stream_189 | memory | 0       | 32, 64, 1        |
|        C_stream_205_U                  | fifo channel  | stream      |      |      |        | C_stream_205 | memory | 0       | 32, 64, 1        |
|        A_stream_203_U                  | fifo channel  | stream      |      |      |        | A_stream_203 | memory | 0       | 32, 64, 1        |
|        B_stream_188_U                  | fifo channel  | stream      |      |      |        | B_stream_188 | memory | 0       | 32, 64, 1        |
|        C_stream_204_U                  | fifo channel  | stream      |      |      |        | C_stream_204 | memory | 0       | 32, 64, 1        |
|        A_stream_202_U                  | fifo channel  | stream      |      |      |        | A_stream_202 | memory | 0       | 32, 64, 1        |
|        B_stream_187_U                  | fifo channel  | stream      |      |      |        | B_stream_187 | memory | 0       | 32, 64, 1        |
|        C_stream_203_U                  | fifo channel  | stream      |      |      |        | C_stream_203 | memory | 0       | 32, 64, 1        |
|        A_stream_201_U                  | fifo channel  | stream      |      |      |        | A_stream_201 | memory | 0       | 32, 64, 1        |
|        B_stream_186_U                  | fifo channel  | stream      |      |      |        | B_stream_186 | memory | 0       | 32, 64, 1        |
|        C_stream_202_U                  | fifo channel  | stream      |      |      |        | C_stream_202 | memory | 0       | 32, 64, 1        |
|        A_stream_200_U                  | fifo channel  | stream      |      |      |        | A_stream_200 | memory | 0       | 32, 64, 1        |
|        B_stream_185_U                  | fifo channel  | stream      |      |      |        | B_stream_185 | memory | 0       | 32, 64, 1        |
|        C_stream_201_U                  | fifo channel  | stream      |      |      |        | C_stream_201 | memory | 0       | 32, 64, 1        |
|        A_stream_199_U                  | fifo channel  | stream      |      |      |        | A_stream_199 | memory | 0       | 32, 64, 1        |
|        B_stream_184_U                  | fifo channel  | stream      |      |      |        | B_stream_184 | memory | 0       | 32, 64, 1        |
|        C_stream_200_U                  | fifo channel  | stream      |      |      |        | C_stream_200 | memory | 0       | 32, 64, 1        |
|        A_stream_198_U                  | fifo channel  | stream      |      |      |        | A_stream_198 | memory | 0       | 32, 64, 1        |
|        B_stream_183_U                  | fifo channel  | stream      |      |      |        | B_stream_183 | memory | 0       | 32, 64, 1        |
|        C_stream_199_U                  | fifo channel  | stream      |      |      |        | C_stream_199 | memory | 0       | 32, 64, 1        |
|        A_stream_197_U                  | fifo channel  | stream      |      |      |        | A_stream_197 | memory | 0       | 32, 64, 1        |
|        B_stream_182_U                  | fifo channel  | stream      |      |      |        | B_stream_182 | memory | 0       | 32, 64, 1        |
|        C_stream_198_U                  | fifo channel  | stream      |      |      |        | C_stream_198 | memory | 0       | 32, 64, 1        |
|        A_stream_196_U                  | fifo channel  | stream      |      |      |        | A_stream_196 | memory | 0       | 32, 64, 1        |
|        B_stream_181_U                  | fifo channel  | stream      |      |      |        | B_stream_181 | memory | 0       | 32, 64, 1        |
|        C_stream_197_U                  | fifo channel  | stream      |      |      |        | C_stream_197 | memory | 0       | 32, 64, 1        |
|        A_stream_195_U                  | fifo channel  | stream      |      |      |        | A_stream_195 | memory | 0       | 32, 64, 1        |
|        B_stream_180_U                  | fifo channel  | stream      |      |      |        | B_stream_180 | memory | 0       | 32, 64, 1        |
|        C_stream_196_U                  | fifo channel  | stream      |      |      |        | C_stream_196 | memory | 0       | 32, 64, 1        |
|        A_stream_194_U                  | fifo channel  | stream      |      |      |        | A_stream_194 | memory | 0       | 32, 64, 1        |
|        B_stream_179_U                  | fifo channel  | stream      |      |      |        | B_stream_179 | memory | 0       | 32, 64, 1        |
|        C_stream_195_U                  | fifo channel  | stream      |      |      |        | C_stream_195 | memory | 0       | 32, 64, 1        |
|        A_stream_193_U                  | fifo channel  | stream      |      |      |        | A_stream_193 | memory | 0       | 32, 64, 1        |
|        B_stream_178_U                  | fifo channel  | stream      |      |      |        | B_stream_178 | memory | 0       | 32, 64, 1        |
|        C_stream_194_U                  | fifo channel  | stream      |      |      |        | C_stream_194 | memory | 0       | 32, 64, 1        |
|        A_stream_192_U                  | fifo channel  | stream      |      |      |        | A_stream_192 | memory | 0       | 32, 64, 1        |
|        B_stream_177_U                  | fifo channel  | stream      |      |      |        | B_stream_177 | memory | 0       | 32, 64, 1        |
|        C_stream_193_U                  | fifo channel  | stream      |      |      |        | C_stream_193 | memory | 0       | 32, 64, 1        |
|        B_stream_176_U                  | fifo channel  | stream      |      |      |        | B_stream_176 | memory | 0       | 32, 64, 1        |
|        C_stream_192_U                  | fifo channel  | stream      |      |      |        | C_stream_192 | memory | 0       | 32, 64, 1        |
|        A_stream_190_U                  | fifo channel  | stream      |      |      |        | A_stream_190 | memory | 0       | 32, 64, 1        |
|        B_stream_175_U                  | fifo channel  | stream      |      |      |        | B_stream_175 | memory | 0       | 32, 64, 1        |
|        C_stream_191_U                  | fifo channel  | stream      |      |      |        | C_stream_191 | memory | 0       | 32, 64, 1        |
|        A_stream_189_U                  | fifo channel  | stream      |      |      |        | A_stream_189 | memory | 0       | 32, 64, 1        |
|        B_stream_174_U                  | fifo channel  | stream      |      |      |        | B_stream_174 | memory | 0       | 32, 64, 1        |
|        C_stream_190_U                  | fifo channel  | stream      |      |      |        | C_stream_190 | memory | 0       | 32, 64, 1        |
|        A_stream_188_U                  | fifo channel  | stream      |      |      |        | A_stream_188 | memory | 0       | 32, 64, 1        |
|        B_stream_173_U                  | fifo channel  | stream      |      |      |        | B_stream_173 | memory | 0       | 32, 64, 1        |
|        C_stream_189_U                  | fifo channel  | stream      |      |      |        | C_stream_189 | memory | 0       | 32, 64, 1        |
|        A_stream_187_U                  | fifo channel  | stream      |      |      |        | A_stream_187 | memory | 0       | 32, 64, 1        |
|        B_stream_172_U                  | fifo channel  | stream      |      |      |        | B_stream_172 | memory | 0       | 32, 64, 1        |
|        C_stream_188_U                  | fifo channel  | stream      |      |      |        | C_stream_188 | memory | 0       | 32, 64, 1        |
|        A_stream_186_U                  | fifo channel  | stream      |      |      |        | A_stream_186 | memory | 0       | 32, 64, 1        |
|        B_stream_171_U                  | fifo channel  | stream      |      |      |        | B_stream_171 | memory | 0       | 32, 64, 1        |
|        C_stream_187_U                  | fifo channel  | stream      |      |      |        | C_stream_187 | memory | 0       | 32, 64, 1        |
|        A_stream_185_U                  | fifo channel  | stream      |      |      |        | A_stream_185 | memory | 0       | 32, 64, 1        |
|        B_stream_170_U                  | fifo channel  | stream      |      |      |        | B_stream_170 | memory | 0       | 32, 64, 1        |
|        C_stream_186_U                  | fifo channel  | stream      |      |      |        | C_stream_186 | memory | 0       | 32, 64, 1        |
|        A_stream_184_U                  | fifo channel  | stream      |      |      |        | A_stream_184 | memory | 0       | 32, 64, 1        |
|        B_stream_169_U                  | fifo channel  | stream      |      |      |        | B_stream_169 | memory | 0       | 32, 64, 1        |
|        C_stream_185_U                  | fifo channel  | stream      |      |      |        | C_stream_185 | memory | 0       | 32, 64, 1        |
|        A_stream_183_U                  | fifo channel  | stream      |      |      |        | A_stream_183 | memory | 0       | 32, 64, 1        |
|        B_stream_168_U                  | fifo channel  | stream      |      |      |        | B_stream_168 | memory | 0       | 32, 64, 1        |
|        C_stream_184_U                  | fifo channel  | stream      |      |      |        | C_stream_184 | memory | 0       | 32, 64, 1        |
|        A_stream_182_U                  | fifo channel  | stream      |      |      |        | A_stream_182 | memory | 0       | 32, 64, 1        |
|        B_stream_167_U                  | fifo channel  | stream      |      |      |        | B_stream_167 | memory | 0       | 32, 64, 1        |
|        C_stream_183_U                  | fifo channel  | stream      |      |      |        | C_stream_183 | memory | 0       | 32, 64, 1        |
|        A_stream_181_U                  | fifo channel  | stream      |      |      |        | A_stream_181 | memory | 0       | 32, 64, 1        |
|        B_stream_166_U                  | fifo channel  | stream      |      |      |        | B_stream_166 | memory | 0       | 32, 64, 1        |
|        C_stream_182_U                  | fifo channel  | stream      |      |      |        | C_stream_182 | memory | 0       | 32, 64, 1        |
|        A_stream_180_U                  | fifo channel  | stream      |      |      |        | A_stream_180 | memory | 0       | 32, 64, 1        |
|        B_stream_165_U                  | fifo channel  | stream      |      |      |        | B_stream_165 | memory | 0       | 32, 64, 1        |
|        C_stream_181_U                  | fifo channel  | stream      |      |      |        | C_stream_181 | memory | 0       | 32, 64, 1        |
|        A_stream_179_U                  | fifo channel  | stream      |      |      |        | A_stream_179 | memory | 0       | 32, 64, 1        |
|        B_stream_164_U                  | fifo channel  | stream      |      |      |        | B_stream_164 | memory | 0       | 32, 64, 1        |
|        C_stream_180_U                  | fifo channel  | stream      |      |      |        | C_stream_180 | memory | 0       | 32, 64, 1        |
|        A_stream_178_U                  | fifo channel  | stream      |      |      |        | A_stream_178 | memory | 0       | 32, 64, 1        |
|        B_stream_163_U                  | fifo channel  | stream      |      |      |        | B_stream_163 | memory | 0       | 32, 64, 1        |
|        C_stream_179_U                  | fifo channel  | stream      |      |      |        | C_stream_179 | memory | 0       | 32, 64, 1        |
|        A_stream_177_U                  | fifo channel  | stream      |      |      |        | A_stream_177 | memory | 0       | 32, 64, 1        |
|        B_stream_162_U                  | fifo channel  | stream      |      |      |        | B_stream_162 | memory | 0       | 32, 64, 1        |
|        C_stream_178_U                  | fifo channel  | stream      |      |      |        | C_stream_178 | memory | 0       | 32, 64, 1        |
|        A_stream_176_U                  | fifo channel  | stream      |      |      |        | A_stream_176 | memory | 0       | 32, 64, 1        |
|        B_stream_161_U                  | fifo channel  | stream      |      |      |        | B_stream_161 | memory | 0       | 32, 64, 1        |
|        C_stream_177_U                  | fifo channel  | stream      |      |      |        | C_stream_177 | memory | 0       | 32, 64, 1        |
|        B_stream_160_U                  | fifo channel  | stream      |      |      |        | B_stream_160 | memory | 0       | 32, 64, 1        |
|        C_stream_176_U                  | fifo channel  | stream      |      |      |        | C_stream_176 | memory | 0       | 32, 64, 1        |
|        A_stream_174_U                  | fifo channel  | stream      |      |      |        | A_stream_174 | memory | 0       | 32, 64, 1        |
|        B_stream_159_U                  | fifo channel  | stream      |      |      |        | B_stream_159 | memory | 0       | 32, 64, 1        |
|        C_stream_175_U                  | fifo channel  | stream      |      |      |        | C_stream_175 | memory | 0       | 32, 64, 1        |
|        A_stream_173_U                  | fifo channel  | stream      |      |      |        | A_stream_173 | memory | 0       | 32, 64, 1        |
|        B_stream_158_U                  | fifo channel  | stream      |      |      |        | B_stream_158 | memory | 0       | 32, 64, 1        |
|        C_stream_174_U                  | fifo channel  | stream      |      |      |        | C_stream_174 | memory | 0       | 32, 64, 1        |
|        A_stream_172_U                  | fifo channel  | stream      |      |      |        | A_stream_172 | memory | 0       | 32, 64, 1        |
|        B_stream_157_U                  | fifo channel  | stream      |      |      |        | B_stream_157 | memory | 0       | 32, 64, 1        |
|        C_stream_173_U                  | fifo channel  | stream      |      |      |        | C_stream_173 | memory | 0       | 32, 64, 1        |
|        A_stream_171_U                  | fifo channel  | stream      |      |      |        | A_stream_171 | memory | 0       | 32, 64, 1        |
|        B_stream_156_U                  | fifo channel  | stream      |      |      |        | B_stream_156 | memory | 0       | 32, 64, 1        |
|        C_stream_172_U                  | fifo channel  | stream      |      |      |        | C_stream_172 | memory | 0       | 32, 64, 1        |
|        A_stream_170_U                  | fifo channel  | stream      |      |      |        | A_stream_170 | memory | 0       | 32, 64, 1        |
|        B_stream_155_U                  | fifo channel  | stream      |      |      |        | B_stream_155 | memory | 0       | 32, 64, 1        |
|        C_stream_171_U                  | fifo channel  | stream      |      |      |        | C_stream_171 | memory | 0       | 32, 64, 1        |
|        A_stream_169_U                  | fifo channel  | stream      |      |      |        | A_stream_169 | memory | 0       | 32, 64, 1        |
|        B_stream_154_U                  | fifo channel  | stream      |      |      |        | B_stream_154 | memory | 0       | 32, 64, 1        |
|        C_stream_170_U                  | fifo channel  | stream      |      |      |        | C_stream_170 | memory | 0       | 32, 64, 1        |
|        A_stream_168_U                  | fifo channel  | stream      |      |      |        | A_stream_168 | memory | 0       | 32, 64, 1        |
|        B_stream_153_U                  | fifo channel  | stream      |      |      |        | B_stream_153 | memory | 0       | 32, 64, 1        |
|        C_stream_169_U                  | fifo channel  | stream      |      |      |        | C_stream_169 | memory | 0       | 32, 64, 1        |
|        A_stream_167_U                  | fifo channel  | stream      |      |      |        | A_stream_167 | memory | 0       | 32, 64, 1        |
|        B_stream_152_U                  | fifo channel  | stream      |      |      |        | B_stream_152 | memory | 0       | 32, 64, 1        |
|        C_stream_168_U                  | fifo channel  | stream      |      |      |        | C_stream_168 | memory | 0       | 32, 64, 1        |
|        A_stream_166_U                  | fifo channel  | stream      |      |      |        | A_stream_166 | memory | 0       | 32, 64, 1        |
|        B_stream_151_U                  | fifo channel  | stream      |      |      |        | B_stream_151 | memory | 0       | 32, 64, 1        |
|        C_stream_167_U                  | fifo channel  | stream      |      |      |        | C_stream_167 | memory | 0       | 32, 64, 1        |
|        A_stream_165_U                  | fifo channel  | stream      |      |      |        | A_stream_165 | memory | 0       | 32, 64, 1        |
|        B_stream_150_U                  | fifo channel  | stream      |      |      |        | B_stream_150 | memory | 0       | 32, 64, 1        |
|        C_stream_166_U                  | fifo channel  | stream      |      |      |        | C_stream_166 | memory | 0       | 32, 64, 1        |
|        A_stream_164_U                  | fifo channel  | stream      |      |      |        | A_stream_164 | memory | 0       | 32, 64, 1        |
|        B_stream_149_U                  | fifo channel  | stream      |      |      |        | B_stream_149 | memory | 0       | 32, 64, 1        |
|        C_stream_165_U                  | fifo channel  | stream      |      |      |        | C_stream_165 | memory | 0       | 32, 64, 1        |
|        A_stream_163_U                  | fifo channel  | stream      |      |      |        | A_stream_163 | memory | 0       | 32, 64, 1        |
|        B_stream_148_U                  | fifo channel  | stream      |      |      |        | B_stream_148 | memory | 0       | 32, 64, 1        |
|        C_stream_164_U                  | fifo channel  | stream      |      |      |        | C_stream_164 | memory | 0       | 32, 64, 1        |
|        A_stream_162_U                  | fifo channel  | stream      |      |      |        | A_stream_162 | memory | 0       | 32, 64, 1        |
|        B_stream_147_U                  | fifo channel  | stream      |      |      |        | B_stream_147 | memory | 0       | 32, 64, 1        |
|        C_stream_163_U                  | fifo channel  | stream      |      |      |        | C_stream_163 | memory | 0       | 32, 64, 1        |
|        A_stream_161_U                  | fifo channel  | stream      |      |      |        | A_stream_161 | memory | 0       | 32, 64, 1        |
|        B_stream_146_U                  | fifo channel  | stream      |      |      |        | B_stream_146 | memory | 0       | 32, 64, 1        |
|        C_stream_162_U                  | fifo channel  | stream      |      |      |        | C_stream_162 | memory | 0       | 32, 64, 1        |
|        A_stream_160_U                  | fifo channel  | stream      |      |      |        | A_stream_160 | memory | 0       | 32, 64, 1        |
|        B_stream_145_U                  | fifo channel  | stream      |      |      |        | B_stream_145 | memory | 0       | 32, 64, 1        |
|        C_stream_161_U                  | fifo channel  | stream      |      |      |        | C_stream_161 | memory | 0       | 32, 64, 1        |
|        B_stream_144_U                  | fifo channel  | stream      |      |      |        | B_stream_144 | memory | 0       | 32, 64, 1        |
|        C_stream_160_U                  | fifo channel  | stream      |      |      |        | C_stream_160 | memory | 0       | 32, 64, 1        |
|        A_stream_158_U                  | fifo channel  | stream      |      |      |        | A_stream_158 | memory | 0       | 32, 64, 1        |
|        B_stream_143_U                  | fifo channel  | stream      |      |      |        | B_stream_143 | memory | 0       | 32, 64, 1        |
|        C_stream_159_U                  | fifo channel  | stream      |      |      |        | C_stream_159 | memory | 0       | 32, 64, 1        |
|        A_stream_157_U                  | fifo channel  | stream      |      |      |        | A_stream_157 | memory | 0       | 32, 64, 1        |
|        B_stream_142_U                  | fifo channel  | stream      |      |      |        | B_stream_142 | memory | 0       | 32, 64, 1        |
|        C_stream_158_U                  | fifo channel  | stream      |      |      |        | C_stream_158 | memory | 0       | 32, 64, 1        |
|        A_stream_156_U                  | fifo channel  | stream      |      |      |        | A_stream_156 | memory | 0       | 32, 64, 1        |
|        B_stream_141_U                  | fifo channel  | stream      |      |      |        | B_stream_141 | memory | 0       | 32, 64, 1        |
|        C_stream_157_U                  | fifo channel  | stream      |      |      |        | C_stream_157 | memory | 0       | 32, 64, 1        |
|        A_stream_155_U                  | fifo channel  | stream      |      |      |        | A_stream_155 | memory | 0       | 32, 64, 1        |
|        B_stream_140_U                  | fifo channel  | stream      |      |      |        | B_stream_140 | memory | 0       | 32, 64, 1        |
|        C_stream_156_U                  | fifo channel  | stream      |      |      |        | C_stream_156 | memory | 0       | 32, 64, 1        |
|        A_stream_154_U                  | fifo channel  | stream      |      |      |        | A_stream_154 | memory | 0       | 32, 64, 1        |
|        B_stream_139_U                  | fifo channel  | stream      |      |      |        | B_stream_139 | memory | 0       | 32, 64, 1        |
|        C_stream_155_U                  | fifo channel  | stream      |      |      |        | C_stream_155 | memory | 0       | 32, 64, 1        |
|        A_stream_153_U                  | fifo channel  | stream      |      |      |        | A_stream_153 | memory | 0       | 32, 64, 1        |
|        B_stream_138_U                  | fifo channel  | stream      |      |      |        | B_stream_138 | memory | 0       | 32, 64, 1        |
|        C_stream_154_U                  | fifo channel  | stream      |      |      |        | C_stream_154 | memory | 0       | 32, 64, 1        |
|        A_stream_152_U                  | fifo channel  | stream      |      |      |        | A_stream_152 | memory | 0       | 32, 64, 1        |
|        B_stream_137_U                  | fifo channel  | stream      |      |      |        | B_stream_137 | memory | 0       | 32, 64, 1        |
|        C_stream_153_U                  | fifo channel  | stream      |      |      |        | C_stream_153 | memory | 0       | 32, 64, 1        |
|        A_stream_151_U                  | fifo channel  | stream      |      |      |        | A_stream_151 | memory | 0       | 32, 64, 1        |
|        B_stream_136_U                  | fifo channel  | stream      |      |      |        | B_stream_136 | memory | 0       | 32, 64, 1        |
|        C_stream_152_U                  | fifo channel  | stream      |      |      |        | C_stream_152 | memory | 0       | 32, 64, 1        |
|        A_stream_150_U                  | fifo channel  | stream      |      |      |        | A_stream_150 | memory | 0       | 32, 64, 1        |
|        B_stream_135_U                  | fifo channel  | stream      |      |      |        | B_stream_135 | memory | 0       | 32, 64, 1        |
|        C_stream_151_U                  | fifo channel  | stream      |      |      |        | C_stream_151 | memory | 0       | 32, 64, 1        |
|        A_stream_149_U                  | fifo channel  | stream      |      |      |        | A_stream_149 | memory | 0       | 32, 64, 1        |
|        B_stream_134_U                  | fifo channel  | stream      |      |      |        | B_stream_134 | memory | 0       | 32, 64, 1        |
|        C_stream_150_U                  | fifo channel  | stream      |      |      |        | C_stream_150 | memory | 0       | 32, 64, 1        |
|        A_stream_148_U                  | fifo channel  | stream      |      |      |        | A_stream_148 | memory | 0       | 32, 64, 1        |
|        B_stream_133_U                  | fifo channel  | stream      |      |      |        | B_stream_133 | memory | 0       | 32, 64, 1        |
|        C_stream_149_U                  | fifo channel  | stream      |      |      |        | C_stream_149 | memory | 0       | 32, 64, 1        |
|        A_stream_147_U                  | fifo channel  | stream      |      |      |        | A_stream_147 | memory | 0       | 32, 64, 1        |
|        B_stream_132_U                  | fifo channel  | stream      |      |      |        | B_stream_132 | memory | 0       | 32, 64, 1        |
|        C_stream_148_U                  | fifo channel  | stream      |      |      |        | C_stream_148 | memory | 0       | 32, 64, 1        |
|        A_stream_146_U                  | fifo channel  | stream      |      |      |        | A_stream_146 | memory | 0       | 32, 64, 1        |
|        B_stream_131_U                  | fifo channel  | stream      |      |      |        | B_stream_131 | memory | 0       | 32, 64, 1        |
|        C_stream_147_U                  | fifo channel  | stream      |      |      |        | C_stream_147 | memory | 0       | 32, 64, 1        |
|        A_stream_145_U                  | fifo channel  | stream      |      |      |        | A_stream_145 | memory | 0       | 32, 64, 1        |
|        B_stream_130_U                  | fifo channel  | stream      |      |      |        | B_stream_130 | memory | 0       | 32, 64, 1        |
|        C_stream_146_U                  | fifo channel  | stream      |      |      |        | C_stream_146 | memory | 0       | 32, 64, 1        |
|        A_stream_144_U                  | fifo channel  | stream      |      |      |        | A_stream_144 | memory | 0       | 32, 64, 1        |
|        B_stream_129_U                  | fifo channel  | stream      |      |      |        | B_stream_129 | memory | 0       | 32, 64, 1        |
|        C_stream_145_U                  | fifo channel  | stream      |      |      |        | C_stream_145 | memory | 0       | 32, 64, 1        |
|        B_stream_128_U                  | fifo channel  | stream      |      |      |        | B_stream_128 | memory | 0       | 32, 64, 1        |
|        C_stream_144_U                  | fifo channel  | stream      |      |      |        | C_stream_144 | memory | 0       | 32, 64, 1        |
|        A_stream_142_U                  | fifo channel  | stream      |      |      |        | A_stream_142 | memory | 0       | 32, 64, 1        |
|        B_stream_127_U                  | fifo channel  | stream      |      |      |        | B_stream_127 | memory | 0       | 32, 64, 1        |
|        C_stream_143_U                  | fifo channel  | stream      |      |      |        | C_stream_143 | memory | 0       | 32, 64, 1        |
|        A_stream_141_U                  | fifo channel  | stream      |      |      |        | A_stream_141 | memory | 0       | 32, 64, 1        |
|        B_stream_126_U                  | fifo channel  | stream      |      |      |        | B_stream_126 | memory | 0       | 32, 64, 1        |
|        C_stream_142_U                  | fifo channel  | stream      |      |      |        | C_stream_142 | memory | 0       | 32, 64, 1        |
|        A_stream_140_U                  | fifo channel  | stream      |      |      |        | A_stream_140 | memory | 0       | 32, 64, 1        |
|        B_stream_125_U                  | fifo channel  | stream      |      |      |        | B_stream_125 | memory | 0       | 32, 64, 1        |
|        C_stream_141_U                  | fifo channel  | stream      |      |      |        | C_stream_141 | memory | 0       | 32, 64, 1        |
|        A_stream_139_U                  | fifo channel  | stream      |      |      |        | A_stream_139 | memory | 0       | 32, 64, 1        |
|        B_stream_124_U                  | fifo channel  | stream      |      |      |        | B_stream_124 | memory | 0       | 32, 64, 1        |
|        C_stream_140_U                  | fifo channel  | stream      |      |      |        | C_stream_140 | memory | 0       | 32, 64, 1        |
|        A_stream_138_U                  | fifo channel  | stream      |      |      |        | A_stream_138 | memory | 0       | 32, 64, 1        |
|        B_stream_123_U                  | fifo channel  | stream      |      |      |        | B_stream_123 | memory | 0       | 32, 64, 1        |
|        C_stream_139_U                  | fifo channel  | stream      |      |      |        | C_stream_139 | memory | 0       | 32, 64, 1        |
|        A_stream_137_U                  | fifo channel  | stream      |      |      |        | A_stream_137 | memory | 0       | 32, 64, 1        |
|        B_stream_122_U                  | fifo channel  | stream      |      |      |        | B_stream_122 | memory | 0       | 32, 64, 1        |
|        C_stream_138_U                  | fifo channel  | stream      |      |      |        | C_stream_138 | memory | 0       | 32, 64, 1        |
|        A_stream_136_U                  | fifo channel  | stream      |      |      |        | A_stream_136 | memory | 0       | 32, 64, 1        |
|        B_stream_121_U                  | fifo channel  | stream      |      |      |        | B_stream_121 | memory | 0       | 32, 64, 1        |
|        C_stream_137_U                  | fifo channel  | stream      |      |      |        | C_stream_137 | memory | 0       | 32, 64, 1        |
|        A_stream_135_U                  | fifo channel  | stream      |      |      |        | A_stream_135 | memory | 0       | 32, 64, 1        |
|        B_stream_120_U                  | fifo channel  | stream      |      |      |        | B_stream_120 | memory | 0       | 32, 64, 1        |
|        C_stream_136_U                  | fifo channel  | stream      |      |      |        | C_stream_136 | memory | 0       | 32, 64, 1        |
|        A_stream_134_U                  | fifo channel  | stream      |      |      |        | A_stream_134 | memory | 0       | 32, 64, 1        |
|        B_stream_119_U                  | fifo channel  | stream      |      |      |        | B_stream_119 | memory | 0       | 32, 64, 1        |
|        C_stream_135_U                  | fifo channel  | stream      |      |      |        | C_stream_135 | memory | 0       | 32, 64, 1        |
|        A_stream_133_U                  | fifo channel  | stream      |      |      |        | A_stream_133 | memory | 0       | 32, 64, 1        |
|        B_stream_118_U                  | fifo channel  | stream      |      |      |        | B_stream_118 | memory | 0       | 32, 64, 1        |
|        C_stream_134_U                  | fifo channel  | stream      |      |      |        | C_stream_134 | memory | 0       | 32, 64, 1        |
|        A_stream_132_U                  | fifo channel  | stream      |      |      |        | A_stream_132 | memory | 0       | 32, 64, 1        |
|        B_stream_117_U                  | fifo channel  | stream      |      |      |        | B_stream_117 | memory | 0       | 32, 64, 1        |
|        C_stream_133_U                  | fifo channel  | stream      |      |      |        | C_stream_133 | memory | 0       | 32, 64, 1        |
|        A_stream_131_U                  | fifo channel  | stream      |      |      |        | A_stream_131 | memory | 0       | 32, 64, 1        |
|        B_stream_116_U                  | fifo channel  | stream      |      |      |        | B_stream_116 | memory | 0       | 32, 64, 1        |
|        C_stream_132_U                  | fifo channel  | stream      |      |      |        | C_stream_132 | memory | 0       | 32, 64, 1        |
|        A_stream_130_U                  | fifo channel  | stream      |      |      |        | A_stream_130 | memory | 0       | 32, 64, 1        |
|        B_stream_115_U                  | fifo channel  | stream      |      |      |        | B_stream_115 | memory | 0       | 32, 64, 1        |
|        C_stream_131_U                  | fifo channel  | stream      |      |      |        | C_stream_131 | memory | 0       | 32, 64, 1        |
|        A_stream_129_U                  | fifo channel  | stream      |      |      |        | A_stream_129 | memory | 0       | 32, 64, 1        |
|        B_stream_114_U                  | fifo channel  | stream      |      |      |        | B_stream_114 | memory | 0       | 32, 64, 1        |
|        C_stream_130_U                  | fifo channel  | stream      |      |      |        | C_stream_130 | memory | 0       | 32, 64, 1        |
|        A_stream_128_U                  | fifo channel  | stream      |      |      |        | A_stream_128 | memory | 0       | 32, 64, 1        |
|        B_stream_113_U                  | fifo channel  | stream      |      |      |        | B_stream_113 | memory | 0       | 32, 64, 1        |
|        C_stream_129_U                  | fifo channel  | stream      |      |      |        | C_stream_129 | memory | 0       | 32, 64, 1        |
|        B_stream_112_U                  | fifo channel  | stream      |      |      |        | B_stream_112 | memory | 0       | 32, 64, 1        |
|        C_stream_128_U                  | fifo channel  | stream      |      |      |        | C_stream_128 | memory | 0       | 32, 64, 1        |
|        A_stream_126_U                  | fifo channel  | stream      |      |      |        | A_stream_126 | memory | 0       | 32, 64, 1        |
|        B_stream_111_U                  | fifo channel  | stream      |      |      |        | B_stream_111 | memory | 0       | 32, 64, 1        |
|        C_stream_127_U                  | fifo channel  | stream      |      |      |        | C_stream_127 | memory | 0       | 32, 64, 1        |
|        A_stream_125_U                  | fifo channel  | stream      |      |      |        | A_stream_125 | memory | 0       | 32, 64, 1        |
|        B_stream_110_U                  | fifo channel  | stream      |      |      |        | B_stream_110 | memory | 0       | 32, 64, 1        |
|        C_stream_126_U                  | fifo channel  | stream      |      |      |        | C_stream_126 | memory | 0       | 32, 64, 1        |
|        A_stream_124_U                  | fifo channel  | stream      |      |      |        | A_stream_124 | memory | 0       | 32, 64, 1        |
|        B_stream_109_U                  | fifo channel  | stream      |      |      |        | B_stream_109 | memory | 0       | 32, 64, 1        |
|        C_stream_125_U                  | fifo channel  | stream      |      |      |        | C_stream_125 | memory | 0       | 32, 64, 1        |
|        A_stream_123_U                  | fifo channel  | stream      |      |      |        | A_stream_123 | memory | 0       | 32, 64, 1        |
|        B_stream_108_U                  | fifo channel  | stream      |      |      |        | B_stream_108 | memory | 0       | 32, 64, 1        |
|        C_stream_124_U                  | fifo channel  | stream      |      |      |        | C_stream_124 | memory | 0       | 32, 64, 1        |
|        A_stream_122_U                  | fifo channel  | stream      |      |      |        | A_stream_122 | memory | 0       | 32, 64, 1        |
|        B_stream_107_U                  | fifo channel  | stream      |      |      |        | B_stream_107 | memory | 0       | 32, 64, 1        |
|        C_stream_123_U                  | fifo channel  | stream      |      |      |        | C_stream_123 | memory | 0       | 32, 64, 1        |
|        A_stream_121_U                  | fifo channel  | stream      |      |      |        | A_stream_121 | memory | 0       | 32, 64, 1        |
|        B_stream_106_U                  | fifo channel  | stream      |      |      |        | B_stream_106 | memory | 0       | 32, 64, 1        |
|        C_stream_122_U                  | fifo channel  | stream      |      |      |        | C_stream_122 | memory | 0       | 32, 64, 1        |
|        A_stream_120_U                  | fifo channel  | stream      |      |      |        | A_stream_120 | memory | 0       | 32, 64, 1        |
|        B_stream_105_U                  | fifo channel  | stream      |      |      |        | B_stream_105 | memory | 0       | 32, 64, 1        |
|        C_stream_121_U                  | fifo channel  | stream      |      |      |        | C_stream_121 | memory | 0       | 32, 64, 1        |
|        A_stream_119_U                  | fifo channel  | stream      |      |      |        | A_stream_119 | memory | 0       | 32, 64, 1        |
|        B_stream_104_U                  | fifo channel  | stream      |      |      |        | B_stream_104 | memory | 0       | 32, 64, 1        |
|        C_stream_120_U                  | fifo channel  | stream      |      |      |        | C_stream_120 | memory | 0       | 32, 64, 1        |
|        A_stream_118_U                  | fifo channel  | stream      |      |      |        | A_stream_118 | memory | 0       | 32, 64, 1        |
|        B_stream_103_U                  | fifo channel  | stream      |      |      |        | B_stream_103 | memory | 0       | 32, 64, 1        |
|        C_stream_119_U                  | fifo channel  | stream      |      |      |        | C_stream_119 | memory | 0       | 32, 64, 1        |
|        A_stream_117_U                  | fifo channel  | stream      |      |      |        | A_stream_117 | memory | 0       | 32, 64, 1        |
|        B_stream_102_U                  | fifo channel  | stream      |      |      |        | B_stream_102 | memory | 0       | 32, 64, 1        |
|        C_stream_118_U                  | fifo channel  | stream      |      |      |        | C_stream_118 | memory | 0       | 32, 64, 1        |
|        A_stream_116_U                  | fifo channel  | stream      |      |      |        | A_stream_116 | memory | 0       | 32, 64, 1        |
|        B_stream_101_U                  | fifo channel  | stream      |      |      |        | B_stream_101 | memory | 0       | 32, 64, 1        |
|        C_stream_117_U                  | fifo channel  | stream      |      |      |        | C_stream_117 | memory | 0       | 32, 64, 1        |
|        A_stream_115_U                  | fifo channel  | stream      |      |      |        | A_stream_115 | memory | 0       | 32, 64, 1        |
|        B_stream_100_U                  | fifo channel  | stream      |      |      |        | B_stream_100 | memory | 0       | 32, 64, 1        |
|        C_stream_116_U                  | fifo channel  | stream      |      |      |        | C_stream_116 | memory | 0       | 32, 64, 1        |
|        A_stream_114_U                  | fifo channel  | stream      |      |      |        | A_stream_114 | memory | 0       | 32, 64, 1        |
|        B_stream_99_U                   | fifo channel  | stream      |      |      |        | B_stream_99  | memory | 0       | 32, 64, 1        |
|        C_stream_115_U                  | fifo channel  | stream      |      |      |        | C_stream_115 | memory | 0       | 32, 64, 1        |
|        A_stream_113_U                  | fifo channel  | stream      |      |      |        | A_stream_113 | memory | 0       | 32, 64, 1        |
|        B_stream_98_U                   | fifo channel  | stream      |      |      |        | B_stream_98  | memory | 0       | 32, 64, 1        |
|        C_stream_114_U                  | fifo channel  | stream      |      |      |        | C_stream_114 | memory | 0       | 32, 64, 1        |
|        A_stream_112_U                  | fifo channel  | stream      |      |      |        | A_stream_112 | memory | 0       | 32, 64, 1        |
|        B_stream_97_U                   | fifo channel  | stream      |      |      |        | B_stream_97  | memory | 0       | 32, 64, 1        |
|        C_stream_113_U                  | fifo channel  | stream      |      |      |        | C_stream_113 | memory | 0       | 32, 64, 1        |
|        B_stream_96_U                   | fifo channel  | stream      |      |      |        | B_stream_96  | memory | 0       | 32, 64, 1        |
|        C_stream_112_U                  | fifo channel  | stream      |      |      |        | C_stream_112 | memory | 0       | 32, 64, 1        |
|        A_stream_110_U                  | fifo channel  | stream      |      |      |        | A_stream_110 | memory | 0       | 32, 64, 1        |
|        B_stream_95_U                   | fifo channel  | stream      |      |      |        | B_stream_95  | memory | 0       | 32, 64, 1        |
|        C_stream_111_U                  | fifo channel  | stream      |      |      |        | C_stream_111 | memory | 0       | 32, 64, 1        |
|        A_stream_109_U                  | fifo channel  | stream      |      |      |        | A_stream_109 | memory | 0       | 32, 64, 1        |
|        B_stream_94_U                   | fifo channel  | stream      |      |      |        | B_stream_94  | memory | 0       | 32, 64, 1        |
|        C_stream_110_U                  | fifo channel  | stream      |      |      |        | C_stream_110 | memory | 0       | 32, 64, 1        |
|        A_stream_108_U                  | fifo channel  | stream      |      |      |        | A_stream_108 | memory | 0       | 32, 64, 1        |
|        B_stream_93_U                   | fifo channel  | stream      |      |      |        | B_stream_93  | memory | 0       | 32, 64, 1        |
|        C_stream_109_U                  | fifo channel  | stream      |      |      |        | C_stream_109 | memory | 0       | 32, 64, 1        |
|        A_stream_107_U                  | fifo channel  | stream      |      |      |        | A_stream_107 | memory | 0       | 32, 64, 1        |
|        B_stream_92_U                   | fifo channel  | stream      |      |      |        | B_stream_92  | memory | 0       | 32, 64, 1        |
|        C_stream_108_U                  | fifo channel  | stream      |      |      |        | C_stream_108 | memory | 0       | 32, 64, 1        |
|        A_stream_106_U                  | fifo channel  | stream      |      |      |        | A_stream_106 | memory | 0       | 32, 64, 1        |
|        B_stream_91_U                   | fifo channel  | stream      |      |      |        | B_stream_91  | memory | 0       | 32, 64, 1        |
|        C_stream_107_U                  | fifo channel  | stream      |      |      |        | C_stream_107 | memory | 0       | 32, 64, 1        |
|        A_stream_105_U                  | fifo channel  | stream      |      |      |        | A_stream_105 | memory | 0       | 32, 64, 1        |
|        B_stream_90_U                   | fifo channel  | stream      |      |      |        | B_stream_90  | memory | 0       | 32, 64, 1        |
|        C_stream_106_U                  | fifo channel  | stream      |      |      |        | C_stream_106 | memory | 0       | 32, 64, 1        |
|        A_stream_104_U                  | fifo channel  | stream      |      |      |        | A_stream_104 | memory | 0       | 32, 64, 1        |
|        B_stream_89_U                   | fifo channel  | stream      |      |      |        | B_stream_89  | memory | 0       | 32, 64, 1        |
|        C_stream_105_U                  | fifo channel  | stream      |      |      |        | C_stream_105 | memory | 0       | 32, 64, 1        |
|        A_stream_103_U                  | fifo channel  | stream      |      |      |        | A_stream_103 | memory | 0       | 32, 64, 1        |
|        B_stream_88_U                   | fifo channel  | stream      |      |      |        | B_stream_88  | memory | 0       | 32, 64, 1        |
|        C_stream_104_U                  | fifo channel  | stream      |      |      |        | C_stream_104 | memory | 0       | 32, 64, 1        |
|        A_stream_102_U                  | fifo channel  | stream      |      |      |        | A_stream_102 | memory | 0       | 32, 64, 1        |
|        B_stream_87_U                   | fifo channel  | stream      |      |      |        | B_stream_87  | memory | 0       | 32, 64, 1        |
|        C_stream_103_U                  | fifo channel  | stream      |      |      |        | C_stream_103 | memory | 0       | 32, 64, 1        |
|        A_stream_101_U                  | fifo channel  | stream      |      |      |        | A_stream_101 | memory | 0       | 32, 64, 1        |
|        B_stream_86_U                   | fifo channel  | stream      |      |      |        | B_stream_86  | memory | 0       | 32, 64, 1        |
|        C_stream_102_U                  | fifo channel  | stream      |      |      |        | C_stream_102 | memory | 0       | 32, 64, 1        |
|        A_stream_100_U                  | fifo channel  | stream      |      |      |        | A_stream_100 | memory | 0       | 32, 64, 1        |
|        B_stream_85_U                   | fifo channel  | stream      |      |      |        | B_stream_85  | memory | 0       | 32, 64, 1        |
|        C_stream_101_U                  | fifo channel  | stream      |      |      |        | C_stream_101 | memory | 0       | 32, 64, 1        |
|        A_stream_99_U                   | fifo channel  | stream      |      |      |        | A_stream_99  | memory | 0       | 32, 64, 1        |
|        B_stream_84_U                   | fifo channel  | stream      |      |      |        | B_stream_84  | memory | 0       | 32, 64, 1        |
|        C_stream_100_U                  | fifo channel  | stream      |      |      |        | C_stream_100 | memory | 0       | 32, 64, 1        |
|        A_stream_98_U                   | fifo channel  | stream      |      |      |        | A_stream_98  | memory | 0       | 32, 64, 1        |
|        B_stream_83_U                   | fifo channel  | stream      |      |      |        | B_stream_83  | memory | 0       | 32, 64, 1        |
|        C_stream_99_U                   | fifo channel  | stream      |      |      |        | C_stream_99  | memory | 0       | 32, 64, 1        |
|        A_stream_97_U                   | fifo channel  | stream      |      |      |        | A_stream_97  | memory | 0       | 32, 64, 1        |
|        B_stream_82_U                   | fifo channel  | stream      |      |      |        | B_stream_82  | memory | 0       | 32, 64, 1        |
|        C_stream_98_U                   | fifo channel  | stream      |      |      |        | C_stream_98  | memory | 0       | 32, 64, 1        |
|        A_stream_96_U                   | fifo channel  | stream      |      |      |        | A_stream_96  | memory | 0       | 32, 64, 1        |
|        B_stream_81_U                   | fifo channel  | stream      |      |      |        | B_stream_81  | memory | 0       | 32, 64, 1        |
|        C_stream_97_U                   | fifo channel  | stream      |      |      |        | C_stream_97  | memory | 0       | 32, 64, 1        |
|        B_stream_80_U                   | fifo channel  | stream      |      |      |        | B_stream_80  | memory | 0       | 32, 64, 1        |
|        C_stream_96_U                   | fifo channel  | stream      |      |      |        | C_stream_96  | memory | 0       | 32, 64, 1        |
|        A_stream_94_U                   | fifo channel  | stream      |      |      |        | A_stream_94  | memory | 0       | 32, 64, 1        |
|        B_stream_79_U                   | fifo channel  | stream      |      |      |        | B_stream_79  | memory | 0       | 32, 64, 1        |
|        C_stream_95_U                   | fifo channel  | stream      |      |      |        | C_stream_95  | memory | 0       | 32, 64, 1        |
|        A_stream_93_U                   | fifo channel  | stream      |      |      |        | A_stream_93  | memory | 0       | 32, 64, 1        |
|        B_stream_78_U                   | fifo channel  | stream      |      |      |        | B_stream_78  | memory | 0       | 32, 64, 1        |
|        C_stream_94_U                   | fifo channel  | stream      |      |      |        | C_stream_94  | memory | 0       | 32, 64, 1        |
|        A_stream_92_U                   | fifo channel  | stream      |      |      |        | A_stream_92  | memory | 0       | 32, 64, 1        |
|        B_stream_77_U                   | fifo channel  | stream      |      |      |        | B_stream_77  | memory | 0       | 32, 64, 1        |
|        C_stream_93_U                   | fifo channel  | stream      |      |      |        | C_stream_93  | memory | 0       | 32, 64, 1        |
|        A_stream_91_U                   | fifo channel  | stream      |      |      |        | A_stream_91  | memory | 0       | 32, 64, 1        |
|        B_stream_76_U                   | fifo channel  | stream      |      |      |        | B_stream_76  | memory | 0       | 32, 64, 1        |
|        C_stream_92_U                   | fifo channel  | stream      |      |      |        | C_stream_92  | memory | 0       | 32, 64, 1        |
|        A_stream_90_U                   | fifo channel  | stream      |      |      |        | A_stream_90  | memory | 0       | 32, 64, 1        |
|        B_stream_75_U                   | fifo channel  | stream      |      |      |        | B_stream_75  | memory | 0       | 32, 64, 1        |
|        C_stream_91_U                   | fifo channel  | stream      |      |      |        | C_stream_91  | memory | 0       | 32, 64, 1        |
|        A_stream_89_U                   | fifo channel  | stream      |      |      |        | A_stream_89  | memory | 0       | 32, 64, 1        |
|        B_stream_74_U                   | fifo channel  | stream      |      |      |        | B_stream_74  | memory | 0       | 32, 64, 1        |
|        C_stream_90_U                   | fifo channel  | stream      |      |      |        | C_stream_90  | memory | 0       | 32, 64, 1        |
|        A_stream_88_U                   | fifo channel  | stream      |      |      |        | A_stream_88  | memory | 0       | 32, 64, 1        |
|        B_stream_73_U                   | fifo channel  | stream      |      |      |        | B_stream_73  | memory | 0       | 32, 64, 1        |
|        C_stream_89_U                   | fifo channel  | stream      |      |      |        | C_stream_89  | memory | 0       | 32, 64, 1        |
|        A_stream_87_U                   | fifo channel  | stream      |      |      |        | A_stream_87  | memory | 0       | 32, 64, 1        |
|        B_stream_72_U                   | fifo channel  | stream      |      |      |        | B_stream_72  | memory | 0       | 32, 64, 1        |
|        C_stream_88_U                   | fifo channel  | stream      |      |      |        | C_stream_88  | memory | 0       | 32, 64, 1        |
|        A_stream_86_U                   | fifo channel  | stream      |      |      |        | A_stream_86  | memory | 0       | 32, 64, 1        |
|        B_stream_71_U                   | fifo channel  | stream      |      |      |        | B_stream_71  | memory | 0       | 32, 64, 1        |
|        C_stream_87_U                   | fifo channel  | stream      |      |      |        | C_stream_87  | memory | 0       | 32, 64, 1        |
|        A_stream_85_U                   | fifo channel  | stream      |      |      |        | A_stream_85  | memory | 0       | 32, 64, 1        |
|        B_stream_70_U                   | fifo channel  | stream      |      |      |        | B_stream_70  | memory | 0       | 32, 64, 1        |
|        C_stream_86_U                   | fifo channel  | stream      |      |      |        | C_stream_86  | memory | 0       | 32, 64, 1        |
|        A_stream_84_U                   | fifo channel  | stream      |      |      |        | A_stream_84  | memory | 0       | 32, 64, 1        |
|        B_stream_69_U                   | fifo channel  | stream      |      |      |        | B_stream_69  | memory | 0       | 32, 64, 1        |
|        C_stream_85_U                   | fifo channel  | stream      |      |      |        | C_stream_85  | memory | 0       | 32, 64, 1        |
|        A_stream_83_U                   | fifo channel  | stream      |      |      |        | A_stream_83  | memory | 0       | 32, 64, 1        |
|        B_stream_68_U                   | fifo channel  | stream      |      |      |        | B_stream_68  | memory | 0       | 32, 64, 1        |
|        C_stream_84_U                   | fifo channel  | stream      |      |      |        | C_stream_84  | memory | 0       | 32, 64, 1        |
|        A_stream_82_U                   | fifo channel  | stream      |      |      |        | A_stream_82  | memory | 0       | 32, 64, 1        |
|        B_stream_67_U                   | fifo channel  | stream      |      |      |        | B_stream_67  | memory | 0       | 32, 64, 1        |
|        C_stream_83_U                   | fifo channel  | stream      |      |      |        | C_stream_83  | memory | 0       | 32, 64, 1        |
|        A_stream_81_U                   | fifo channel  | stream      |      |      |        | A_stream_81  | memory | 0       | 32, 64, 1        |
|        B_stream_66_U                   | fifo channel  | stream      |      |      |        | B_stream_66  | memory | 0       | 32, 64, 1        |
|        C_stream_82_U                   | fifo channel  | stream      |      |      |        | C_stream_82  | memory | 0       | 32, 64, 1        |
|        A_stream_80_U                   | fifo channel  | stream      |      |      |        | A_stream_80  | memory | 0       | 32, 64, 1        |
|        B_stream_65_U                   | fifo channel  | stream      |      |      |        | B_stream_65  | memory | 0       | 32, 64, 1        |
|        C_stream_81_U                   | fifo channel  | stream      |      |      |        | C_stream_81  | memory | 0       | 32, 64, 1        |
|        B_stream_64_U                   | fifo channel  | stream      |      |      |        | B_stream_64  | memory | 0       | 32, 64, 1        |
|        C_stream_80_U                   | fifo channel  | stream      |      |      |        | C_stream_80  | memory | 0       | 32, 64, 1        |
|        A_stream_78_U                   | fifo channel  | stream      |      |      |        | A_stream_78  | memory | 0       | 32, 64, 1        |
|        B_stream_63_U                   | fifo channel  | stream      |      |      |        | B_stream_63  | memory | 0       | 32, 64, 1        |
|        C_stream_79_U                   | fifo channel  | stream      |      |      |        | C_stream_79  | memory | 0       | 32, 64, 1        |
|        A_stream_77_U                   | fifo channel  | stream      |      |      |        | A_stream_77  | memory | 0       | 32, 64, 1        |
|        B_stream_62_U                   | fifo channel  | stream      |      |      |        | B_stream_62  | memory | 0       | 32, 64, 1        |
|        C_stream_78_U                   | fifo channel  | stream      |      |      |        | C_stream_78  | memory | 0       | 32, 64, 1        |
|        A_stream_76_U                   | fifo channel  | stream      |      |      |        | A_stream_76  | memory | 0       | 32, 64, 1        |
|        B_stream_61_U                   | fifo channel  | stream      |      |      |        | B_stream_61  | memory | 0       | 32, 64, 1        |
|        C_stream_77_U                   | fifo channel  | stream      |      |      |        | C_stream_77  | memory | 0       | 32, 64, 1        |
|        A_stream_75_U                   | fifo channel  | stream      |      |      |        | A_stream_75  | memory | 0       | 32, 64, 1        |
|        B_stream_60_U                   | fifo channel  | stream      |      |      |        | B_stream_60  | memory | 0       | 32, 64, 1        |
|        C_stream_76_U                   | fifo channel  | stream      |      |      |        | C_stream_76  | memory | 0       | 32, 64, 1        |
|        A_stream_74_U                   | fifo channel  | stream      |      |      |        | A_stream_74  | memory | 0       | 32, 64, 1        |
|        B_stream_59_U                   | fifo channel  | stream      |      |      |        | B_stream_59  | memory | 0       | 32, 64, 1        |
|        C_stream_75_U                   | fifo channel  | stream      |      |      |        | C_stream_75  | memory | 0       | 32, 64, 1        |
|        A_stream_73_U                   | fifo channel  | stream      |      |      |        | A_stream_73  | memory | 0       | 32, 64, 1        |
|        B_stream_58_U                   | fifo channel  | stream      |      |      |        | B_stream_58  | memory | 0       | 32, 64, 1        |
|        C_stream_74_U                   | fifo channel  | stream      |      |      |        | C_stream_74  | memory | 0       | 32, 64, 1        |
|        A_stream_72_U                   | fifo channel  | stream      |      |      |        | A_stream_72  | memory | 0       | 32, 64, 1        |
|        B_stream_57_U                   | fifo channel  | stream      |      |      |        | B_stream_57  | memory | 0       | 32, 64, 1        |
|        C_stream_73_U                   | fifo channel  | stream      |      |      |        | C_stream_73  | memory | 0       | 32, 64, 1        |
|        A_stream_71_U                   | fifo channel  | stream      |      |      |        | A_stream_71  | memory | 0       | 32, 64, 1        |
|        B_stream_56_U                   | fifo channel  | stream      |      |      |        | B_stream_56  | memory | 0       | 32, 64, 1        |
|        C_stream_72_U                   | fifo channel  | stream      |      |      |        | C_stream_72  | memory | 0       | 32, 64, 1        |
|        A_stream_70_U                   | fifo channel  | stream      |      |      |        | A_stream_70  | memory | 0       | 32, 64, 1        |
|        B_stream_55_U                   | fifo channel  | stream      |      |      |        | B_stream_55  | memory | 0       | 32, 64, 1        |
|        C_stream_71_U                   | fifo channel  | stream      |      |      |        | C_stream_71  | memory | 0       | 32, 64, 1        |
|        A_stream_69_U                   | fifo channel  | stream      |      |      |        | A_stream_69  | memory | 0       | 32, 64, 1        |
|        B_stream_54_U                   | fifo channel  | stream      |      |      |        | B_stream_54  | memory | 0       | 32, 64, 1        |
|        C_stream_70_U                   | fifo channel  | stream      |      |      |        | C_stream_70  | memory | 0       | 32, 64, 1        |
|        A_stream_68_U                   | fifo channel  | stream      |      |      |        | A_stream_68  | memory | 0       | 32, 64, 1        |
|        B_stream_53_U                   | fifo channel  | stream      |      |      |        | B_stream_53  | memory | 0       | 32, 64, 1        |
|        C_stream_69_U                   | fifo channel  | stream      |      |      |        | C_stream_69  | memory | 0       | 32, 64, 1        |
|        A_stream_67_U                   | fifo channel  | stream      |      |      |        | A_stream_67  | memory | 0       | 32, 64, 1        |
|        B_stream_52_U                   | fifo channel  | stream      |      |      |        | B_stream_52  | memory | 0       | 32, 64, 1        |
|        C_stream_68_U                   | fifo channel  | stream      |      |      |        | C_stream_68  | memory | 0       | 32, 64, 1        |
|        A_stream_66_U                   | fifo channel  | stream      |      |      |        | A_stream_66  | memory | 0       | 32, 64, 1        |
|        B_stream_51_U                   | fifo channel  | stream      |      |      |        | B_stream_51  | memory | 0       | 32, 64, 1        |
|        C_stream_67_U                   | fifo channel  | stream      |      |      |        | C_stream_67  | memory | 0       | 32, 64, 1        |
|        A_stream_65_U                   | fifo channel  | stream      |      |      |        | A_stream_65  | memory | 0       | 32, 64, 1        |
|        B_stream_50_U                   | fifo channel  | stream      |      |      |        | B_stream_50  | memory | 0       | 32, 64, 1        |
|        C_stream_66_U                   | fifo channel  | stream      |      |      |        | C_stream_66  | memory | 0       | 32, 64, 1        |
|        A_stream_64_U                   | fifo channel  | stream      |      |      |        | A_stream_64  | memory | 0       | 32, 64, 1        |
|        B_stream_49_U                   | fifo channel  | stream      |      |      |        | B_stream_49  | memory | 0       | 32, 64, 1        |
|        C_stream_65_U                   | fifo channel  | stream      |      |      |        | C_stream_65  | memory | 0       | 32, 64, 1        |
|        B_stream_48_U                   | fifo channel  | stream      |      |      |        | B_stream_48  | memory | 0       | 32, 64, 1        |
|        C_stream_64_U                   | fifo channel  | stream      |      |      |        | C_stream_64  | memory | 0       | 32, 64, 1        |
|        A_stream_62_U                   | fifo channel  | stream      |      |      |        | A_stream_62  | memory | 0       | 32, 64, 1        |
|        B_stream_47_U                   | fifo channel  | stream      |      |      |        | B_stream_47  | memory | 0       | 32, 64, 1        |
|        C_stream_63_U                   | fifo channel  | stream      |      |      |        | C_stream_63  | memory | 0       | 32, 64, 1        |
|        A_stream_61_U                   | fifo channel  | stream      |      |      |        | A_stream_61  | memory | 0       | 32, 64, 1        |
|        B_stream_46_U                   | fifo channel  | stream      |      |      |        | B_stream_46  | memory | 0       | 32, 64, 1        |
|        C_stream_62_U                   | fifo channel  | stream      |      |      |        | C_stream_62  | memory | 0       | 32, 64, 1        |
|        A_stream_60_U                   | fifo channel  | stream      |      |      |        | A_stream_60  | memory | 0       | 32, 64, 1        |
|        B_stream_45_U                   | fifo channel  | stream      |      |      |        | B_stream_45  | memory | 0       | 32, 64, 1        |
|        C_stream_61_U                   | fifo channel  | stream      |      |      |        | C_stream_61  | memory | 0       | 32, 64, 1        |
|        A_stream_59_U                   | fifo channel  | stream      |      |      |        | A_stream_59  | memory | 0       | 32, 64, 1        |
|        B_stream_44_U                   | fifo channel  | stream      |      |      |        | B_stream_44  | memory | 0       | 32, 64, 1        |
|        C_stream_60_U                   | fifo channel  | stream      |      |      |        | C_stream_60  | memory | 0       | 32, 64, 1        |
|        A_stream_58_U                   | fifo channel  | stream      |      |      |        | A_stream_58  | memory | 0       | 32, 64, 1        |
|        B_stream_43_U                   | fifo channel  | stream      |      |      |        | B_stream_43  | memory | 0       | 32, 64, 1        |
|        C_stream_59_U                   | fifo channel  | stream      |      |      |        | C_stream_59  | memory | 0       | 32, 64, 1        |
|        A_stream_57_U                   | fifo channel  | stream      |      |      |        | A_stream_57  | memory | 0       | 32, 64, 1        |
|        B_stream_42_U                   | fifo channel  | stream      |      |      |        | B_stream_42  | memory | 0       | 32, 64, 1        |
|        C_stream_58_U                   | fifo channel  | stream      |      |      |        | C_stream_58  | memory | 0       | 32, 64, 1        |
|        A_stream_56_U                   | fifo channel  | stream      |      |      |        | A_stream_56  | memory | 0       | 32, 64, 1        |
|        B_stream_41_U                   | fifo channel  | stream      |      |      |        | B_stream_41  | memory | 0       | 32, 64, 1        |
|        C_stream_57_U                   | fifo channel  | stream      |      |      |        | C_stream_57  | memory | 0       | 32, 64, 1        |
|        A_stream_55_U                   | fifo channel  | stream      |      |      |        | A_stream_55  | memory | 0       | 32, 64, 1        |
|        B_stream_40_U                   | fifo channel  | stream      |      |      |        | B_stream_40  | memory | 0       | 32, 64, 1        |
|        C_stream_56_U                   | fifo channel  | stream      |      |      |        | C_stream_56  | memory | 0       | 32, 64, 1        |
|        A_stream_54_U                   | fifo channel  | stream      |      |      |        | A_stream_54  | memory | 0       | 32, 64, 1        |
|        B_stream_39_U                   | fifo channel  | stream      |      |      |        | B_stream_39  | memory | 0       | 32, 64, 1        |
|        C_stream_55_U                   | fifo channel  | stream      |      |      |        | C_stream_55  | memory | 0       | 32, 64, 1        |
|        A_stream_53_U                   | fifo channel  | stream      |      |      |        | A_stream_53  | memory | 0       | 32, 64, 1        |
|        B_stream_38_U                   | fifo channel  | stream      |      |      |        | B_stream_38  | memory | 0       | 32, 64, 1        |
|        C_stream_54_U                   | fifo channel  | stream      |      |      |        | C_stream_54  | memory | 0       | 32, 64, 1        |
|        A_stream_52_U                   | fifo channel  | stream      |      |      |        | A_stream_52  | memory | 0       | 32, 64, 1        |
|        B_stream_37_U                   | fifo channel  | stream      |      |      |        | B_stream_37  | memory | 0       | 32, 64, 1        |
|        C_stream_53_U                   | fifo channel  | stream      |      |      |        | C_stream_53  | memory | 0       | 32, 64, 1        |
|        A_stream_51_U                   | fifo channel  | stream      |      |      |        | A_stream_51  | memory | 0       | 32, 64, 1        |
|        B_stream_36_U                   | fifo channel  | stream      |      |      |        | B_stream_36  | memory | 0       | 32, 64, 1        |
|        C_stream_52_U                   | fifo channel  | stream      |      |      |        | C_stream_52  | memory | 0       | 32, 64, 1        |
|        A_stream_50_U                   | fifo channel  | stream      |      |      |        | A_stream_50  | memory | 0       | 32, 64, 1        |
|        B_stream_35_U                   | fifo channel  | stream      |      |      |        | B_stream_35  | memory | 0       | 32, 64, 1        |
|        C_stream_51_U                   | fifo channel  | stream      |      |      |        | C_stream_51  | memory | 0       | 32, 64, 1        |
|        A_stream_49_U                   | fifo channel  | stream      |      |      |        | A_stream_49  | memory | 0       | 32, 64, 1        |
|        B_stream_34_U                   | fifo channel  | stream      |      |      |        | B_stream_34  | memory | 0       | 32, 64, 1        |
|        C_stream_50_U                   | fifo channel  | stream      |      |      |        | C_stream_50  | memory | 0       | 32, 64, 1        |
|        A_stream_48_U                   | fifo channel  | stream      |      |      |        | A_stream_48  | memory | 0       | 32, 64, 1        |
|        B_stream_33_U                   | fifo channel  | stream      |      |      |        | B_stream_33  | memory | 0       | 32, 64, 1        |
|        C_stream_49_U                   | fifo channel  | stream      |      |      |        | C_stream_49  | memory | 0       | 32, 64, 1        |
|        B_stream_32_U                   | fifo channel  | stream      |      |      |        | B_stream_32  | memory | 0       | 32, 64, 1        |
|        C_stream_48_U                   | fifo channel  | stream      |      |      |        | C_stream_48  | memory | 0       | 32, 64, 1        |
|        A_stream_46_U                   | fifo channel  | stream      |      |      |        | A_stream_46  | memory | 0       | 32, 64, 1        |
|        B_stream_31_U                   | fifo channel  | stream      |      |      |        | B_stream_31  | memory | 0       | 32, 64, 1        |
|        C_stream_47_U                   | fifo channel  | stream      |      |      |        | C_stream_47  | memory | 0       | 32, 64, 1        |
|        A_stream_45_U                   | fifo channel  | stream      |      |      |        | A_stream_45  | memory | 0       | 32, 64, 1        |
|        B_stream_30_U                   | fifo channel  | stream      |      |      |        | B_stream_30  | memory | 0       | 32, 64, 1        |
|        C_stream_46_U                   | fifo channel  | stream      |      |      |        | C_stream_46  | memory | 0       | 32, 64, 1        |
|        A_stream_44_U                   | fifo channel  | stream      |      |      |        | A_stream_44  | memory | 0       | 32, 64, 1        |
|        B_stream_29_U                   | fifo channel  | stream      |      |      |        | B_stream_29  | memory | 0       | 32, 64, 1        |
|        C_stream_45_U                   | fifo channel  | stream      |      |      |        | C_stream_45  | memory | 0       | 32, 64, 1        |
|        A_stream_43_U                   | fifo channel  | stream      |      |      |        | A_stream_43  | memory | 0       | 32, 64, 1        |
|        B_stream_28_U                   | fifo channel  | stream      |      |      |        | B_stream_28  | memory | 0       | 32, 64, 1        |
|        C_stream_44_U                   | fifo channel  | stream      |      |      |        | C_stream_44  | memory | 0       | 32, 64, 1        |
|        A_stream_42_U                   | fifo channel  | stream      |      |      |        | A_stream_42  | memory | 0       | 32, 64, 1        |
|        B_stream_27_U                   | fifo channel  | stream      |      |      |        | B_stream_27  | memory | 0       | 32, 64, 1        |
|        C_stream_43_U                   | fifo channel  | stream      |      |      |        | C_stream_43  | memory | 0       | 32, 64, 1        |
|        A_stream_41_U                   | fifo channel  | stream      |      |      |        | A_stream_41  | memory | 0       | 32, 64, 1        |
|        B_stream_26_U                   | fifo channel  | stream      |      |      |        | B_stream_26  | memory | 0       | 32, 64, 1        |
|        C_stream_42_U                   | fifo channel  | stream      |      |      |        | C_stream_42  | memory | 0       | 32, 64, 1        |
|        A_stream_40_U                   | fifo channel  | stream      |      |      |        | A_stream_40  | memory | 0       | 32, 64, 1        |
|        B_stream_25_U                   | fifo channel  | stream      |      |      |        | B_stream_25  | memory | 0       | 32, 64, 1        |
|        C_stream_41_U                   | fifo channel  | stream      |      |      |        | C_stream_41  | memory | 0       | 32, 64, 1        |
|        A_stream_39_U                   | fifo channel  | stream      |      |      |        | A_stream_39  | memory | 0       | 32, 64, 1        |
|        B_stream_24_U                   | fifo channel  | stream      |      |      |        | B_stream_24  | memory | 0       | 32, 64, 1        |
|        C_stream_40_U                   | fifo channel  | stream      |      |      |        | C_stream_40  | memory | 0       | 32, 64, 1        |
|        A_stream_38_U                   | fifo channel  | stream      |      |      |        | A_stream_38  | memory | 0       | 32, 64, 1        |
|        B_stream_23_U                   | fifo channel  | stream      |      |      |        | B_stream_23  | memory | 0       | 32, 64, 1        |
|        C_stream_39_U                   | fifo channel  | stream      |      |      |        | C_stream_39  | memory | 0       | 32, 64, 1        |
|        A_stream_37_U                   | fifo channel  | stream      |      |      |        | A_stream_37  | memory | 0       | 32, 64, 1        |
|        B_stream_22_U                   | fifo channel  | stream      |      |      |        | B_stream_22  | memory | 0       | 32, 64, 1        |
|        C_stream_38_U                   | fifo channel  | stream      |      |      |        | C_stream_38  | memory | 0       | 32, 64, 1        |
|        A_stream_36_U                   | fifo channel  | stream      |      |      |        | A_stream_36  | memory | 0       | 32, 64, 1        |
|        B_stream_21_U                   | fifo channel  | stream      |      |      |        | B_stream_21  | memory | 0       | 32, 64, 1        |
|        C_stream_37_U                   | fifo channel  | stream      |      |      |        | C_stream_37  | memory | 0       | 32, 64, 1        |
|        A_stream_35_U                   | fifo channel  | stream      |      |      |        | A_stream_35  | memory | 0       | 32, 64, 1        |
|        B_stream_20_U                   | fifo channel  | stream      |      |      |        | B_stream_20  | memory | 0       | 32, 64, 1        |
|        C_stream_36_U                   | fifo channel  | stream      |      |      |        | C_stream_36  | memory | 0       | 32, 64, 1        |
|        A_stream_34_U                   | fifo channel  | stream      |      |      |        | A_stream_34  | memory | 0       | 32, 64, 1        |
|        B_stream_19_U                   | fifo channel  | stream      |      |      |        | B_stream_19  | memory | 0       | 32, 64, 1        |
|        C_stream_35_U                   | fifo channel  | stream      |      |      |        | C_stream_35  | memory | 0       | 32, 64, 1        |
|        A_stream_33_U                   | fifo channel  | stream      |      |      |        | A_stream_33  | memory | 0       | 32, 64, 1        |
|        B_stream_18_U                   | fifo channel  | stream      |      |      |        | B_stream_18  | memory | 0       | 32, 64, 1        |
|        C_stream_34_U                   | fifo channel  | stream      |      |      |        | C_stream_34  | memory | 0       | 32, 64, 1        |
|        A_stream_32_U                   | fifo channel  | stream      |      |      |        | A_stream_32  | memory | 0       | 32, 64, 1        |
|        B_stream_17_U                   | fifo channel  | stream      |      |      |        | B_stream_17  | memory | 0       | 32, 64, 1        |
|        C_stream_33_U                   | fifo channel  | stream      |      |      |        | C_stream_33  | memory | 0       | 32, 64, 1        |
|        B_stream_16_U                   | fifo channel  | stream      |      |      |        | B_stream_16  | memory | 0       | 32, 64, 1        |
|        C_stream_32_U                   | fifo channel  | stream      |      |      |        | C_stream_32  | memory | 0       | 32, 64, 1        |
|        A_stream_30_U                   | fifo channel  | stream      |      |      |        | A_stream_30  | memory | 0       | 32, 64, 1        |
|        B_stream_15_U                   | fifo channel  | stream      |      |      |        | B_stream_15  | memory | 0       | 32, 64, 1        |
|        C_stream_31_U                   | fifo channel  | stream      |      |      |        | C_stream_31  | memory | 0       | 32, 64, 1        |
|        A_stream_29_U                   | fifo channel  | stream      |      |      |        | A_stream_29  | memory | 0       | 32, 64, 1        |
|        B_stream_14_U                   | fifo channel  | stream      |      |      |        | B_stream_14  | memory | 0       | 32, 64, 1        |
|        C_stream_30_U                   | fifo channel  | stream      |      |      |        | C_stream_30  | memory | 0       | 32, 64, 1        |
|        A_stream_28_U                   | fifo channel  | stream      |      |      |        | A_stream_28  | memory | 0       | 32, 64, 1        |
|        B_stream_13_U                   | fifo channel  | stream      |      |      |        | B_stream_13  | memory | 0       | 32, 64, 1        |
|        C_stream_29_U                   | fifo channel  | stream      |      |      |        | C_stream_29  | memory | 0       | 32, 64, 1        |
|        A_stream_27_U                   | fifo channel  | stream      |      |      |        | A_stream_27  | memory | 0       | 32, 64, 1        |
|        B_stream_12_U                   | fifo channel  | stream      |      |      |        | B_stream_12  | memory | 0       | 32, 64, 1        |
|        C_stream_28_U                   | fifo channel  | stream      |      |      |        | C_stream_28  | memory | 0       | 32, 64, 1        |
|        A_stream_26_U                   | fifo channel  | stream      |      |      |        | A_stream_26  | memory | 0       | 32, 64, 1        |
|        B_stream_11_U                   | fifo channel  | stream      |      |      |        | B_stream_11  | memory | 0       | 32, 64, 1        |
|        C_stream_27_U                   | fifo channel  | stream      |      |      |        | C_stream_27  | memory | 0       | 32, 64, 1        |
|        A_stream_25_U                   | fifo channel  | stream      |      |      |        | A_stream_25  | memory | 0       | 32, 64, 1        |
|        B_stream_10_U                   | fifo channel  | stream      |      |      |        | B_stream_10  | memory | 0       | 32, 64, 1        |
|        C_stream_26_U                   | fifo channel  | stream      |      |      |        | C_stream_26  | memory | 0       | 32, 64, 1        |
|        A_stream_24_U                   | fifo channel  | stream      |      |      |        | A_stream_24  | memory | 0       | 32, 64, 1        |
|        B_stream_9_U                    | fifo channel  | stream      |      |      |        | B_stream_9   | memory | 0       | 32, 64, 1        |
|        C_stream_25_U                   | fifo channel  | stream      |      |      |        | C_stream_25  | memory | 0       | 32, 64, 1        |
|        A_stream_23_U                   | fifo channel  | stream      |      |      |        | A_stream_23  | memory | 0       | 32, 64, 1        |
|        B_stream_8_U                    | fifo channel  | stream      |      |      |        | B_stream_8   | memory | 0       | 32, 64, 1        |
|        C_stream_24_U                   | fifo channel  | stream      |      |      |        | C_stream_24  | memory | 0       | 32, 64, 1        |
|        A_stream_22_U                   | fifo channel  | stream      |      |      |        | A_stream_22  | memory | 0       | 32, 64, 1        |
|        B_stream_7_U                    | fifo channel  | stream      |      |      |        | B_stream_7   | memory | 0       | 32, 64, 1        |
|        C_stream_23_U                   | fifo channel  | stream      |      |      |        | C_stream_23  | memory | 0       | 32, 64, 1        |
|        A_stream_21_U                   | fifo channel  | stream      |      |      |        | A_stream_21  | memory | 0       | 32, 64, 1        |
|        B_stream_6_U                    | fifo channel  | stream      |      |      |        | B_stream_6   | memory | 0       | 32, 64, 1        |
|        C_stream_22_U                   | fifo channel  | stream      |      |      |        | C_stream_22  | memory | 0       | 32, 64, 1        |
|        A_stream_20_U                   | fifo channel  | stream      |      |      |        | A_stream_20  | memory | 0       | 32, 64, 1        |
|        B_stream_5_U                    | fifo channel  | stream      |      |      |        | B_stream_5   | memory | 0       | 32, 64, 1        |
|        C_stream_21_U                   | fifo channel  | stream      |      |      |        | C_stream_21  | memory | 0       | 32, 64, 1        |
|        A_stream_19_U                   | fifo channel  | stream      |      |      |        | A_stream_19  | memory | 0       | 32, 64, 1        |
|        B_stream_4_U                    | fifo channel  | stream      |      |      |        | B_stream_4   | memory | 0       | 32, 64, 1        |
|        C_stream_20_U                   | fifo channel  | stream      |      |      |        | C_stream_20  | memory | 0       | 32, 64, 1        |
|        A_stream_18_U                   | fifo channel  | stream      |      |      |        | A_stream_18  | memory | 0       | 32, 64, 1        |
|        B_stream_3_U                    | fifo channel  | stream      |      |      |        | B_stream_3   | memory | 0       | 32, 64, 1        |
|        C_stream_19_U                   | fifo channel  | stream      |      |      |        | C_stream_19  | memory | 0       | 32, 64, 1        |
|        A_stream_17_U                   | fifo channel  | stream      |      |      |        | A_stream_17  | memory | 0       | 32, 64, 1        |
|        B_stream_2_U                    | fifo channel  | stream      |      |      |        | B_stream_2   | memory | 0       | 32, 64, 1        |
|        C_stream_18_U                   | fifo channel  | stream      |      |      |        | C_stream_18  | memory | 0       | 32, 64, 1        |
|        A_stream_16_U                   | fifo channel  | stream      |      |      |        | A_stream_16  | memory | 0       | 32, 64, 1        |
|        B_stream_1_U                    | fifo channel  | stream      |      |      |        | B_stream_1   | memory | 0       | 32, 64, 1        |
|        C_stream_17_U                   | fifo channel  | stream      |      |      |        | C_stream_17  | memory | 0       | 32, 64, 1        |
|        B_stream_U                      | fifo channel  | stream      |      |      |        | B_stream     | memory | 0       | 32, 64, 1        |
|        C_stream_16_U                   | fifo channel  | stream      |      |      |        | C_stream_16  | memory | 0       | 32, 64, 1        |
|        A_stream_14_U                   | fifo channel  | stream      |      |      |        | A_stream_14  | memory | 0       | 32, 64, 1        |
|        C_stream_15_U                   | fifo channel  | stream      |      |      |        | C_stream_15  | memory | 0       | 32, 64, 1        |
|        A_stream_13_U                   | fifo channel  | stream      |      |      |        | A_stream_13  | memory | 0       | 32, 64, 1        |
|        C_stream_14_U                   | fifo channel  | stream      |      |      |        | C_stream_14  | memory | 0       | 32, 64, 1        |
|        A_stream_12_U                   | fifo channel  | stream      |      |      |        | A_stream_12  | memory | 0       | 32, 64, 1        |
|        C_stream_13_U                   | fifo channel  | stream      |      |      |        | C_stream_13  | memory | 0       | 32, 64, 1        |
|        A_stream_11_U                   | fifo channel  | stream      |      |      |        | A_stream_11  | memory | 0       | 32, 64, 1        |
|        C_stream_12_U                   | fifo channel  | stream      |      |      |        | C_stream_12  | memory | 0       | 32, 64, 1        |
|        A_stream_10_U                   | fifo channel  | stream      |      |      |        | A_stream_10  | memory | 0       | 32, 64, 1        |
|        C_stream_11_U                   | fifo channel  | stream      |      |      |        | C_stream_11  | memory | 0       | 32, 64, 1        |
|        A_stream_9_U                    | fifo channel  | stream      |      |      |        | A_stream_9   | memory | 0       | 32, 64, 1        |
|        C_stream_10_U                   | fifo channel  | stream      |      |      |        | C_stream_10  | memory | 0       | 32, 64, 1        |
|        A_stream_8_U                    | fifo channel  | stream      |      |      |        | A_stream_8   | memory | 0       | 32, 64, 1        |
|        C_stream_9_U                    | fifo channel  | stream      |      |      |        | C_stream_9   | memory | 0       | 32, 64, 1        |
|        A_stream_7_U                    | fifo channel  | stream      |      |      |        | A_stream_7   | memory | 0       | 32, 64, 1        |
|        C_stream_8_U                    | fifo channel  | stream      |      |      |        | C_stream_8   | memory | 0       | 32, 64, 1        |
|        A_stream_6_U                    | fifo channel  | stream      |      |      |        | A_stream_6   | memory | 0       | 32, 64, 1        |
|        C_stream_7_U                    | fifo channel  | stream      |      |      |        | C_stream_7   | memory | 0       | 32, 64, 1        |
|        A_stream_5_U                    | fifo channel  | stream      |      |      |        | A_stream_5   | memory | 0       | 32, 64, 1        |
|        C_stream_6_U                    | fifo channel  | stream      |      |      |        | C_stream_6   | memory | 0       | 32, 64, 1        |
|        A_stream_4_U                    | fifo channel  | stream      |      |      |        | A_stream_4   | memory | 0       | 32, 64, 1        |
|        C_stream_5_U                    | fifo channel  | stream      |      |      |        | C_stream_5   | memory | 0       | 32, 64, 1        |
|        A_stream_3_U                    | fifo channel  | stream      |      |      |        | A_stream_3   | memory | 0       | 32, 64, 1        |
|        C_stream_4_U                    | fifo channel  | stream      |      |      |        | C_stream_4   | memory | 0       | 32, 64, 1        |
|        A_stream_2_U                    | fifo channel  | stream      |      |      |        | A_stream_2   | memory | 0       | 32, 64, 1        |
|        C_stream_3_U                    | fifo channel  | stream      |      |      |        | C_stream_3   | memory | 0       | 32, 64, 1        |
|        A_stream_1_U                    | fifo channel  | stream      |      |      |        | A_stream_1   | memory | 0       | 32, 64, 1        |
|        C_stream_2_U                    | fifo channel  | stream      |      |      |        | C_stream_2   | memory | 0       | 32, 64, 1        |
|        A_stream_U                      | fifo channel  | stream      |      |      |        | A_stream     | memory | 0       | 32, 64, 1        |
|        C_stream_1_U                    | fifo channel  | stream      |      |      |        | C_stream_1   | memory | 0       | 32, 64, 1        |
|        C_stream_U                      | fifo channel  | stream      |      |      |        | C_stream     | memory | 0       | 32, 64, 1        |
+----------------------------------------+---------------+-------------+------+------+--------+--------------+--------+---------+------------------+


================================================================
== Pragma Report
================================================================
* Pragmas with Warnings
+----------+-----------------------------------+--------------------------------------------------------+------------------------------------------------------------------------------------------------------------------------------------------------------------------------------------+
| Type     | Options                           | Location                                               | Messages                                                                                                                                                                           |
+----------+-----------------------------------+--------------------------------------------------------+------------------------------------------------------------------------------------------------------------------------------------------------------------------------------------+
| stream   | variable=B_TILE type=pipo depth=2 | source/sa_functions.hpp:32 in runsystolicarray, B_TILE | Unsuported scalar variable on pragma 'Stream', ignore it.                                                                                                                          |
| dataflow |                                   | source/sa_functions.hpp:38 in runsystolicarray         | Since the only kind of statements allowed in a canonical dataflow region are variable declarations and function calls, the compiler may not be able to correctly handle the region |
| stream   | variable=A_TILE type=pipo depth=2 | source/tiling_manager.hpp:66 in tm_a, A_TILE           | Unsuported scalar variable on pragma 'Stream', ignore it.                                                                                                                          |
+----------+-----------------------------------+--------------------------------------------------------+------------------------------------------------------------------------------------------------------------------------------------------------------------------------------------+

* Valid Pragma Syntax
+-----------------+------------------------------------------------------------------------------------------------------------+----------------------------------------------------------+
| Type            | Options                                                                                                    | Location                                                 |
+-----------------+------------------------------------------------------------------------------------------------------------+----------------------------------------------------------+
| inline          | off                                                                                                        | source/dram.hpp:5 in load_a                              |
| pipeline        | II=(32/16)                                                                                                 | source/dram.hpp:12 in load_a                             |
| unroll          |                                                                                                            | source/dram.hpp:17 in load_a                             |
| pipeline        | II=1                                                                                                       | source/dram.hpp:27 in load_a                             |
| inline          | off                                                                                                        | source/dram.hpp:34 in load_b                             |
| pipeline        | II=1                                                                                                       | source/dram.hpp:42 in load_b                             |
| pipeline        | II=1                                                                                                       | source/dram.hpp:48 in load_b                             |
| unroll          |                                                                                                            | source/dram.hpp:51 in load_b                             |
| unroll          |                                                                                                            | source/dram.hpp:53 in load_b                             |
| inline          | off                                                                                                        | source/dram.hpp:64 in loadinputsfromdram                 |
| dataflow        |                                                                                                            | source/dram.hpp:65 in loadinputsfromdram                 |
| inline          | off                                                                                                        | source/dram.hpp:72 in storeoutputtodram                  |
| pipeline        | II=((128 / 16)*16/16)                                                                                      | source/dram.hpp:76 in storeoutputtodram                  |
| loop_flatten    |                                                                                                            | source/dram.hpp:77 in storeoutputtodram                  |
| pipeline        | II=1                                                                                                       | source/dram.hpp:81 in storeoutputtodram                  |
| unroll          |                                                                                                            | source/dram.hpp:84 in storeoutputtodram                  |
| interface       | m_axi offset=slave port=A_DRAM bundle=gmem0 depth=128*32/16 max_read_burst_length=(4096 / 32) latency=64   | source/gemm.cpp:10 in gemm, A_DRAM                       |
| interface       | m_axi offset=slave port=B_DRAM bundle=gmem1 depth=32*128/16 max_read_burst_length=(4096 / 32) latency=64   | source/gemm.cpp:11 in gemm, B_DRAM                       |
| interface       | m_axi offset=slave port=C_DRAM bundle=gmem2 depth=128*128/16 max_write_burst_length=(4096 / 32) latency=64 | source/gemm.cpp:12 in gemm, C_DRAM                       |
| stream          | variable=C_out type=fifo depth=16                                                                          | source/gemm.cpp:15 in gemm, C_out                        |
| stream          | variable=A_in type=fifo depth=16                                                                           | source/gemm.cpp:18 in gemm, A_in                         |
| stream          | variable=B_in type=fifo depth=16                                                                           | source/gemm.cpp:21 in gemm, B_in                         |
| dataflow        |                                                                                                            | source/gemm.cpp:23 in gemm                               |
| inline          | off                                                                                                        | source/pe.h:7 in pe                                      |
| pipeline        | II=1 rewind                                                                                                | source/pe.h:10 in pe                                     |
| inline          |                                                                                                            | source/sa_functions.hpp:6 in computesystolicarray        |
| unroll          |                                                                                                            | source/sa_functions.hpp:10 in computesystolicarray       |
| unroll          |                                                                                                            | source/sa_functions.hpp:12 in computesystolicarray       |
| inline          | off                                                                                                        | source/sa_functions.hpp:29 in runsystolicarray           |
| array_partition | variable=B_TILE type=complete dim=1                                                                        | source/sa_functions.hpp:33 in runsystolicarray, B_TILE   |
| array_partition | variable=B_TILE type=complete dim=2                                                                        | source/sa_functions.hpp:34 in runsystolicarray, B_TILE   |
| dataflow        |                                                                                                            | source/sa_functions.hpp:44 in runsystolicarray           |
| stable          | variable=B_TILE                                                                                            | source/sa_functions.hpp:45 in runsystolicarray, B_TILE   |
| stream          | variable=A_stream type=fifo depth=2*32                                                                     | source/sa_functions.hpp:48 in runsystolicarray, A_stream |
| stream          | variable=B_stream type=fifo depth=2*32                                                                     | source/sa_functions.hpp:50 in runsystolicarray, B_stream |
| stream          | variable=C_stream type=fifo depth=2*32                                                                     | source/sa_functions.hpp:52 in runsystolicarray, C_stream |
| inline          | off                                                                                                        | source/tiling_manager.hpp:4 in stream_to_c_vec           |
| pipeline        | II=1                                                                                                       | source/tiling_manager.hpp:6 in stream_to_c_vec           |
| unroll          |                                                                                                            | source/tiling_manager.hpp:9 in stream_to_c_vec           |
| inline          | off                                                                                                        | source/tiling_manager.hpp:17 in b_vec_to_buf             |
| pipeline        | II=1                                                                                                       | source/tiling_manager.hpp:19 in b_vec_to_buf             |
| unroll          |                                                                                                            | source/tiling_manager.hpp:22 in b_vec_to_buf             |
| inline          | off                                                                                                        | source/tiling_manager.hpp:29 in b_buf_to_stream          |
| pipeline        | II=1                                                                                                       | source/tiling_manager.hpp:31 in b_buf_to_stream          |
| unroll          |                                                                                                            | source/tiling_manager.hpp:33 in b_buf_to_stream          |
| inline          | off                                                                                                        | source/tiling_manager.hpp:40 in load_tile_a              |
| unroll          |                                                                                                            | source/tiling_manager.hpp:42 in load_tile_a              |
| unroll          |                                                                                                            | source/tiling_manager.hpp:45 in load_tile_a              |
| inline          | off                                                                                                        | source/tiling_manager.hpp:52 in tile_a_to_stream         |
| unroll          |                                                                                                            | source/tiling_manager.hpp:54 in tile_a_to_stream         |
| unroll          |                                                                                                            | source/tiling_manager.hpp:56 in tile_a_to_stream         |
| inline          |                                                                                                            | source/tiling_manager.hpp:63 in tm_a                     |
| array_partition | variable=A_TILE type=complete dim=1                                                                        | source/tiling_manager.hpp:67 in tm_a, A_TILE             |
| array_partition | variable=A_TILE type=complete dim=2                                                                        | source/tiling_manager.hpp:68 in tm_a, A_TILE             |
+-----------------+------------------------------------------------------------------------------------------------------------+----------------------------------------------------------+


