

================================================================
== Vitis HLS Report for 'dataflow_in_loop_tile_loop_A_Block_newFuncRoot1325_proc276539'
================================================================
* Date:           Tue Sep  1 15:25:38 2026

* Version:        2023.2 (Build 4023990 on Oct 11 2023)
* Project:        hls_project
* Solution:       gemm2 (Vitis Kernel Flow Target)
* Product family: versalaicore
* Target device:  xcvc1902-vsva2197-2MP-e-S


================================================================
== Performance Estimates
================================================================
+ Timing: 
    * Summary: 
    +--------+---------+----------+------------+
    |  Clock |  Target | Estimated| Uncertainty|
    +--------+---------+----------+------------+
    |ap_clk  |  3.33 ns|  2.412 ns|     0.90 ns|
    +--------+---------+----------+------------+

+ Latency: 
    * Summary: 
    +---------+---------+-----------+-----------+-----+-----+---------+
    |  Latency (cycles) |   Latency (absolute)  |  Interval | Pipeline|
    |   min   |   max   |    min    |    max    | min | max |   Type  |
    +---------+---------+-----------+-----------+-----+-----+---------+
    |       20|       20|  66.660 ns|  66.660 ns|   20|   20|       no|
    +---------+---------+-----------+-----------+-----+-----+---------+

    + Detail: 
        * Instance: 
        +----------------------------+-----------------+---------+---------+-----------+-----------+-----+-----+---------+
        |                            |                 |  Latency (cycles) |   Latency (absolute)  |  Interval | Pipeline|
        |          Instance          |      Module     |   min   |   max   |    min    |    max    | min | max |   Type  |
        +----------------------------+-----------------+---------+---------+-----------+-----------+-----+-----+---------+
        |grp_stream_to_C_Vec_fu_694  |stream_to_C_Vec  |       19|       19|  63.327 ns|  63.327 ns|   19|   19|       no|
        +----------------------------+-----------------+---------+---------+-----------+-----------+-----+-----+---------+

        * Loop: 
        N/A



================================================================
== Utilization Estimates
================================================================
* Summary: 
+-----------------+---------+------+---------+--------+-----+
|       Name      | BRAM_18K|  DSP |    FF   |   LUT  | URAM|
+-----------------+---------+------+---------+--------+-----+
|DSP              |        -|     -|        -|       -|    -|
|Expression       |        -|     -|        0|     132|    -|
|FIFO             |        -|     -|        -|       -|    -|
|Instance         |        -|     -|     1039|    6211|    -|
|Memory           |        -|     -|        -|       -|    -|
|Multiplexer      |        -|     -|        -|     690|    -|
|Register         |        -|     -|       10|       -|    -|
+-----------------+---------+------+---------+--------+-----+
|Total            |        0|     0|     1049|    7033|    0|
+-----------------+---------+------+---------+--------+-----+
|Available        |     1934|  1968|  1799680|  899840|  463|
+-----------------+---------+------+---------+--------+-----+
|Utilization (%)  |        0|     0|       ~0|      ~0|    0|
+-----------------+---------+------+---------+--------+-----+

+ Detail: 
    * Instance: 
    +----------------------------+-----------------+---------+----+------+------+-----+
    |          Instance          |      Module     | BRAM_18K| DSP|  FF  |  LUT | URAM|
    +----------------------------+-----------------+---------+----+------+------+-----+
    |grp_stream_to_C_Vec_fu_694  |stream_to_C_Vec  |        0|   0|  1039|  6211|    0|
    +----------------------------+-----------------+---------+----+------+------+-----+
    |Total                       |                 |        0|   0|  1039|  6211|    0|
    +----------------------------+-----------------+---------+----+------+------+-----+

    * DSP: 
    N/A

    * Memory: 
    N/A

    * FIFO: 
    N/A

    * Expression: 
    +---------------------------------+----------+----+---+----+------------+------------+
    |          Variable Name          | Operation| DSP| FF| LUT| Bitwidth P0| Bitwidth P1|
    +---------------------------------+----------+----+---+----+------------+------------+
    |ap_predicate_op402_call_state2   |       and|   0|  0|   2|           1|           1|
    |ap_predicate_op404_call_state2   |       and|   0|  0|   2|           1|           1|
    |ap_predicate_op406_call_state2   |       and|   0|  0|   2|           1|           1|
    |ap_predicate_op408_call_state2   |       and|   0|  0|   2|           1|           1|
    |ap_predicate_op410_call_state2   |       and|   0|  0|   2|           1|           1|
    |ap_predicate_op412_call_state2   |       and|   0|  0|   2|           1|           1|
    |ap_predicate_op414_call_state2   |       and|   0|  0|   2|           1|           1|
    |ap_predicate_op416_call_state2   |       and|   0|  0|   2|           1|           1|
    |ap_predicate_op419_call_state2   |       and|   0|  0|   2|           1|           1|
    |ap_predicate_op421_call_state2   |       and|   0|  0|   2|           1|           1|
    |ap_predicate_op423_call_state2   |       and|   0|  0|   2|           1|           1|
    |ap_predicate_op425_call_state2   |       and|   0|  0|   2|           1|           1|
    |ap_predicate_op427_call_state2   |       and|   0|  0|   2|           1|           1|
    |ap_predicate_op429_call_state2   |       and|   0|  0|   2|           1|           1|
    |ap_predicate_op431_call_state2   |       and|   0|  0|   2|           1|           1|
    |ap_predicate_op433_call_state2   |       and|   0|  0|   2|           1|           1|
    |ap_predicate_op436_call_state2   |       and|   0|  0|   2|           1|           1|
    |ap_predicate_op438_call_state2   |       and|   0|  0|   2|           1|           1|
    |ap_predicate_op440_call_state2   |       and|   0|  0|   2|           1|           1|
    |ap_predicate_op442_call_state2   |       and|   0|  0|   2|           1|           1|
    |ap_predicate_op444_call_state2   |       and|   0|  0|   2|           1|           1|
    |ap_predicate_op446_call_state2   |       and|   0|  0|   2|           1|           1|
    |ap_predicate_op448_call_state2   |       and|   0|  0|   2|           1|           1|
    |ap_predicate_op450_call_state2   |       and|   0|  0|   2|           1|           1|
    |ap_predicate_op453_call_state2   |       and|   0|  0|   2|           1|           1|
    |ap_predicate_op455_call_state2   |       and|   0|  0|   2|           1|           1|
    |ap_predicate_op457_call_state2   |       and|   0|  0|   2|           1|           1|
    |ap_predicate_op459_call_state2   |       and|   0|  0|   2|           1|           1|
    |ap_predicate_op461_call_state2   |       and|   0|  0|   2|           1|           1|
    |ap_predicate_op463_call_state2   |       and|   0|  0|   2|           1|           1|
    |ap_predicate_op465_call_state2   |       and|   0|  0|   2|           1|           1|
    |ap_predicate_op467_call_state2   |       and|   0|  0|   2|           1|           1|
    |ap_predicate_op470_call_state2   |       and|   0|  0|   2|           1|           1|
    |ap_predicate_op472_call_state2   |       and|   0|  0|   2|           1|           1|
    |ap_predicate_op474_call_state2   |       and|   0|  0|   2|           1|           1|
    |ap_predicate_op476_call_state2   |       and|   0|  0|   2|           1|           1|
    |ap_predicate_op478_call_state2   |       and|   0|  0|   2|           1|           1|
    |ap_predicate_op480_call_state2   |       and|   0|  0|   2|           1|           1|
    |ap_predicate_op482_call_state2   |       and|   0|  0|   2|           1|           1|
    |ap_predicate_op484_call_state2   |       and|   0|  0|   2|           1|           1|
    |ap_predicate_op487_call_state2   |       and|   0|  0|   2|           1|           1|
    |ap_predicate_op489_call_state2   |       and|   0|  0|   2|           1|           1|
    |ap_predicate_op491_call_state2   |       and|   0|  0|   2|           1|           1|
    |ap_predicate_op493_call_state2   |       and|   0|  0|   2|           1|           1|
    |ap_predicate_op495_call_state2   |       and|   0|  0|   2|           1|           1|
    |ap_predicate_op497_call_state2   |       and|   0|  0|   2|           1|           1|
    |ap_predicate_op499_call_state2   |       and|   0|  0|   2|           1|           1|
    |ap_predicate_op501_call_state2   |       and|   0|  0|   2|           1|           1|
    |ap_predicate_op504_call_state2   |       and|   0|  0|   2|           1|           1|
    |ap_predicate_op506_call_state2   |       and|   0|  0|   2|           1|           1|
    |ap_predicate_op508_call_state2   |       and|   0|  0|   2|           1|           1|
    |ap_predicate_op510_call_state2   |       and|   0|  0|   2|           1|           1|
    |ap_predicate_op512_call_state2   |       and|   0|  0|   2|           1|           1|
    |ap_predicate_op514_call_state2   |       and|   0|  0|   2|           1|           1|
    |ap_predicate_op516_call_state2   |       and|   0|  0|   2|           1|           1|
    |ap_predicate_op518_call_state2   |       and|   0|  0|   2|           1|           1|
    |ap_predicate_op521_call_state2   |       and|   0|  0|   2|           1|           1|
    |ap_predicate_op523_call_state2   |       and|   0|  0|   2|           1|           1|
    |ap_predicate_op525_call_state2   |       and|   0|  0|   2|           1|           1|
    |ap_predicate_op527_call_state2   |       and|   0|  0|   2|           1|           1|
    |ap_predicate_op529_call_state2   |       and|   0|  0|   2|           1|           1|
    |ap_predicate_op531_call_state2   |       and|   0|  0|   2|           1|           1|
    |ap_predicate_op533_call_state2   |       and|   0|  0|   2|           1|           1|
    |ap_predicate_op535_call_state2   |       and|   0|  0|   2|           1|           1|
    |ap_block_state1                  |        or|   0|  0|   2|           1|           1|
    |ap_block_state2_on_subcall_done  |        or|   0|  0|   2|           1|           1|
    +---------------------------------+----------+----+---+----+------------+------------+
    |Total                            |          |   0|  0| 132|          66|          66|
    +---------------------------------+----------+----+---+----+------------+------------+

    * Multiplexer: 
    +---------------------------------------------+----+-----------+-----+-----------+
    |                     Name                    | LUT| Input Size| Bits| Total Bits|
    +---------------------------------------------+----+-----------+-----+-----------+
    |C_out_0_0_write                              |   2|          2|    1|          2|
    |C_out_0_1_write                              |   2|          2|    1|          2|
    |C_out_0_2_write                              |   2|          2|    1|          2|
    |C_out_0_3_write                              |   2|          2|    1|          2|
    |C_out_0_4_write                              |   2|          2|    1|          2|
    |C_out_0_5_write                              |   2|          2|    1|          2|
    |C_out_0_6_write                              |   2|          2|    1|          2|
    |C_out_0_7_write                              |   2|          2|    1|          2|
    |C_out_1_0_write                              |   2|          2|    1|          2|
    |C_out_1_1_write                              |   2|          2|    1|          2|
    |C_out_1_2_write                              |   2|          2|    1|          2|
    |C_out_1_3_write                              |   2|          2|    1|          2|
    |C_out_1_4_write                              |   2|          2|    1|          2|
    |C_out_1_5_write                              |   2|          2|    1|          2|
    |C_out_1_6_write                              |   2|          2|    1|          2|
    |C_out_1_7_write                              |   2|          2|    1|          2|
    |C_out_2_0_write                              |   2|          2|    1|          2|
    |C_out_2_1_write                              |   2|          2|    1|          2|
    |C_out_2_2_write                              |   2|          2|    1|          2|
    |C_out_2_3_write                              |   2|          2|    1|          2|
    |C_out_2_4_write                              |   2|          2|    1|          2|
    |C_out_2_5_write                              |   2|          2|    1|          2|
    |C_out_2_6_write                              |   2|          2|    1|          2|
    |C_out_2_7_write                              |   2|          2|    1|          2|
    |C_out_3_0_write                              |   2|          2|    1|          2|
    |C_out_3_1_write                              |   2|          2|    1|          2|
    |C_out_3_2_write                              |   2|          2|    1|          2|
    |C_out_3_3_write                              |   2|          2|    1|          2|
    |C_out_3_4_write                              |   2|          2|    1|          2|
    |C_out_3_5_write                              |   2|          2|    1|          2|
    |C_out_3_6_write                              |   2|          2|    1|          2|
    |C_out_3_7_write                              |   2|          2|    1|          2|
    |C_out_4_0_write                              |   2|          2|    1|          2|
    |C_out_4_1_write                              |   2|          2|    1|          2|
    |C_out_4_2_write                              |   2|          2|    1|          2|
    |C_out_4_3_write                              |   2|          2|    1|          2|
    |C_out_4_4_write                              |   2|          2|    1|          2|
    |C_out_4_5_write                              |   2|          2|    1|          2|
    |C_out_4_6_write                              |   2|          2|    1|          2|
    |C_out_4_7_write                              |   2|          2|    1|          2|
    |C_out_5_0_write                              |   2|          2|    1|          2|
    |C_out_5_1_write                              |   2|          2|    1|          2|
    |C_out_5_2_write                              |   2|          2|    1|          2|
    |C_out_5_3_write                              |   2|          2|    1|          2|
    |C_out_5_4_write                              |   2|          2|    1|          2|
    |C_out_5_5_write                              |   2|          2|    1|          2|
    |C_out_5_6_write                              |   2|          2|    1|          2|
    |C_out_5_7_write                              |   2|          2|    1|          2|
    |C_out_6_0_write                              |   2|          2|    1|          2|
    |C_out_6_1_write                              |   2|          2|    1|          2|
    |C_out_6_2_write                              |   2|          2|    1|          2|
    |C_out_6_3_write                              |   2|          2|    1|          2|
    |C_out_6_4_write                              |   2|          2|    1|          2|
    |C_out_6_5_write                              |   2|          2|    1|          2|
    |C_out_6_6_write                              |   2|          2|    1|          2|
    |C_out_6_7_write                              |   2|          2|    1|          2|
    |C_out_7_0_write                              |   2|          2|    1|          2|
    |C_out_7_1_write                              |   2|          2|    1|          2|
    |C_out_7_2_write                              |   2|          2|    1|          2|
    |C_out_7_3_write                              |   2|          2|    1|          2|
    |C_out_7_4_write                              |   2|          2|    1|          2|
    |C_out_7_5_write                              |   2|          2|    1|          2|
    |C_out_7_6_write                              |   2|          2|    1|          2|
    |C_out_7_7_write                              |   2|          2|    1|          2|
    |C_stream_100_i_i_read                        |   2|          2|    1|          2|
    |C_stream_101_i_i_read                        |   2|          2|    1|          2|
    |C_stream_102_i_i_read                        |   2|          2|    1|          2|
    |C_stream_103_i_i_read                        |   2|          2|    1|          2|
    |C_stream_104_i_i_read                        |   2|          2|    1|          2|
    |C_stream_105_i_i_read                        |   2|          2|    1|          2|
    |C_stream_106_i_i_read                        |   2|          2|    1|          2|
    |C_stream_107_i_i_read                        |   2|          2|    1|          2|
    |C_stream_108_i_i_read                        |   2|          2|    1|          2|
    |C_stream_109_i_i_read                        |   2|          2|    1|          2|
    |C_stream_10_i_i_read                         |   2|          2|    1|          2|
    |C_stream_110_i_i_read                        |   2|          2|    1|          2|
    |C_stream_111_i_i_read                        |   2|          2|    1|          2|
    |C_stream_112_i_i_read                        |   2|          2|    1|          2|
    |C_stream_113_i_i_read                        |   2|          2|    1|          2|
    |C_stream_114_i_i_read                        |   2|          2|    1|          2|
    |C_stream_115_i_i_read                        |   2|          2|    1|          2|
    |C_stream_116_i_i_read                        |   2|          2|    1|          2|
    |C_stream_117_i_i_read                        |   2|          2|    1|          2|
    |C_stream_118_i_i_read                        |   2|          2|    1|          2|
    |C_stream_119_i_i_read                        |   2|          2|    1|          2|
    |C_stream_11_i_i_read                         |   2|          2|    1|          2|
    |C_stream_120_i_i_read                        |   2|          2|    1|          2|
    |C_stream_121_i_i_read                        |   2|          2|    1|          2|
    |C_stream_122_i_i_read                        |   2|          2|    1|          2|
    |C_stream_123_i_i_read                        |   2|          2|    1|          2|
    |C_stream_124_i_i_read                        |   2|          2|    1|          2|
    |C_stream_125_i_i_read                        |   2|          2|    1|          2|
    |C_stream_126_i_i_read                        |   2|          2|    1|          2|
    |C_stream_127_i_i_read                        |   2|          2|    1|          2|
    |C_stream_128_i_i_read                        |   2|          2|    1|          2|
    |C_stream_129_i_i_read                        |   2|          2|    1|          2|
    |C_stream_12_i_i_read                         |   2|          2|    1|          2|
    |C_stream_130_i_i_read                        |   2|          2|    1|          2|
    |C_stream_131_i_i_read                        |   2|          2|    1|          2|
    |C_stream_132_i_i_read                        |   2|          2|    1|          2|
    |C_stream_133_i_i_read                        |   2|          2|    1|          2|
    |C_stream_134_i_i_read                        |   2|          2|    1|          2|
    |C_stream_135_i_i_read                        |   2|          2|    1|          2|
    |C_stream_136_i_i_read                        |   2|          2|    1|          2|
    |C_stream_137_i_i_read                        |   2|          2|    1|          2|
    |C_stream_138_i_i_read                        |   2|          2|    1|          2|
    |C_stream_139_i_i_read                        |   2|          2|    1|          2|
    |C_stream_13_i_i_read                         |   2|          2|    1|          2|
    |C_stream_140_i_i_read                        |   2|          2|    1|          2|
    |C_stream_141_i_i_read                        |   2|          2|    1|          2|
    |C_stream_142_i_i_read                        |   2|          2|    1|          2|
    |C_stream_143_i_i_read                        |   2|          2|    1|          2|
    |C_stream_144_i_i_read                        |   2|          2|    1|          2|
    |C_stream_145_i_i_read                        |   2|          2|    1|          2|
    |C_stream_146_i_i_read                        |   2|          2|    1|          2|
    |C_stream_147_i_i_read                        |   2|          2|    1|          2|
    |C_stream_148_i_i_read                        |   2|          2|    1|          2|
    |C_stream_149_i_i_read                        |   2|          2|    1|          2|
    |C_stream_14_i_i_read                         |   2|          2|    1|          2|
    |C_stream_150_i_i_read                        |   2|          2|    1|          2|
    |C_stream_151_i_i_read                        |   2|          2|    1|          2|
    |C_stream_152_i_i_read                        |   2|          2|    1|          2|
    |C_stream_153_i_i_read                        |   2|          2|    1|          2|
    |C_stream_154_i_i_read                        |   2|          2|    1|          2|
    |C_stream_155_i_i_read                        |   2|          2|    1|          2|
    |C_stream_156_i_i_read                        |   2|          2|    1|          2|
    |C_stream_157_i_i_read                        |   2|          2|    1|          2|
    |C_stream_158_i_i_read                        |   2|          2|    1|          2|
    |C_stream_159_i_i_read                        |   2|          2|    1|          2|
    |C_stream_15_i_i_read                         |   2|          2|    1|          2|
    |C_stream_160_i_i_read                        |   2|          2|    1|          2|
    |C_stream_161_i_i_read                        |   2|          2|    1|          2|
    |C_stream_162_i_i_read                        |   2|          2|    1|          2|
    |C_stream_163_i_i_read                        |   2|          2|    1|          2|
    |C_stream_164_i_i_read                        |   2|          2|    1|          2|
    |C_stream_165_i_i_read                        |   2|          2|    1|          2|
    |C_stream_166_i_i_read                        |   2|          2|    1|          2|
    |C_stream_167_i_i_read                        |   2|          2|    1|          2|
    |C_stream_168_i_i_read                        |   2|          2|    1|          2|
    |C_stream_169_i_i_read                        |   2|          2|    1|          2|
    |C_stream_16_i_i_read                         |   2|          2|    1|          2|
    |C_stream_170_i_i_read                        |   2|          2|    1|          2|
    |C_stream_171_i_i_read                        |   2|          2|    1|          2|
    |C_stream_172_i_i_read                        |   2|          2|    1|          2|
    |C_stream_173_i_i_read                        |   2|          2|    1|          2|
    |C_stream_174_i_i_read                        |   2|          2|    1|          2|
    |C_stream_175_i_i_read                        |   2|          2|    1|          2|
    |C_stream_176_i_i_read                        |   2|          2|    1|          2|
    |C_stream_177_i_i_read                        |   2|          2|    1|          2|
    |C_stream_178_i_i_read                        |   2|          2|    1|          2|
    |C_stream_179_i_i_read                        |   2|          2|    1|          2|
    |C_stream_17_i_i_read                         |   2|          2|    1|          2|
    |C_stream_180_i_i_read                        |   2|          2|    1|          2|
    |C_stream_181_i_i_read                        |   2|          2|    1|          2|
    |C_stream_182_i_i_read                        |   2|          2|    1|          2|
    |C_stream_183_i_i_read                        |   2|          2|    1|          2|
    |C_stream_184_i_i_read                        |   2|          2|    1|          2|
    |C_stream_185_i_i_read                        |   2|          2|    1|          2|
    |C_stream_186_i_i_read                        |   2|          2|    1|          2|
    |C_stream_187_i_i_read                        |   2|          2|    1|          2|
    |C_stream_188_i_i_read                        |   2|          2|    1|          2|
    |C_stream_189_i_i_read                        |   2|          2|    1|          2|
    |C_stream_18_i_i_read                         |   2|          2|    1|          2|
    |C_stream_190_i_i_read                        |   2|          2|    1|          2|
    |C_stream_191_i_i_read                        |   2|          2|    1|          2|
    |C_stream_192_i_i_read                        |   2|          2|    1|          2|
    |C_stream_193_i_i_read                        |   2|          2|    1|          2|
    |C_stream_194_i_i_read                        |   2|          2|    1|          2|
    |C_stream_195_i_i_read                        |   2|          2|    1|          2|
    |C_stream_196_i_i_read                        |   2|          2|    1|          2|
    |C_stream_197_i_i_read                        |   2|          2|    1|          2|
    |C_stream_198_i_i_read                        |   2|          2|    1|          2|
    |C_stream_199_i_i_read                        |   2|          2|    1|          2|
    |C_stream_19_i_i_read                         |   2|          2|    1|          2|
    |C_stream_1_i_i_read                          |   2|          2|    1|          2|
    |C_stream_200_i_i_read                        |   2|          2|    1|          2|
    |C_stream_201_i_i_read                        |   2|          2|    1|          2|
    |C_stream_202_i_i_read                        |   2|          2|    1|          2|
    |C_stream_203_i_i_read                        |   2|          2|    1|          2|
    |C_stream_204_i_i_read                        |   2|          2|    1|          2|
    |C_stream_205_i_i_read                        |   2|          2|    1|          2|
    |C_stream_206_i_i_read                        |   2|          2|    1|          2|
    |C_stream_207_i_i_read                        |   2|          2|    1|          2|
    |C_stream_208_i_i_read                        |   2|          2|    1|          2|
    |C_stream_209_i_i_read                        |   2|          2|    1|          2|
    |C_stream_20_i_i_read                         |   2|          2|    1|          2|
    |C_stream_210_i_i_read                        |   2|          2|    1|          2|
    |C_stream_211_i_i_read                        |   2|          2|    1|          2|
    |C_stream_212_i_i_read                        |   2|          2|    1|          2|
    |C_stream_213_i_i_read                        |   2|          2|    1|          2|
    |C_stream_214_i_i_read                        |   2|          2|    1|          2|
    |C_stream_215_i_i_read                        |   2|          2|    1|          2|
    |C_stream_216_i_i_read                        |   2|          2|    1|          2|
    |C_stream_217_i_i_read                        |   2|          2|    1|          2|
    |C_stream_218_i_i_read                        |   2|          2|    1|          2|
    |C_stream_219_i_i_read                        |   2|          2|    1|          2|
    |C_stream_21_i_i_read                         |   2|          2|    1|          2|
    |C_stream_220_i_i_read                        |   2|          2|    1|          2|
    |C_stream_221_i_i_read                        |   2|          2|    1|          2|
    |C_stream_222_i_i_read                        |   2|          2|    1|          2|
    |C_stream_223_i_i_read                        |   2|          2|    1|          2|
    |C_stream_224_i_i_read                        |   2|          2|    1|          2|
    |C_stream_225_i_i_read                        |   2|          2|    1|          2|
    |C_stream_226_i_i_read                        |   2|          2|    1|          2|
    |C_stream_227_i_i_read                        |   2|          2|    1|          2|
    |C_stream_228_i_i_read                        |   2|          2|    1|          2|
    |C_stream_229_i_i_read                        |   2|          2|    1|          2|
    |C_stream_22_i_i_read                         |   2|          2|    1|          2|
    |C_stream_230_i_i_read                        |   2|          2|    1|          2|
    |C_stream_231_i_i_read                        |   2|          2|    1|          2|
    |C_stream_232_i_i_read                        |   2|          2|    1|          2|
    |C_stream_233_i_i_read                        |   2|          2|    1|          2|
    |C_stream_234_i_i_read                        |   2|          2|    1|          2|
    |C_stream_235_i_i_read                        |   2|          2|    1|          2|
    |C_stream_236_i_i_read                        |   2|          2|    1|          2|
    |C_stream_237_i_i_read                        |   2|          2|    1|          2|
    |C_stream_238_i_i_read                        |   2|          2|    1|          2|
    |C_stream_239_i_i_read                        |   2|          2|    1|          2|
    |C_stream_23_i_i_read                         |   2|          2|    1|          2|
    |C_stream_240_i_i_read                        |   2|          2|    1|          2|
    |C_stream_241_i_i_read                        |   2|          2|    1|          2|
    |C_stream_242_i_i_read                        |   2|          2|    1|          2|
    |C_stream_243_i_i_read                        |   2|          2|    1|          2|
    |C_stream_244_i_i_read                        |   2|          2|    1|          2|
    |C_stream_245_i_i_read                        |   2|          2|    1|          2|
    |C_stream_246_i_i_read                        |   2|          2|    1|          2|
    |C_stream_247_i_i_read                        |   2|          2|    1|          2|
    |C_stream_248_i_i_read                        |   2|          2|    1|          2|
    |C_stream_249_i_i_read                        |   2|          2|    1|          2|
    |C_stream_24_i_i_read                         |   2|          2|    1|          2|
    |C_stream_250_i_i_read                        |   2|          2|    1|          2|
    |C_stream_251_i_i_read                        |   2|          2|    1|          2|
    |C_stream_252_i_i_read                        |   2|          2|    1|          2|
    |C_stream_253_i_i_read                        |   2|          2|    1|          2|
    |C_stream_254_i_i_read                        |   2|          2|    1|          2|
    |C_stream_255_i_i_read                        |   2|          2|    1|          2|
    |C_stream_25_i_i_read                         |   2|          2|    1|          2|
    |C_stream_26_i_i_read                         |   2|          2|    1|          2|
    |C_stream_27_i_i_read                         |   2|          2|    1|          2|
    |C_stream_28_i_i_read                         |   2|          2|    1|          2|
    |C_stream_29_i_i_read                         |   2|          2|    1|          2|
    |C_stream_2_i_i_read                          |   2|          2|    1|          2|
    |C_stream_30_i_i_read                         |   2|          2|    1|          2|
    |C_stream_31_i_i_read                         |   2|          2|    1|          2|
    |C_stream_32_i_i_read                         |   2|          2|    1|          2|
    |C_stream_33_i_i_read                         |   2|          2|    1|          2|
    |C_stream_34_i_i_read                         |   2|          2|    1|          2|
    |C_stream_35_i_i_read                         |   2|          2|    1|          2|
    |C_stream_36_i_i_read                         |   2|          2|    1|          2|
    |C_stream_37_i_i_read                         |   2|          2|    1|          2|
    |C_stream_38_i_i_read                         |   2|          2|    1|          2|
    |C_stream_39_i_i_read                         |   2|          2|    1|          2|
    |C_stream_3_i_i_read                          |   2|          2|    1|          2|
    |C_stream_40_i_i_read                         |   2|          2|    1|          2|
    |C_stream_41_i_i_read                         |   2|          2|    1|          2|
    |C_stream_42_i_i_read                         |   2|          2|    1|          2|
    |C_stream_43_i_i_read                         |   2|          2|    1|          2|
    |C_stream_44_i_i_read                         |   2|          2|    1|          2|
    |C_stream_45_i_i_read                         |   2|          2|    1|          2|
    |C_stream_46_i_i_read                         |   2|          2|    1|          2|
    |C_stream_47_i_i_read                         |   2|          2|    1|          2|
    |C_stream_48_i_i_read                         |   2|          2|    1|          2|
    |C_stream_49_i_i_read                         |   2|          2|    1|          2|
    |C_stream_4_i_i_read                          |   2|          2|    1|          2|
    |C_stream_50_i_i_read                         |   2|          2|    1|          2|
    |C_stream_51_i_i_read                         |   2|          2|    1|          2|
    |C_stream_52_i_i_read                         |   2|          2|    1|          2|
    |C_stream_53_i_i_read                         |   2|          2|    1|          2|
    |C_stream_54_i_i_read                         |   2|          2|    1|          2|
    |C_stream_55_i_i_read                         |   2|          2|    1|          2|
    |C_stream_56_i_i_read                         |   2|          2|    1|          2|
    |C_stream_57_i_i_read                         |   2|          2|    1|          2|
    |C_stream_58_i_i_read                         |   2|          2|    1|          2|
    |C_stream_59_i_i_read                         |   2|          2|    1|          2|
    |C_stream_5_i_i_read                          |   2|          2|    1|          2|
    |C_stream_60_i_i_read                         |   2|          2|    1|          2|
    |C_stream_61_i_i_read                         |   2|          2|    1|          2|
    |C_stream_62_i_i_read                         |   2|          2|    1|          2|
    |C_stream_63_i_i_read                         |   2|          2|    1|          2|
    |C_stream_64_i_i_read                         |   2|          2|    1|          2|
    |C_stream_65_i_i_read                         |   2|          2|    1|          2|
    |C_stream_66_i_i_read                         |   2|          2|    1|          2|
    |C_stream_67_i_i_read                         |   2|          2|    1|          2|
    |C_stream_68_i_i_read                         |   2|          2|    1|          2|
    |C_stream_69_i_i_read                         |   2|          2|    1|          2|
    |C_stream_6_i_i_read                          |   2|          2|    1|          2|
    |C_stream_70_i_i_read                         |   2|          2|    1|          2|
    |C_stream_71_i_i_read                         |   2|          2|    1|          2|
    |C_stream_72_i_i_read                         |   2|          2|    1|          2|
    |C_stream_73_i_i_read                         |   2|          2|    1|          2|
    |C_stream_74_i_i_read                         |   2|          2|    1|          2|
    |C_stream_75_i_i_read                         |   2|          2|    1|          2|
    |C_stream_76_i_i_read                         |   2|          2|    1|          2|
    |C_stream_77_i_i_read                         |   2|          2|    1|          2|
    |C_stream_78_i_i_read                         |   2|          2|    1|          2|
    |C_stream_79_i_i_read                         |   2|          2|    1|          2|
    |C_stream_7_i_i_read                          |   2|          2|    1|          2|
    |C_stream_80_i_i_read                         |   2|          2|    1|          2|
    |C_stream_81_i_i_read                         |   2|          2|    1|          2|
    |C_stream_82_i_i_read                         |   2|          2|    1|          2|
    |C_stream_83_i_i_read                         |   2|          2|    1|          2|
    |C_stream_84_i_i_read                         |   2|          2|    1|          2|
    |C_stream_85_i_i_read                         |   2|          2|    1|          2|
    |C_stream_86_i_i_read                         |   2|          2|    1|          2|
    |C_stream_87_i_i_read                         |   2|          2|    1|          2|
    |C_stream_88_i_i_read                         |   2|          2|    1|          2|
    |C_stream_89_i_i_read                         |   2|          2|    1|          2|
    |C_stream_8_i_i_read                          |   2|          2|    1|          2|
    |C_stream_90_i_i_read                         |   2|          2|    1|          2|
    |C_stream_91_i_i_read                         |   2|          2|    1|          2|
    |C_stream_92_i_i_read                         |   2|          2|    1|          2|
    |C_stream_93_i_i_read                         |   2|          2|    1|          2|
    |C_stream_94_i_i_read                         |   2|          2|    1|          2|
    |C_stream_95_i_i_read                         |   2|          2|    1|          2|
    |C_stream_96_i_i_read                         |   2|          2|    1|          2|
    |C_stream_97_i_i_read                         |   2|          2|    1|          2|
    |C_stream_98_i_i_read                         |   2|          2|    1|          2|
    |C_stream_99_i_i_read                         |   2|          2|    1|          2|
    |C_stream_9_i_i_read                          |   2|          2|    1|          2|
    |C_stream_i_i_read                            |   2|          2|    1|          2|
    |ap_NS_fsm                                    |   2|          3|    1|          3|
    |ap_done                                      |   2|          2|    1|          2|
    |grp_stream_to_C_Vec_fu_694_C_out_6_6_full_n  |  42|         64|    1|         64|
    |tileA_i_blk_n                                |   2|          2|    1|          2|
    |tileB_blk_n                                  |   2|          2|    1|          2|
    +---------------------------------------------+----+-----------+-----+-----------+
    |Total                                        | 690|        713|  325|        713|
    +---------------------------------------------+----+-----------+-----+-----------+

    * Register: 
    +-----------------------------------------+---+----+-----+-----------+
    |                   Name                  | FF| LUT| Bits| Const Bits|
    +-----------------------------------------+---+----+-----+-----------+
    |ap_CS_fsm                                |  2|   0|    2|          0|
    |ap_done_reg                              |  1|   0|    1|          0|
    |grp_stream_to_C_Vec_fu_694_ap_start_reg  |  1|   0|    1|          0|
    |tileA_i_read_reg_1283                    |  3|   0|    3|          0|
    |tileB_read_reg_1279                      |  3|   0|    3|          0|
    +-----------------------------------------+---+----+-----+-----------+
    |Total                                    | 10|   0|   10|          0|
    +-----------------------------------------+---+----+-----+-----------+



================================================================
== Interface
================================================================
* Summary: 
+---------------------------------+-----+-----+------------+---------------------------------------------------------------+--------------+
|            RTL Ports            | Dir | Bits|  Protocol  |                         Source Object                         |    C Type    |
+---------------------------------+-----+-----+------------+---------------------------------------------------------------+--------------+
|ap_clk                           |   in|    1|  ap_ctrl_hs|  dataflow_in_loop_tile_loop_A_Block_newFuncRoot1325_proc276539|  return value|
|ap_rst                           |   in|    1|  ap_ctrl_hs|  dataflow_in_loop_tile_loop_A_Block_newFuncRoot1325_proc276539|  return value|
|ap_start                         |   in|    1|  ap_ctrl_hs|  dataflow_in_loop_tile_loop_A_Block_newFuncRoot1325_proc276539|  return value|
|ap_done                          |  out|    1|  ap_ctrl_hs|  dataflow_in_loop_tile_loop_A_Block_newFuncRoot1325_proc276539|  return value|
|ap_continue                      |   in|    1|  ap_ctrl_hs|  dataflow_in_loop_tile_loop_A_Block_newFuncRoot1325_proc276539|  return value|
|ap_idle                          |  out|    1|  ap_ctrl_hs|  dataflow_in_loop_tile_loop_A_Block_newFuncRoot1325_proc276539|  return value|
|ap_ready                         |  out|    1|  ap_ctrl_hs|  dataflow_in_loop_tile_loop_A_Block_newFuncRoot1325_proc276539|  return value|
|tileA_i_dout                     |   in|    3|     ap_fifo|                                                        tileA_i|       pointer|
|tileA_i_num_data_valid           |   in|    7|     ap_fifo|                                                        tileA_i|       pointer|
|tileA_i_fifo_cap                 |   in|    7|     ap_fifo|                                                        tileA_i|       pointer|
|tileA_i_empty_n                  |   in|    1|     ap_fifo|                                                        tileA_i|       pointer|
|tileA_i_read                     |  out|    1|     ap_fifo|                                                        tileA_i|       pointer|
|tileB_dout                       |   in|    3|     ap_fifo|                                                          tileB|       pointer|
|tileB_num_data_valid             |   in|    7|     ap_fifo|                                                          tileB|       pointer|
|tileB_fifo_cap                   |   in|    7|     ap_fifo|                                                          tileB|       pointer|
|tileB_empty_n                    |   in|    1|     ap_fifo|                                                          tileB|       pointer|
|tileB_read                       |  out|    1|     ap_fifo|                                                          tileB|       pointer|
|C_stream_255_i_i_dout            |   in|   32|     ap_fifo|                                               C_stream_255_i_i|       pointer|
|C_stream_255_i_i_num_data_valid  |   in|    7|     ap_fifo|                                               C_stream_255_i_i|       pointer|
|C_stream_255_i_i_fifo_cap        |   in|    7|     ap_fifo|                                               C_stream_255_i_i|       pointer|
|C_stream_255_i_i_empty_n         |   in|    1|     ap_fifo|                                               C_stream_255_i_i|       pointer|
|C_stream_255_i_i_read            |  out|    1|     ap_fifo|                                               C_stream_255_i_i|       pointer|
|C_stream_254_i_i_dout            |   in|   32|     ap_fifo|                                               C_stream_254_i_i|       pointer|
|C_stream_254_i_i_num_data_valid  |   in|    7|     ap_fifo|                                               C_stream_254_i_i|       pointer|
|C_stream_254_i_i_fifo_cap        |   in|    7|     ap_fifo|                                               C_stream_254_i_i|       pointer|
|C_stream_254_i_i_empty_n         |   in|    1|     ap_fifo|                                               C_stream_254_i_i|       pointer|
|C_stream_254_i_i_read            |  out|    1|     ap_fifo|                                               C_stream_254_i_i|       pointer|
|C_stream_253_i_i_dout            |   in|   32|     ap_fifo|                                               C_stream_253_i_i|       pointer|
|C_stream_253_i_i_num_data_valid  |   in|    7|     ap_fifo|                                               C_stream_253_i_i|       pointer|
|C_stream_253_i_i_fifo_cap        |   in|    7|     ap_fifo|                                               C_stream_253_i_i|       pointer|
|C_stream_253_i_i_empty_n         |   in|    1|     ap_fifo|                                               C_stream_253_i_i|       pointer|
|C_stream_253_i_i_read            |  out|    1|     ap_fifo|                                               C_stream_253_i_i|       pointer|
|C_stream_252_i_i_dout            |   in|   32|     ap_fifo|                                               C_stream_252_i_i|       pointer|
|C_stream_252_i_i_num_data_valid  |   in|    7|     ap_fifo|                                               C_stream_252_i_i|       pointer|
|C_stream_252_i_i_fifo_cap        |   in|    7|     ap_fifo|                                               C_stream_252_i_i|       pointer|
|C_stream_252_i_i_empty_n         |   in|    1|     ap_fifo|                                               C_stream_252_i_i|       pointer|
|C_stream_252_i_i_read            |  out|    1|     ap_fifo|                                               C_stream_252_i_i|       pointer|
|C_stream_251_i_i_dout            |   in|   32|     ap_fifo|                                               C_stream_251_i_i|       pointer|
|C_stream_251_i_i_num_data_valid  |   in|    7|     ap_fifo|                                               C_stream_251_i_i|       pointer|
|C_stream_251_i_i_fifo_cap        |   in|    7|     ap_fifo|                                               C_stream_251_i_i|       pointer|
|C_stream_251_i_i_empty_n         |   in|    1|     ap_fifo|                                               C_stream_251_i_i|       pointer|
|C_stream_251_i_i_read            |  out|    1|     ap_fifo|                                               C_stream_251_i_i|       pointer|
|C_stream_250_i_i_dout            |   in|   32|     ap_fifo|                                               C_stream_250_i_i|       pointer|
|C_stream_250_i_i_num_data_valid  |   in|    7|     ap_fifo|                                               C_stream_250_i_i|       pointer|
|C_stream_250_i_i_fifo_cap        |   in|    7|     ap_fifo|                                               C_stream_250_i_i|       pointer|
|C_stream_250_i_i_empty_n         |   in|    1|     ap_fifo|                                               C_stream_250_i_i|       pointer|
|C_stream_250_i_i_read            |  out|    1|     ap_fifo|                                               C_stream_250_i_i|       pointer|
|C_stream_249_i_i_dout            |   in|   32|     ap_fifo|                                               C_stream_249_i_i|       pointer|
|C_stream_249_i_i_num_data_valid  |   in|    7|     ap_fifo|                                               C_stream_249_i_i|       pointer|
|C_stream_249_i_i_fifo_cap        |   in|    7|     ap_fifo|                                               C_stream_249_i_i|       pointer|
|C_stream_249_i_i_empty_n         |   in|    1|     ap_fifo|                                               C_stream_249_i_i|       pointer|
|C_stream_249_i_i_read            |  out|    1|     ap_fifo|                                               C_stream_249_i_i|       pointer|
|C_stream_248_i_i_dout            |   in|   32|     ap_fifo|                                               C_stream_248_i_i|       pointer|
|C_stream_248_i_i_num_data_valid  |   in|    7|     ap_fifo|                                               C_stream_248_i_i|       pointer|
|C_stream_248_i_i_fifo_cap        |   in|    7|     ap_fifo|                                               C_stream_248_i_i|       pointer|
|C_stream_248_i_i_empty_n         |   in|    1|     ap_fifo|                                               C_stream_248_i_i|       pointer|
|C_stream_248_i_i_read            |  out|    1|     ap_fifo|                                               C_stream_248_i_i|       pointer|
|C_stream_247_i_i_dout            |   in|   32|     ap_fifo|                                               C_stream_247_i_i|       pointer|
|C_stream_247_i_i_num_data_valid  |   in|    7|     ap_fifo|                                               C_stream_247_i_i|       pointer|
|C_stream_247_i_i_fifo_cap        |   in|    7|     ap_fifo|                                               C_stream_247_i_i|       pointer|
|C_stream_247_i_i_empty_n         |   in|    1|     ap_fifo|                                               C_stream_247_i_i|       pointer|
|C_stream_247_i_i_read            |  out|    1|     ap_fifo|                                               C_stream_247_i_i|       pointer|
|C_stream_246_i_i_dout            |   in|   32|     ap_fifo|                                               C_stream_246_i_i|       pointer|
|C_stream_246_i_i_num_data_valid  |   in|    7|     ap_fifo|                                               C_stream_246_i_i|       pointer|
|C_stream_246_i_i_fifo_cap        |   in|    7|     ap_fifo|                                               C_stream_246_i_i|       pointer|
|C_stream_246_i_i_empty_n         |   in|    1|     ap_fifo|                                               C_stream_246_i_i|       pointer|
|C_stream_246_i_i_read            |  out|    1|     ap_fifo|                                               C_stream_246_i_i|       pointer|
|C_stream_245_i_i_dout            |   in|   32|     ap_fifo|                                               C_stream_245_i_i|       pointer|
|C_stream_245_i_i_num_data_valid  |   in|    7|     ap_fifo|                                               C_stream_245_i_i|       pointer|
|C_stream_245_i_i_fifo_cap        |   in|    7|     ap_fifo|                                               C_stream_245_i_i|       pointer|
|C_stream_245_i_i_empty_n         |   in|    1|     ap_fifo|                                               C_stream_245_i_i|       pointer|
|C_stream_245_i_i_read            |  out|    1|     ap_fifo|                                               C_stream_245_i_i|       pointer|
|C_stream_244_i_i_dout            |   in|   32|     ap_fifo|                                               C_stream_244_i_i|       pointer|
|C_stream_244_i_i_num_data_valid  |   in|    7|     ap_fifo|                                               C_stream_244_i_i|       pointer|
|C_stream_244_i_i_fifo_cap        |   in|    7|     ap_fifo|                                               C_stream_244_i_i|       pointer|
|C_stream_244_i_i_empty_n         |   in|    1|     ap_fifo|                                               C_stream_244_i_i|       pointer|
|C_stream_244_i_i_read            |  out|    1|     ap_fifo|                                               C_stream_244_i_i|       pointer|
|C_stream_243_i_i_dout            |   in|   32|     ap_fifo|                                               C_stream_243_i_i|       pointer|
|C_stream_243_i_i_num_data_valid  |   in|    7|     ap_fifo|                                               C_stream_243_i_i|       pointer|
|C_stream_243_i_i_fifo_cap        |   in|    7|     ap_fifo|                                               C_stream_243_i_i|       pointer|
|C_stream_243_i_i_empty_n         |   in|    1|     ap_fifo|                                               C_stream_243_i_i|       pointer|
|C_stream_243_i_i_read            |  out|    1|     ap_fifo|                                               C_stream_243_i_i|       pointer|
|C_stream_242_i_i_dout            |   in|   32|     ap_fifo|                                               C_stream_242_i_i|       pointer|
|C_stream_242_i_i_num_data_valid  |   in|    7|     ap_fifo|                                               C_stream_242_i_i|       pointer|
|C_stream_242_i_i_fifo_cap        |   in|    7|     ap_fifo|                                               C_stream_242_i_i|       pointer|
|C_stream_242_i_i_empty_n         |   in|    1|     ap_fifo|                                               C_stream_242_i_i|       pointer|
|C_stream_242_i_i_read            |  out|    1|     ap_fifo|                                               C_stream_242_i_i|       pointer|
|C_stream_241_i_i_dout            |   in|   32|     ap_fifo|                                               C_stream_241_i_i|       pointer|
|C_stream_241_i_i_num_data_valid  |   in|    7|     ap_fifo|                                               C_stream_241_i_i|       pointer|
|C_stream_241_i_i_fifo_cap        |   in|    7|     ap_fifo|                                               C_stream_241_i_i|       pointer|
|C_stream_241_i_i_empty_n         |   in|    1|     ap_fifo|                                               C_stream_241_i_i|       pointer|
|C_stream_241_i_i_read            |  out|    1|     ap_fifo|                                               C_stream_241_i_i|       pointer|
|C_stream_240_i_i_dout            |   in|   32|     ap_fifo|                                               C_stream_240_i_i|       pointer|
|C_stream_240_i_i_num_data_valid  |   in|    7|     ap_fifo|                                               C_stream_240_i_i|       pointer|
|C_stream_240_i_i_fifo_cap        |   in|    7|     ap_fifo|                                               C_stream_240_i_i|       pointer|
|C_stream_240_i_i_empty_n         |   in|    1|     ap_fifo|                                               C_stream_240_i_i|       pointer|
|C_stream_240_i_i_read            |  out|    1|     ap_fifo|                                               C_stream_240_i_i|       pointer|
|C_stream_239_i_i_dout            |   in|   32|     ap_fifo|                                               C_stream_239_i_i|       pointer|
|C_stream_239_i_i_num_data_valid  |   in|    7|     ap_fifo|                                               C_stream_239_i_i|       pointer|
|C_stream_239_i_i_fifo_cap        |   in|    7|     ap_fifo|                                               C_stream_239_i_i|       pointer|
|C_stream_239_i_i_empty_n         |   in|    1|     ap_fifo|                                               C_stream_239_i_i|       pointer|
|C_stream_239_i_i_read            |  out|    1|     ap_fifo|                                               C_stream_239_i_i|       pointer|
|C_stream_238_i_i_dout            |   in|   32|     ap_fifo|                                               C_stream_238_i_i|       pointer|
|C_stream_238_i_i_num_data_valid  |   in|    7|     ap_fifo|                                               C_stream_238_i_i|       pointer|
|C_stream_238_i_i_fifo_cap        |   in|    7|     ap_fifo|                                               C_stream_238_i_i|       pointer|
|C_stream_238_i_i_empty_n         |   in|    1|     ap_fifo|                                               C_stream_238_i_i|       pointer|
|C_stream_238_i_i_read            |  out|    1|     ap_fifo|                                               C_stream_238_i_i|       pointer|
|C_stream_237_i_i_dout            |   in|   32|     ap_fifo|                                               C_stream_237_i_i|       pointer|
|C_stream_237_i_i_num_data_valid  |   in|    7|     ap_fifo|                                               C_stream_237_i_i|       pointer|
|C_stream_237_i_i_fifo_cap        |   in|    7|     ap_fifo|                                               C_stream_237_i_i|       pointer|
|C_stream_237_i_i_empty_n         |   in|    1|     ap_fifo|                                               C_stream_237_i_i|       pointer|
|C_stream_237_i_i_read            |  out|    1|     ap_fifo|                                               C_stream_237_i_i|       pointer|
|C_stream_236_i_i_dout            |   in|   32|     ap_fifo|                                               C_stream_236_i_i|       pointer|
|C_stream_236_i_i_num_data_valid  |   in|    7|     ap_fifo|                                               C_stream_236_i_i|       pointer|
|C_stream_236_i_i_fifo_cap        |   in|    7|     ap_fifo|                                               C_stream_236_i_i|       pointer|
|C_stream_236_i_i_empty_n         |   in|    1|     ap_fifo|                                               C_stream_236_i_i|       pointer|
|C_stream_236_i_i_read            |  out|    1|     ap_fifo|                                               C_stream_236_i_i|       pointer|
|C_stream_235_i_i_dout            |   in|   32|     ap_fifo|                                               C_stream_235_i_i|       pointer|
|C_stream_235_i_i_num_data_valid  |   in|    7|     ap_fifo|                                               C_stream_235_i_i|       pointer|
|C_stream_235_i_i_fifo_cap        |   in|    7|     ap_fifo|                                               C_stream_235_i_i|       pointer|
|C_stream_235_i_i_empty_n         |   in|    1|     ap_fifo|                                               C_stream_235_i_i|       pointer|
|C_stream_235_i_i_read            |  out|    1|     ap_fifo|                                               C_stream_235_i_i|       pointer|
|C_stream_234_i_i_dout            |   in|   32|     ap_fifo|                                               C_stream_234_i_i|       pointer|
|C_stream_234_i_i_num_data_valid  |   in|    7|     ap_fifo|                                               C_stream_234_i_i|       pointer|
|C_stream_234_i_i_fifo_cap        |   in|    7|     ap_fifo|                                               C_stream_234_i_i|       pointer|
|C_stream_234_i_i_empty_n         |   in|    1|     ap_fifo|                                               C_stream_234_i_i|       pointer|
|C_stream_234_i_i_read            |  out|    1|     ap_fifo|                                               C_stream_234_i_i|       pointer|
|C_stream_233_i_i_dout            |   in|   32|     ap_fifo|                                               C_stream_233_i_i|       pointer|
|C_stream_233_i_i_num_data_valid  |   in|    7|     ap_fifo|                                               C_stream_233_i_i|       pointer|
|C_stream_233_i_i_fifo_cap        |   in|    7|     ap_fifo|                                               C_stream_233_i_i|       pointer|
|C_stream_233_i_i_empty_n         |   in|    1|     ap_fifo|                                               C_stream_233_i_i|       pointer|
|C_stream_233_i_i_read            |  out|    1|     ap_fifo|                                               C_stream_233_i_i|       pointer|
|C_stream_232_i_i_dout            |   in|   32|     ap_fifo|                                               C_stream_232_i_i|       pointer|
|C_stream_232_i_i_num_data_valid  |   in|    7|     ap_fifo|                                               C_stream_232_i_i|       pointer|
|C_stream_232_i_i_fifo_cap        |   in|    7|     ap_fifo|                                               C_stream_232_i_i|       pointer|
|C_stream_232_i_i_empty_n         |   in|    1|     ap_fifo|                                               C_stream_232_i_i|       pointer|
|C_stream_232_i_i_read            |  out|    1|     ap_fifo|                                               C_stream_232_i_i|       pointer|
|C_stream_231_i_i_dout            |   in|   32|     ap_fifo|                                               C_stream_231_i_i|       pointer|
|C_stream_231_i_i_num_data_valid  |   in|    7|     ap_fifo|                                               C_stream_231_i_i|       pointer|
|C_stream_231_i_i_fifo_cap        |   in|    7|     ap_fifo|                                               C_stream_231_i_i|       pointer|
|C_stream_231_i_i_empty_n         |   in|    1|     ap_fifo|                                               C_stream_231_i_i|       pointer|
|C_stream_231_i_i_read            |  out|    1|     ap_fifo|                                               C_stream_231_i_i|       pointer|
|C_stream_230_i_i_dout            |   in|   32|     ap_fifo|                                               C_stream_230_i_i|       pointer|
|C_stream_230_i_i_num_data_valid  |   in|    7|     ap_fifo|                                               C_stream_230_i_i|       pointer|
|C_stream_230_i_i_fifo_cap        |   in|    7|     ap_fifo|                                               C_stream_230_i_i|       pointer|
|C_stream_230_i_i_empty_n         |   in|    1|     ap_fifo|                                               C_stream_230_i_i|       pointer|
|C_stream_230_i_i_read            |  out|    1|     ap_fifo|                                               C_stream_230_i_i|       pointer|
|C_stream_229_i_i_dout            |   in|   32|     ap_fifo|                                               C_stream_229_i_i|       pointer|
|C_stream_229_i_i_num_data_valid  |   in|    7|     ap_fifo|                                               C_stream_229_i_i|       pointer|
|C_stream_229_i_i_fifo_cap        |   in|    7|     ap_fifo|                                               C_stream_229_i_i|       pointer|
|C_stream_229_i_i_empty_n         |   in|    1|     ap_fifo|                                               C_stream_229_i_i|       pointer|
|C_stream_229_i_i_read            |  out|    1|     ap_fifo|                                               C_stream_229_i_i|       pointer|
|C_stream_228_i_i_dout            |   in|   32|     ap_fifo|                                               C_stream_228_i_i|       pointer|
|C_stream_228_i_i_num_data_valid  |   in|    7|     ap_fifo|                                               C_stream_228_i_i|       pointer|
|C_stream_228_i_i_fifo_cap        |   in|    7|     ap_fifo|                                               C_stream_228_i_i|       pointer|
|C_stream_228_i_i_empty_n         |   in|    1|     ap_fifo|                                               C_stream_228_i_i|       pointer|
|C_stream_228_i_i_read            |  out|    1|     ap_fifo|                                               C_stream_228_i_i|       pointer|
|C_stream_227_i_i_dout            |   in|   32|     ap_fifo|                                               C_stream_227_i_i|       pointer|
|C_stream_227_i_i_num_data_valid  |   in|    7|     ap_fifo|                                               C_stream_227_i_i|       pointer|
|C_stream_227_i_i_fifo_cap        |   in|    7|     ap_fifo|                                               C_stream_227_i_i|       pointer|
|C_stream_227_i_i_empty_n         |   in|    1|     ap_fifo|                                               C_stream_227_i_i|       pointer|
|C_stream_227_i_i_read            |  out|    1|     ap_fifo|                                               C_stream_227_i_i|       pointer|
|C_stream_226_i_i_dout            |   in|   32|     ap_fifo|                                               C_stream_226_i_i|       pointer|
|C_stream_226_i_i_num_data_valid  |   in|    7|     ap_fifo|                                               C_stream_226_i_i|       pointer|
|C_stream_226_i_i_fifo_cap        |   in|    7|     ap_fifo|                                               C_stream_226_i_i|       pointer|
|C_stream_226_i_i_empty_n         |   in|    1|     ap_fifo|                                               C_stream_226_i_i|       pointer|
|C_stream_226_i_i_read            |  out|    1|     ap_fifo|                                               C_stream_226_i_i|       pointer|
|C_stream_225_i_i_dout            |   in|   32|     ap_fifo|                                               C_stream_225_i_i|       pointer|
|C_stream_225_i_i_num_data_valid  |   in|    7|     ap_fifo|                                               C_stream_225_i_i|       pointer|
|C_stream_225_i_i_fifo_cap        |   in|    7|     ap_fifo|                                               C_stream_225_i_i|       pointer|
|C_stream_225_i_i_empty_n         |   in|    1|     ap_fifo|                                               C_stream_225_i_i|       pointer|
|C_stream_225_i_i_read            |  out|    1|     ap_fifo|                                               C_stream_225_i_i|       pointer|
|C_stream_224_i_i_dout            |   in|   32|     ap_fifo|                                               C_stream_224_i_i|       pointer|
|C_stream_224_i_i_num_data_valid  |   in|    7|     ap_fifo|                                               C_stream_224_i_i|       pointer|
|C_stream_224_i_i_fifo_cap        |   in|    7|     ap_fifo|                                               C_stream_224_i_i|       pointer|
|C_stream_224_i_i_empty_n         |   in|    1|     ap_fifo|                                               C_stream_224_i_i|       pointer|
|C_stream_224_i_i_read            |  out|    1|     ap_fifo|                                               C_stream_224_i_i|       pointer|
|C_stream_223_i_i_dout            |   in|   32|     ap_fifo|                                               C_stream_223_i_i|       pointer|
|C_stream_223_i_i_num_data_valid  |   in|    7|     ap_fifo|                                               C_stream_223_i_i|       pointer|
|C_stream_223_i_i_fifo_cap        |   in|    7|     ap_fifo|                                               C_stream_223_i_i|       pointer|
|C_stream_223_i_i_empty_n         |   in|    1|     ap_fifo|                                               C_stream_223_i_i|       pointer|
|C_stream_223_i_i_read            |  out|    1|     ap_fifo|                                               C_stream_223_i_i|       pointer|
|C_stream_222_i_i_dout            |   in|   32|     ap_fifo|                                               C_stream_222_i_i|       pointer|
|C_stream_222_i_i_num_data_valid  |   in|    7|     ap_fifo|                                               C_stream_222_i_i|       pointer|
|C_stream_222_i_i_fifo_cap        |   in|    7|     ap_fifo|                                               C_stream_222_i_i|       pointer|
|C_stream_222_i_i_empty_n         |   in|    1|     ap_fifo|                                               C_stream_222_i_i|       pointer|
|C_stream_222_i_i_read            |  out|    1|     ap_fifo|                                               C_stream_222_i_i|       pointer|
|C_stream_221_i_i_dout            |   in|   32|     ap_fifo|                                               C_stream_221_i_i|       pointer|
|C_stream_221_i_i_num_data_valid  |   in|    7|     ap_fifo|                                               C_stream_221_i_i|       pointer|
|C_stream_221_i_i_fifo_cap        |   in|    7|     ap_fifo|                                               C_stream_221_i_i|       pointer|
|C_stream_221_i_i_empty_n         |   in|    1|     ap_fifo|                                               C_stream_221_i_i|       pointer|
|C_stream_221_i_i_read            |  out|    1|     ap_fifo|                                               C_stream_221_i_i|       pointer|
|C_stream_220_i_i_dout            |   in|   32|     ap_fifo|                                               C_stream_220_i_i|       pointer|
|C_stream_220_i_i_num_data_valid  |   in|    7|     ap_fifo|                                               C_stream_220_i_i|       pointer|
|C_stream_220_i_i_fifo_cap        |   in|    7|     ap_fifo|                                               C_stream_220_i_i|       pointer|
|C_stream_220_i_i_empty_n         |   in|    1|     ap_fifo|                                               C_stream_220_i_i|       pointer|
|C_stream_220_i_i_read            |  out|    1|     ap_fifo|                                               C_stream_220_i_i|       pointer|
|C_stream_219_i_i_dout            |   in|   32|     ap_fifo|                                               C_stream_219_i_i|       pointer|
|C_stream_219_i_i_num_data_valid  |   in|    7|     ap_fifo|                                               C_stream_219_i_i|       pointer|
|C_stream_219_i_i_fifo_cap        |   in|    7|     ap_fifo|                                               C_stream_219_i_i|       pointer|
|C_stream_219_i_i_empty_n         |   in|    1|     ap_fifo|                                               C_stream_219_i_i|       pointer|
|C_stream_219_i_i_read            |  out|    1|     ap_fifo|                                               C_stream_219_i_i|       pointer|
|C_stream_218_i_i_dout            |   in|   32|     ap_fifo|                                               C_stream_218_i_i|       pointer|
|C_stream_218_i_i_num_data_valid  |   in|    7|     ap_fifo|                                               C_stream_218_i_i|       pointer|
|C_stream_218_i_i_fifo_cap        |   in|    7|     ap_fifo|                                               C_stream_218_i_i|       pointer|
|C_stream_218_i_i_empty_n         |   in|    1|     ap_fifo|                                               C_stream_218_i_i|       pointer|
|C_stream_218_i_i_read            |  out|    1|     ap_fifo|                                               C_stream_218_i_i|       pointer|
|C_stream_217_i_i_dout            |   in|   32|     ap_fifo|                                               C_stream_217_i_i|       pointer|
|C_stream_217_i_i_num_data_valid  |   in|    7|     ap_fifo|                                               C_stream_217_i_i|       pointer|
|C_stream_217_i_i_fifo_cap        |   in|    7|     ap_fifo|                                               C_stream_217_i_i|       pointer|
|C_stream_217_i_i_empty_n         |   in|    1|     ap_fifo|                                               C_stream_217_i_i|       pointer|
|C_stream_217_i_i_read            |  out|    1|     ap_fifo|                                               C_stream_217_i_i|       pointer|
|C_stream_216_i_i_dout            |   in|   32|     ap_fifo|                                               C_stream_216_i_i|       pointer|
|C_stream_216_i_i_num_data_valid  |   in|    7|     ap_fifo|                                               C_stream_216_i_i|       pointer|
|C_stream_216_i_i_fifo_cap        |   in|    7|     ap_fifo|                                               C_stream_216_i_i|       pointer|
|C_stream_216_i_i_empty_n         |   in|    1|     ap_fifo|                                               C_stream_216_i_i|       pointer|
|C_stream_216_i_i_read            |  out|    1|     ap_fifo|                                               C_stream_216_i_i|       pointer|
|C_stream_215_i_i_dout            |   in|   32|     ap_fifo|                                               C_stream_215_i_i|       pointer|
|C_stream_215_i_i_num_data_valid  |   in|    7|     ap_fifo|                                               C_stream_215_i_i|       pointer|
|C_stream_215_i_i_fifo_cap        |   in|    7|     ap_fifo|                                               C_stream_215_i_i|       pointer|
|C_stream_215_i_i_empty_n         |   in|    1|     ap_fifo|                                               C_stream_215_i_i|       pointer|
|C_stream_215_i_i_read            |  out|    1|     ap_fifo|                                               C_stream_215_i_i|       pointer|
|C_stream_214_i_i_dout            |   in|   32|     ap_fifo|                                               C_stream_214_i_i|       pointer|
|C_stream_214_i_i_num_data_valid  |   in|    7|     ap_fifo|                                               C_stream_214_i_i|       pointer|
|C_stream_214_i_i_fifo_cap        |   in|    7|     ap_fifo|                                               C_stream_214_i_i|       pointer|
|C_stream_214_i_i_empty_n         |   in|    1|     ap_fifo|                                               C_stream_214_i_i|       pointer|
|C_stream_214_i_i_read            |  out|    1|     ap_fifo|                                               C_stream_214_i_i|       pointer|
|C_stream_213_i_i_dout            |   in|   32|     ap_fifo|                                               C_stream_213_i_i|       pointer|
|C_stream_213_i_i_num_data_valid  |   in|    7|     ap_fifo|                                               C_stream_213_i_i|       pointer|
|C_stream_213_i_i_fifo_cap        |   in|    7|     ap_fifo|                                               C_stream_213_i_i|       pointer|
|C_stream_213_i_i_empty_n         |   in|    1|     ap_fifo|                                               C_stream_213_i_i|       pointer|
|C_stream_213_i_i_read            |  out|    1|     ap_fifo|                                               C_stream_213_i_i|       pointer|
|C_stream_212_i_i_dout            |   in|   32|     ap_fifo|                                               C_stream_212_i_i|       pointer|
|C_stream_212_i_i_num_data_valid  |   in|    7|     ap_fifo|                                               C_stream_212_i_i|       pointer|
|C_stream_212_i_i_fifo_cap        |   in|    7|     ap_fifo|                                               C_stream_212_i_i|       pointer|
|C_stream_212_i_i_empty_n         |   in|    1|     ap_fifo|                                               C_stream_212_i_i|       pointer|
|C_stream_212_i_i_read            |  out|    1|     ap_fifo|                                               C_stream_212_i_i|       pointer|
|C_stream_211_i_i_dout            |   in|   32|     ap_fifo|                                               C_stream_211_i_i|       pointer|
|C_stream_211_i_i_num_data_valid  |   in|    7|     ap_fifo|                                               C_stream_211_i_i|       pointer|
|C_stream_211_i_i_fifo_cap        |   in|    7|     ap_fifo|                                               C_stream_211_i_i|       pointer|
|C_stream_211_i_i_empty_n         |   in|    1|     ap_fifo|                                               C_stream_211_i_i|       pointer|
|C_stream_211_i_i_read            |  out|    1|     ap_fifo|                                               C_stream_211_i_i|       pointer|
|C_stream_210_i_i_dout            |   in|   32|     ap_fifo|                                               C_stream_210_i_i|       pointer|
|C_stream_210_i_i_num_data_valid  |   in|    7|     ap_fifo|                                               C_stream_210_i_i|       pointer|
|C_stream_210_i_i_fifo_cap        |   in|    7|     ap_fifo|                                               C_stream_210_i_i|       pointer|
|C_stream_210_i_i_empty_n         |   in|    1|     ap_fifo|                                               C_stream_210_i_i|       pointer|
|C_stream_210_i_i_read            |  out|    1|     ap_fifo|                                               C_stream_210_i_i|       pointer|
|C_stream_209_i_i_dout            |   in|   32|     ap_fifo|                                               C_stream_209_i_i|       pointer|
|C_stream_209_i_i_num_data_valid  |   in|    7|     ap_fifo|                                               C_stream_209_i_i|       pointer|
|C_stream_209_i_i_fifo_cap        |   in|    7|     ap_fifo|                                               C_stream_209_i_i|       pointer|
|C_stream_209_i_i_empty_n         |   in|    1|     ap_fifo|                                               C_stream_209_i_i|       pointer|
|C_stream_209_i_i_read            |  out|    1|     ap_fifo|                                               C_stream_209_i_i|       pointer|
|C_stream_208_i_i_dout            |   in|   32|     ap_fifo|                                               C_stream_208_i_i|       pointer|
|C_stream_208_i_i_num_data_valid  |   in|    7|     ap_fifo|                                               C_stream_208_i_i|       pointer|
|C_stream_208_i_i_fifo_cap        |   in|    7|     ap_fifo|                                               C_stream_208_i_i|       pointer|
|C_stream_208_i_i_empty_n         |   in|    1|     ap_fifo|                                               C_stream_208_i_i|       pointer|
|C_stream_208_i_i_read            |  out|    1|     ap_fifo|                                               C_stream_208_i_i|       pointer|
|C_stream_207_i_i_dout            |   in|   32|     ap_fifo|                                               C_stream_207_i_i|       pointer|
|C_stream_207_i_i_num_data_valid  |   in|    7|     ap_fifo|                                               C_stream_207_i_i|       pointer|
|C_stream_207_i_i_fifo_cap        |   in|    7|     ap_fifo|                                               C_stream_207_i_i|       pointer|
|C_stream_207_i_i_empty_n         |   in|    1|     ap_fifo|                                               C_stream_207_i_i|       pointer|
|C_stream_207_i_i_read            |  out|    1|     ap_fifo|                                               C_stream_207_i_i|       pointer|
|C_stream_206_i_i_dout            |   in|   32|     ap_fifo|                                               C_stream_206_i_i|       pointer|
|C_stream_206_i_i_num_data_valid  |   in|    7|     ap_fifo|                                               C_stream_206_i_i|       pointer|
|C_stream_206_i_i_fifo_cap        |   in|    7|     ap_fifo|                                               C_stream_206_i_i|       pointer|
|C_stream_206_i_i_empty_n         |   in|    1|     ap_fifo|                                               C_stream_206_i_i|       pointer|
|C_stream_206_i_i_read            |  out|    1|     ap_fifo|                                               C_stream_206_i_i|       pointer|
|C_stream_205_i_i_dout            |   in|   32|     ap_fifo|                                               C_stream_205_i_i|       pointer|
|C_stream_205_i_i_num_data_valid  |   in|    7|     ap_fifo|                                               C_stream_205_i_i|       pointer|
|C_stream_205_i_i_fifo_cap        |   in|    7|     ap_fifo|                                               C_stream_205_i_i|       pointer|
|C_stream_205_i_i_empty_n         |   in|    1|     ap_fifo|                                               C_stream_205_i_i|       pointer|
|C_stream_205_i_i_read            |  out|    1|     ap_fifo|                                               C_stream_205_i_i|       pointer|
|C_stream_204_i_i_dout            |   in|   32|     ap_fifo|                                               C_stream_204_i_i|       pointer|
|C_stream_204_i_i_num_data_valid  |   in|    7|     ap_fifo|                                               C_stream_204_i_i|       pointer|
|C_stream_204_i_i_fifo_cap        |   in|    7|     ap_fifo|                                               C_stream_204_i_i|       pointer|
|C_stream_204_i_i_empty_n         |   in|    1|     ap_fifo|                                               C_stream_204_i_i|       pointer|
|C_stream_204_i_i_read            |  out|    1|     ap_fifo|                                               C_stream_204_i_i|       pointer|
|C_stream_203_i_i_dout            |   in|   32|     ap_fifo|                                               C_stream_203_i_i|       pointer|
|C_stream_203_i_i_num_data_valid  |   in|    7|     ap_fifo|                                               C_stream_203_i_i|       pointer|
|C_stream_203_i_i_fifo_cap        |   in|    7|     ap_fifo|                                               C_stream_203_i_i|       pointer|
|C_stream_203_i_i_empty_n         |   in|    1|     ap_fifo|                                               C_stream_203_i_i|       pointer|
|C_stream_203_i_i_read            |  out|    1|     ap_fifo|                                               C_stream_203_i_i|       pointer|
|C_stream_202_i_i_dout            |   in|   32|     ap_fifo|                                               C_stream_202_i_i|       pointer|
|C_stream_202_i_i_num_data_valid  |   in|    7|     ap_fifo|                                               C_stream_202_i_i|       pointer|
|C_stream_202_i_i_fifo_cap        |   in|    7|     ap_fifo|                                               C_stream_202_i_i|       pointer|
|C_stream_202_i_i_empty_n         |   in|    1|     ap_fifo|                                               C_stream_202_i_i|       pointer|
|C_stream_202_i_i_read            |  out|    1|     ap_fifo|                                               C_stream_202_i_i|       pointer|
|C_stream_201_i_i_dout            |   in|   32|     ap_fifo|                                               C_stream_201_i_i|       pointer|
|C_stream_201_i_i_num_data_valid  |   in|    7|     ap_fifo|                                               C_stream_201_i_i|       pointer|
|C_stream_201_i_i_fifo_cap        |   in|    7|     ap_fifo|                                               C_stream_201_i_i|       pointer|
|C_stream_201_i_i_empty_n         |   in|    1|     ap_fifo|                                               C_stream_201_i_i|       pointer|
|C_stream_201_i_i_read            |  out|    1|     ap_fifo|                                               C_stream_201_i_i|       pointer|
|C_stream_200_i_i_dout            |   in|   32|     ap_fifo|                                               C_stream_200_i_i|       pointer|
|C_stream_200_i_i_num_data_valid  |   in|    7|     ap_fifo|                                               C_stream_200_i_i|       pointer|
|C_stream_200_i_i_fifo_cap        |   in|    7|     ap_fifo|                                               C_stream_200_i_i|       pointer|
|C_stream_200_i_i_empty_n         |   in|    1|     ap_fifo|                                               C_stream_200_i_i|       pointer|
|C_stream_200_i_i_read            |  out|    1|     ap_fifo|                                               C_stream_200_i_i|       pointer|
|C_stream_199_i_i_dout            |   in|   32|     ap_fifo|                                               C_stream_199_i_i|       pointer|
|C_stream_199_i_i_num_data_valid  |   in|    7|     ap_fifo|                                               C_stream_199_i_i|       pointer|
|C_stream_199_i_i_fifo_cap        |   in|    7|     ap_fifo|                                               C_stream_199_i_i|       pointer|
|C_stream_199_i_i_empty_n         |   in|    1|     ap_fifo|                                               C_stream_199_i_i|       pointer|
|C_stream_199_i_i_read            |  out|    1|     ap_fifo|                                               C_stream_199_i_i|       pointer|
|C_stream_198_i_i_dout            |   in|   32|     ap_fifo|                                               C_stream_198_i_i|       pointer|
|C_stream_198_i_i_num_data_valid  |   in|    7|     ap_fifo|                                               C_stream_198_i_i|       pointer|
|C_stream_198_i_i_fifo_cap        |   in|    7|     ap_fifo|                                               C_stream_198_i_i|       pointer|
|C_stream_198_i_i_empty_n         |   in|    1|     ap_fifo|                                               C_stream_198_i_i|       pointer|
|C_stream_198_i_i_read            |  out|    1|     ap_fifo|                                               C_stream_198_i_i|       pointer|
|C_stream_197_i_i_dout            |   in|   32|     ap_fifo|                                               C_stream_197_i_i|       pointer|
|C_stream_197_i_i_num_data_valid  |   in|    7|     ap_fifo|                                               C_stream_197_i_i|       pointer|
|C_stream_197_i_i_fifo_cap        |   in|    7|     ap_fifo|                                               C_stream_197_i_i|       pointer|
|C_stream_197_i_i_empty_n         |   in|    1|     ap_fifo|                                               C_stream_197_i_i|       pointer|
|C_stream_197_i_i_read            |  out|    1|     ap_fifo|                                               C_stream_197_i_i|       pointer|
|C_stream_196_i_i_dout            |   in|   32|     ap_fifo|                                               C_stream_196_i_i|       pointer|
|C_stream_196_i_i_num_data_valid  |   in|    7|     ap_fifo|                                               C_stream_196_i_i|       pointer|
|C_stream_196_i_i_fifo_cap        |   in|    7|     ap_fifo|                                               C_stream_196_i_i|       pointer|
|C_stream_196_i_i_empty_n         |   in|    1|     ap_fifo|                                               C_stream_196_i_i|       pointer|
|C_stream_196_i_i_read            |  out|    1|     ap_fifo|                                               C_stream_196_i_i|       pointer|
|C_stream_195_i_i_dout            |   in|   32|     ap_fifo|                                               C_stream_195_i_i|       pointer|
|C_stream_195_i_i_num_data_valid  |   in|    7|     ap_fifo|                                               C_stream_195_i_i|       pointer|
|C_stream_195_i_i_fifo_cap        |   in|    7|     ap_fifo|                                               C_stream_195_i_i|       pointer|
|C_stream_195_i_i_empty_n         |   in|    1|     ap_fifo|                                               C_stream_195_i_i|       pointer|
|C_stream_195_i_i_read            |  out|    1|     ap_fifo|                                               C_stream_195_i_i|       pointer|
|C_stream_194_i_i_dout            |   in|   32|     ap_fifo|                                               C_stream_194_i_i|       pointer|
|C_stream_194_i_i_num_data_valid  |   in|    7|     ap_fifo|                                               C_stream_194_i_i|       pointer|
|C_stream_194_i_i_fifo_cap        |   in|    7|     ap_fifo|                                               C_stream_194_i_i|       pointer|
|C_stream_194_i_i_empty_n         |   in|    1|     ap_fifo|                                               C_stream_194_i_i|       pointer|
|C_stream_194_i_i_read            |  out|    1|     ap_fifo|                                               C_stream_194_i_i|       pointer|
|C_stream_193_i_i_dout            |   in|   32|     ap_fifo|                                               C_stream_193_i_i|       pointer|
|C_stream_193_i_i_num_data_valid  |   in|    7|     ap_fifo|                                               C_stream_193_i_i|       pointer|
|C_stream_193_i_i_fifo_cap        |   in|    7|     ap_fifo|                                               C_stream_193_i_i|       pointer|
|C_stream_193_i_i_empty_n         |   in|    1|     ap_fifo|                                               C_stream_193_i_i|       pointer|
|C_stream_193_i_i_read            |  out|    1|     ap_fifo|                                               C_stream_193_i_i|       pointer|
|C_stream_192_i_i_dout            |   in|   32|     ap_fifo|                                               C_stream_192_i_i|       pointer|
|C_stream_192_i_i_num_data_valid  |   in|    7|     ap_fifo|                                               C_stream_192_i_i|       pointer|
|C_stream_192_i_i_fifo_cap        |   in|    7|     ap_fifo|                                               C_stream_192_i_i|       pointer|
|C_stream_192_i_i_empty_n         |   in|    1|     ap_fifo|                                               C_stream_192_i_i|       pointer|
|C_stream_192_i_i_read            |  out|    1|     ap_fifo|                                               C_stream_192_i_i|       pointer|
|C_stream_191_i_i_dout            |   in|   32|     ap_fifo|                                               C_stream_191_i_i|       pointer|
|C_stream_191_i_i_num_data_valid  |   in|    7|     ap_fifo|                                               C_stream_191_i_i|       pointer|
|C_stream_191_i_i_fifo_cap        |   in|    7|     ap_fifo|                                               C_stream_191_i_i|       pointer|
|C_stream_191_i_i_empty_n         |   in|    1|     ap_fifo|                                               C_stream_191_i_i|       pointer|
|C_stream_191_i_i_read            |  out|    1|     ap_fifo|                                               C_stream_191_i_i|       pointer|
|C_stream_190_i_i_dout            |   in|   32|     ap_fifo|                                               C_stream_190_i_i|       pointer|
|C_stream_190_i_i_num_data_valid  |   in|    7|     ap_fifo|                                               C_stream_190_i_i|       pointer|
|C_stream_190_i_i_fifo_cap        |   in|    7|     ap_fifo|                                               C_stream_190_i_i|       pointer|
|C_stream_190_i_i_empty_n         |   in|    1|     ap_fifo|                                               C_stream_190_i_i|       pointer|
|C_stream_190_i_i_read            |  out|    1|     ap_fifo|                                               C_stream_190_i_i|       pointer|
|C_stream_189_i_i_dout            |   in|   32|     ap_fifo|                                               C_stream_189_i_i|       pointer|
|C_stream_189_i_i_num_data_valid  |   in|    7|     ap_fifo|                                               C_stream_189_i_i|       pointer|
|C_stream_189_i_i_fifo_cap        |   in|    7|     ap_fifo|                                               C_stream_189_i_i|       pointer|
|C_stream_189_i_i_empty_n         |   in|    1|     ap_fifo|                                               C_stream_189_i_i|       pointer|
|C_stream_189_i_i_read            |  out|    1|     ap_fifo|                                               C_stream_189_i_i|       pointer|
|C_stream_188_i_i_dout            |   in|   32|     ap_fifo|                                               C_stream_188_i_i|       pointer|
|C_stream_188_i_i_num_data_valid  |   in|    7|     ap_fifo|                                               C_stream_188_i_i|       pointer|
|C_stream_188_i_i_fifo_cap        |   in|    7|     ap_fifo|                                               C_stream_188_i_i|       pointer|
|C_stream_188_i_i_empty_n         |   in|    1|     ap_fifo|                                               C_stream_188_i_i|       pointer|
|C_stream_188_i_i_read            |  out|    1|     ap_fifo|                                               C_stream_188_i_i|       pointer|
|C_stream_187_i_i_dout            |   in|   32|     ap_fifo|                                               C_stream_187_i_i|       pointer|
|C_stream_187_i_i_num_data_valid  |   in|    7|     ap_fifo|                                               C_stream_187_i_i|       pointer|
|C_stream_187_i_i_fifo_cap        |   in|    7|     ap_fifo|                                               C_stream_187_i_i|       pointer|
|C_stream_187_i_i_empty_n         |   in|    1|     ap_fifo|                                               C_stream_187_i_i|       pointer|
|C_stream_187_i_i_read            |  out|    1|     ap_fifo|                                               C_stream_187_i_i|       pointer|
|C_stream_186_i_i_dout            |   in|   32|     ap_fifo|                                               C_stream_186_i_i|       pointer|
|C_stream_186_i_i_num_data_valid  |   in|    7|     ap_fifo|                                               C_stream_186_i_i|       pointer|
|C_stream_186_i_i_fifo_cap        |   in|    7|     ap_fifo|                                               C_stream_186_i_i|       pointer|
|C_stream_186_i_i_empty_n         |   in|    1|     ap_fifo|                                               C_stream_186_i_i|       pointer|
|C_stream_186_i_i_read            |  out|    1|     ap_fifo|                                               C_stream_186_i_i|       pointer|
|C_stream_185_i_i_dout            |   in|   32|     ap_fifo|                                               C_stream_185_i_i|       pointer|
|C_stream_185_i_i_num_data_valid  |   in|    7|     ap_fifo|                                               C_stream_185_i_i|       pointer|
|C_stream_185_i_i_fifo_cap        |   in|    7|     ap_fifo|                                               C_stream_185_i_i|       pointer|
|C_stream_185_i_i_empty_n         |   in|    1|     ap_fifo|                                               C_stream_185_i_i|       pointer|
|C_stream_185_i_i_read            |  out|    1|     ap_fifo|                                               C_stream_185_i_i|       pointer|
|C_stream_184_i_i_dout            |   in|   32|     ap_fifo|                                               C_stream_184_i_i|       pointer|
|C_stream_184_i_i_num_data_valid  |   in|    7|     ap_fifo|                                               C_stream_184_i_i|       pointer|
|C_stream_184_i_i_fifo_cap        |   in|    7|     ap_fifo|                                               C_stream_184_i_i|       pointer|
|C_stream_184_i_i_empty_n         |   in|    1|     ap_fifo|                                               C_stream_184_i_i|       pointer|
|C_stream_184_i_i_read            |  out|    1|     ap_fifo|                                               C_stream_184_i_i|       pointer|
|C_stream_183_i_i_dout            |   in|   32|     ap_fifo|                                               C_stream_183_i_i|       pointer|
|C_stream_183_i_i_num_data_valid  |   in|    7|     ap_fifo|                                               C_stream_183_i_i|       pointer|
|C_stream_183_i_i_fifo_cap        |   in|    7|     ap_fifo|                                               C_stream_183_i_i|       pointer|
|C_stream_183_i_i_empty_n         |   in|    1|     ap_fifo|                                               C_stream_183_i_i|       pointer|
|C_stream_183_i_i_read            |  out|    1|     ap_fifo|                                               C_stream_183_i_i|       pointer|
|C_stream_182_i_i_dout            |   in|   32|     ap_fifo|                                               C_stream_182_i_i|       pointer|
|C_stream_182_i_i_num_data_valid  |   in|    7|     ap_fifo|                                               C_stream_182_i_i|       pointer|
|C_stream_182_i_i_fifo_cap        |   in|    7|     ap_fifo|                                               C_stream_182_i_i|       pointer|
|C_stream_182_i_i_empty_n         |   in|    1|     ap_fifo|                                               C_stream_182_i_i|       pointer|
|C_stream_182_i_i_read            |  out|    1|     ap_fifo|                                               C_stream_182_i_i|       pointer|
|C_stream_181_i_i_dout            |   in|   32|     ap_fifo|                                               C_stream_181_i_i|       pointer|
|C_stream_181_i_i_num_data_valid  |   in|    7|     ap_fifo|                                               C_stream_181_i_i|       pointer|
|C_stream_181_i_i_fifo_cap        |   in|    7|     ap_fifo|                                               C_stream_181_i_i|       pointer|
|C_stream_181_i_i_empty_n         |   in|    1|     ap_fifo|                                               C_stream_181_i_i|       pointer|
|C_stream_181_i_i_read            |  out|    1|     ap_fifo|                                               C_stream_181_i_i|       pointer|
|C_stream_180_i_i_dout            |   in|   32|     ap_fifo|                                               C_stream_180_i_i|       pointer|
|C_stream_180_i_i_num_data_valid  |   in|    7|     ap_fifo|                                               C_stream_180_i_i|       pointer|
|C_stream_180_i_i_fifo_cap        |   in|    7|     ap_fifo|                                               C_stream_180_i_i|       pointer|
|C_stream_180_i_i_empty_n         |   in|    1|     ap_fifo|                                               C_stream_180_i_i|       pointer|
|C_stream_180_i_i_read            |  out|    1|     ap_fifo|                                               C_stream_180_i_i|       pointer|
|C_stream_179_i_i_dout            |   in|   32|     ap_fifo|                                               C_stream_179_i_i|       pointer|
|C_stream_179_i_i_num_data_valid  |   in|    7|     ap_fifo|                                               C_stream_179_i_i|       pointer|
|C_stream_179_i_i_fifo_cap        |   in|    7|     ap_fifo|                                               C_stream_179_i_i|       pointer|
|C_stream_179_i_i_empty_n         |   in|    1|     ap_fifo|                                               C_stream_179_i_i|       pointer|
|C_stream_179_i_i_read            |  out|    1|     ap_fifo|                                               C_stream_179_i_i|       pointer|
|C_stream_178_i_i_dout            |   in|   32|     ap_fifo|                                               C_stream_178_i_i|       pointer|
|C_stream_178_i_i_num_data_valid  |   in|    7|     ap_fifo|                                               C_stream_178_i_i|       pointer|
|C_stream_178_i_i_fifo_cap        |   in|    7|     ap_fifo|                                               C_stream_178_i_i|       pointer|
|C_stream_178_i_i_empty_n         |   in|    1|     ap_fifo|                                               C_stream_178_i_i|       pointer|
|C_stream_178_i_i_read            |  out|    1|     ap_fifo|                                               C_stream_178_i_i|       pointer|
|C_stream_177_i_i_dout            |   in|   32|     ap_fifo|                                               C_stream_177_i_i|       pointer|
|C_stream_177_i_i_num_data_valid  |   in|    7|     ap_fifo|                                               C_stream_177_i_i|       pointer|
|C_stream_177_i_i_fifo_cap        |   in|    7|     ap_fifo|                                               C_stream_177_i_i|       pointer|
|C_stream_177_i_i_empty_n         |   in|    1|     ap_fifo|                                               C_stream_177_i_i|       pointer|
|C_stream_177_i_i_read            |  out|    1|     ap_fifo|                                               C_stream_177_i_i|       pointer|
|C_stream_176_i_i_dout            |   in|   32|     ap_fifo|                                               C_stream_176_i_i|       pointer|
|C_stream_176_i_i_num_data_valid  |   in|    7|     ap_fifo|                                               C_stream_176_i_i|       pointer|
|C_stream_176_i_i_fifo_cap        |   in|    7|     ap_fifo|                                               C_stream_176_i_i|       pointer|
|C_stream_176_i_i_empty_n         |   in|    1|     ap_fifo|                                               C_stream_176_i_i|       pointer|
|C_stream_176_i_i_read            |  out|    1|     ap_fifo|                                               C_stream_176_i_i|       pointer|
|C_stream_175_i_i_dout            |   in|   32|     ap_fifo|                                               C_stream_175_i_i|       pointer|
|C_stream_175_i_i_num_data_valid  |   in|    7|     ap_fifo|                                               C_stream_175_i_i|       pointer|
|C_stream_175_i_i_fifo_cap        |   in|    7|     ap_fifo|                                               C_stream_175_i_i|       pointer|
|C_stream_175_i_i_empty_n         |   in|    1|     ap_fifo|                                               C_stream_175_i_i|       pointer|
|C_stream_175_i_i_read            |  out|    1|     ap_fifo|                                               C_stream_175_i_i|       pointer|
|C_stream_174_i_i_dout            |   in|   32|     ap_fifo|                                               C_stream_174_i_i|       pointer|
|C_stream_174_i_i_num_data_valid  |   in|    7|     ap_fifo|                                               C_stream_174_i_i|       pointer|
|C_stream_174_i_i_fifo_cap        |   in|    7|     ap_fifo|                                               C_stream_174_i_i|       pointer|
|C_stream_174_i_i_empty_n         |   in|    1|     ap_fifo|                                               C_stream_174_i_i|       pointer|
|C_stream_174_i_i_read            |  out|    1|     ap_fifo|                                               C_stream_174_i_i|       pointer|
|C_stream_173_i_i_dout            |   in|   32|     ap_fifo|                                               C_stream_173_i_i|       pointer|
|C_stream_173_i_i_num_data_valid  |   in|    7|     ap_fifo|                                               C_stream_173_i_i|       pointer|
|C_stream_173_i_i_fifo_cap        |   in|    7|     ap_fifo|                                               C_stream_173_i_i|       pointer|
|C_stream_173_i_i_empty_n         |   in|    1|     ap_fifo|                                               C_stream_173_i_i|       pointer|
|C_stream_173_i_i_read            |  out|    1|     ap_fifo|                                               C_stream_173_i_i|       pointer|
|C_stream_172_i_i_dout            |   in|   32|     ap_fifo|                                               C_stream_172_i_i|       pointer|
|C_stream_172_i_i_num_data_valid  |   in|    7|     ap_fifo|                                               C_stream_172_i_i|       pointer|
|C_stream_172_i_i_fifo_cap        |   in|    7|     ap_fifo|                                               C_stream_172_i_i|       pointer|
|C_stream_172_i_i_empty_n         |   in|    1|     ap_fifo|                                               C_stream_172_i_i|       pointer|
|C_stream_172_i_i_read            |  out|    1|     ap_fifo|                                               C_stream_172_i_i|       pointer|
|C_stream_171_i_i_dout            |   in|   32|     ap_fifo|                                               C_stream_171_i_i|       pointer|
|C_stream_171_i_i_num_data_valid  |   in|    7|     ap_fifo|                                               C_stream_171_i_i|       pointer|
|C_stream_171_i_i_fifo_cap        |   in|    7|     ap_fifo|                                               C_stream_171_i_i|       pointer|
|C_stream_171_i_i_empty_n         |   in|    1|     ap_fifo|                                               C_stream_171_i_i|       pointer|
|C_stream_171_i_i_read            |  out|    1|     ap_fifo|                                               C_stream_171_i_i|       pointer|
|C_stream_170_i_i_dout            |   in|   32|     ap_fifo|                                               C_stream_170_i_i|       pointer|
|C_stream_170_i_i_num_data_valid  |   in|    7|     ap_fifo|                                               C_stream_170_i_i|       pointer|
|C_stream_170_i_i_fifo_cap        |   in|    7|     ap_fifo|                                               C_stream_170_i_i|       pointer|
|C_stream_170_i_i_empty_n         |   in|    1|     ap_fifo|                                               C_stream_170_i_i|       pointer|
|C_stream_170_i_i_read            |  out|    1|     ap_fifo|                                               C_stream_170_i_i|       pointer|
|C_stream_169_i_i_dout            |   in|   32|     ap_fifo|                                               C_stream_169_i_i|       pointer|
|C_stream_169_i_i_num_data_valid  |   in|    7|     ap_fifo|                                               C_stream_169_i_i|       pointer|
|C_stream_169_i_i_fifo_cap        |   in|    7|     ap_fifo|                                               C_stream_169_i_i|       pointer|
|C_stream_169_i_i_empty_n         |   in|    1|     ap_fifo|                                               C_stream_169_i_i|       pointer|
|C_stream_169_i_i_read            |  out|    1|     ap_fifo|                                               C_stream_169_i_i|       pointer|
|C_stream_168_i_i_dout            |   in|   32|     ap_fifo|                                               C_stream_168_i_i|       pointer|
|C_stream_168_i_i_num_data_valid  |   in|    7|     ap_fifo|                                               C_stream_168_i_i|       pointer|
|C_stream_168_i_i_fifo_cap        |   in|    7|     ap_fifo|                                               C_stream_168_i_i|       pointer|
|C_stream_168_i_i_empty_n         |   in|    1|     ap_fifo|                                               C_stream_168_i_i|       pointer|
|C_stream_168_i_i_read            |  out|    1|     ap_fifo|                                               C_stream_168_i_i|       pointer|
|C_stream_167_i_i_dout            |   in|   32|     ap_fifo|                                               C_stream_167_i_i|       pointer|
|C_stream_167_i_i_num_data_valid  |   in|    7|     ap_fifo|                                               C_stream_167_i_i|       pointer|
|C_stream_167_i_i_fifo_cap        |   in|    7|     ap_fifo|                                               C_stream_167_i_i|       pointer|
|C_stream_167_i_i_empty_n         |   in|    1|     ap_fifo|                                               C_stream_167_i_i|       pointer|
|C_stream_167_i_i_read            |  out|    1|     ap_fifo|                                               C_stream_167_i_i|       pointer|
|C_stream_166_i_i_dout            |   in|   32|     ap_fifo|                                               C_stream_166_i_i|       pointer|
|C_stream_166_i_i_num_data_valid  |   in|    7|     ap_fifo|                                               C_stream_166_i_i|       pointer|
|C_stream_166_i_i_fifo_cap        |   in|    7|     ap_fifo|                                               C_stream_166_i_i|       pointer|
|C_stream_166_i_i_empty_n         |   in|    1|     ap_fifo|                                               C_stream_166_i_i|       pointer|
|C_stream_166_i_i_read            |  out|    1|     ap_fifo|                                               C_stream_166_i_i|       pointer|
|C_stream_165_i_i_dout            |   in|   32|     ap_fifo|                                               C_stream_165_i_i|       pointer|
|C_stream_165_i_i_num_data_valid  |   in|    7|     ap_fifo|                                               C_stream_165_i_i|       pointer|
|C_stream_165_i_i_fifo_cap        |   in|    7|     ap_fifo|                                               C_stream_165_i_i|       pointer|
|C_stream_165_i_i_empty_n         |   in|    1|     ap_fifo|                                               C_stream_165_i_i|       pointer|
|C_stream_165_i_i_read            |  out|    1|     ap_fifo|                                               C_stream_165_i_i|       pointer|
|C_stream_164_i_i_dout            |   in|   32|     ap_fifo|                                               C_stream_164_i_i|       pointer|
|C_stream_164_i_i_num_data_valid  |   in|    7|     ap_fifo|                                               C_stream_164_i_i|       pointer|
|C_stream_164_i_i_fifo_cap        |   in|    7|     ap_fifo|                                               C_stream_164_i_i|       pointer|
|C_stream_164_i_i_empty_n         |   in|    1|     ap_fifo|                                               C_stream_164_i_i|       pointer|
|C_stream_164_i_i_read            |  out|    1|     ap_fifo|                                               C_stream_164_i_i|       pointer|
|C_stream_163_i_i_dout            |   in|   32|     ap_fifo|                                               C_stream_163_i_i|       pointer|
|C_stream_163_i_i_num_data_valid  |   in|    7|     ap_fifo|                                               C_stream_163_i_i|       pointer|
|C_stream_163_i_i_fifo_cap        |   in|    7|     ap_fifo|                                               C_stream_163_i_i|       pointer|
|C_stream_163_i_i_empty_n         |   in|    1|     ap_fifo|                                               C_stream_163_i_i|       pointer|
|C_stream_163_i_i_read            |  out|    1|     ap_fifo|                                               C_stream_163_i_i|       pointer|
|C_stream_162_i_i_dout            |   in|   32|     ap_fifo|                                               C_stream_162_i_i|       pointer|
|C_stream_162_i_i_num_data_valid  |   in|    7|     ap_fifo|                                               C_stream_162_i_i|       pointer|
|C_stream_162_i_i_fifo_cap        |   in|    7|     ap_fifo|                                               C_stream_162_i_i|       pointer|
|C_stream_162_i_i_empty_n         |   in|    1|     ap_fifo|                                               C_stream_162_i_i|       pointer|
|C_stream_162_i_i_read            |  out|    1|     ap_fifo|                                               C_stream_162_i_i|       pointer|
|C_stream_161_i_i_dout            |   in|   32|     ap_fifo|                                               C_stream_161_i_i|       pointer|
|C_stream_161_i_i_num_data_valid  |   in|    7|     ap_fifo|                                               C_stream_161_i_i|       pointer|
|C_stream_161_i_i_fifo_cap        |   in|    7|     ap_fifo|                                               C_stream_161_i_i|       pointer|
|C_stream_161_i_i_empty_n         |   in|    1|     ap_fifo|                                               C_stream_161_i_i|       pointer|
|C_stream_161_i_i_read            |  out|    1|     ap_fifo|                                               C_stream_161_i_i|       pointer|
|C_stream_160_i_i_dout            |   in|   32|     ap_fifo|                                               C_stream_160_i_i|       pointer|
|C_stream_160_i_i_num_data_valid  |   in|    7|     ap_fifo|                                               C_stream_160_i_i|       pointer|
|C_stream_160_i_i_fifo_cap        |   in|    7|     ap_fifo|                                               C_stream_160_i_i|       pointer|
|C_stream_160_i_i_empty_n         |   in|    1|     ap_fifo|                                               C_stream_160_i_i|       pointer|
|C_stream_160_i_i_read            |  out|    1|     ap_fifo|                                               C_stream_160_i_i|       pointer|
|C_stream_159_i_i_dout            |   in|   32|     ap_fifo|                                               C_stream_159_i_i|       pointer|
|C_stream_159_i_i_num_data_valid  |   in|    7|     ap_fifo|                                               C_stream_159_i_i|       pointer|
|C_stream_159_i_i_fifo_cap        |   in|    7|     ap_fifo|                                               C_stream_159_i_i|       pointer|
|C_stream_159_i_i_empty_n         |   in|    1|     ap_fifo|                                               C_stream_159_i_i|       pointer|
|C_stream_159_i_i_read            |  out|    1|     ap_fifo|                                               C_stream_159_i_i|       pointer|
|C_stream_158_i_i_dout            |   in|   32|     ap_fifo|                                               C_stream_158_i_i|       pointer|
|C_stream_158_i_i_num_data_valid  |   in|    7|     ap_fifo|                                               C_stream_158_i_i|       pointer|
|C_stream_158_i_i_fifo_cap        |   in|    7|     ap_fifo|                                               C_stream_158_i_i|       pointer|
|C_stream_158_i_i_empty_n         |   in|    1|     ap_fifo|                                               C_stream_158_i_i|       pointer|
|C_stream_158_i_i_read            |  out|    1|     ap_fifo|                                               C_stream_158_i_i|       pointer|
|C_stream_157_i_i_dout            |   in|   32|     ap_fifo|                                               C_stream_157_i_i|       pointer|
|C_stream_157_i_i_num_data_valid  |   in|    7|     ap_fifo|                                               C_stream_157_i_i|       pointer|
|C_stream_157_i_i_fifo_cap        |   in|    7|     ap_fifo|                                               C_stream_157_i_i|       pointer|
|C_stream_157_i_i_empty_n         |   in|    1|     ap_fifo|                                               C_stream_157_i_i|       pointer|
|C_stream_157_i_i_read            |  out|    1|     ap_fifo|                                               C_stream_157_i_i|       pointer|
|C_stream_156_i_i_dout            |   in|   32|     ap_fifo|                                               C_stream_156_i_i|       pointer|
|C_stream_156_i_i_num_data_valid  |   in|    7|     ap_fifo|                                               C_stream_156_i_i|       pointer|
|C_stream_156_i_i_fifo_cap        |   in|    7|     ap_fifo|                                               C_stream_156_i_i|       pointer|
|C_stream_156_i_i_empty_n         |   in|    1|     ap_fifo|                                               C_stream_156_i_i|       pointer|
|C_stream_156_i_i_read            |  out|    1|     ap_fifo|                                               C_stream_156_i_i|       pointer|
|C_stream_155_i_i_dout            |   in|   32|     ap_fifo|                                               C_stream_155_i_i|       pointer|
|C_stream_155_i_i_num_data_valid  |   in|    7|     ap_fifo|                                               C_stream_155_i_i|       pointer|
|C_stream_155_i_i_fifo_cap        |   in|    7|     ap_fifo|                                               C_stream_155_i_i|       pointer|
|C_stream_155_i_i_empty_n         |   in|    1|     ap_fifo|                                               C_stream_155_i_i|       pointer|
|C_stream_155_i_i_read            |  out|    1|     ap_fifo|                                               C_stream_155_i_i|       pointer|
|C_stream_154_i_i_dout            |   in|   32|     ap_fifo|                                               C_stream_154_i_i|       pointer|
|C_stream_154_i_i_num_data_valid  |   in|    7|     ap_fifo|                                               C_stream_154_i_i|       pointer|
|C_stream_154_i_i_fifo_cap        |   in|    7|     ap_fifo|                                               C_stream_154_i_i|       pointer|
|C_stream_154_i_i_empty_n         |   in|    1|     ap_fifo|                                               C_stream_154_i_i|       pointer|
|C_stream_154_i_i_read            |  out|    1|     ap_fifo|                                               C_stream_154_i_i|       pointer|
|C_stream_153_i_i_dout            |   in|   32|     ap_fifo|                                               C_stream_153_i_i|       pointer|
|C_stream_153_i_i_num_data_valid  |   in|    7|     ap_fifo|                                               C_stream_153_i_i|       pointer|
|C_stream_153_i_i_fifo_cap        |   in|    7|     ap_fifo|                                               C_stream_153_i_i|       pointer|
|C_stream_153_i_i_empty_n         |   in|    1|     ap_fifo|                                               C_stream_153_i_i|       pointer|
|C_stream_153_i_i_read            |  out|    1|     ap_fifo|                                               C_stream_153_i_i|       pointer|
|C_stream_152_i_i_dout            |   in|   32|     ap_fifo|                                               C_stream_152_i_i|       pointer|
|C_stream_152_i_i_num_data_valid  |   in|    7|     ap_fifo|                                               C_stream_152_i_i|       pointer|
|C_stream_152_i_i_fifo_cap        |   in|    7|     ap_fifo|                                               C_stream_152_i_i|       pointer|
|C_stream_152_i_i_empty_n         |   in|    1|     ap_fifo|                                               C_stream_152_i_i|       pointer|
|C_stream_152_i_i_read            |  out|    1|     ap_fifo|                                               C_stream_152_i_i|       pointer|
|C_stream_151_i_i_dout            |   in|   32|     ap_fifo|                                               C_stream_151_i_i|       pointer|
|C_stream_151_i_i_num_data_valid  |   in|    7|     ap_fifo|                                               C_stream_151_i_i|       pointer|
|C_stream_151_i_i_fifo_cap        |   in|    7|     ap_fifo|                                               C_stream_151_i_i|       pointer|
|C_stream_151_i_i_empty_n         |   in|    1|     ap_fifo|                                               C_stream_151_i_i|       pointer|
|C_stream_151_i_i_read            |  out|    1|     ap_fifo|                                               C_stream_151_i_i|       pointer|
|C_stream_150_i_i_dout            |   in|   32|     ap_fifo|                                               C_stream_150_i_i|       pointer|
|C_stream_150_i_i_num_data_valid  |   in|    7|     ap_fifo|                                               C_stream_150_i_i|       pointer|
|C_stream_150_i_i_fifo_cap        |   in|    7|     ap_fifo|                                               C_stream_150_i_i|       pointer|
|C_stream_150_i_i_empty_n         |   in|    1|     ap_fifo|                                               C_stream_150_i_i|       pointer|
|C_stream_150_i_i_read            |  out|    1|     ap_fifo|                                               C_stream_150_i_i|       pointer|
|C_stream_149_i_i_dout            |   in|   32|     ap_fifo|                                               C_stream_149_i_i|       pointer|
|C_stream_149_i_i_num_data_valid  |   in|    7|     ap_fifo|                                               C_stream_149_i_i|       pointer|
|C_stream_149_i_i_fifo_cap        |   in|    7|     ap_fifo|                                               C_stream_149_i_i|       pointer|
|C_stream_149_i_i_empty_n         |   in|    1|     ap_fifo|                                               C_stream_149_i_i|       pointer|
|C_stream_149_i_i_read            |  out|    1|     ap_fifo|                                               C_stream_149_i_i|       pointer|
|C_stream_148_i_i_dout            |   in|   32|     ap_fifo|                                               C_stream_148_i_i|       pointer|
|C_stream_148_i_i_num_data_valid  |   in|    7|     ap_fifo|                                               C_stream_148_i_i|       pointer|
|C_stream_148_i_i_fifo_cap        |   in|    7|     ap_fifo|                                               C_stream_148_i_i|       pointer|
|C_stream_148_i_i_empty_n         |   in|    1|     ap_fifo|                                               C_stream_148_i_i|       pointer|
|C_stream_148_i_i_read            |  out|    1|     ap_fifo|                                               C_stream_148_i_i|       pointer|
|C_stream_147_i_i_dout            |   in|   32|     ap_fifo|                                               C_stream_147_i_i|       pointer|
|C_stream_147_i_i_num_data_valid  |   in|    7|     ap_fifo|                                               C_stream_147_i_i|       pointer|
|C_stream_147_i_i_fifo_cap        |   in|    7|     ap_fifo|                                               C_stream_147_i_i|       pointer|
|C_stream_147_i_i_empty_n         |   in|    1|     ap_fifo|                                               C_stream_147_i_i|       pointer|
|C_stream_147_i_i_read            |  out|    1|     ap_fifo|                                               C_stream_147_i_i|       pointer|
|C_stream_146_i_i_dout            |   in|   32|     ap_fifo|                                               C_stream_146_i_i|       pointer|
|C_stream_146_i_i_num_data_valid  |   in|    7|     ap_fifo|                                               C_stream_146_i_i|       pointer|
|C_stream_146_i_i_fifo_cap        |   in|    7|     ap_fifo|                                               C_stream_146_i_i|       pointer|
|C_stream_146_i_i_empty_n         |   in|    1|     ap_fifo|                                               C_stream_146_i_i|       pointer|
|C_stream_146_i_i_read            |  out|    1|     ap_fifo|                                               C_stream_146_i_i|       pointer|
|C_stream_145_i_i_dout            |   in|   32|     ap_fifo|                                               C_stream_145_i_i|       pointer|
|C_stream_145_i_i_num_data_valid  |   in|    7|     ap_fifo|                                               C_stream_145_i_i|       pointer|
|C_stream_145_i_i_fifo_cap        |   in|    7|     ap_fifo|                                               C_stream_145_i_i|       pointer|
|C_stream_145_i_i_empty_n         |   in|    1|     ap_fifo|                                               C_stream_145_i_i|       pointer|
|C_stream_145_i_i_read            |  out|    1|     ap_fifo|                                               C_stream_145_i_i|       pointer|
|C_stream_144_i_i_dout            |   in|   32|     ap_fifo|                                               C_stream_144_i_i|       pointer|
|C_stream_144_i_i_num_data_valid  |   in|    7|     ap_fifo|                                               C_stream_144_i_i|       pointer|
|C_stream_144_i_i_fifo_cap        |   in|    7|     ap_fifo|                                               C_stream_144_i_i|       pointer|
|C_stream_144_i_i_empty_n         |   in|    1|     ap_fifo|                                               C_stream_144_i_i|       pointer|
|C_stream_144_i_i_read            |  out|    1|     ap_fifo|                                               C_stream_144_i_i|       pointer|
|C_stream_143_i_i_dout            |   in|   32|     ap_fifo|                                               C_stream_143_i_i|       pointer|
|C_stream_143_i_i_num_data_valid  |   in|    7|     ap_fifo|                                               C_stream_143_i_i|       pointer|
|C_stream_143_i_i_fifo_cap        |   in|    7|     ap_fifo|                                               C_stream_143_i_i|       pointer|
|C_stream_143_i_i_empty_n         |   in|    1|     ap_fifo|                                               C_stream_143_i_i|       pointer|
|C_stream_143_i_i_read            |  out|    1|     ap_fifo|                                               C_stream_143_i_i|       pointer|
|C_stream_142_i_i_dout            |   in|   32|     ap_fifo|                                               C_stream_142_i_i|       pointer|
|C_stream_142_i_i_num_data_valid  |   in|    7|     ap_fifo|                                               C_stream_142_i_i|       pointer|
|C_stream_142_i_i_fifo_cap        |   in|    7|     ap_fifo|                                               C_stream_142_i_i|       pointer|
|C_stream_142_i_i_empty_n         |   in|    1|     ap_fifo|                                               C_stream_142_i_i|       pointer|
|C_stream_142_i_i_read            |  out|    1|     ap_fifo|                                               C_stream_142_i_i|       pointer|
|C_stream_141_i_i_dout            |   in|   32|     ap_fifo|                                               C_stream_141_i_i|       pointer|
|C_stream_141_i_i_num_data_valid  |   in|    7|     ap_fifo|                                               C_stream_141_i_i|       pointer|
|C_stream_141_i_i_fifo_cap        |   in|    7|     ap_fifo|                                               C_stream_141_i_i|       pointer|
|C_stream_141_i_i_empty_n         |   in|    1|     ap_fifo|                                               C_stream_141_i_i|       pointer|
|C_stream_141_i_i_read            |  out|    1|     ap_fifo|                                               C_stream_141_i_i|       pointer|
|C_stream_140_i_i_dout            |   in|   32|     ap_fifo|                                               C_stream_140_i_i|       pointer|
|C_stream_140_i_i_num_data_valid  |   in|    7|     ap_fifo|                                               C_stream_140_i_i|       pointer|
|C_stream_140_i_i_fifo_cap        |   in|    7|     ap_fifo|                                               C_stream_140_i_i|       pointer|
|C_stream_140_i_i_empty_n         |   in|    1|     ap_fifo|                                               C_stream_140_i_i|       pointer|
|C_stream_140_i_i_read            |  out|    1|     ap_fifo|                                               C_stream_140_i_i|       pointer|
|C_stream_139_i_i_dout            |   in|   32|     ap_fifo|                                               C_stream_139_i_i|       pointer|
|C_stream_139_i_i_num_data_valid  |   in|    7|     ap_fifo|                                               C_stream_139_i_i|       pointer|
|C_stream_139_i_i_fifo_cap        |   in|    7|     ap_fifo|                                               C_stream_139_i_i|       pointer|
|C_stream_139_i_i_empty_n         |   in|    1|     ap_fifo|                                               C_stream_139_i_i|       pointer|
|C_stream_139_i_i_read            |  out|    1|     ap_fifo|                                               C_stream_139_i_i|       pointer|
|C_stream_138_i_i_dout            |   in|   32|     ap_fifo|                                               C_stream_138_i_i|       pointer|
|C_stream_138_i_i_num_data_valid  |   in|    7|     ap_fifo|                                               C_stream_138_i_i|       pointer|
|C_stream_138_i_i_fifo_cap        |   in|    7|     ap_fifo|                                               C_stream_138_i_i|       pointer|
|C_stream_138_i_i_empty_n         |   in|    1|     ap_fifo|                                               C_stream_138_i_i|       pointer|
|C_stream_138_i_i_read            |  out|    1|     ap_fifo|                                               C_stream_138_i_i|       pointer|
|C_stream_137_i_i_dout            |   in|   32|     ap_fifo|                                               C_stream_137_i_i|       pointer|
|C_stream_137_i_i_num_data_valid  |   in|    7|     ap_fifo|                                               C_stream_137_i_i|       pointer|
|C_stream_137_i_i_fifo_cap        |   in|    7|     ap_fifo|                                               C_stream_137_i_i|       pointer|
|C_stream_137_i_i_empty_n         |   in|    1|     ap_fifo|                                               C_stream_137_i_i|       pointer|
|C_stream_137_i_i_read            |  out|    1|     ap_fifo|                                               C_stream_137_i_i|       pointer|
|C_stream_136_i_i_dout            |   in|   32|     ap_fifo|                                               C_stream_136_i_i|       pointer|
|C_stream_136_i_i_num_data_valid  |   in|    7|     ap_fifo|                                               C_stream_136_i_i|       pointer|
|C_stream_136_i_i_fifo_cap        |   in|    7|     ap_fifo|                                               C_stream_136_i_i|       pointer|
|C_stream_136_i_i_empty_n         |   in|    1|     ap_fifo|                                               C_stream_136_i_i|       pointer|
|C_stream_136_i_i_read            |  out|    1|     ap_fifo|                                               C_stream_136_i_i|       pointer|
|C_stream_135_i_i_dout            |   in|   32|     ap_fifo|                                               C_stream_135_i_i|       pointer|
|C_stream_135_i_i_num_data_valid  |   in|    7|     ap_fifo|                                               C_stream_135_i_i|       pointer|
|C_stream_135_i_i_fifo_cap        |   in|    7|     ap_fifo|                                               C_stream_135_i_i|       pointer|
|C_stream_135_i_i_empty_n         |   in|    1|     ap_fifo|                                               C_stream_135_i_i|       pointer|
|C_stream_135_i_i_read            |  out|    1|     ap_fifo|                                               C_stream_135_i_i|       pointer|
|C_stream_134_i_i_dout            |   in|   32|     ap_fifo|                                               C_stream_134_i_i|       pointer|
|C_stream_134_i_i_num_data_valid  |   in|    7|     ap_fifo|                                               C_stream_134_i_i|       pointer|
|C_stream_134_i_i_fifo_cap        |   in|    7|     ap_fifo|                                               C_stream_134_i_i|       pointer|
|C_stream_134_i_i_empty_n         |   in|    1|     ap_fifo|                                               C_stream_134_i_i|       pointer|
|C_stream_134_i_i_read            |  out|    1|     ap_fifo|                                               C_stream_134_i_i|       pointer|
|C_stream_133_i_i_dout            |   in|   32|     ap_fifo|                                               C_stream_133_i_i|       pointer|
|C_stream_133_i_i_num_data_valid  |   in|    7|     ap_fifo|                                               C_stream_133_i_i|       pointer|
|C_stream_133_i_i_fifo_cap        |   in|    7|     ap_fifo|                                               C_stream_133_i_i|       pointer|
|C_stream_133_i_i_empty_n         |   in|    1|     ap_fifo|                                               C_stream_133_i_i|       pointer|
|C_stream_133_i_i_read            |  out|    1|     ap_fifo|                                               C_stream_133_i_i|       pointer|
|C_stream_132_i_i_dout            |   in|   32|     ap_fifo|                                               C_stream_132_i_i|       pointer|
|C_stream_132_i_i_num_data_valid  |   in|    7|     ap_fifo|                                               C_stream_132_i_i|       pointer|
|C_stream_132_i_i_fifo_cap        |   in|    7|     ap_fifo|                                               C_stream_132_i_i|       pointer|
|C_stream_132_i_i_empty_n         |   in|    1|     ap_fifo|                                               C_stream_132_i_i|       pointer|
|C_stream_132_i_i_read            |  out|    1|     ap_fifo|                                               C_stream_132_i_i|       pointer|
|C_stream_131_i_i_dout            |   in|   32|     ap_fifo|                                               C_stream_131_i_i|       pointer|
|C_stream_131_i_i_num_data_valid  |   in|    7|     ap_fifo|                                               C_stream_131_i_i|       pointer|
|C_stream_131_i_i_fifo_cap        |   in|    7|     ap_fifo|                                               C_stream_131_i_i|       pointer|
|C_stream_131_i_i_empty_n         |   in|    1|     ap_fifo|                                               C_stream_131_i_i|       pointer|
|C_stream_131_i_i_read            |  out|    1|     ap_fifo|                                               C_stream_131_i_i|       pointer|
|C_stream_130_i_i_dout            |   in|   32|     ap_fifo|                                               C_stream_130_i_i|       pointer|
|C_stream_130_i_i_num_data_valid  |   in|    7|     ap_fifo|                                               C_stream_130_i_i|       pointer|
|C_stream_130_i_i_fifo_cap        |   in|    7|     ap_fifo|                                               C_stream_130_i_i|       pointer|
|C_stream_130_i_i_empty_n         |   in|    1|     ap_fifo|                                               C_stream_130_i_i|       pointer|
|C_stream_130_i_i_read            |  out|    1|     ap_fifo|                                               C_stream_130_i_i|       pointer|
|C_stream_129_i_i_dout            |   in|   32|     ap_fifo|                                               C_stream_129_i_i|       pointer|
|C_stream_129_i_i_num_data_valid  |   in|    7|     ap_fifo|                                               C_stream_129_i_i|       pointer|
|C_stream_129_i_i_fifo_cap        |   in|    7|     ap_fifo|                                               C_stream_129_i_i|       pointer|
|C_stream_129_i_i_empty_n         |   in|    1|     ap_fifo|                                               C_stream_129_i_i|       pointer|
|C_stream_129_i_i_read            |  out|    1|     ap_fifo|                                               C_stream_129_i_i|       pointer|
|C_stream_128_i_i_dout            |   in|   32|     ap_fifo|                                               C_stream_128_i_i|       pointer|
|C_stream_128_i_i_num_data_valid  |   in|    7|     ap_fifo|                                               C_stream_128_i_i|       pointer|
|C_stream_128_i_i_fifo_cap        |   in|    7|     ap_fifo|                                               C_stream_128_i_i|       pointer|
|C_stream_128_i_i_empty_n         |   in|    1|     ap_fifo|                                               C_stream_128_i_i|       pointer|
|C_stream_128_i_i_read            |  out|    1|     ap_fifo|                                               C_stream_128_i_i|       pointer|
|C_stream_127_i_i_dout            |   in|   32|     ap_fifo|                                               C_stream_127_i_i|       pointer|
|C_stream_127_i_i_num_data_valid  |   in|    7|     ap_fifo|                                               C_stream_127_i_i|       pointer|
|C_stream_127_i_i_fifo_cap        |   in|    7|     ap_fifo|                                               C_stream_127_i_i|       pointer|
|C_stream_127_i_i_empty_n         |   in|    1|     ap_fifo|                                               C_stream_127_i_i|       pointer|
|C_stream_127_i_i_read            |  out|    1|     ap_fifo|                                               C_stream_127_i_i|       pointer|
|C_stream_126_i_i_dout            |   in|   32|     ap_fifo|                                               C_stream_126_i_i|       pointer|
|C_stream_126_i_i_num_data_valid  |   in|    7|     ap_fifo|                                               C_stream_126_i_i|       pointer|
|C_stream_126_i_i_fifo_cap        |   in|    7|     ap_fifo|                                               C_stream_126_i_i|       pointer|
|C_stream_126_i_i_empty_n         |   in|    1|     ap_fifo|                                               C_stream_126_i_i|       pointer|
|C_stream_126_i_i_read            |  out|    1|     ap_fifo|                                               C_stream_126_i_i|       pointer|
|C_stream_125_i_i_dout            |   in|   32|     ap_fifo|                                               C_stream_125_i_i|       pointer|
|C_stream_125_i_i_num_data_valid  |   in|    7|     ap_fifo|                                               C_stream_125_i_i|       pointer|
|C_stream_125_i_i_fifo_cap        |   in|    7|     ap_fifo|                                               C_stream_125_i_i|       pointer|
|C_stream_125_i_i_empty_n         |   in|    1|     ap_fifo|                                               C_stream_125_i_i|       pointer|
|C_stream_125_i_i_read            |  out|    1|     ap_fifo|                                               C_stream_125_i_i|       pointer|
|C_stream_124_i_i_dout            |   in|   32|     ap_fifo|                                               C_stream_124_i_i|       pointer|
|C_stream_124_i_i_num_data_valid  |   in|    7|     ap_fifo|                                               C_stream_124_i_i|       pointer|
|C_stream_124_i_i_fifo_cap        |   in|    7|     ap_fifo|                                               C_stream_124_i_i|       pointer|
|C_stream_124_i_i_empty_n         |   in|    1|     ap_fifo|                                               C_stream_124_i_i|       pointer|
|C_stream_124_i_i_read            |  out|    1|     ap_fifo|                                               C_stream_124_i_i|       pointer|
|C_stream_123_i_i_dout            |   in|   32|     ap_fifo|                                               C_stream_123_i_i|       pointer|
|C_stream_123_i_i_num_data_valid  |   in|    7|     ap_fifo|                                               C_stream_123_i_i|       pointer|
|C_stream_123_i_i_fifo_cap        |   in|    7|     ap_fifo|                                               C_stream_123_i_i|       pointer|
|C_stream_123_i_i_empty_n         |   in|    1|     ap_fifo|                                               C_stream_123_i_i|       pointer|
|C_stream_123_i_i_read            |  out|    1|     ap_fifo|                                               C_stream_123_i_i|       pointer|
|C_stream_122_i_i_dout            |   in|   32|     ap_fifo|                                               C_stream_122_i_i|       pointer|
|C_stream_122_i_i_num_data_valid  |   in|    7|     ap_fifo|                                               C_stream_122_i_i|       pointer|
|C_stream_122_i_i_fifo_cap        |   in|    7|     ap_fifo|                                               C_stream_122_i_i|       pointer|
|C_stream_122_i_i_empty_n         |   in|    1|     ap_fifo|                                               C_stream_122_i_i|       pointer|
|C_stream_122_i_i_read            |  out|    1|     ap_fifo|                                               C_stream_122_i_i|       pointer|
|C_stream_121_i_i_dout            |   in|   32|     ap_fifo|                                               C_stream_121_i_i|       pointer|
|C_stream_121_i_i_num_data_valid  |   in|    7|     ap_fifo|                                               C_stream_121_i_i|       pointer|
|C_stream_121_i_i_fifo_cap        |   in|    7|     ap_fifo|                                               C_stream_121_i_i|       pointer|
|C_stream_121_i_i_empty_n         |   in|    1|     ap_fifo|                                               C_stream_121_i_i|       pointer|
|C_stream_121_i_i_read            |  out|    1|     ap_fifo|                                               C_stream_121_i_i|       pointer|
|C_stream_120_i_i_dout            |   in|   32|     ap_fifo|                                               C_stream_120_i_i|       pointer|
|C_stream_120_i_i_num_data_valid  |   in|    7|     ap_fifo|                                               C_stream_120_i_i|       pointer|
|C_stream_120_i_i_fifo_cap        |   in|    7|     ap_fifo|                                               C_stream_120_i_i|       pointer|
|C_stream_120_i_i_empty_n         |   in|    1|     ap_fifo|                                               C_stream_120_i_i|       pointer|
|C_stream_120_i_i_read            |  out|    1|     ap_fifo|                                               C_stream_120_i_i|       pointer|
|C_stream_119_i_i_dout            |   in|   32|     ap_fifo|                                               C_stream_119_i_i|       pointer|
|C_stream_119_i_i_num_data_valid  |   in|    7|     ap_fifo|                                               C_stream_119_i_i|       pointer|
|C_stream_119_i_i_fifo_cap        |   in|    7|     ap_fifo|                                               C_stream_119_i_i|       pointer|
|C_stream_119_i_i_empty_n         |   in|    1|     ap_fifo|                                               C_stream_119_i_i|       pointer|
|C_stream_119_i_i_read            |  out|    1|     ap_fifo|                                               C_stream_119_i_i|       pointer|
|C_stream_118_i_i_dout            |   in|   32|     ap_fifo|                                               C_stream_118_i_i|       pointer|
|C_stream_118_i_i_num_data_valid  |   in|    7|     ap_fifo|                                               C_stream_118_i_i|       pointer|
|C_stream_118_i_i_fifo_cap        |   in|    7|     ap_fifo|                                               C_stream_118_i_i|       pointer|
|C_stream_118_i_i_empty_n         |   in|    1|     ap_fifo|                                               C_stream_118_i_i|       pointer|
|C_stream_118_i_i_read            |  out|    1|     ap_fifo|                                               C_stream_118_i_i|       pointer|
|C_stream_117_i_i_dout            |   in|   32|     ap_fifo|                                               C_stream_117_i_i|       pointer|
|C_stream_117_i_i_num_data_valid  |   in|    7|     ap_fifo|                                               C_stream_117_i_i|       pointer|
|C_stream_117_i_i_fifo_cap        |   in|    7|     ap_fifo|                                               C_stream_117_i_i|       pointer|
|C_stream_117_i_i_empty_n         |   in|    1|     ap_fifo|                                               C_stream_117_i_i|       pointer|
|C_stream_117_i_i_read            |  out|    1|     ap_fifo|                                               C_stream_117_i_i|       pointer|
|C_stream_116_i_i_dout            |   in|   32|     ap_fifo|                                               C_stream_116_i_i|       pointer|
|C_stream_116_i_i_num_data_valid  |   in|    7|     ap_fifo|                                               C_stream_116_i_i|       pointer|
|C_stream_116_i_i_fifo_cap        |   in|    7|     ap_fifo|                                               C_stream_116_i_i|       pointer|
|C_stream_116_i_i_empty_n         |   in|    1|     ap_fifo|                                               C_stream_116_i_i|       pointer|
|C_stream_116_i_i_read            |  out|    1|     ap_fifo|                                               C_stream_116_i_i|       pointer|
|C_stream_115_i_i_dout            |   in|   32|     ap_fifo|                                               C_stream_115_i_i|       pointer|
|C_stream_115_i_i_num_data_valid  |   in|    7|     ap_fifo|                                               C_stream_115_i_i|       pointer|
|C_stream_115_i_i_fifo_cap        |   in|    7|     ap_fifo|                                               C_stream_115_i_i|       pointer|
|C_stream_115_i_i_empty_n         |   in|    1|     ap_fifo|                                               C_stream_115_i_i|       pointer|
|C_stream_115_i_i_read            |  out|    1|     ap_fifo|                                               C_stream_115_i_i|       pointer|
|C_stream_114_i_i_dout            |   in|   32|     ap_fifo|                                               C_stream_114_i_i|       pointer|
|C_stream_114_i_i_num_data_valid  |   in|    7|     ap_fifo|                                               C_stream_114_i_i|       pointer|
|C_stream_114_i_i_fifo_cap        |   in|    7|     ap_fifo|                                               C_stream_114_i_i|       pointer|
|C_stream_114_i_i_empty_n         |   in|    1|     ap_fifo|                                               C_stream_114_i_i|       pointer|
|C_stream_114_i_i_read            |  out|    1|     ap_fifo|                                               C_stream_114_i_i|       pointer|
|C_stream_113_i_i_dout            |   in|   32|     ap_fifo|                                               C_stream_113_i_i|       pointer|
|C_stream_113_i_i_num_data_valid  |   in|    7|     ap_fifo|                                               C_stream_113_i_i|       pointer|
|C_stream_113_i_i_fifo_cap        |   in|    7|     ap_fifo|                                               C_stream_113_i_i|       pointer|
|C_stream_113_i_i_empty_n         |   in|    1|     ap_fifo|                                               C_stream_113_i_i|       pointer|
|C_stream_113_i_i_read            |  out|    1|     ap_fifo|                                               C_stream_113_i_i|       pointer|
|C_stream_112_i_i_dout            |   in|   32|     ap_fifo|                                               C_stream_112_i_i|       pointer|
|C_stream_112_i_i_num_data_valid  |   in|    7|     ap_fifo|                                               C_stream_112_i_i|       pointer|
|C_stream_112_i_i_fifo_cap        |   in|    7|     ap_fifo|                                               C_stream_112_i_i|       pointer|
|C_stream_112_i_i_empty_n         |   in|    1|     ap_fifo|                                               C_stream_112_i_i|       pointer|
|C_stream_112_i_i_read            |  out|    1|     ap_fifo|                                               C_stream_112_i_i|       pointer|
|C_stream_111_i_i_dout            |   in|   32|     ap_fifo|                                               C_stream_111_i_i|       pointer|
|C_stream_111_i_i_num_data_valid  |   in|    7|     ap_fifo|                                               C_stream_111_i_i|       pointer|
|C_stream_111_i_i_fifo_cap        |   in|    7|     ap_fifo|                                               C_stream_111_i_i|       pointer|
|C_stream_111_i_i_empty_n         |   in|    1|     ap_fifo|                                               C_stream_111_i_i|       pointer|
|C_stream_111_i_i_read            |  out|    1|     ap_fifo|                                               C_stream_111_i_i|       pointer|
|C_stream_110_i_i_dout            |   in|   32|     ap_fifo|                                               C_stream_110_i_i|       pointer|
|C_stream_110_i_i_num_data_valid  |   in|    7|     ap_fifo|                                               C_stream_110_i_i|       pointer|
|C_stream_110_i_i_fifo_cap        |   in|    7|     ap_fifo|                                               C_stream_110_i_i|       pointer|
|C_stream_110_i_i_empty_n         |   in|    1|     ap_fifo|                                               C_stream_110_i_i|       pointer|
|C_stream_110_i_i_read            |  out|    1|     ap_fifo|                                               C_stream_110_i_i|       pointer|
|C_stream_109_i_i_dout            |   in|   32|     ap_fifo|                                               C_stream_109_i_i|       pointer|
|C_stream_109_i_i_num_data_valid  |   in|    7|     ap_fifo|                                               C_stream_109_i_i|       pointer|
|C_stream_109_i_i_fifo_cap        |   in|    7|     ap_fifo|                                               C_stream_109_i_i|       pointer|
|C_stream_109_i_i_empty_n         |   in|    1|     ap_fifo|                                               C_stream_109_i_i|       pointer|
|C_stream_109_i_i_read            |  out|    1|     ap_fifo|                                               C_stream_109_i_i|       pointer|
|C_stream_108_i_i_dout            |   in|   32|     ap_fifo|                                               C_stream_108_i_i|       pointer|
|C_stream_108_i_i_num_data_valid  |   in|    7|     ap_fifo|                                               C_stream_108_i_i|       pointer|
|C_stream_108_i_i_fifo_cap        |   in|    7|     ap_fifo|                                               C_stream_108_i_i|       pointer|
|C_stream_108_i_i_empty_n         |   in|    1|     ap_fifo|                                               C_stream_108_i_i|       pointer|
|C_stream_108_i_i_read            |  out|    1|     ap_fifo|                                               C_stream_108_i_i|       pointer|
|C_stream_107_i_i_dout            |   in|   32|     ap_fifo|                                               C_stream_107_i_i|       pointer|
|C_stream_107_i_i_num_data_valid  |   in|    7|     ap_fifo|                                               C_stream_107_i_i|       pointer|
|C_stream_107_i_i_fifo_cap        |   in|    7|     ap_fifo|                                               C_stream_107_i_i|       pointer|
|C_stream_107_i_i_empty_n         |   in|    1|     ap_fifo|                                               C_stream_107_i_i|       pointer|
|C_stream_107_i_i_read            |  out|    1|     ap_fifo|                                               C_stream_107_i_i|       pointer|
|C_stream_106_i_i_dout            |   in|   32|     ap_fifo|                                               C_stream_106_i_i|       pointer|
|C_stream_106_i_i_num_data_valid  |   in|    7|     ap_fifo|                                               C_stream_106_i_i|       pointer|
|C_stream_106_i_i_fifo_cap        |   in|    7|     ap_fifo|                                               C_stream_106_i_i|       pointer|
|C_stream_106_i_i_empty_n         |   in|    1|     ap_fifo|                                               C_stream_106_i_i|       pointer|
|C_stream_106_i_i_read            |  out|    1|     ap_fifo|                                               C_stream_106_i_i|       pointer|
|C_stream_105_i_i_dout            |   in|   32|     ap_fifo|                                               C_stream_105_i_i|       pointer|
|C_stream_105_i_i_num_data_valid  |   in|    7|     ap_fifo|                                               C_stream_105_i_i|       pointer|
|C_stream_105_i_i_fifo_cap        |   in|    7|     ap_fifo|                                               C_stream_105_i_i|       pointer|
|C_stream_105_i_i_empty_n         |   in|    1|     ap_fifo|                                               C_stream_105_i_i|       pointer|
|C_stream_105_i_i_read            |  out|    1|     ap_fifo|                                               C_stream_105_i_i|       pointer|
|C_stream_104_i_i_dout            |   in|   32|     ap_fifo|                                               C_stream_104_i_i|       pointer|
|C_stream_104_i_i_num_data_valid  |   in|    7|     ap_fifo|                                               C_stream_104_i_i|       pointer|
|C_stream_104_i_i_fifo_cap        |   in|    7|     ap_fifo|                                               C_stream_104_i_i|       pointer|
|C_stream_104_i_i_empty_n         |   in|    1|     ap_fifo|                                               C_stream_104_i_i|       pointer|
|C_stream_104_i_i_read            |  out|    1|     ap_fifo|                                               C_stream_104_i_i|       pointer|
|C_stream_103_i_i_dout            |   in|   32|     ap_fifo|                                               C_stream_103_i_i|       pointer|
|C_stream_103_i_i_num_data_valid  |   in|    7|     ap_fifo|                                               C_stream_103_i_i|       pointer|
|C_stream_103_i_i_fifo_cap        |   in|    7|     ap_fifo|                                               C_stream_103_i_i|       pointer|
|C_stream_103_i_i_empty_n         |   in|    1|     ap_fifo|                                               C_stream_103_i_i|       pointer|
|C_stream_103_i_i_read            |  out|    1|     ap_fifo|                                               C_stream_103_i_i|       pointer|
|C_stream_102_i_i_dout            |   in|   32|     ap_fifo|                                               C_stream_102_i_i|       pointer|
|C_stream_102_i_i_num_data_valid  |   in|    7|     ap_fifo|                                               C_stream_102_i_i|       pointer|
|C_stream_102_i_i_fifo_cap        |   in|    7|     ap_fifo|                                               C_stream_102_i_i|       pointer|
|C_stream_102_i_i_empty_n         |   in|    1|     ap_fifo|                                               C_stream_102_i_i|       pointer|
|C_stream_102_i_i_read            |  out|    1|     ap_fifo|                                               C_stream_102_i_i|       pointer|
|C_stream_101_i_i_dout            |   in|   32|     ap_fifo|                                               C_stream_101_i_i|       pointer|
|C_stream_101_i_i_num_data_valid  |   in|    7|     ap_fifo|                                               C_stream_101_i_i|       pointer|
|C_stream_101_i_i_fifo_cap        |   in|    7|     ap_fifo|                                               C_stream_101_i_i|       pointer|
|C_stream_101_i_i_empty_n         |   in|    1|     ap_fifo|                                               C_stream_101_i_i|       pointer|
|C_stream_101_i_i_read            |  out|    1|     ap_fifo|                                               C_stream_101_i_i|       pointer|
|C_stream_100_i_i_dout            |   in|   32|     ap_fifo|                                               C_stream_100_i_i|       pointer|
|C_stream_100_i_i_num_data_valid  |   in|    7|     ap_fifo|                                               C_stream_100_i_i|       pointer|
|C_stream_100_i_i_fifo_cap        |   in|    7|     ap_fifo|                                               C_stream_100_i_i|       pointer|
|C_stream_100_i_i_empty_n         |   in|    1|     ap_fifo|                                               C_stream_100_i_i|       pointer|
|C_stream_100_i_i_read            |  out|    1|     ap_fifo|                                               C_stream_100_i_i|       pointer|
|C_stream_99_i_i_dout             |   in|   32|     ap_fifo|                                                C_stream_99_i_i|       pointer|
|C_stream_99_i_i_num_data_valid   |   in|    7|     ap_fifo|                                                C_stream_99_i_i|       pointer|
|C_stream_99_i_i_fifo_cap         |   in|    7|     ap_fifo|                                                C_stream_99_i_i|       pointer|
|C_stream_99_i_i_empty_n          |   in|    1|     ap_fifo|                                                C_stream_99_i_i|       pointer|
|C_stream_99_i_i_read             |  out|    1|     ap_fifo|                                                C_stream_99_i_i|       pointer|
|C_stream_98_i_i_dout             |   in|   32|     ap_fifo|                                                C_stream_98_i_i|       pointer|
|C_stream_98_i_i_num_data_valid   |   in|    7|     ap_fifo|                                                C_stream_98_i_i|       pointer|
|C_stream_98_i_i_fifo_cap         |   in|    7|     ap_fifo|                                                C_stream_98_i_i|       pointer|
|C_stream_98_i_i_empty_n          |   in|    1|     ap_fifo|                                                C_stream_98_i_i|       pointer|
|C_stream_98_i_i_read             |  out|    1|     ap_fifo|                                                C_stream_98_i_i|       pointer|
|C_stream_97_i_i_dout             |   in|   32|     ap_fifo|                                                C_stream_97_i_i|       pointer|
|C_stream_97_i_i_num_data_valid   |   in|    7|     ap_fifo|                                                C_stream_97_i_i|       pointer|
|C_stream_97_i_i_fifo_cap         |   in|    7|     ap_fifo|                                                C_stream_97_i_i|       pointer|
|C_stream_97_i_i_empty_n          |   in|    1|     ap_fifo|                                                C_stream_97_i_i|       pointer|
|C_stream_97_i_i_read             |  out|    1|     ap_fifo|                                                C_stream_97_i_i|       pointer|
|C_stream_96_i_i_dout             |   in|   32|     ap_fifo|                                                C_stream_96_i_i|       pointer|
|C_stream_96_i_i_num_data_valid   |   in|    7|     ap_fifo|                                                C_stream_96_i_i|       pointer|
|C_stream_96_i_i_fifo_cap         |   in|    7|     ap_fifo|                                                C_stream_96_i_i|       pointer|
|C_stream_96_i_i_empty_n          |   in|    1|     ap_fifo|                                                C_stream_96_i_i|       pointer|
|C_stream_96_i_i_read             |  out|    1|     ap_fifo|                                                C_stream_96_i_i|       pointer|
|C_stream_95_i_i_dout             |   in|   32|     ap_fifo|                                                C_stream_95_i_i|       pointer|
|C_stream_95_i_i_num_data_valid   |   in|    7|     ap_fifo|                                                C_stream_95_i_i|       pointer|
|C_stream_95_i_i_fifo_cap         |   in|    7|     ap_fifo|                                                C_stream_95_i_i|       pointer|
|C_stream_95_i_i_empty_n          |   in|    1|     ap_fifo|                                                C_stream_95_i_i|       pointer|
|C_stream_95_i_i_read             |  out|    1|     ap_fifo|                                                C_stream_95_i_i|       pointer|
|C_stream_94_i_i_dout             |   in|   32|     ap_fifo|                                                C_stream_94_i_i|       pointer|
|C_stream_94_i_i_num_data_valid   |   in|    7|     ap_fifo|                                                C_stream_94_i_i|       pointer|
|C_stream_94_i_i_fifo_cap         |   in|    7|     ap_fifo|                                                C_stream_94_i_i|       pointer|
|C_stream_94_i_i_empty_n          |   in|    1|     ap_fifo|                                                C_stream_94_i_i|       pointer|
|C_stream_94_i_i_read             |  out|    1|     ap_fifo|                                                C_stream_94_i_i|       pointer|
|C_stream_93_i_i_dout             |   in|   32|     ap_fifo|                                                C_stream_93_i_i|       pointer|
|C_stream_93_i_i_num_data_valid   |   in|    7|     ap_fifo|                                                C_stream_93_i_i|       pointer|
|C_stream_93_i_i_fifo_cap         |   in|    7|     ap_fifo|                                                C_stream_93_i_i|       pointer|
|C_stream_93_i_i_empty_n          |   in|    1|     ap_fifo|                                                C_stream_93_i_i|       pointer|
|C_stream_93_i_i_read             |  out|    1|     ap_fifo|                                                C_stream_93_i_i|       pointer|
|C_stream_92_i_i_dout             |   in|   32|     ap_fifo|                                                C_stream_92_i_i|       pointer|
|C_stream_92_i_i_num_data_valid   |   in|    7|     ap_fifo|                                                C_stream_92_i_i|       pointer|
|C_stream_92_i_i_fifo_cap         |   in|    7|     ap_fifo|                                                C_stream_92_i_i|       pointer|
|C_stream_92_i_i_empty_n          |   in|    1|     ap_fifo|                                                C_stream_92_i_i|       pointer|
|C_stream_92_i_i_read             |  out|    1|     ap_fifo|                                                C_stream_92_i_i|       pointer|
|C_stream_91_i_i_dout             |   in|   32|     ap_fifo|                                                C_stream_91_i_i|       pointer|
|C_stream_91_i_i_num_data_valid   |   in|    7|     ap_fifo|                                                C_stream_91_i_i|       pointer|
|C_stream_91_i_i_fifo_cap         |   in|    7|     ap_fifo|                                                C_stream_91_i_i|       pointer|
|C_stream_91_i_i_empty_n          |   in|    1|     ap_fifo|                                                C_stream_91_i_i|       pointer|
|C_stream_91_i_i_read             |  out|    1|     ap_fifo|                                                C_stream_91_i_i|       pointer|
|C_stream_90_i_i_dout             |   in|   32|     ap_fifo|                                                C_stream_90_i_i|       pointer|
|C_stream_90_i_i_num_data_valid   |   in|    7|     ap_fifo|                                                C_stream_90_i_i|       pointer|
|C_stream_90_i_i_fifo_cap         |   in|    7|     ap_fifo|                                                C_stream_90_i_i|       pointer|
|C_stream_90_i_i_empty_n          |   in|    1|     ap_fifo|                                                C_stream_90_i_i|       pointer|
|C_stream_90_i_i_read             |  out|    1|     ap_fifo|                                                C_stream_90_i_i|       pointer|
|C_stream_89_i_i_dout             |   in|   32|     ap_fifo|                                                C_stream_89_i_i|       pointer|
|C_stream_89_i_i_num_data_valid   |   in|    7|     ap_fifo|                                                C_stream_89_i_i|       pointer|
|C_stream_89_i_i_fifo_cap         |   in|    7|     ap_fifo|                                                C_stream_89_i_i|       pointer|
|C_stream_89_i_i_empty_n          |   in|    1|     ap_fifo|                                                C_stream_89_i_i|       pointer|
|C_stream_89_i_i_read             |  out|    1|     ap_fifo|                                                C_stream_89_i_i|       pointer|
|C_stream_88_i_i_dout             |   in|   32|     ap_fifo|                                                C_stream_88_i_i|       pointer|
|C_stream_88_i_i_num_data_valid   |   in|    7|     ap_fifo|                                                C_stream_88_i_i|       pointer|
|C_stream_88_i_i_fifo_cap         |   in|    7|     ap_fifo|                                                C_stream_88_i_i|       pointer|
|C_stream_88_i_i_empty_n          |   in|    1|     ap_fifo|                                                C_stream_88_i_i|       pointer|
|C_stream_88_i_i_read             |  out|    1|     ap_fifo|                                                C_stream_88_i_i|       pointer|
|C_stream_87_i_i_dout             |   in|   32|     ap_fifo|                                                C_stream_87_i_i|       pointer|
|C_stream_87_i_i_num_data_valid   |   in|    7|     ap_fifo|                                                C_stream_87_i_i|       pointer|
|C_stream_87_i_i_fifo_cap         |   in|    7|     ap_fifo|                                                C_stream_87_i_i|       pointer|
|C_stream_87_i_i_empty_n          |   in|    1|     ap_fifo|                                                C_stream_87_i_i|       pointer|
|C_stream_87_i_i_read             |  out|    1|     ap_fifo|                                                C_stream_87_i_i|       pointer|
|C_stream_86_i_i_dout             |   in|   32|     ap_fifo|                                                C_stream_86_i_i|       pointer|
|C_stream_86_i_i_num_data_valid   |   in|    7|     ap_fifo|                                                C_stream_86_i_i|       pointer|
|C_stream_86_i_i_fifo_cap         |   in|    7|     ap_fifo|                                                C_stream_86_i_i|       pointer|
|C_stream_86_i_i_empty_n          |   in|    1|     ap_fifo|                                                C_stream_86_i_i|       pointer|
|C_stream_86_i_i_read             |  out|    1|     ap_fifo|                                                C_stream_86_i_i|       pointer|
|C_stream_85_i_i_dout             |   in|   32|     ap_fifo|                                                C_stream_85_i_i|       pointer|
|C_stream_85_i_i_num_data_valid   |   in|    7|     ap_fifo|                                                C_stream_85_i_i|       pointer|
|C_stream_85_i_i_fifo_cap         |   in|    7|     ap_fifo|                                                C_stream_85_i_i|       pointer|
|C_stream_85_i_i_empty_n          |   in|    1|     ap_fifo|                                                C_stream_85_i_i|       pointer|
|C_stream_85_i_i_read             |  out|    1|     ap_fifo|                                                C_stream_85_i_i|       pointer|
|C_stream_84_i_i_dout             |   in|   32|     ap_fifo|                                                C_stream_84_i_i|       pointer|
|C_stream_84_i_i_num_data_valid   |   in|    7|     ap_fifo|                                                C_stream_84_i_i|       pointer|
|C_stream_84_i_i_fifo_cap         |   in|    7|     ap_fifo|                                                C_stream_84_i_i|       pointer|
|C_stream_84_i_i_empty_n          |   in|    1|     ap_fifo|                                                C_stream_84_i_i|       pointer|
|C_stream_84_i_i_read             |  out|    1|     ap_fifo|                                                C_stream_84_i_i|       pointer|
|C_stream_83_i_i_dout             |   in|   32|     ap_fifo|                                                C_stream_83_i_i|       pointer|
|C_stream_83_i_i_num_data_valid   |   in|    7|     ap_fifo|                                                C_stream_83_i_i|       pointer|
|C_stream_83_i_i_fifo_cap         |   in|    7|     ap_fifo|                                                C_stream_83_i_i|       pointer|
|C_stream_83_i_i_empty_n          |   in|    1|     ap_fifo|                                                C_stream_83_i_i|       pointer|
|C_stream_83_i_i_read             |  out|    1|     ap_fifo|                                                C_stream_83_i_i|       pointer|
|C_stream_82_i_i_dout             |   in|   32|     ap_fifo|                                                C_stream_82_i_i|       pointer|
|C_stream_82_i_i_num_data_valid   |   in|    7|     ap_fifo|                                                C_stream_82_i_i|       pointer|
|C_stream_82_i_i_fifo_cap         |   in|    7|     ap_fifo|                                                C_stream_82_i_i|       pointer|
|C_stream_82_i_i_empty_n          |   in|    1|     ap_fifo|                                                C_stream_82_i_i|       pointer|
|C_stream_82_i_i_read             |  out|    1|     ap_fifo|                                                C_stream_82_i_i|       pointer|
|C_stream_81_i_i_dout             |   in|   32|     ap_fifo|                                                C_stream_81_i_i|       pointer|
|C_stream_81_i_i_num_data_valid   |   in|    7|     ap_fifo|                                                C_stream_81_i_i|       pointer|
|C_stream_81_i_i_fifo_cap         |   in|    7|     ap_fifo|                                                C_stream_81_i_i|       pointer|
|C_stream_81_i_i_empty_n          |   in|    1|     ap_fifo|                                                C_stream_81_i_i|       pointer|
|C_stream_81_i_i_read             |  out|    1|     ap_fifo|                                                C_stream_81_i_i|       pointer|
|C_stream_80_i_i_dout             |   in|   32|     ap_fifo|                                                C_stream_80_i_i|       pointer|
|C_stream_80_i_i_num_data_valid   |   in|    7|     ap_fifo|                                                C_stream_80_i_i|       pointer|
|C_stream_80_i_i_fifo_cap         |   in|    7|     ap_fifo|                                                C_stream_80_i_i|       pointer|
|C_stream_80_i_i_empty_n          |   in|    1|     ap_fifo|                                                C_stream_80_i_i|       pointer|
|C_stream_80_i_i_read             |  out|    1|     ap_fifo|                                                C_stream_80_i_i|       pointer|
|C_stream_79_i_i_dout             |   in|   32|     ap_fifo|                                                C_stream_79_i_i|       pointer|
|C_stream_79_i_i_num_data_valid   |   in|    7|     ap_fifo|                                                C_stream_79_i_i|       pointer|
|C_stream_79_i_i_fifo_cap         |   in|    7|     ap_fifo|                                                C_stream_79_i_i|       pointer|
|C_stream_79_i_i_empty_n          |   in|    1|     ap_fifo|                                                C_stream_79_i_i|       pointer|
|C_stream_79_i_i_read             |  out|    1|     ap_fifo|                                                C_stream_79_i_i|       pointer|
|C_stream_78_i_i_dout             |   in|   32|     ap_fifo|                                                C_stream_78_i_i|       pointer|
|C_stream_78_i_i_num_data_valid   |   in|    7|     ap_fifo|                                                C_stream_78_i_i|       pointer|
|C_stream_78_i_i_fifo_cap         |   in|    7|     ap_fifo|                                                C_stream_78_i_i|       pointer|
|C_stream_78_i_i_empty_n          |   in|    1|     ap_fifo|                                                C_stream_78_i_i|       pointer|
|C_stream_78_i_i_read             |  out|    1|     ap_fifo|                                                C_stream_78_i_i|       pointer|
|C_stream_77_i_i_dout             |   in|   32|     ap_fifo|                                                C_stream_77_i_i|       pointer|
|C_stream_77_i_i_num_data_valid   |   in|    7|     ap_fifo|                                                C_stream_77_i_i|       pointer|
|C_stream_77_i_i_fifo_cap         |   in|    7|     ap_fifo|                                                C_stream_77_i_i|       pointer|
|C_stream_77_i_i_empty_n          |   in|    1|     ap_fifo|                                                C_stream_77_i_i|       pointer|
|C_stream_77_i_i_read             |  out|    1|     ap_fifo|                                                C_stream_77_i_i|       pointer|
|C_stream_76_i_i_dout             |   in|   32|     ap_fifo|                                                C_stream_76_i_i|       pointer|
|C_stream_76_i_i_num_data_valid   |   in|    7|     ap_fifo|                                                C_stream_76_i_i|       pointer|
|C_stream_76_i_i_fifo_cap         |   in|    7|     ap_fifo|                                                C_stream_76_i_i|       pointer|
|C_stream_76_i_i_empty_n          |   in|    1|     ap_fifo|                                                C_stream_76_i_i|       pointer|
|C_stream_76_i_i_read             |  out|    1|     ap_fifo|                                                C_stream_76_i_i|       pointer|
|C_stream_75_i_i_dout             |   in|   32|     ap_fifo|                                                C_stream_75_i_i|       pointer|
|C_stream_75_i_i_num_data_valid   |   in|    7|     ap_fifo|                                                C_stream_75_i_i|       pointer|
|C_stream_75_i_i_fifo_cap         |   in|    7|     ap_fifo|                                                C_stream_75_i_i|       pointer|
|C_stream_75_i_i_empty_n          |   in|    1|     ap_fifo|                                                C_stream_75_i_i|       pointer|
|C_stream_75_i_i_read             |  out|    1|     ap_fifo|                                                C_stream_75_i_i|       pointer|
|C_stream_74_i_i_dout             |   in|   32|     ap_fifo|                                                C_stream_74_i_i|       pointer|
|C_stream_74_i_i_num_data_valid   |   in|    7|     ap_fifo|                                                C_stream_74_i_i|       pointer|
|C_stream_74_i_i_fifo_cap         |   in|    7|     ap_fifo|                                                C_stream_74_i_i|       pointer|
|C_stream_74_i_i_empty_n          |   in|    1|     ap_fifo|                                                C_stream_74_i_i|       pointer|
|C_stream_74_i_i_read             |  out|    1|     ap_fifo|                                                C_stream_74_i_i|       pointer|
|C_stream_73_i_i_dout             |   in|   32|     ap_fifo|                                                C_stream_73_i_i|       pointer|
|C_stream_73_i_i_num_data_valid   |   in|    7|     ap_fifo|                                                C_stream_73_i_i|       pointer|
|C_stream_73_i_i_fifo_cap         |   in|    7|     ap_fifo|                                                C_stream_73_i_i|       pointer|
|C_stream_73_i_i_empty_n          |   in|    1|     ap_fifo|                                                C_stream_73_i_i|       pointer|
|C_stream_73_i_i_read             |  out|    1|     ap_fifo|                                                C_stream_73_i_i|       pointer|
|C_stream_72_i_i_dout             |   in|   32|     ap_fifo|                                                C_stream_72_i_i|       pointer|
|C_stream_72_i_i_num_data_valid   |   in|    7|     ap_fifo|                                                C_stream_72_i_i|       pointer|
|C_stream_72_i_i_fifo_cap         |   in|    7|     ap_fifo|                                                C_stream_72_i_i|       pointer|
|C_stream_72_i_i_empty_n          |   in|    1|     ap_fifo|                                                C_stream_72_i_i|       pointer|
|C_stream_72_i_i_read             |  out|    1|     ap_fifo|                                                C_stream_72_i_i|       pointer|
|C_stream_71_i_i_dout             |   in|   32|     ap_fifo|                                                C_stream_71_i_i|       pointer|
|C_stream_71_i_i_num_data_valid   |   in|    7|     ap_fifo|                                                C_stream_71_i_i|       pointer|
|C_stream_71_i_i_fifo_cap         |   in|    7|     ap_fifo|                                                C_stream_71_i_i|       pointer|
|C_stream_71_i_i_empty_n          |   in|    1|     ap_fifo|                                                C_stream_71_i_i|       pointer|
|C_stream_71_i_i_read             |  out|    1|     ap_fifo|                                                C_stream_71_i_i|       pointer|
|C_stream_70_i_i_dout             |   in|   32|     ap_fifo|                                                C_stream_70_i_i|       pointer|
|C_stream_70_i_i_num_data_valid   |   in|    7|     ap_fifo|                                                C_stream_70_i_i|       pointer|
|C_stream_70_i_i_fifo_cap         |   in|    7|     ap_fifo|                                                C_stream_70_i_i|       pointer|
|C_stream_70_i_i_empty_n          |   in|    1|     ap_fifo|                                                C_stream_70_i_i|       pointer|
|C_stream_70_i_i_read             |  out|    1|     ap_fifo|                                                C_stream_70_i_i|       pointer|
|C_stream_69_i_i_dout             |   in|   32|     ap_fifo|                                                C_stream_69_i_i|       pointer|
|C_stream_69_i_i_num_data_valid   |   in|    7|     ap_fifo|                                                C_stream_69_i_i|       pointer|
|C_stream_69_i_i_fifo_cap         |   in|    7|     ap_fifo|                                                C_stream_69_i_i|       pointer|
|C_stream_69_i_i_empty_n          |   in|    1|     ap_fifo|                                                C_stream_69_i_i|       pointer|
|C_stream_69_i_i_read             |  out|    1|     ap_fifo|                                                C_stream_69_i_i|       pointer|
|C_stream_68_i_i_dout             |   in|   32|     ap_fifo|                                                C_stream_68_i_i|       pointer|
|C_stream_68_i_i_num_data_valid   |   in|    7|     ap_fifo|                                                C_stream_68_i_i|       pointer|
|C_stream_68_i_i_fifo_cap         |   in|    7|     ap_fifo|                                                C_stream_68_i_i|       pointer|
|C_stream_68_i_i_empty_n          |   in|    1|     ap_fifo|                                                C_stream_68_i_i|       pointer|
|C_stream_68_i_i_read             |  out|    1|     ap_fifo|                                                C_stream_68_i_i|       pointer|
|C_stream_67_i_i_dout             |   in|   32|     ap_fifo|                                                C_stream_67_i_i|       pointer|
|C_stream_67_i_i_num_data_valid   |   in|    7|     ap_fifo|                                                C_stream_67_i_i|       pointer|
|C_stream_67_i_i_fifo_cap         |   in|    7|     ap_fifo|                                                C_stream_67_i_i|       pointer|
|C_stream_67_i_i_empty_n          |   in|    1|     ap_fifo|                                                C_stream_67_i_i|       pointer|
|C_stream_67_i_i_read             |  out|    1|     ap_fifo|                                                C_stream_67_i_i|       pointer|
|C_stream_66_i_i_dout             |   in|   32|     ap_fifo|                                                C_stream_66_i_i|       pointer|
|C_stream_66_i_i_num_data_valid   |   in|    7|     ap_fifo|                                                C_stream_66_i_i|       pointer|
|C_stream_66_i_i_fifo_cap         |   in|    7|     ap_fifo|                                                C_stream_66_i_i|       pointer|
|C_stream_66_i_i_empty_n          |   in|    1|     ap_fifo|                                                C_stream_66_i_i|       pointer|
|C_stream_66_i_i_read             |  out|    1|     ap_fifo|                                                C_stream_66_i_i|       pointer|
|C_stream_65_i_i_dout             |   in|   32|     ap_fifo|                                                C_stream_65_i_i|       pointer|
|C_stream_65_i_i_num_data_valid   |   in|    7|     ap_fifo|                                                C_stream_65_i_i|       pointer|
|C_stream_65_i_i_fifo_cap         |   in|    7|     ap_fifo|                                                C_stream_65_i_i|       pointer|
|C_stream_65_i_i_empty_n          |   in|    1|     ap_fifo|                                                C_stream_65_i_i|       pointer|
|C_stream_65_i_i_read             |  out|    1|     ap_fifo|                                                C_stream_65_i_i|       pointer|
|C_stream_64_i_i_dout             |   in|   32|     ap_fifo|                                                C_stream_64_i_i|       pointer|
|C_stream_64_i_i_num_data_valid   |   in|    7|     ap_fifo|                                                C_stream_64_i_i|       pointer|
|C_stream_64_i_i_fifo_cap         |   in|    7|     ap_fifo|                                                C_stream_64_i_i|       pointer|
|C_stream_64_i_i_empty_n          |   in|    1|     ap_fifo|                                                C_stream_64_i_i|       pointer|
|C_stream_64_i_i_read             |  out|    1|     ap_fifo|                                                C_stream_64_i_i|       pointer|
|C_stream_63_i_i_dout             |   in|   32|     ap_fifo|                                                C_stream_63_i_i|       pointer|
|C_stream_63_i_i_num_data_valid   |   in|    7|     ap_fifo|                                                C_stream_63_i_i|       pointer|
|C_stream_63_i_i_fifo_cap         |   in|    7|     ap_fifo|                                                C_stream_63_i_i|       pointer|
|C_stream_63_i_i_empty_n          |   in|    1|     ap_fifo|                                                C_stream_63_i_i|       pointer|
|C_stream_63_i_i_read             |  out|    1|     ap_fifo|                                                C_stream_63_i_i|       pointer|
|C_stream_62_i_i_dout             |   in|   32|     ap_fifo|                                                C_stream_62_i_i|       pointer|
|C_stream_62_i_i_num_data_valid   |   in|    7|     ap_fifo|                                                C_stream_62_i_i|       pointer|
|C_stream_62_i_i_fifo_cap         |   in|    7|     ap_fifo|                                                C_stream_62_i_i|       pointer|
|C_stream_62_i_i_empty_n          |   in|    1|     ap_fifo|                                                C_stream_62_i_i|       pointer|
|C_stream_62_i_i_read             |  out|    1|     ap_fifo|                                                C_stream_62_i_i|       pointer|
|C_stream_61_i_i_dout             |   in|   32|     ap_fifo|                                                C_stream_61_i_i|       pointer|
|C_stream_61_i_i_num_data_valid   |   in|    7|     ap_fifo|                                                C_stream_61_i_i|       pointer|
|C_stream_61_i_i_fifo_cap         |   in|    7|     ap_fifo|                                                C_stream_61_i_i|       pointer|
|C_stream_61_i_i_empty_n          |   in|    1|     ap_fifo|                                                C_stream_61_i_i|       pointer|
|C_stream_61_i_i_read             |  out|    1|     ap_fifo|                                                C_stream_61_i_i|       pointer|
|C_stream_60_i_i_dout             |   in|   32|     ap_fifo|                                                C_stream_60_i_i|       pointer|
|C_stream_60_i_i_num_data_valid   |   in|    7|     ap_fifo|                                                C_stream_60_i_i|       pointer|
|C_stream_60_i_i_fifo_cap         |   in|    7|     ap_fifo|                                                C_stream_60_i_i|       pointer|
|C_stream_60_i_i_empty_n          |   in|    1|     ap_fifo|                                                C_stream_60_i_i|       pointer|
|C_stream_60_i_i_read             |  out|    1|     ap_fifo|                                                C_stream_60_i_i|       pointer|
|C_stream_59_i_i_dout             |   in|   32|     ap_fifo|                                                C_stream_59_i_i|       pointer|
|C_stream_59_i_i_num_data_valid   |   in|    7|     ap_fifo|                                                C_stream_59_i_i|       pointer|
|C_stream_59_i_i_fifo_cap         |   in|    7|     ap_fifo|                                                C_stream_59_i_i|       pointer|
|C_stream_59_i_i_empty_n          |   in|    1|     ap_fifo|                                                C_stream_59_i_i|       pointer|
|C_stream_59_i_i_read             |  out|    1|     ap_fifo|                                                C_stream_59_i_i|       pointer|
|C_stream_58_i_i_dout             |   in|   32|     ap_fifo|                                                C_stream_58_i_i|       pointer|
|C_stream_58_i_i_num_data_valid   |   in|    7|     ap_fifo|                                                C_stream_58_i_i|       pointer|
|C_stream_58_i_i_fifo_cap         |   in|    7|     ap_fifo|                                                C_stream_58_i_i|       pointer|
|C_stream_58_i_i_empty_n          |   in|    1|     ap_fifo|                                                C_stream_58_i_i|       pointer|
|C_stream_58_i_i_read             |  out|    1|     ap_fifo|                                                C_stream_58_i_i|       pointer|
|C_stream_57_i_i_dout             |   in|   32|     ap_fifo|                                                C_stream_57_i_i|       pointer|
|C_stream_57_i_i_num_data_valid   |   in|    7|     ap_fifo|                                                C_stream_57_i_i|       pointer|
|C_stream_57_i_i_fifo_cap         |   in|    7|     ap_fifo|                                                C_stream_57_i_i|       pointer|
|C_stream_57_i_i_empty_n          |   in|    1|     ap_fifo|                                                C_stream_57_i_i|       pointer|
|C_stream_57_i_i_read             |  out|    1|     ap_fifo|                                                C_stream_57_i_i|       pointer|
|C_stream_56_i_i_dout             |   in|   32|     ap_fifo|                                                C_stream_56_i_i|       pointer|
|C_stream_56_i_i_num_data_valid   |   in|    7|     ap_fifo|                                                C_stream_56_i_i|       pointer|
|C_stream_56_i_i_fifo_cap         |   in|    7|     ap_fifo|                                                C_stream_56_i_i|       pointer|
|C_stream_56_i_i_empty_n          |   in|    1|     ap_fifo|                                                C_stream_56_i_i|       pointer|
|C_stream_56_i_i_read             |  out|    1|     ap_fifo|                                                C_stream_56_i_i|       pointer|
|C_stream_55_i_i_dout             |   in|   32|     ap_fifo|                                                C_stream_55_i_i|       pointer|
|C_stream_55_i_i_num_data_valid   |   in|    7|     ap_fifo|                                                C_stream_55_i_i|       pointer|
|C_stream_55_i_i_fifo_cap         |   in|    7|     ap_fifo|                                                C_stream_55_i_i|       pointer|
|C_stream_55_i_i_empty_n          |   in|    1|     ap_fifo|                                                C_stream_55_i_i|       pointer|
|C_stream_55_i_i_read             |  out|    1|     ap_fifo|                                                C_stream_55_i_i|       pointer|
|C_stream_54_i_i_dout             |   in|   32|     ap_fifo|                                                C_stream_54_i_i|       pointer|
|C_stream_54_i_i_num_data_valid   |   in|    7|     ap_fifo|                                                C_stream_54_i_i|       pointer|
|C_stream_54_i_i_fifo_cap         |   in|    7|     ap_fifo|                                                C_stream_54_i_i|       pointer|
|C_stream_54_i_i_empty_n          |   in|    1|     ap_fifo|                                                C_stream_54_i_i|       pointer|
|C_stream_54_i_i_read             |  out|    1|     ap_fifo|                                                C_stream_54_i_i|       pointer|
|C_stream_53_i_i_dout             |   in|   32|     ap_fifo|                                                C_stream_53_i_i|       pointer|
|C_stream_53_i_i_num_data_valid   |   in|    7|     ap_fifo|                                                C_stream_53_i_i|       pointer|
|C_stream_53_i_i_fifo_cap         |   in|    7|     ap_fifo|                                                C_stream_53_i_i|       pointer|
|C_stream_53_i_i_empty_n          |   in|    1|     ap_fifo|                                                C_stream_53_i_i|       pointer|
|C_stream_53_i_i_read             |  out|    1|     ap_fifo|                                                C_stream_53_i_i|       pointer|
|C_stream_52_i_i_dout             |   in|   32|     ap_fifo|                                                C_stream_52_i_i|       pointer|
|C_stream_52_i_i_num_data_valid   |   in|    7|     ap_fifo|                                                C_stream_52_i_i|       pointer|
|C_stream_52_i_i_fifo_cap         |   in|    7|     ap_fifo|                                                C_stream_52_i_i|       pointer|
|C_stream_52_i_i_empty_n          |   in|    1|     ap_fifo|                                                C_stream_52_i_i|       pointer|
|C_stream_52_i_i_read             |  out|    1|     ap_fifo|                                                C_stream_52_i_i|       pointer|
|C_stream_51_i_i_dout             |   in|   32|     ap_fifo|                                                C_stream_51_i_i|       pointer|
|C_stream_51_i_i_num_data_valid   |   in|    7|     ap_fifo|                                                C_stream_51_i_i|       pointer|
|C_stream_51_i_i_fifo_cap         |   in|    7|     ap_fifo|                                                C_stream_51_i_i|       pointer|
|C_stream_51_i_i_empty_n          |   in|    1|     ap_fifo|                                                C_stream_51_i_i|       pointer|
|C_stream_51_i_i_read             |  out|    1|     ap_fifo|                                                C_stream_51_i_i|       pointer|
|C_stream_50_i_i_dout             |   in|   32|     ap_fifo|                                                C_stream_50_i_i|       pointer|
|C_stream_50_i_i_num_data_valid   |   in|    7|     ap_fifo|                                                C_stream_50_i_i|       pointer|
|C_stream_50_i_i_fifo_cap         |   in|    7|     ap_fifo|                                                C_stream_50_i_i|       pointer|
|C_stream_50_i_i_empty_n          |   in|    1|     ap_fifo|                                                C_stream_50_i_i|       pointer|
|C_stream_50_i_i_read             |  out|    1|     ap_fifo|                                                C_stream_50_i_i|       pointer|
|C_stream_49_i_i_dout             |   in|   32|     ap_fifo|                                                C_stream_49_i_i|       pointer|
|C_stream_49_i_i_num_data_valid   |   in|    7|     ap_fifo|                                                C_stream_49_i_i|       pointer|
|C_stream_49_i_i_fifo_cap         |   in|    7|     ap_fifo|                                                C_stream_49_i_i|       pointer|
|C_stream_49_i_i_empty_n          |   in|    1|     ap_fifo|                                                C_stream_49_i_i|       pointer|
|C_stream_49_i_i_read             |  out|    1|     ap_fifo|                                                C_stream_49_i_i|       pointer|
|C_stream_48_i_i_dout             |   in|   32|     ap_fifo|                                                C_stream_48_i_i|       pointer|
|C_stream_48_i_i_num_data_valid   |   in|    7|     ap_fifo|                                                C_stream_48_i_i|       pointer|
|C_stream_48_i_i_fifo_cap         |   in|    7|     ap_fifo|                                                C_stream_48_i_i|       pointer|
|C_stream_48_i_i_empty_n          |   in|    1|     ap_fifo|                                                C_stream_48_i_i|       pointer|
|C_stream_48_i_i_read             |  out|    1|     ap_fifo|                                                C_stream_48_i_i|       pointer|
|C_stream_47_i_i_dout             |   in|   32|     ap_fifo|                                                C_stream_47_i_i|       pointer|
|C_stream_47_i_i_num_data_valid   |   in|    7|     ap_fifo|                                                C_stream_47_i_i|       pointer|
|C_stream_47_i_i_fifo_cap         |   in|    7|     ap_fifo|                                                C_stream_47_i_i|       pointer|
|C_stream_47_i_i_empty_n          |   in|    1|     ap_fifo|                                                C_stream_47_i_i|       pointer|
|C_stream_47_i_i_read             |  out|    1|     ap_fifo|                                                C_stream_47_i_i|       pointer|
|C_stream_46_i_i_dout             |   in|   32|     ap_fifo|                                                C_stream_46_i_i|       pointer|
|C_stream_46_i_i_num_data_valid   |   in|    7|     ap_fifo|                                                C_stream_46_i_i|       pointer|
|C_stream_46_i_i_fifo_cap         |   in|    7|     ap_fifo|                                                C_stream_46_i_i|       pointer|
|C_stream_46_i_i_empty_n          |   in|    1|     ap_fifo|                                                C_stream_46_i_i|       pointer|
|C_stream_46_i_i_read             |  out|    1|     ap_fifo|                                                C_stream_46_i_i|       pointer|
|C_stream_45_i_i_dout             |   in|   32|     ap_fifo|                                                C_stream_45_i_i|       pointer|
|C_stream_45_i_i_num_data_valid   |   in|    7|     ap_fifo|                                                C_stream_45_i_i|       pointer|
|C_stream_45_i_i_fifo_cap         |   in|    7|     ap_fifo|                                                C_stream_45_i_i|       pointer|
|C_stream_45_i_i_empty_n          |   in|    1|     ap_fifo|                                                C_stream_45_i_i|       pointer|
|C_stream_45_i_i_read             |  out|    1|     ap_fifo|                                                C_stream_45_i_i|       pointer|
|C_stream_44_i_i_dout             |   in|   32|     ap_fifo|                                                C_stream_44_i_i|       pointer|
|C_stream_44_i_i_num_data_valid   |   in|    7|     ap_fifo|                                                C_stream_44_i_i|       pointer|
|C_stream_44_i_i_fifo_cap         |   in|    7|     ap_fifo|                                                C_stream_44_i_i|       pointer|
|C_stream_44_i_i_empty_n          |   in|    1|     ap_fifo|                                                C_stream_44_i_i|       pointer|
|C_stream_44_i_i_read             |  out|    1|     ap_fifo|                                                C_stream_44_i_i|       pointer|
|C_stream_43_i_i_dout             |   in|   32|     ap_fifo|                                                C_stream_43_i_i|       pointer|
|C_stream_43_i_i_num_data_valid   |   in|    7|     ap_fifo|                                                C_stream_43_i_i|       pointer|
|C_stream_43_i_i_fifo_cap         |   in|    7|     ap_fifo|                                                C_stream_43_i_i|       pointer|
|C_stream_43_i_i_empty_n          |   in|    1|     ap_fifo|                                                C_stream_43_i_i|       pointer|
|C_stream_43_i_i_read             |  out|    1|     ap_fifo|                                                C_stream_43_i_i|       pointer|
|C_stream_42_i_i_dout             |   in|   32|     ap_fifo|                                                C_stream_42_i_i|       pointer|
|C_stream_42_i_i_num_data_valid   |   in|    7|     ap_fifo|                                                C_stream_42_i_i|       pointer|
|C_stream_42_i_i_fifo_cap         |   in|    7|     ap_fifo|                                                C_stream_42_i_i|       pointer|
|C_stream_42_i_i_empty_n          |   in|    1|     ap_fifo|                                                C_stream_42_i_i|       pointer|
|C_stream_42_i_i_read             |  out|    1|     ap_fifo|                                                C_stream_42_i_i|       pointer|
|C_stream_41_i_i_dout             |   in|   32|     ap_fifo|                                                C_stream_41_i_i|       pointer|
|C_stream_41_i_i_num_data_valid   |   in|    7|     ap_fifo|                                                C_stream_41_i_i|       pointer|
|C_stream_41_i_i_fifo_cap         |   in|    7|     ap_fifo|                                                C_stream_41_i_i|       pointer|
|C_stream_41_i_i_empty_n          |   in|    1|     ap_fifo|                                                C_stream_41_i_i|       pointer|
|C_stream_41_i_i_read             |  out|    1|     ap_fifo|                                                C_stream_41_i_i|       pointer|
|C_stream_40_i_i_dout             |   in|   32|     ap_fifo|                                                C_stream_40_i_i|       pointer|
|C_stream_40_i_i_num_data_valid   |   in|    7|     ap_fifo|                                                C_stream_40_i_i|       pointer|
|C_stream_40_i_i_fifo_cap         |   in|    7|     ap_fifo|                                                C_stream_40_i_i|       pointer|
|C_stream_40_i_i_empty_n          |   in|    1|     ap_fifo|                                                C_stream_40_i_i|       pointer|
|C_stream_40_i_i_read             |  out|    1|     ap_fifo|                                                C_stream_40_i_i|       pointer|
|C_stream_39_i_i_dout             |   in|   32|     ap_fifo|                                                C_stream_39_i_i|       pointer|
|C_stream_39_i_i_num_data_valid   |   in|    7|     ap_fifo|                                                C_stream_39_i_i|       pointer|
|C_stream_39_i_i_fifo_cap         |   in|    7|     ap_fifo|                                                C_stream_39_i_i|       pointer|
|C_stream_39_i_i_empty_n          |   in|    1|     ap_fifo|                                                C_stream_39_i_i|       pointer|
|C_stream_39_i_i_read             |  out|    1|     ap_fifo|                                                C_stream_39_i_i|       pointer|
|C_stream_38_i_i_dout             |   in|   32|     ap_fifo|                                                C_stream_38_i_i|       pointer|
|C_stream_38_i_i_num_data_valid   |   in|    7|     ap_fifo|                                                C_stream_38_i_i|       pointer|
|C_stream_38_i_i_fifo_cap         |   in|    7|     ap_fifo|                                                C_stream_38_i_i|       pointer|
|C_stream_38_i_i_empty_n          |   in|    1|     ap_fifo|                                                C_stream_38_i_i|       pointer|
|C_stream_38_i_i_read             |  out|    1|     ap_fifo|                                                C_stream_38_i_i|       pointer|
|C_stream_37_i_i_dout             |   in|   32|     ap_fifo|                                                C_stream_37_i_i|       pointer|
|C_stream_37_i_i_num_data_valid   |   in|    7|     ap_fifo|                                                C_stream_37_i_i|       pointer|
|C_stream_37_i_i_fifo_cap         |   in|    7|     ap_fifo|                                                C_stream_37_i_i|       pointer|
|C_stream_37_i_i_empty_n          |   in|    1|     ap_fifo|                                                C_stream_37_i_i|       pointer|
|C_stream_37_i_i_read             |  out|    1|     ap_fifo|                                                C_stream_37_i_i|       pointer|
|C_stream_36_i_i_dout             |   in|   32|     ap_fifo|                                                C_stream_36_i_i|       pointer|
|C_stream_36_i_i_num_data_valid   |   in|    7|     ap_fifo|                                                C_stream_36_i_i|       pointer|
|C_stream_36_i_i_fifo_cap         |   in|    7|     ap_fifo|                                                C_stream_36_i_i|       pointer|
|C_stream_36_i_i_empty_n          |   in|    1|     ap_fifo|                                                C_stream_36_i_i|       pointer|
|C_stream_36_i_i_read             |  out|    1|     ap_fifo|                                                C_stream_36_i_i|       pointer|
|C_stream_35_i_i_dout             |   in|   32|     ap_fifo|                                                C_stream_35_i_i|       pointer|
|C_stream_35_i_i_num_data_valid   |   in|    7|     ap_fifo|                                                C_stream_35_i_i|       pointer|
|C_stream_35_i_i_fifo_cap         |   in|    7|     ap_fifo|                                                C_stream_35_i_i|       pointer|
|C_stream_35_i_i_empty_n          |   in|    1|     ap_fifo|                                                C_stream_35_i_i|       pointer|
|C_stream_35_i_i_read             |  out|    1|     ap_fifo|                                                C_stream_35_i_i|       pointer|
|C_stream_34_i_i_dout             |   in|   32|     ap_fifo|                                                C_stream_34_i_i|       pointer|
|C_stream_34_i_i_num_data_valid   |   in|    7|     ap_fifo|                                                C_stream_34_i_i|       pointer|
|C_stream_34_i_i_fifo_cap         |   in|    7|     ap_fifo|                                                C_stream_34_i_i|       pointer|
|C_stream_34_i_i_empty_n          |   in|    1|     ap_fifo|                                                C_stream_34_i_i|       pointer|
|C_stream_34_i_i_read             |  out|    1|     ap_fifo|                                                C_stream_34_i_i|       pointer|
|C_stream_33_i_i_dout             |   in|   32|     ap_fifo|                                                C_stream_33_i_i|       pointer|
|C_stream_33_i_i_num_data_valid   |   in|    7|     ap_fifo|                                                C_stream_33_i_i|       pointer|
|C_stream_33_i_i_fifo_cap         |   in|    7|     ap_fifo|                                                C_stream_33_i_i|       pointer|
|C_stream_33_i_i_empty_n          |   in|    1|     ap_fifo|                                                C_stream_33_i_i|       pointer|
|C_stream_33_i_i_read             |  out|    1|     ap_fifo|                                                C_stream_33_i_i|       pointer|
|C_stream_32_i_i_dout             |   in|   32|     ap_fifo|                                                C_stream_32_i_i|       pointer|
|C_stream_32_i_i_num_data_valid   |   in|    7|     ap_fifo|                                                C_stream_32_i_i|       pointer|
|C_stream_32_i_i_fifo_cap         |   in|    7|     ap_fifo|                                                C_stream_32_i_i|       pointer|
|C_stream_32_i_i_empty_n          |   in|    1|     ap_fifo|                                                C_stream_32_i_i|       pointer|
|C_stream_32_i_i_read             |  out|    1|     ap_fifo|                                                C_stream_32_i_i|       pointer|
|C_stream_31_i_i_dout             |   in|   32|     ap_fifo|                                                C_stream_31_i_i|       pointer|
|C_stream_31_i_i_num_data_valid   |   in|    7|     ap_fifo|                                                C_stream_31_i_i|       pointer|
|C_stream_31_i_i_fifo_cap         |   in|    7|     ap_fifo|                                                C_stream_31_i_i|       pointer|
|C_stream_31_i_i_empty_n          |   in|    1|     ap_fifo|                                                C_stream_31_i_i|       pointer|
|C_stream_31_i_i_read             |  out|    1|     ap_fifo|                                                C_stream_31_i_i|       pointer|
|C_stream_30_i_i_dout             |   in|   32|     ap_fifo|                                                C_stream_30_i_i|       pointer|
|C_stream_30_i_i_num_data_valid   |   in|    7|     ap_fifo|                                                C_stream_30_i_i|       pointer|
|C_stream_30_i_i_fifo_cap         |   in|    7|     ap_fifo|                                                C_stream_30_i_i|       pointer|
|C_stream_30_i_i_empty_n          |   in|    1|     ap_fifo|                                                C_stream_30_i_i|       pointer|
|C_stream_30_i_i_read             |  out|    1|     ap_fifo|                                                C_stream_30_i_i|       pointer|
|C_stream_29_i_i_dout             |   in|   32|     ap_fifo|                                                C_stream_29_i_i|       pointer|
|C_stream_29_i_i_num_data_valid   |   in|    7|     ap_fifo|                                                C_stream_29_i_i|       pointer|
|C_stream_29_i_i_fifo_cap         |   in|    7|     ap_fifo|                                                C_stream_29_i_i|       pointer|
|C_stream_29_i_i_empty_n          |   in|    1|     ap_fifo|                                                C_stream_29_i_i|       pointer|
|C_stream_29_i_i_read             |  out|    1|     ap_fifo|                                                C_stream_29_i_i|       pointer|
|C_stream_28_i_i_dout             |   in|   32|     ap_fifo|                                                C_stream_28_i_i|       pointer|
|C_stream_28_i_i_num_data_valid   |   in|    7|     ap_fifo|                                                C_stream_28_i_i|       pointer|
|C_stream_28_i_i_fifo_cap         |   in|    7|     ap_fifo|                                                C_stream_28_i_i|       pointer|
|C_stream_28_i_i_empty_n          |   in|    1|     ap_fifo|                                                C_stream_28_i_i|       pointer|
|C_stream_28_i_i_read             |  out|    1|     ap_fifo|                                                C_stream_28_i_i|       pointer|
|C_stream_27_i_i_dout             |   in|   32|     ap_fifo|                                                C_stream_27_i_i|       pointer|
|C_stream_27_i_i_num_data_valid   |   in|    7|     ap_fifo|                                                C_stream_27_i_i|       pointer|
|C_stream_27_i_i_fifo_cap         |   in|    7|     ap_fifo|                                                C_stream_27_i_i|       pointer|
|C_stream_27_i_i_empty_n          |   in|    1|     ap_fifo|                                                C_stream_27_i_i|       pointer|
|C_stream_27_i_i_read             |  out|    1|     ap_fifo|                                                C_stream_27_i_i|       pointer|
|C_stream_26_i_i_dout             |   in|   32|     ap_fifo|                                                C_stream_26_i_i|       pointer|
|C_stream_26_i_i_num_data_valid   |   in|    7|     ap_fifo|                                                C_stream_26_i_i|       pointer|
|C_stream_26_i_i_fifo_cap         |   in|    7|     ap_fifo|                                                C_stream_26_i_i|       pointer|
|C_stream_26_i_i_empty_n          |   in|    1|     ap_fifo|                                                C_stream_26_i_i|       pointer|
|C_stream_26_i_i_read             |  out|    1|     ap_fifo|                                                C_stream_26_i_i|       pointer|
|C_stream_25_i_i_dout             |   in|   32|     ap_fifo|                                                C_stream_25_i_i|       pointer|
|C_stream_25_i_i_num_data_valid   |   in|    7|     ap_fifo|                                                C_stream_25_i_i|       pointer|
|C_stream_25_i_i_fifo_cap         |   in|    7|     ap_fifo|                                                C_stream_25_i_i|       pointer|
|C_stream_25_i_i_empty_n          |   in|    1|     ap_fifo|                                                C_stream_25_i_i|       pointer|
|C_stream_25_i_i_read             |  out|    1|     ap_fifo|                                                C_stream_25_i_i|       pointer|
|C_stream_24_i_i_dout             |   in|   32|     ap_fifo|                                                C_stream_24_i_i|       pointer|
|C_stream_24_i_i_num_data_valid   |   in|    7|     ap_fifo|                                                C_stream_24_i_i|       pointer|
|C_stream_24_i_i_fifo_cap         |   in|    7|     ap_fifo|                                                C_stream_24_i_i|       pointer|
|C_stream_24_i_i_empty_n          |   in|    1|     ap_fifo|                                                C_stream_24_i_i|       pointer|
|C_stream_24_i_i_read             |  out|    1|     ap_fifo|                                                C_stream_24_i_i|       pointer|
|C_stream_23_i_i_dout             |   in|   32|     ap_fifo|                                                C_stream_23_i_i|       pointer|
|C_stream_23_i_i_num_data_valid   |   in|    7|     ap_fifo|                                                C_stream_23_i_i|       pointer|
|C_stream_23_i_i_fifo_cap         |   in|    7|     ap_fifo|                                                C_stream_23_i_i|       pointer|
|C_stream_23_i_i_empty_n          |   in|    1|     ap_fifo|                                                C_stream_23_i_i|       pointer|
|C_stream_23_i_i_read             |  out|    1|     ap_fifo|                                                C_stream_23_i_i|       pointer|
|C_stream_22_i_i_dout             |   in|   32|     ap_fifo|                                                C_stream_22_i_i|       pointer|
|C_stream_22_i_i_num_data_valid   |   in|    7|     ap_fifo|                                                C_stream_22_i_i|       pointer|
|C_stream_22_i_i_fifo_cap         |   in|    7|     ap_fifo|                                                C_stream_22_i_i|       pointer|
|C_stream_22_i_i_empty_n          |   in|    1|     ap_fifo|                                                C_stream_22_i_i|       pointer|
|C_stream_22_i_i_read             |  out|    1|     ap_fifo|                                                C_stream_22_i_i|       pointer|
|C_stream_21_i_i_dout             |   in|   32|     ap_fifo|                                                C_stream_21_i_i|       pointer|
|C_stream_21_i_i_num_data_valid   |   in|    7|     ap_fifo|                                                C_stream_21_i_i|       pointer|
|C_stream_21_i_i_fifo_cap         |   in|    7|     ap_fifo|                                                C_stream_21_i_i|       pointer|
|C_stream_21_i_i_empty_n          |   in|    1|     ap_fifo|                                                C_stream_21_i_i|       pointer|
|C_stream_21_i_i_read             |  out|    1|     ap_fifo|                                                C_stream_21_i_i|       pointer|
|C_stream_20_i_i_dout             |   in|   32|     ap_fifo|                                                C_stream_20_i_i|       pointer|
|C_stream_20_i_i_num_data_valid   |   in|    7|     ap_fifo|                                                C_stream_20_i_i|       pointer|
|C_stream_20_i_i_fifo_cap         |   in|    7|     ap_fifo|                                                C_stream_20_i_i|       pointer|
|C_stream_20_i_i_empty_n          |   in|    1|     ap_fifo|                                                C_stream_20_i_i|       pointer|
|C_stream_20_i_i_read             |  out|    1|     ap_fifo|                                                C_stream_20_i_i|       pointer|
|C_stream_19_i_i_dout             |   in|   32|     ap_fifo|                                                C_stream_19_i_i|       pointer|
|C_stream_19_i_i_num_data_valid   |   in|    7|     ap_fifo|                                                C_stream_19_i_i|       pointer|
|C_stream_19_i_i_fifo_cap         |   in|    7|     ap_fifo|                                                C_stream_19_i_i|       pointer|
|C_stream_19_i_i_empty_n          |   in|    1|     ap_fifo|                                                C_stream_19_i_i|       pointer|
|C_stream_19_i_i_read             |  out|    1|     ap_fifo|                                                C_stream_19_i_i|       pointer|
|C_stream_18_i_i_dout             |   in|   32|     ap_fifo|                                                C_stream_18_i_i|       pointer|
|C_stream_18_i_i_num_data_valid   |   in|    7|     ap_fifo|                                                C_stream_18_i_i|       pointer|
|C_stream_18_i_i_fifo_cap         |   in|    7|     ap_fifo|                                                C_stream_18_i_i|       pointer|
|C_stream_18_i_i_empty_n          |   in|    1|     ap_fifo|                                                C_stream_18_i_i|       pointer|
|C_stream_18_i_i_read             |  out|    1|     ap_fifo|                                                C_stream_18_i_i|       pointer|
|C_stream_17_i_i_dout             |   in|   32|     ap_fifo|                                                C_stream_17_i_i|       pointer|
|C_stream_17_i_i_num_data_valid   |   in|    7|     ap_fifo|                                                C_stream_17_i_i|       pointer|
|C_stream_17_i_i_fifo_cap         |   in|    7|     ap_fifo|                                                C_stream_17_i_i|       pointer|
|C_stream_17_i_i_empty_n          |   in|    1|     ap_fifo|                                                C_stream_17_i_i|       pointer|
|C_stream_17_i_i_read             |  out|    1|     ap_fifo|                                                C_stream_17_i_i|       pointer|
|C_stream_16_i_i_dout             |   in|   32|     ap_fifo|                                                C_stream_16_i_i|       pointer|
|C_stream_16_i_i_num_data_valid   |   in|    7|     ap_fifo|                                                C_stream_16_i_i|       pointer|
|C_stream_16_i_i_fifo_cap         |   in|    7|     ap_fifo|                                                C_stream_16_i_i|       pointer|
|C_stream_16_i_i_empty_n          |   in|    1|     ap_fifo|                                                C_stream_16_i_i|       pointer|
|C_stream_16_i_i_read             |  out|    1|     ap_fifo|                                                C_stream_16_i_i|       pointer|
|C_stream_15_i_i_dout             |   in|   32|     ap_fifo|                                                C_stream_15_i_i|       pointer|
|C_stream_15_i_i_num_data_valid   |   in|    7|     ap_fifo|                                                C_stream_15_i_i|       pointer|
|C_stream_15_i_i_fifo_cap         |   in|    7|     ap_fifo|                                                C_stream_15_i_i|       pointer|
|C_stream_15_i_i_empty_n          |   in|    1|     ap_fifo|                                                C_stream_15_i_i|       pointer|
|C_stream_15_i_i_read             |  out|    1|     ap_fifo|                                                C_stream_15_i_i|       pointer|
|C_stream_14_i_i_dout             |   in|   32|     ap_fifo|                                                C_stream_14_i_i|       pointer|
|C_stream_14_i_i_num_data_valid   |   in|    7|     ap_fifo|                                                C_stream_14_i_i|       pointer|
|C_stream_14_i_i_fifo_cap         |   in|    7|     ap_fifo|                                                C_stream_14_i_i|       pointer|
|C_stream_14_i_i_empty_n          |   in|    1|     ap_fifo|                                                C_stream_14_i_i|       pointer|
|C_stream_14_i_i_read             |  out|    1|     ap_fifo|                                                C_stream_14_i_i|       pointer|
|C_stream_13_i_i_dout             |   in|   32|     ap_fifo|                                                C_stream_13_i_i|       pointer|
|C_stream_13_i_i_num_data_valid   |   in|    7|     ap_fifo|                                                C_stream_13_i_i|       pointer|
|C_stream_13_i_i_fifo_cap         |   in|    7|     ap_fifo|                                                C_stream_13_i_i|       pointer|
|C_stream_13_i_i_empty_n          |   in|    1|     ap_fifo|                                                C_stream_13_i_i|       pointer|
|C_stream_13_i_i_read             |  out|    1|     ap_fifo|                                                C_stream_13_i_i|       pointer|
|C_stream_12_i_i_dout             |   in|   32|     ap_fifo|                                                C_stream_12_i_i|       pointer|
|C_stream_12_i_i_num_data_valid   |   in|    7|     ap_fifo|                                                C_stream_12_i_i|       pointer|
|C_stream_12_i_i_fifo_cap         |   in|    7|     ap_fifo|                                                C_stream_12_i_i|       pointer|
|C_stream_12_i_i_empty_n          |   in|    1|     ap_fifo|                                                C_stream_12_i_i|       pointer|
|C_stream_12_i_i_read             |  out|    1|     ap_fifo|                                                C_stream_12_i_i|       pointer|
|C_stream_11_i_i_dout             |   in|   32|     ap_fifo|                                                C_stream_11_i_i|       pointer|
|C_stream_11_i_i_num_data_valid   |   in|    7|     ap_fifo|                                                C_stream_11_i_i|       pointer|
|C_stream_11_i_i_fifo_cap         |   in|    7|     ap_fifo|                                                C_stream_11_i_i|       pointer|
|C_stream_11_i_i_empty_n          |   in|    1|     ap_fifo|                                                C_stream_11_i_i|       pointer|
|C_stream_11_i_i_read             |  out|    1|     ap_fifo|                                                C_stream_11_i_i|       pointer|
|C_stream_10_i_i_dout             |   in|   32|     ap_fifo|                                                C_stream_10_i_i|       pointer|
|C_stream_10_i_i_num_data_valid   |   in|    7|     ap_fifo|                                                C_stream_10_i_i|       pointer|
|C_stream_10_i_i_fifo_cap         |   in|    7|     ap_fifo|                                                C_stream_10_i_i|       pointer|
|C_stream_10_i_i_empty_n          |   in|    1|     ap_fifo|                                                C_stream_10_i_i|       pointer|
|C_stream_10_i_i_read             |  out|    1|     ap_fifo|                                                C_stream_10_i_i|       pointer|
|C_stream_9_i_i_dout              |   in|   32|     ap_fifo|                                                 C_stream_9_i_i|       pointer|
|C_stream_9_i_i_num_data_valid    |   in|    7|     ap_fifo|                                                 C_stream_9_i_i|       pointer|
|C_stream_9_i_i_fifo_cap          |   in|    7|     ap_fifo|                                                 C_stream_9_i_i|       pointer|
|C_stream_9_i_i_empty_n           |   in|    1|     ap_fifo|                                                 C_stream_9_i_i|       pointer|
|C_stream_9_i_i_read              |  out|    1|     ap_fifo|                                                 C_stream_9_i_i|       pointer|
|C_stream_8_i_i_dout              |   in|   32|     ap_fifo|                                                 C_stream_8_i_i|       pointer|
|C_stream_8_i_i_num_data_valid    |   in|    7|     ap_fifo|                                                 C_stream_8_i_i|       pointer|
|C_stream_8_i_i_fifo_cap          |   in|    7|     ap_fifo|                                                 C_stream_8_i_i|       pointer|
|C_stream_8_i_i_empty_n           |   in|    1|     ap_fifo|                                                 C_stream_8_i_i|       pointer|
|C_stream_8_i_i_read              |  out|    1|     ap_fifo|                                                 C_stream_8_i_i|       pointer|
|C_stream_7_i_i_dout              |   in|   32|     ap_fifo|                                                 C_stream_7_i_i|       pointer|
|C_stream_7_i_i_num_data_valid    |   in|    7|     ap_fifo|                                                 C_stream_7_i_i|       pointer|
|C_stream_7_i_i_fifo_cap          |   in|    7|     ap_fifo|                                                 C_stream_7_i_i|       pointer|
|C_stream_7_i_i_empty_n           |   in|    1|     ap_fifo|                                                 C_stream_7_i_i|       pointer|
|C_stream_7_i_i_read              |  out|    1|     ap_fifo|                                                 C_stream_7_i_i|       pointer|
|C_stream_6_i_i_dout              |   in|   32|     ap_fifo|                                                 C_stream_6_i_i|       pointer|
|C_stream_6_i_i_num_data_valid    |   in|    7|     ap_fifo|                                                 C_stream_6_i_i|       pointer|
|C_stream_6_i_i_fifo_cap          |   in|    7|     ap_fifo|                                                 C_stream_6_i_i|       pointer|
|C_stream_6_i_i_empty_n           |   in|    1|     ap_fifo|                                                 C_stream_6_i_i|       pointer|
|C_stream_6_i_i_read              |  out|    1|     ap_fifo|                                                 C_stream_6_i_i|       pointer|
|C_stream_5_i_i_dout              |   in|   32|     ap_fifo|                                                 C_stream_5_i_i|       pointer|
|C_stream_5_i_i_num_data_valid    |   in|    7|     ap_fifo|                                                 C_stream_5_i_i|       pointer|
|C_stream_5_i_i_fifo_cap          |   in|    7|     ap_fifo|                                                 C_stream_5_i_i|       pointer|
|C_stream_5_i_i_empty_n           |   in|    1|     ap_fifo|                                                 C_stream_5_i_i|       pointer|
|C_stream_5_i_i_read              |  out|    1|     ap_fifo|                                                 C_stream_5_i_i|       pointer|
|C_stream_4_i_i_dout              |   in|   32|     ap_fifo|                                                 C_stream_4_i_i|       pointer|
|C_stream_4_i_i_num_data_valid    |   in|    7|     ap_fifo|                                                 C_stream_4_i_i|       pointer|
|C_stream_4_i_i_fifo_cap          |   in|    7|     ap_fifo|                                                 C_stream_4_i_i|       pointer|
|C_stream_4_i_i_empty_n           |   in|    1|     ap_fifo|                                                 C_stream_4_i_i|       pointer|
|C_stream_4_i_i_read              |  out|    1|     ap_fifo|                                                 C_stream_4_i_i|       pointer|
|C_stream_3_i_i_dout              |   in|   32|     ap_fifo|                                                 C_stream_3_i_i|       pointer|
|C_stream_3_i_i_num_data_valid    |   in|    7|     ap_fifo|                                                 C_stream_3_i_i|       pointer|
|C_stream_3_i_i_fifo_cap          |   in|    7|     ap_fifo|                                                 C_stream_3_i_i|       pointer|
|C_stream_3_i_i_empty_n           |   in|    1|     ap_fifo|                                                 C_stream_3_i_i|       pointer|
|C_stream_3_i_i_read              |  out|    1|     ap_fifo|                                                 C_stream_3_i_i|       pointer|
|C_stream_2_i_i_dout              |   in|   32|     ap_fifo|                                                 C_stream_2_i_i|       pointer|
|C_stream_2_i_i_num_data_valid    |   in|    7|     ap_fifo|                                                 C_stream_2_i_i|       pointer|
|C_stream_2_i_i_fifo_cap          |   in|    7|     ap_fifo|                                                 C_stream_2_i_i|       pointer|
|C_stream_2_i_i_empty_n           |   in|    1|     ap_fifo|                                                 C_stream_2_i_i|       pointer|
|C_stream_2_i_i_read              |  out|    1|     ap_fifo|                                                 C_stream_2_i_i|       pointer|
|C_stream_1_i_i_dout              |   in|   32|     ap_fifo|                                                 C_stream_1_i_i|       pointer|
|C_stream_1_i_i_num_data_valid    |   in|    7|     ap_fifo|                                                 C_stream_1_i_i|       pointer|
|C_stream_1_i_i_fifo_cap          |   in|    7|     ap_fifo|                                                 C_stream_1_i_i|       pointer|
|C_stream_1_i_i_empty_n           |   in|    1|     ap_fifo|                                                 C_stream_1_i_i|       pointer|
|C_stream_1_i_i_read              |  out|    1|     ap_fifo|                                                 C_stream_1_i_i|       pointer|
|C_stream_i_i_dout                |   in|   32|     ap_fifo|                                                   C_stream_i_i|       pointer|
|C_stream_i_i_num_data_valid      |   in|    7|     ap_fifo|                                                   C_stream_i_i|       pointer|
|C_stream_i_i_fifo_cap            |   in|    7|     ap_fifo|                                                   C_stream_i_i|       pointer|
|C_stream_i_i_empty_n             |   in|    1|     ap_fifo|                                                   C_stream_i_i|       pointer|
|C_stream_i_i_read                |  out|    1|     ap_fifo|                                                   C_stream_i_i|       pointer|
|C_out_7_7_din                    |  out|  512|     ap_fifo|                                                      C_out_7_7|       pointer|
|C_out_7_7_num_data_valid         |   in|    5|     ap_fifo|                                                      C_out_7_7|       pointer|
|C_out_7_7_fifo_cap               |   in|    5|     ap_fifo|                                                      C_out_7_7|       pointer|
|C_out_7_7_full_n                 |   in|    1|     ap_fifo|                                                      C_out_7_7|       pointer|
|C_out_7_7_write                  |  out|    1|     ap_fifo|                                                      C_out_7_7|       pointer|
|C_out_7_0_din                    |  out|  512|     ap_fifo|                                                      C_out_7_0|       pointer|
|C_out_7_0_num_data_valid         |   in|    5|     ap_fifo|                                                      C_out_7_0|       pointer|
|C_out_7_0_fifo_cap               |   in|    5|     ap_fifo|                                                      C_out_7_0|       pointer|
|C_out_7_0_full_n                 |   in|    1|     ap_fifo|                                                      C_out_7_0|       pointer|
|C_out_7_0_write                  |  out|    1|     ap_fifo|                                                      C_out_7_0|       pointer|
|C_out_7_1_din                    |  out|  512|     ap_fifo|                                                      C_out_7_1|       pointer|
|C_out_7_1_num_data_valid         |   in|    5|     ap_fifo|                                                      C_out_7_1|       pointer|
|C_out_7_1_fifo_cap               |   in|    5|     ap_fifo|                                                      C_out_7_1|       pointer|
|C_out_7_1_full_n                 |   in|    1|     ap_fifo|                                                      C_out_7_1|       pointer|
|C_out_7_1_write                  |  out|    1|     ap_fifo|                                                      C_out_7_1|       pointer|
|C_out_7_2_din                    |  out|  512|     ap_fifo|                                                      C_out_7_2|       pointer|
|C_out_7_2_num_data_valid         |   in|    5|     ap_fifo|                                                      C_out_7_2|       pointer|
|C_out_7_2_fifo_cap               |   in|    5|     ap_fifo|                                                      C_out_7_2|       pointer|
|C_out_7_2_full_n                 |   in|    1|     ap_fifo|                                                      C_out_7_2|       pointer|
|C_out_7_2_write                  |  out|    1|     ap_fifo|                                                      C_out_7_2|       pointer|
|C_out_7_3_din                    |  out|  512|     ap_fifo|                                                      C_out_7_3|       pointer|
|C_out_7_3_num_data_valid         |   in|    5|     ap_fifo|                                                      C_out_7_3|       pointer|
|C_out_7_3_fifo_cap               |   in|    5|     ap_fifo|                                                      C_out_7_3|       pointer|
|C_out_7_3_full_n                 |   in|    1|     ap_fifo|                                                      C_out_7_3|       pointer|
|C_out_7_3_write                  |  out|    1|     ap_fifo|                                                      C_out_7_3|       pointer|
|C_out_7_4_din                    |  out|  512|     ap_fifo|                                                      C_out_7_4|       pointer|
|C_out_7_4_num_data_valid         |   in|    5|     ap_fifo|                                                      C_out_7_4|       pointer|
|C_out_7_4_fifo_cap               |   in|    5|     ap_fifo|                                                      C_out_7_4|       pointer|
|C_out_7_4_full_n                 |   in|    1|     ap_fifo|                                                      C_out_7_4|       pointer|
|C_out_7_4_write                  |  out|    1|     ap_fifo|                                                      C_out_7_4|       pointer|
|C_out_7_5_din                    |  out|  512|     ap_fifo|                                                      C_out_7_5|       pointer|
|C_out_7_5_num_data_valid         |   in|    5|     ap_fifo|                                                      C_out_7_5|       pointer|
|C_out_7_5_fifo_cap               |   in|    5|     ap_fifo|                                                      C_out_7_5|       pointer|
|C_out_7_5_full_n                 |   in|    1|     ap_fifo|                                                      C_out_7_5|       pointer|
|C_out_7_5_write                  |  out|    1|     ap_fifo|                                                      C_out_7_5|       pointer|
|C_out_7_6_din                    |  out|  512|     ap_fifo|                                                      C_out_7_6|       pointer|
|C_out_7_6_num_data_valid         |   in|    5|     ap_fifo|                                                      C_out_7_6|       pointer|
|C_out_7_6_fifo_cap               |   in|    5|     ap_fifo|                                                      C_out_7_6|       pointer|
|C_out_7_6_full_n                 |   in|    1|     ap_fifo|                                                      C_out_7_6|       pointer|
|C_out_7_6_write                  |  out|    1|     ap_fifo|                                                      C_out_7_6|       pointer|
|C_out_0_7_din                    |  out|  512|     ap_fifo|                                                      C_out_0_7|       pointer|
|C_out_0_7_num_data_valid         |   in|    5|     ap_fifo|                                                      C_out_0_7|       pointer|
|C_out_0_7_fifo_cap               |   in|    5|     ap_fifo|                                                      C_out_0_7|       pointer|
|C_out_0_7_full_n                 |   in|    1|     ap_fifo|                                                      C_out_0_7|       pointer|
|C_out_0_7_write                  |  out|    1|     ap_fifo|                                                      C_out_0_7|       pointer|
|C_out_0_0_din                    |  out|  512|     ap_fifo|                                                      C_out_0_0|       pointer|
|C_out_0_0_num_data_valid         |   in|    5|     ap_fifo|                                                      C_out_0_0|       pointer|
|C_out_0_0_fifo_cap               |   in|    5|     ap_fifo|                                                      C_out_0_0|       pointer|
|C_out_0_0_full_n                 |   in|    1|     ap_fifo|                                                      C_out_0_0|       pointer|
|C_out_0_0_write                  |  out|    1|     ap_fifo|                                                      C_out_0_0|       pointer|
|C_out_0_1_din                    |  out|  512|     ap_fifo|                                                      C_out_0_1|       pointer|
|C_out_0_1_num_data_valid         |   in|    5|     ap_fifo|                                                      C_out_0_1|       pointer|
|C_out_0_1_fifo_cap               |   in|    5|     ap_fifo|                                                      C_out_0_1|       pointer|
|C_out_0_1_full_n                 |   in|    1|     ap_fifo|                                                      C_out_0_1|       pointer|
|C_out_0_1_write                  |  out|    1|     ap_fifo|                                                      C_out_0_1|       pointer|
|C_out_0_2_din                    |  out|  512|     ap_fifo|                                                      C_out_0_2|       pointer|
|C_out_0_2_num_data_valid         |   in|    5|     ap_fifo|                                                      C_out_0_2|       pointer|
|C_out_0_2_fifo_cap               |   in|    5|     ap_fifo|                                                      C_out_0_2|       pointer|
|C_out_0_2_full_n                 |   in|    1|     ap_fifo|                                                      C_out_0_2|       pointer|
|C_out_0_2_write                  |  out|    1|     ap_fifo|                                                      C_out_0_2|       pointer|
|C_out_0_3_din                    |  out|  512|     ap_fifo|                                                      C_out_0_3|       pointer|
|C_out_0_3_num_data_valid         |   in|    5|     ap_fifo|                                                      C_out_0_3|       pointer|
|C_out_0_3_fifo_cap               |   in|    5|     ap_fifo|                                                      C_out_0_3|       pointer|
|C_out_0_3_full_n                 |   in|    1|     ap_fifo|                                                      C_out_0_3|       pointer|
|C_out_0_3_write                  |  out|    1|     ap_fifo|                                                      C_out_0_3|       pointer|
|C_out_0_4_din                    |  out|  512|     ap_fifo|                                                      C_out_0_4|       pointer|
|C_out_0_4_num_data_valid         |   in|    5|     ap_fifo|                                                      C_out_0_4|       pointer|
|C_out_0_4_fifo_cap               |   in|    5|     ap_fifo|                                                      C_out_0_4|       pointer|
|C_out_0_4_full_n                 |   in|    1|     ap_fifo|                                                      C_out_0_4|       pointer|
|C_out_0_4_write                  |  out|    1|     ap_fifo|                                                      C_out_0_4|       pointer|
|C_out_0_5_din                    |  out|  512|     ap_fifo|                                                      C_out_0_5|       pointer|
|C_out_0_5_num_data_valid         |   in|    5|     ap_fifo|                                                      C_out_0_5|       pointer|
|C_out_0_5_fifo_cap               |   in|    5|     ap_fifo|                                                      C_out_0_5|       pointer|
|C_out_0_5_full_n                 |   in|    1|     ap_fifo|                                                      C_out_0_5|       pointer|
|C_out_0_5_write                  |  out|    1|     ap_fifo|                                                      C_out_0_5|       pointer|
|C_out_0_6_din                    |  out|  512|     ap_fifo|                                                      C_out_0_6|       pointer|
|C_out_0_6_num_data_valid         |   in|    5|     ap_fifo|                                                      C_out_0_6|       pointer|
|C_out_0_6_fifo_cap               |   in|    5|     ap_fifo|                                                      C_out_0_6|       pointer|
|C_out_0_6_full_n                 |   in|    1|     ap_fifo|                                                      C_out_0_6|       pointer|
|C_out_0_6_write                  |  out|    1|     ap_fifo|                                                      C_out_0_6|       pointer|
|C_out_1_7_din                    |  out|  512|     ap_fifo|                                                      C_out_1_7|       pointer|
|C_out_1_7_num_data_valid         |   in|    5|     ap_fifo|                                                      C_out_1_7|       pointer|
|C_out_1_7_fifo_cap               |   in|    5|     ap_fifo|                                                      C_out_1_7|       pointer|
|C_out_1_7_full_n                 |   in|    1|     ap_fifo|                                                      C_out_1_7|       pointer|
|C_out_1_7_write                  |  out|    1|     ap_fifo|                                                      C_out_1_7|       pointer|
|C_out_1_0_din                    |  out|  512|     ap_fifo|                                                      C_out_1_0|       pointer|
|C_out_1_0_num_data_valid         |   in|    5|     ap_fifo|                                                      C_out_1_0|       pointer|
|C_out_1_0_fifo_cap               |   in|    5|     ap_fifo|                                                      C_out_1_0|       pointer|
|C_out_1_0_full_n                 |   in|    1|     ap_fifo|                                                      C_out_1_0|       pointer|
|C_out_1_0_write                  |  out|    1|     ap_fifo|                                                      C_out_1_0|       pointer|
|C_out_1_1_din                    |  out|  512|     ap_fifo|                                                      C_out_1_1|       pointer|
|C_out_1_1_num_data_valid         |   in|    5|     ap_fifo|                                                      C_out_1_1|       pointer|
|C_out_1_1_fifo_cap               |   in|    5|     ap_fifo|                                                      C_out_1_1|       pointer|
|C_out_1_1_full_n                 |   in|    1|     ap_fifo|                                                      C_out_1_1|       pointer|
|C_out_1_1_write                  |  out|    1|     ap_fifo|                                                      C_out_1_1|       pointer|
|C_out_1_2_din                    |  out|  512|     ap_fifo|                                                      C_out_1_2|       pointer|
|C_out_1_2_num_data_valid         |   in|    5|     ap_fifo|                                                      C_out_1_2|       pointer|
|C_out_1_2_fifo_cap               |   in|    5|     ap_fifo|                                                      C_out_1_2|       pointer|
|C_out_1_2_full_n                 |   in|    1|     ap_fifo|                                                      C_out_1_2|       pointer|
|C_out_1_2_write                  |  out|    1|     ap_fifo|                                                      C_out_1_2|       pointer|
|C_out_1_3_din                    |  out|  512|     ap_fifo|                                                      C_out_1_3|       pointer|
|C_out_1_3_num_data_valid         |   in|    5|     ap_fifo|                                                      C_out_1_3|       pointer|
|C_out_1_3_fifo_cap               |   in|    5|     ap_fifo|                                                      C_out_1_3|       pointer|
|C_out_1_3_full_n                 |   in|    1|     ap_fifo|                                                      C_out_1_3|       pointer|
|C_out_1_3_write                  |  out|    1|     ap_fifo|                                                      C_out_1_3|       pointer|
|C_out_1_4_din                    |  out|  512|     ap_fifo|                                                      C_out_1_4|       pointer|
|C_out_1_4_num_data_valid         |   in|    5|     ap_fifo|                                                      C_out_1_4|       pointer|
|C_out_1_4_fifo_cap               |   in|    5|     ap_fifo|                                                      C_out_1_4|       pointer|
|C_out_1_4_full_n                 |   in|    1|     ap_fifo|                                                      C_out_1_4|       pointer|
|C_out_1_4_write                  |  out|    1|     ap_fifo|                                                      C_out_1_4|       pointer|
|C_out_1_5_din                    |  out|  512|     ap_fifo|                                                      C_out_1_5|       pointer|
|C_out_1_5_num_data_valid         |   in|    5|     ap_fifo|                                                      C_out_1_5|       pointer|
|C_out_1_5_fifo_cap               |   in|    5|     ap_fifo|                                                      C_out_1_5|       pointer|
|C_out_1_5_full_n                 |   in|    1|     ap_fifo|                                                      C_out_1_5|       pointer|
|C_out_1_5_write                  |  out|    1|     ap_fifo|                                                      C_out_1_5|       pointer|
|C_out_1_6_din                    |  out|  512|     ap_fifo|                                                      C_out_1_6|       pointer|
|C_out_1_6_num_data_valid         |   in|    5|     ap_fifo|                                                      C_out_1_6|       pointer|
|C_out_1_6_fifo_cap               |   in|    5|     ap_fifo|                                                      C_out_1_6|       pointer|
|C_out_1_6_full_n                 |   in|    1|     ap_fifo|                                                      C_out_1_6|       pointer|
|C_out_1_6_write                  |  out|    1|     ap_fifo|                                                      C_out_1_6|       pointer|
|C_out_2_7_din                    |  out|  512|     ap_fifo|                                                      C_out_2_7|       pointer|
|C_out_2_7_num_data_valid         |   in|    5|     ap_fifo|                                                      C_out_2_7|       pointer|
|C_out_2_7_fifo_cap               |   in|    5|     ap_fifo|                                                      C_out_2_7|       pointer|
|C_out_2_7_full_n                 |   in|    1|     ap_fifo|                                                      C_out_2_7|       pointer|
|C_out_2_7_write                  |  out|    1|     ap_fifo|                                                      C_out_2_7|       pointer|
|C_out_2_0_din                    |  out|  512|     ap_fifo|                                                      C_out_2_0|       pointer|
|C_out_2_0_num_data_valid         |   in|    5|     ap_fifo|                                                      C_out_2_0|       pointer|
|C_out_2_0_fifo_cap               |   in|    5|     ap_fifo|                                                      C_out_2_0|       pointer|
|C_out_2_0_full_n                 |   in|    1|     ap_fifo|                                                      C_out_2_0|       pointer|
|C_out_2_0_write                  |  out|    1|     ap_fifo|                                                      C_out_2_0|       pointer|
|C_out_2_1_din                    |  out|  512|     ap_fifo|                                                      C_out_2_1|       pointer|
|C_out_2_1_num_data_valid         |   in|    5|     ap_fifo|                                                      C_out_2_1|       pointer|
|C_out_2_1_fifo_cap               |   in|    5|     ap_fifo|                                                      C_out_2_1|       pointer|
|C_out_2_1_full_n                 |   in|    1|     ap_fifo|                                                      C_out_2_1|       pointer|
|C_out_2_1_write                  |  out|    1|     ap_fifo|                                                      C_out_2_1|       pointer|
|C_out_2_2_din                    |  out|  512|     ap_fifo|                                                      C_out_2_2|       pointer|
|C_out_2_2_num_data_valid         |   in|    5|     ap_fifo|                                                      C_out_2_2|       pointer|
|C_out_2_2_fifo_cap               |   in|    5|     ap_fifo|                                                      C_out_2_2|       pointer|
|C_out_2_2_full_n                 |   in|    1|     ap_fifo|                                                      C_out_2_2|       pointer|
|C_out_2_2_write                  |  out|    1|     ap_fifo|                                                      C_out_2_2|       pointer|
|C_out_2_3_din                    |  out|  512|     ap_fifo|                                                      C_out_2_3|       pointer|
|C_out_2_3_num_data_valid         |   in|    5|     ap_fifo|                                                      C_out_2_3|       pointer|
|C_out_2_3_fifo_cap               |   in|    5|     ap_fifo|                                                      C_out_2_3|       pointer|
|C_out_2_3_full_n                 |   in|    1|     ap_fifo|                                                      C_out_2_3|       pointer|
|C_out_2_3_write                  |  out|    1|     ap_fifo|                                                      C_out_2_3|       pointer|
|C_out_2_4_din                    |  out|  512|     ap_fifo|                                                      C_out_2_4|       pointer|
|C_out_2_4_num_data_valid         |   in|    5|     ap_fifo|                                                      C_out_2_4|       pointer|
|C_out_2_4_fifo_cap               |   in|    5|     ap_fifo|                                                      C_out_2_4|       pointer|
|C_out_2_4_full_n                 |   in|    1|     ap_fifo|                                                      C_out_2_4|       pointer|
|C_out_2_4_write                  |  out|    1|     ap_fifo|                                                      C_out_2_4|       pointer|
|C_out_2_5_din                    |  out|  512|     ap_fifo|                                                      C_out_2_5|       pointer|
|C_out_2_5_num_data_valid         |   in|    5|     ap_fifo|                                                      C_out_2_5|       pointer|
|C_out_2_5_fifo_cap               |   in|    5|     ap_fifo|                                                      C_out_2_5|       pointer|
|C_out_2_5_full_n                 |   in|    1|     ap_fifo|                                                      C_out_2_5|       pointer|
|C_out_2_5_write                  |  out|    1|     ap_fifo|                                                      C_out_2_5|       pointer|
|C_out_2_6_din                    |  out|  512|     ap_fifo|                                                      C_out_2_6|       pointer|
|C_out_2_6_num_data_valid         |   in|    5|     ap_fifo|                                                      C_out_2_6|       pointer|
|C_out_2_6_fifo_cap               |   in|    5|     ap_fifo|                                                      C_out_2_6|       pointer|
|C_out_2_6_full_n                 |   in|    1|     ap_fifo|                                                      C_out_2_6|       pointer|
|C_out_2_6_write                  |  out|    1|     ap_fifo|                                                      C_out_2_6|       pointer|
|C_out_3_7_din                    |  out|  512|     ap_fifo|                                                      C_out_3_7|       pointer|
|C_out_3_7_num_data_valid         |   in|    5|     ap_fifo|                                                      C_out_3_7|       pointer|
|C_out_3_7_fifo_cap               |   in|    5|     ap_fifo|                                                      C_out_3_7|       pointer|
|C_out_3_7_full_n                 |   in|    1|     ap_fifo|                                                      C_out_3_7|       pointer|
|C_out_3_7_write                  |  out|    1|     ap_fifo|                                                      C_out_3_7|       pointer|
|C_out_3_0_din                    |  out|  512|     ap_fifo|                                                      C_out_3_0|       pointer|
|C_out_3_0_num_data_valid         |   in|    5|     ap_fifo|                                                      C_out_3_0|       pointer|
|C_out_3_0_fifo_cap               |   in|    5|     ap_fifo|                                                      C_out_3_0|       pointer|
|C_out_3_0_full_n                 |   in|    1|     ap_fifo|                                                      C_out_3_0|       pointer|
|C_out_3_0_write                  |  out|    1|     ap_fifo|                                                      C_out_3_0|       pointer|
|C_out_3_1_din                    |  out|  512|     ap_fifo|                                                      C_out_3_1|       pointer|
|C_out_3_1_num_data_valid         |   in|    5|     ap_fifo|                                                      C_out_3_1|       pointer|
|C_out_3_1_fifo_cap               |   in|    5|     ap_fifo|                                                      C_out_3_1|       pointer|
|C_out_3_1_full_n                 |   in|    1|     ap_fifo|                                                      C_out_3_1|       pointer|
|C_out_3_1_write                  |  out|    1|     ap_fifo|                                                      C_out_3_1|       pointer|
|C_out_3_2_din                    |  out|  512|     ap_fifo|                                                      C_out_3_2|       pointer|
|C_out_3_2_num_data_valid         |   in|    5|     ap_fifo|                                                      C_out_3_2|       pointer|
|C_out_3_2_fifo_cap               |   in|    5|     ap_fifo|                                                      C_out_3_2|       pointer|
|C_out_3_2_full_n                 |   in|    1|     ap_fifo|                                                      C_out_3_2|       pointer|
|C_out_3_2_write                  |  out|    1|     ap_fifo|                                                      C_out_3_2|       pointer|
|C_out_3_3_din                    |  out|  512|     ap_fifo|                                                      C_out_3_3|       pointer|
|C_out_3_3_num_data_valid         |   in|    5|     ap_fifo|                                                      C_out_3_3|       pointer|
|C_out_3_3_fifo_cap               |   in|    5|     ap_fifo|                                                      C_out_3_3|       pointer|
|C_out_3_3_full_n                 |   in|    1|     ap_fifo|                                                      C_out_3_3|       pointer|
|C_out_3_3_write                  |  out|    1|     ap_fifo|                                                      C_out_3_3|       pointer|
|C_out_3_4_din                    |  out|  512|     ap_fifo|                                                      C_out_3_4|       pointer|
|C_out_3_4_num_data_valid         |   in|    5|     ap_fifo|                                                      C_out_3_4|       pointer|
|C_out_3_4_fifo_cap               |   in|    5|     ap_fifo|                                                      C_out_3_4|       pointer|
|C_out_3_4_full_n                 |   in|    1|     ap_fifo|                                                      C_out_3_4|       pointer|
|C_out_3_4_write                  |  out|    1|     ap_fifo|                                                      C_out_3_4|       pointer|
|C_out_3_5_din                    |  out|  512|     ap_fifo|                                                      C_out_3_5|       pointer|
|C_out_3_5_num_data_valid         |   in|    5|     ap_fifo|                                                      C_out_3_5|       pointer|
|C_out_3_5_fifo_cap               |   in|    5|     ap_fifo|                                                      C_out_3_5|       pointer|
|C_out_3_5_full_n                 |   in|    1|     ap_fifo|                                                      C_out_3_5|       pointer|
|C_out_3_5_write                  |  out|    1|     ap_fifo|                                                      C_out_3_5|       pointer|
|C_out_3_6_din                    |  out|  512|     ap_fifo|                                                      C_out_3_6|       pointer|
|C_out_3_6_num_data_valid         |   in|    5|     ap_fifo|                                                      C_out_3_6|       pointer|
|C_out_3_6_fifo_cap               |   in|    5|     ap_fifo|                                                      C_out_3_6|       pointer|
|C_out_3_6_full_n                 |   in|    1|     ap_fifo|                                                      C_out_3_6|       pointer|
|C_out_3_6_write                  |  out|    1|     ap_fifo|                                                      C_out_3_6|       pointer|
|C_out_4_7_din                    |  out|  512|     ap_fifo|                                                      C_out_4_7|       pointer|
|C_out_4_7_num_data_valid         |   in|    5|     ap_fifo|                                                      C_out_4_7|       pointer|
|C_out_4_7_fifo_cap               |   in|    5|     ap_fifo|                                                      C_out_4_7|       pointer|
|C_out_4_7_full_n                 |   in|    1|     ap_fifo|                                                      C_out_4_7|       pointer|
|C_out_4_7_write                  |  out|    1|     ap_fifo|                                                      C_out_4_7|       pointer|
|C_out_4_0_din                    |  out|  512|     ap_fifo|                                                      C_out_4_0|       pointer|
|C_out_4_0_num_data_valid         |   in|    5|     ap_fifo|                                                      C_out_4_0|       pointer|
|C_out_4_0_fifo_cap               |   in|    5|     ap_fifo|                                                      C_out_4_0|       pointer|
|C_out_4_0_full_n                 |   in|    1|     ap_fifo|                                                      C_out_4_0|       pointer|
|C_out_4_0_write                  |  out|    1|     ap_fifo|                                                      C_out_4_0|       pointer|
|C_out_4_1_din                    |  out|  512|     ap_fifo|                                                      C_out_4_1|       pointer|
|C_out_4_1_num_data_valid         |   in|    5|     ap_fifo|                                                      C_out_4_1|       pointer|
|C_out_4_1_fifo_cap               |   in|    5|     ap_fifo|                                                      C_out_4_1|       pointer|
|C_out_4_1_full_n                 |   in|    1|     ap_fifo|                                                      C_out_4_1|       pointer|
|C_out_4_1_write                  |  out|    1|     ap_fifo|                                                      C_out_4_1|       pointer|
|C_out_4_2_din                    |  out|  512|     ap_fifo|                                                      C_out_4_2|       pointer|
|C_out_4_2_num_data_valid         |   in|    5|     ap_fifo|                                                      C_out_4_2|       pointer|
|C_out_4_2_fifo_cap               |   in|    5|     ap_fifo|                                                      C_out_4_2|       pointer|
|C_out_4_2_full_n                 |   in|    1|     ap_fifo|                                                      C_out_4_2|       pointer|
|C_out_4_2_write                  |  out|    1|     ap_fifo|                                                      C_out_4_2|       pointer|
|C_out_4_3_din                    |  out|  512|     ap_fifo|                                                      C_out_4_3|       pointer|
|C_out_4_3_num_data_valid         |   in|    5|     ap_fifo|                                                      C_out_4_3|       pointer|
|C_out_4_3_fifo_cap               |   in|    5|     ap_fifo|                                                      C_out_4_3|       pointer|
|C_out_4_3_full_n                 |   in|    1|     ap_fifo|                                                      C_out_4_3|       pointer|
|C_out_4_3_write                  |  out|    1|     ap_fifo|                                                      C_out_4_3|       pointer|
|C_out_4_4_din                    |  out|  512|     ap_fifo|                                                      C_out_4_4|       pointer|
|C_out_4_4_num_data_valid         |   in|    5|     ap_fifo|                                                      C_out_4_4|       pointer|
|C_out_4_4_fifo_cap               |   in|    5|     ap_fifo|                                                      C_out_4_4|       pointer|
|C_out_4_4_full_n                 |   in|    1|     ap_fifo|                                                      C_out_4_4|       pointer|
|C_out_4_4_write                  |  out|    1|     ap_fifo|                                                      C_out_4_4|       pointer|
|C_out_4_5_din                    |  out|  512|     ap_fifo|                                                      C_out_4_5|       pointer|
|C_out_4_5_num_data_valid         |   in|    5|     ap_fifo|                                                      C_out_4_5|       pointer|
|C_out_4_5_fifo_cap               |   in|    5|     ap_fifo|                                                      C_out_4_5|       pointer|
|C_out_4_5_full_n                 |   in|    1|     ap_fifo|                                                      C_out_4_5|       pointer|
|C_out_4_5_write                  |  out|    1|     ap_fifo|                                                      C_out_4_5|       pointer|
|C_out_4_6_din                    |  out|  512|     ap_fifo|                                                      C_out_4_6|       pointer|
|C_out_4_6_num_data_valid         |   in|    5|     ap_fifo|                                                      C_out_4_6|       pointer|
|C_out_4_6_fifo_cap               |   in|    5|     ap_fifo|                                                      C_out_4_6|       pointer|
|C_out_4_6_full_n                 |   in|    1|     ap_fifo|                                                      C_out_4_6|       pointer|
|C_out_4_6_write                  |  out|    1|     ap_fifo|                                                      C_out_4_6|       pointer|
|C_out_5_7_din                    |  out|  512|     ap_fifo|                                                      C_out_5_7|       pointer|
|C_out_5_7_num_data_valid         |   in|    5|     ap_fifo|                                                      C_out_5_7|       pointer|
|C_out_5_7_fifo_cap               |   in|    5|     ap_fifo|                                                      C_out_5_7|       pointer|
|C_out_5_7_full_n                 |   in|    1|     ap_fifo|                                                      C_out_5_7|       pointer|
|C_out_5_7_write                  |  out|    1|     ap_fifo|                                                      C_out_5_7|       pointer|
|C_out_5_0_din                    |  out|  512|     ap_fifo|                                                      C_out_5_0|       pointer|
|C_out_5_0_num_data_valid         |   in|    5|     ap_fifo|                                                      C_out_5_0|       pointer|
|C_out_5_0_fifo_cap               |   in|    5|     ap_fifo|                                                      C_out_5_0|       pointer|
|C_out_5_0_full_n                 |   in|    1|     ap_fifo|                                                      C_out_5_0|       pointer|
|C_out_5_0_write                  |  out|    1|     ap_fifo|                                                      C_out_5_0|       pointer|
|C_out_5_1_din                    |  out|  512|     ap_fifo|                                                      C_out_5_1|       pointer|
|C_out_5_1_num_data_valid         |   in|    5|     ap_fifo|                                                      C_out_5_1|       pointer|
|C_out_5_1_fifo_cap               |   in|    5|     ap_fifo|                                                      C_out_5_1|       pointer|
|C_out_5_1_full_n                 |   in|    1|     ap_fifo|                                                      C_out_5_1|       pointer|
|C_out_5_1_write                  |  out|    1|     ap_fifo|                                                      C_out_5_1|       pointer|
|C_out_5_2_din                    |  out|  512|     ap_fifo|                                                      C_out_5_2|       pointer|
|C_out_5_2_num_data_valid         |   in|    5|     ap_fifo|                                                      C_out_5_2|       pointer|
|C_out_5_2_fifo_cap               |   in|    5|     ap_fifo|                                                      C_out_5_2|       pointer|
|C_out_5_2_full_n                 |   in|    1|     ap_fifo|                                                      C_out_5_2|       pointer|
|C_out_5_2_write                  |  out|    1|     ap_fifo|                                                      C_out_5_2|       pointer|
|C_out_5_3_din                    |  out|  512|     ap_fifo|                                                      C_out_5_3|       pointer|
|C_out_5_3_num_data_valid         |   in|    5|     ap_fifo|                                                      C_out_5_3|       pointer|
|C_out_5_3_fifo_cap               |   in|    5|     ap_fifo|                                                      C_out_5_3|       pointer|
|C_out_5_3_full_n                 |   in|    1|     ap_fifo|                                                      C_out_5_3|       pointer|
|C_out_5_3_write                  |  out|    1|     ap_fifo|                                                      C_out_5_3|       pointer|
|C_out_5_4_din                    |  out|  512|     ap_fifo|                                                      C_out_5_4|       pointer|
|C_out_5_4_num_data_valid         |   in|    5|     ap_fifo|                                                      C_out_5_4|       pointer|
|C_out_5_4_fifo_cap               |   in|    5|     ap_fifo|                                                      C_out_5_4|       pointer|
|C_out_5_4_full_n                 |   in|    1|     ap_fifo|                                                      C_out_5_4|       pointer|
|C_out_5_4_write                  |  out|    1|     ap_fifo|                                                      C_out_5_4|       pointer|
|C_out_5_5_din                    |  out|  512|     ap_fifo|                                                      C_out_5_5|       pointer|
|C_out_5_5_num_data_valid         |   in|    5|     ap_fifo|                                                      C_out_5_5|       pointer|
|C_out_5_5_fifo_cap               |   in|    5|     ap_fifo|                                                      C_out_5_5|       pointer|
|C_out_5_5_full_n                 |   in|    1|     ap_fifo|                                                      C_out_5_5|       pointer|
|C_out_5_5_write                  |  out|    1|     ap_fifo|                                                      C_out_5_5|       pointer|
|C_out_5_6_din                    |  out|  512|     ap_fifo|                                                      C_out_5_6|       pointer|
|C_out_5_6_num_data_valid         |   in|    5|     ap_fifo|                                                      C_out_5_6|       pointer|
|C_out_5_6_fifo_cap               |   in|    5|     ap_fifo|                                                      C_out_5_6|       pointer|
|C_out_5_6_full_n                 |   in|    1|     ap_fifo|                                                      C_out_5_6|       pointer|
|C_out_5_6_write                  |  out|    1|     ap_fifo|                                                      C_out_5_6|       pointer|
|C_out_6_7_din                    |  out|  512|     ap_fifo|                                                      C_out_6_7|       pointer|
|C_out_6_7_num_data_valid         |   in|    5|     ap_fifo|                                                      C_out_6_7|       pointer|
|C_out_6_7_fifo_cap               |   in|    5|     ap_fifo|                                                      C_out_6_7|       pointer|
|C_out_6_7_full_n                 |   in|    1|     ap_fifo|                                                      C_out_6_7|       pointer|
|C_out_6_7_write                  |  out|    1|     ap_fifo|                                                      C_out_6_7|       pointer|
|C_out_6_0_din                    |  out|  512|     ap_fifo|                                                      C_out_6_0|       pointer|
|C_out_6_0_num_data_valid         |   in|    5|     ap_fifo|                                                      C_out_6_0|       pointer|
|C_out_6_0_fifo_cap               |   in|    5|     ap_fifo|                                                      C_out_6_0|       pointer|
|C_out_6_0_full_n                 |   in|    1|     ap_fifo|                                                      C_out_6_0|       pointer|
|C_out_6_0_write                  |  out|    1|     ap_fifo|                                                      C_out_6_0|       pointer|
|C_out_6_1_din                    |  out|  512|     ap_fifo|                                                      C_out_6_1|       pointer|
|C_out_6_1_num_data_valid         |   in|    5|     ap_fifo|                                                      C_out_6_1|       pointer|
|C_out_6_1_fifo_cap               |   in|    5|     ap_fifo|                                                      C_out_6_1|       pointer|
|C_out_6_1_full_n                 |   in|    1|     ap_fifo|                                                      C_out_6_1|       pointer|
|C_out_6_1_write                  |  out|    1|     ap_fifo|                                                      C_out_6_1|       pointer|
|C_out_6_2_din                    |  out|  512|     ap_fifo|                                                      C_out_6_2|       pointer|
|C_out_6_2_num_data_valid         |   in|    5|     ap_fifo|                                                      C_out_6_2|       pointer|
|C_out_6_2_fifo_cap               |   in|    5|     ap_fifo|                                                      C_out_6_2|       pointer|
|C_out_6_2_full_n                 |   in|    1|     ap_fifo|                                                      C_out_6_2|       pointer|
|C_out_6_2_write                  |  out|    1|     ap_fifo|                                                      C_out_6_2|       pointer|
|C_out_6_3_din                    |  out|  512|     ap_fifo|                                                      C_out_6_3|       pointer|
|C_out_6_3_num_data_valid         |   in|    5|     ap_fifo|                                                      C_out_6_3|       pointer|
|C_out_6_3_fifo_cap               |   in|    5|     ap_fifo|                                                      C_out_6_3|       pointer|
|C_out_6_3_full_n                 |   in|    1|     ap_fifo|                                                      C_out_6_3|       pointer|
|C_out_6_3_write                  |  out|    1|     ap_fifo|                                                      C_out_6_3|       pointer|
|C_out_6_4_din                    |  out|  512|     ap_fifo|                                                      C_out_6_4|       pointer|
|C_out_6_4_num_data_valid         |   in|    5|     ap_fifo|                                                      C_out_6_4|       pointer|
|C_out_6_4_fifo_cap               |   in|    5|     ap_fifo|                                                      C_out_6_4|       pointer|
|C_out_6_4_full_n                 |   in|    1|     ap_fifo|                                                      C_out_6_4|       pointer|
|C_out_6_4_write                  |  out|    1|     ap_fifo|                                                      C_out_6_4|       pointer|
|C_out_6_5_din                    |  out|  512|     ap_fifo|                                                      C_out_6_5|       pointer|
|C_out_6_5_num_data_valid         |   in|    5|     ap_fifo|                                                      C_out_6_5|       pointer|
|C_out_6_5_fifo_cap               |   in|    5|     ap_fifo|                                                      C_out_6_5|       pointer|
|C_out_6_5_full_n                 |   in|    1|     ap_fifo|                                                      C_out_6_5|       pointer|
|C_out_6_5_write                  |  out|    1|     ap_fifo|                                                      C_out_6_5|       pointer|
|C_out_6_6_din                    |  out|  512|     ap_fifo|                                                      C_out_6_6|       pointer|
|C_out_6_6_num_data_valid         |   in|    5|     ap_fifo|                                                      C_out_6_6|       pointer|
|C_out_6_6_fifo_cap               |   in|    5|     ap_fifo|                                                      C_out_6_6|       pointer|
|C_out_6_6_full_n                 |   in|    1|     ap_fifo|                                                      C_out_6_6|       pointer|
|C_out_6_6_write                  |  out|    1|     ap_fifo|                                                      C_out_6_6|       pointer|
+---------------------------------+-----+-----+------------+---------------------------------------------------------------+--------------+

