

================================================================
== Vitis HLS Report for 'dataflow_in_loop_tile_loop_A'
================================================================
* Date:           Fri Jul 24 12:49:50 2026

* Version:        2023.2 (Build 4023990 on Oct 11 2023)
* Project:        hls_project
* Solution:       gemm2 (Vitis Kernel Flow Target)
* Product family: versalaicore
* Target device:  xcvc1902-vsva2197-2MP-e-S


================================================================
== Performance Estimates
================================================================
+ Timing: 
    * Summary: 
    +--------+---------+----------+------------+
    |  Clock |  Target | Estimated| Uncertainty|
    +--------+---------+----------+------------+
    |ap_clk  |  3.33 ns|  2.856 ns|     0.90 ns|
    +--------+---------+----------+------------+

+ Latency: 
    * Summary: 
    +---------+---------+----------+----------+-----+-----+----------+
    |  Latency (cycles) |  Latency (absolute) |  Interval | Pipeline |
    |   min   |   max   |    min   |    max   | min | max |   Type   |
    +---------+---------+----------+----------+-----+-----+----------+
    |       31|       32|  0.103 us|  0.107 us|    9|    9|  dataflow|
    +---------+---------+----------+----------+-----+-----+----------+

    + Detail: 
        * Instance: 
        +---------------------------+------------------------+---------+---------+-----------+-----------+-----+-----+------------------------------------------+
        |                           |                        |  Latency (cycles) |   Latency (absolute)  |  Interval |                 Pipeline                 |
        |          Instance         |         Module         |   min   |   max   |    min    |    max    | min | max |                   Type                   |
        +---------------------------+------------------------+---------+---------+-----------+-----------+-----+-----+------------------------------------------+
        |tm_A2_U0                   |tm_A2                   |       16|       16|  53.328 ns|  53.328 ns|    9|    9|                                  dataflow|
        |B_Buf_to_stream3_U0        |B_Buf_to_stream3        |        7|        7|  23.331 ns|  23.331 ns|    7|    7|                                        no|
        |B_Buf_to_stream_6494_U0    |B_Buf_to_stream_6494    |        7|        7|  23.331 ns|  23.331 ns|    7|    7|                                        no|
        |PE4_U0                     |PE4                     |       10|       11|  33.330 ns|  36.663 ns|    8|    8|  loop rewind stp(delay=0 clock cycles(s))|
        |PE_6595_U0                 |PE_6595                 |       10|       11|  33.330 ns|  36.663 ns|    8|    8|  loop rewind stp(delay=0 clock cycles(s))|
        |PE_129_U0                  |PE_129                  |       10|       11|  33.330 ns|  36.663 ns|    8|    8|  loop rewind stp(delay=0 clock cycles(s))|
        |PE_836_U0                  |PE_836                  |       10|       11|  33.330 ns|  36.663 ns|    8|    8|  loop rewind stp(delay=0 clock cycles(s))|
        |PE_6696_U0                 |PE_6696                 |       10|       11|  33.330 ns|  36.663 ns|    8|    8|  loop rewind stp(delay=0 clock cycles(s))|
        |PE_73103_U0                |PE_73103                |       10|       11|  33.330 ns|  36.663 ns|    8|    8|  loop rewind stp(delay=0 clock cycles(s))|
        |PE_230_U0                  |PE_230                  |       10|       11|  33.330 ns|  36.663 ns|    8|    8|  loop rewind stp(delay=0 clock cycles(s))|
        |PE_937_U0                  |PE_937                  |       10|       11|  33.330 ns|  36.663 ns|    8|    8|  loop rewind stp(delay=0 clock cycles(s))|
        |PE_1644_U0                 |PE_1644                 |       10|       11|  33.330 ns|  36.663 ns|    8|    8|  loop rewind stp(delay=0 clock cycles(s))|
        |PE_6797_U0                 |PE_6797                 |       10|       11|  33.330 ns|  36.663 ns|    8|    8|  loop rewind stp(delay=0 clock cycles(s))|
        |PE_74104_U0                |PE_74104                |       10|       11|  33.330 ns|  36.663 ns|    8|    8|  loop rewind stp(delay=0 clock cycles(s))|
        |PE_81111_U0                |PE_81111                |       10|       11|  33.330 ns|  36.663 ns|    8|    8|  loop rewind stp(delay=0 clock cycles(s))|
        |PE_331_U0                  |PE_331                  |       10|       11|  33.330 ns|  36.663 ns|    8|    8|  loop rewind stp(delay=0 clock cycles(s))|
        |PE_1038_U0                 |PE_1038                 |       10|       11|  33.330 ns|  36.663 ns|    8|    8|  loop rewind stp(delay=0 clock cycles(s))|
        |PE_1745_U0                 |PE_1745                 |       10|       11|  33.330 ns|  36.663 ns|    8|    8|  loop rewind stp(delay=0 clock cycles(s))|
        |PE_2452_U0                 |PE_2452                 |       10|       11|  33.330 ns|  36.663 ns|    8|    8|  loop rewind stp(delay=0 clock cycles(s))|
        |PE_6898_U0                 |PE_6898                 |       10|       11|  33.330 ns|  36.663 ns|    8|    8|  loop rewind stp(delay=0 clock cycles(s))|
        |PE_75105_U0                |PE_75105                |       10|       11|  33.330 ns|  36.663 ns|    8|    8|  loop rewind stp(delay=0 clock cycles(s))|
        |PE_82112_U0                |PE_82112                |       10|       11|  33.330 ns|  36.663 ns|    8|    8|  loop rewind stp(delay=0 clock cycles(s))|
        |PE_89119_U0                |PE_89119                |       10|       11|  33.330 ns|  36.663 ns|    8|    8|  loop rewind stp(delay=0 clock cycles(s))|
        |PE_432_U0                  |PE_432                  |       10|       11|  33.330 ns|  36.663 ns|    8|    8|  loop rewind stp(delay=0 clock cycles(s))|
        |PE_1139_U0                 |PE_1139                 |       10|       11|  33.330 ns|  36.663 ns|    8|    8|  loop rewind stp(delay=0 clock cycles(s))|
        |PE_1846_U0                 |PE_1846                 |       10|       11|  33.330 ns|  36.663 ns|    8|    8|  loop rewind stp(delay=0 clock cycles(s))|
        |PE_2553_U0                 |PE_2553                 |       10|       11|  33.330 ns|  36.663 ns|    8|    8|  loop rewind stp(delay=0 clock cycles(s))|
        |PE_3260_U0                 |PE_3260                 |       10|       11|  33.330 ns|  36.663 ns|    8|    8|  loop rewind stp(delay=0 clock cycles(s))|
        |PE_6999_U0                 |PE_6999                 |       10|       11|  33.330 ns|  36.663 ns|    8|    8|  loop rewind stp(delay=0 clock cycles(s))|
        |PE_76106_U0                |PE_76106                |       10|       11|  33.330 ns|  36.663 ns|    8|    8|  loop rewind stp(delay=0 clock cycles(s))|
        |PE_83113_U0                |PE_83113                |       10|       11|  33.330 ns|  36.663 ns|    8|    8|  loop rewind stp(delay=0 clock cycles(s))|
        |PE_90120_U0                |PE_90120                |       10|       11|  33.330 ns|  36.663 ns|    8|    8|  loop rewind stp(delay=0 clock cycles(s))|
        |PE_97127_U0                |PE_97127                |       10|       11|  33.330 ns|  36.663 ns|    8|    8|  loop rewind stp(delay=0 clock cycles(s))|
        |PE_533_U0                  |PE_533                  |       10|       11|  33.330 ns|  36.663 ns|    8|    8|  loop rewind stp(delay=0 clock cycles(s))|
        |PE_1240_U0                 |PE_1240                 |       10|       11|  33.330 ns|  36.663 ns|    8|    8|  loop rewind stp(delay=0 clock cycles(s))|
        |PE_1947_U0                 |PE_1947                 |       10|       11|  33.330 ns|  36.663 ns|    8|    8|  loop rewind stp(delay=0 clock cycles(s))|
        |PE_2654_U0                 |PE_2654                 |       10|       11|  33.330 ns|  36.663 ns|    8|    8|  loop rewind stp(delay=0 clock cycles(s))|
        |PE_3361_U0                 |PE_3361                 |       10|       11|  33.330 ns|  36.663 ns|    8|    8|  loop rewind stp(delay=0 clock cycles(s))|
        |PE_4068_U0                 |PE_4068                 |       10|       11|  33.330 ns|  36.663 ns|    8|    8|  loop rewind stp(delay=0 clock cycles(s))|
        |PE_70100_U0                |PE_70100                |       10|       11|  33.330 ns|  36.663 ns|    8|    8|  loop rewind stp(delay=0 clock cycles(s))|
        |PE_77107_U0                |PE_77107                |       10|       11|  33.330 ns|  36.663 ns|    8|    8|  loop rewind stp(delay=0 clock cycles(s))|
        |PE_84114_U0                |PE_84114                |       10|       11|  33.330 ns|  36.663 ns|    8|    8|  loop rewind stp(delay=0 clock cycles(s))|
        |PE_91121_U0                |PE_91121                |       10|       11|  33.330 ns|  36.663 ns|    8|    8|  loop rewind stp(delay=0 clock cycles(s))|
        |PE_98128_U0                |PE_98128                |       10|       11|  33.330 ns|  36.663 ns|    8|    8|  loop rewind stp(delay=0 clock cycles(s))|
        |PE_105135_U0               |PE_105135               |       10|       11|  33.330 ns|  36.663 ns|    8|    8|  loop rewind stp(delay=0 clock cycles(s))|
        |PE_634_U0                  |PE_634                  |       10|       11|  33.330 ns|  36.663 ns|    8|    8|  loop rewind stp(delay=0 clock cycles(s))|
        |PE_1341_U0                 |PE_1341                 |       10|       11|  33.330 ns|  36.663 ns|    8|    8|  loop rewind stp(delay=0 clock cycles(s))|
        |PE_2048_U0                 |PE_2048                 |       10|       11|  33.330 ns|  36.663 ns|    8|    8|  loop rewind stp(delay=0 clock cycles(s))|
        |PE_2755_U0                 |PE_2755                 |       10|       11|  33.330 ns|  36.663 ns|    8|    8|  loop rewind stp(delay=0 clock cycles(s))|
        |PE_3462_U0                 |PE_3462                 |       10|       11|  33.330 ns|  36.663 ns|    8|    8|  loop rewind stp(delay=0 clock cycles(s))|
        |PE_4169_U0                 |PE_4169                 |       10|       11|  33.330 ns|  36.663 ns|    8|    8|  loop rewind stp(delay=0 clock cycles(s))|
        |PE_4876_U0                 |PE_4876                 |       10|       11|  33.330 ns|  36.663 ns|    8|    8|  loop rewind stp(delay=0 clock cycles(s))|
        |PE_71101_U0                |PE_71101                |       10|       11|  33.330 ns|  36.663 ns|    8|    8|  loop rewind stp(delay=0 clock cycles(s))|
        |PE_78108_U0                |PE_78108                |       10|       11|  33.330 ns|  36.663 ns|    8|    8|  loop rewind stp(delay=0 clock cycles(s))|
        |PE_85115_U0                |PE_85115                |       10|       11|  33.330 ns|  36.663 ns|    8|    8|  loop rewind stp(delay=0 clock cycles(s))|
        |PE_92122_U0                |PE_92122                |       10|       11|  33.330 ns|  36.663 ns|    8|    8|  loop rewind stp(delay=0 clock cycles(s))|
        |PE_99129_U0                |PE_99129                |       10|       11|  33.330 ns|  36.663 ns|    8|    8|  loop rewind stp(delay=0 clock cycles(s))|
        |PE_106136_U0               |PE_106136               |       10|       11|  33.330 ns|  36.663 ns|    8|    8|  loop rewind stp(delay=0 clock cycles(s))|
        |PE_113143_U0               |PE_113143               |       10|       11|  33.330 ns|  36.663 ns|    8|    8|  loop rewind stp(delay=0 clock cycles(s))|
        |PE_735_U0                  |PE_735                  |       10|       11|  33.330 ns|  36.663 ns|    8|    8|  loop rewind stp(delay=0 clock cycles(s))|
        |PE_1442_U0                 |PE_1442                 |       10|       11|  33.330 ns|  36.663 ns|    8|    8|  loop rewind stp(delay=0 clock cycles(s))|
        |PE_2149_U0                 |PE_2149                 |       10|       11|  33.330 ns|  36.663 ns|    8|    8|  loop rewind stp(delay=0 clock cycles(s))|
        |PE_2856_U0                 |PE_2856                 |       10|       11|  33.330 ns|  36.663 ns|    8|    8|  loop rewind stp(delay=0 clock cycles(s))|
        |PE_3563_U0                 |PE_3563                 |       10|       11|  33.330 ns|  36.663 ns|    8|    8|  loop rewind stp(delay=0 clock cycles(s))|
        |PE_4270_U0                 |PE_4270                 |       10|       11|  33.330 ns|  36.663 ns|    8|    8|  loop rewind stp(delay=0 clock cycles(s))|
        |PE_4977_U0                 |PE_4977                 |       10|       11|  33.330 ns|  36.663 ns|    8|    8|  loop rewind stp(delay=0 clock cycles(s))|
        |PE_5684_U0                 |PE_5684                 |       10|       11|  33.330 ns|  36.663 ns|    8|    8|  loop rewind stp(delay=0 clock cycles(s))|
        |PE_72102_U0                |PE_72102                |       10|       11|  33.330 ns|  36.663 ns|    8|    8|  loop rewind stp(delay=0 clock cycles(s))|
        |PE_79109_U0                |PE_79109                |       10|       11|  33.330 ns|  36.663 ns|    8|    8|  loop rewind stp(delay=0 clock cycles(s))|
        |PE_86116_U0                |PE_86116                |       10|       11|  33.330 ns|  36.663 ns|    8|    8|  loop rewind stp(delay=0 clock cycles(s))|
        |PE_93123_U0                |PE_93123                |       10|       11|  33.330 ns|  36.663 ns|    8|    8|  loop rewind stp(delay=0 clock cycles(s))|
        |PE_100130_U0               |PE_100130               |       10|       11|  33.330 ns|  36.663 ns|    8|    8|  loop rewind stp(delay=0 clock cycles(s))|
        |PE_107137_U0               |PE_107137               |       10|       11|  33.330 ns|  36.663 ns|    8|    8|  loop rewind stp(delay=0 clock cycles(s))|
        |PE_114144_U0               |PE_114144               |       10|       11|  33.330 ns|  36.663 ns|    8|    8|  loop rewind stp(delay=0 clock cycles(s))|
        |PE_121151_U0               |PE_121151               |       10|       11|  33.330 ns|  36.663 ns|    8|    8|  loop rewind stp(delay=0 clock cycles(s))|
        |PE_1543_U0                 |PE_1543                 |       10|       11|  33.330 ns|  36.663 ns|    8|    8|  loop rewind stp(delay=0 clock cycles(s))|
        |PE_2250_U0                 |PE_2250                 |       10|       11|  33.330 ns|  36.663 ns|    8|    8|  loop rewind stp(delay=0 clock cycles(s))|
        |PE_2957_U0                 |PE_2957                 |       10|       11|  33.330 ns|  36.663 ns|    8|    8|  loop rewind stp(delay=0 clock cycles(s))|
        |PE_3664_U0                 |PE_3664                 |       10|       11|  33.330 ns|  36.663 ns|    8|    8|  loop rewind stp(delay=0 clock cycles(s))|
        |PE_4371_U0                 |PE_4371                 |       10|       11|  33.330 ns|  36.663 ns|    8|    8|  loop rewind stp(delay=0 clock cycles(s))|
        |PE_5078_U0                 |PE_5078                 |       10|       11|  33.330 ns|  36.663 ns|    8|    8|  loop rewind stp(delay=0 clock cycles(s))|
        |PE_5785_U0                 |PE_5785                 |       10|       11|  33.330 ns|  36.663 ns|    8|    8|  loop rewind stp(delay=0 clock cycles(s))|
        |PE_80110_U0                |PE_80110                |       10|       11|  33.330 ns|  36.663 ns|    8|    8|  loop rewind stp(delay=0 clock cycles(s))|
        |PE_87117_U0                |PE_87117                |       10|       11|  33.330 ns|  36.663 ns|    8|    8|  loop rewind stp(delay=0 clock cycles(s))|
        |PE_94124_U0                |PE_94124                |       10|       11|  33.330 ns|  36.663 ns|    8|    8|  loop rewind stp(delay=0 clock cycles(s))|
        |PE_101131_U0               |PE_101131               |       10|       11|  33.330 ns|  36.663 ns|    8|    8|  loop rewind stp(delay=0 clock cycles(s))|
        |PE_108138_U0               |PE_108138               |       10|       11|  33.330 ns|  36.663 ns|    8|    8|  loop rewind stp(delay=0 clock cycles(s))|
        |PE_115145_U0               |PE_115145               |       10|       11|  33.330 ns|  36.663 ns|    8|    8|  loop rewind stp(delay=0 clock cycles(s))|
        |PE_122152_U0               |PE_122152               |       10|       11|  33.330 ns|  36.663 ns|    8|    8|  loop rewind stp(delay=0 clock cycles(s))|
        |PE_2351_U0                 |PE_2351                 |       10|       11|  33.330 ns|  36.663 ns|    8|    8|  loop rewind stp(delay=0 clock cycles(s))|
        |PE_3058_U0                 |PE_3058                 |       10|       11|  33.330 ns|  36.663 ns|    8|    8|  loop rewind stp(delay=0 clock cycles(s))|
        |PE_3765_U0                 |PE_3765                 |       10|       11|  33.330 ns|  36.663 ns|    8|    8|  loop rewind stp(delay=0 clock cycles(s))|
        |PE_4472_U0                 |PE_4472                 |       10|       11|  33.330 ns|  36.663 ns|    8|    8|  loop rewind stp(delay=0 clock cycles(s))|
        |PE_5179_U0                 |PE_5179                 |       10|       11|  33.330 ns|  36.663 ns|    8|    8|  loop rewind stp(delay=0 clock cycles(s))|
        |PE_5886_U0                 |PE_5886                 |       10|       11|  33.330 ns|  36.663 ns|    8|    8|  loop rewind stp(delay=0 clock cycles(s))|
        |PE_88118_U0                |PE_88118                |       10|       11|  33.330 ns|  36.663 ns|    8|    8|  loop rewind stp(delay=0 clock cycles(s))|
        |PE_95125_U0                |PE_95125                |       10|       11|  33.330 ns|  36.663 ns|    8|    8|  loop rewind stp(delay=0 clock cycles(s))|
        |PE_102132_U0               |PE_102132               |       10|       11|  33.330 ns|  36.663 ns|    8|    8|  loop rewind stp(delay=0 clock cycles(s))|
        |PE_109139_U0               |PE_109139               |       10|       11|  33.330 ns|  36.663 ns|    8|    8|  loop rewind stp(delay=0 clock cycles(s))|
        |PE_116146_U0               |PE_116146               |       10|       11|  33.330 ns|  36.663 ns|    8|    8|  loop rewind stp(delay=0 clock cycles(s))|
        |PE_123153_U0               |PE_123153               |       10|       11|  33.330 ns|  36.663 ns|    8|    8|  loop rewind stp(delay=0 clock cycles(s))|
        |PE_3159_U0                 |PE_3159                 |       10|       11|  33.330 ns|  36.663 ns|    8|    8|  loop rewind stp(delay=0 clock cycles(s))|
        |PE_3866_U0                 |PE_3866                 |       10|       11|  33.330 ns|  36.663 ns|    8|    8|  loop rewind stp(delay=0 clock cycles(s))|
        |PE_4573_U0                 |PE_4573                 |       10|       11|  33.330 ns|  36.663 ns|    8|    8|  loop rewind stp(delay=0 clock cycles(s))|
        |PE_5280_U0                 |PE_5280                 |       10|       11|  33.330 ns|  36.663 ns|    8|    8|  loop rewind stp(delay=0 clock cycles(s))|
        |PE_5987_U0                 |PE_5987                 |       10|       11|  33.330 ns|  36.663 ns|    8|    8|  loop rewind stp(delay=0 clock cycles(s))|
        |PE_96126_U0                |PE_96126                |       10|       11|  33.330 ns|  36.663 ns|    8|    8|  loop rewind stp(delay=0 clock cycles(s))|
        |PE_103133_U0               |PE_103133               |       10|       11|  33.330 ns|  36.663 ns|    8|    8|  loop rewind stp(delay=0 clock cycles(s))|
        |PE_110140_U0               |PE_110140               |       10|       11|  33.330 ns|  36.663 ns|    8|    8|  loop rewind stp(delay=0 clock cycles(s))|
        |PE_117147_U0               |PE_117147               |       10|       11|  33.330 ns|  36.663 ns|    8|    8|  loop rewind stp(delay=0 clock cycles(s))|
        |PE_124154_U0               |PE_124154               |       10|       11|  33.330 ns|  36.663 ns|    8|    8|  loop rewind stp(delay=0 clock cycles(s))|
        |PE_3967_U0                 |PE_3967                 |       10|       11|  33.330 ns|  36.663 ns|    8|    8|  loop rewind stp(delay=0 clock cycles(s))|
        |PE_4674_U0                 |PE_4674                 |       10|       11|  33.330 ns|  36.663 ns|    8|    8|  loop rewind stp(delay=0 clock cycles(s))|
        |PE_5381_U0                 |PE_5381                 |       10|       11|  33.330 ns|  36.663 ns|    8|    8|  loop rewind stp(delay=0 clock cycles(s))|
        |PE_6088_U0                 |PE_6088                 |       10|       11|  33.330 ns|  36.663 ns|    8|    8|  loop rewind stp(delay=0 clock cycles(s))|
        |PE_104134_U0               |PE_104134               |       10|       11|  33.330 ns|  36.663 ns|    8|    8|  loop rewind stp(delay=0 clock cycles(s))|
        |PE_111141_U0               |PE_111141               |       10|       11|  33.330 ns|  36.663 ns|    8|    8|  loop rewind stp(delay=0 clock cycles(s))|
        |PE_118148_U0               |PE_118148               |       10|       11|  33.330 ns|  36.663 ns|    8|    8|  loop rewind stp(delay=0 clock cycles(s))|
        |PE_125155_U0               |PE_125155               |       10|       11|  33.330 ns|  36.663 ns|    8|    8|  loop rewind stp(delay=0 clock cycles(s))|
        |PE_4775_U0                 |PE_4775                 |       10|       11|  33.330 ns|  36.663 ns|    8|    8|  loop rewind stp(delay=0 clock cycles(s))|
        |PE_5482_U0                 |PE_5482                 |       10|       11|  33.330 ns|  36.663 ns|    8|    8|  loop rewind stp(delay=0 clock cycles(s))|
        |PE_6189_U0                 |PE_6189                 |       10|       11|  33.330 ns|  36.663 ns|    8|    8|  loop rewind stp(delay=0 clock cycles(s))|
        |PE_112142_U0               |PE_112142               |       10|       11|  33.330 ns|  36.663 ns|    8|    8|  loop rewind stp(delay=0 clock cycles(s))|
        |PE_119149_U0               |PE_119149               |       10|       11|  33.330 ns|  36.663 ns|    8|    8|  loop rewind stp(delay=0 clock cycles(s))|
        |PE_126156_U0               |PE_126156               |       10|       11|  33.330 ns|  36.663 ns|    8|    8|  loop rewind stp(delay=0 clock cycles(s))|
        |PE_5583_U0                 |PE_5583                 |       10|       11|  33.330 ns|  36.663 ns|    8|    8|  loop rewind stp(delay=0 clock cycles(s))|
        |PE_6290_U0                 |PE_6290                 |       10|       11|  33.330 ns|  36.663 ns|    8|    8|  loop rewind stp(delay=0 clock cycles(s))|
        |PE_120150_U0               |PE_120150               |       10|       11|  33.330 ns|  36.663 ns|    8|    8|  loop rewind stp(delay=0 clock cycles(s))|
        |PE_127157_U0               |PE_127157               |       10|       11|  33.330 ns|  36.663 ns|    8|    8|  loop rewind stp(delay=0 clock cycles(s))|
        |PE_6391_U0                 |PE_6391                 |       10|       11|  33.330 ns|  36.663 ns|    8|    8|  loop rewind stp(delay=0 clock cycles(s))|
        |PE_128158_U0               |PE_128158               |       10|       11|  33.330 ns|  36.663 ns|    8|    8|  loop rewind stp(delay=0 clock cycles(s))|
        |sink_streams92_U0          |sink_streams92          |        7|        7|  23.331 ns|  23.331 ns|    7|    7|                                        no|
        |sink_streams_129159_U0     |sink_streams_129159     |        7|        7|  23.331 ns|  23.331 ns|    7|    7|                                        no|
        |stream_to_C_Buf93_U0       |stream_to_C_Buf93       |        0|        0|       0 ns|       0 ns|    0|    0|                                        no|
        |stream_to_C_Buf_130160_U0  |stream_to_C_Buf_130160  |        0|        0|       0 ns|       0 ns|    0|    0|                                        no|
        +---------------------------+------------------------+---------+---------+-----------+-----------+-----+-----+------------------------------------------+

        * Loop: 
        N/A



================================================================
== Utilization Estimates
================================================================
* Summary: 
+-----------------+---------+------+---------+--------+-----+
|       Name      | BRAM_18K|  DSP |    FF   |   LUT  | URAM|
+-----------------+---------+------+---------+--------+-----+
|DSP              |        -|     -|        -|       -|    -|
|Expression       |        -|     -|        0|      30|    -|
|FIFO             |        0|     -|    45394|   31266|    -|
|Instance         |        0|   128|    38048|   35998|    -|
|Memory           |        -|     -|        -|       -|    -|
|Multiplexer      |        -|     -|        -|       6|    -|
|Register         |        -|     -|        3|       -|    -|
+-----------------+---------+------+---------+--------+-----+
|Total            |        0|   128|    83445|   67300|    0|
+-----------------+---------+------+---------+--------+-----+
|Available        |     1934|  1968|  1799680|  899840|  463|
+-----------------+---------+------+---------+--------+-----+
|Utilization (%)  |        0|     6|        4|       7|    0|
+-----------------+---------+------+---------+--------+-----+

+ Detail: 
    * Instance: 
    +---------------------------+------------------------+---------+----+-------+-------+-----+
    |          Instance         |         Module         | BRAM_18K| DSP|   FF  |  LUT  | URAM|
    +---------------------------+------------------------+---------+----+-------+-------+-----+
    |B_Buf_to_stream3_U0        |B_Buf_to_stream3        |        0|   0|     10|   1314|    0|
    |B_Buf_to_stream_6494_U0    |B_Buf_to_stream_6494    |        0|   0|     10|   1314|    0|
    |PE4_U0                     |PE4                     |        0|   1|     86|     50|    0|
    |PE_100130_U0               |PE_100130               |        0|   1|     86|     50|    0|
    |PE_101131_U0               |PE_101131               |        0|   1|     86|     50|    0|
    |PE_102132_U0               |PE_102132               |        0|   1|     87|     52|    0|
    |PE_103133_U0               |PE_103133               |        0|   1|     87|     52|    0|
    |PE_1038_U0                 |PE_1038                 |        0|   1|     87|     52|    0|
    |PE_104134_U0               |PE_104134               |        0|   1|     87|     52|    0|
    |PE_105135_U0               |PE_105135               |        0|   1|     87|     52|    0|
    |PE_106136_U0               |PE_106136               |        0|   1|     87|     52|    0|
    |PE_107137_U0               |PE_107137               |        0|   1|     87|     52|    0|
    |PE_108138_U0               |PE_108138               |        0|   1|     87|     52|    0|
    |PE_109139_U0               |PE_109139               |        0|   1|     86|     50|    0|
    |PE_110140_U0               |PE_110140               |        0|   1|     86|     50|    0|
    |PE_111141_U0               |PE_111141               |        0|   1|     87|     52|    0|
    |PE_112142_U0               |PE_112142               |        0|   1|     87|     52|    0|
    |PE_113143_U0               |PE_113143               |        0|   1|     87|     52|    0|
    |PE_1139_U0                 |PE_1139                 |        0|   1|     87|     52|    0|
    |PE_114144_U0               |PE_114144               |        0|   1|     87|     52|    0|
    |PE_115145_U0               |PE_115145               |        0|   1|     87|     52|    0|
    |PE_116146_U0               |PE_116146               |        0|   1|     87|     52|    0|
    |PE_117147_U0               |PE_117147               |        0|   1|     87|     52|    0|
    |PE_118148_U0               |PE_118148               |        0|   1|     86|     50|    0|
    |PE_119149_U0               |PE_119149               |        0|   1|     86|     50|    0|
    |PE_120150_U0               |PE_120150               |        0|   1|     87|     52|    0|
    |PE_121151_U0               |PE_121151               |        0|   1|     87|     52|    0|
    |PE_122152_U0               |PE_122152               |        0|   1|     87|     52|    0|
    |PE_123153_U0               |PE_123153               |        0|   1|     87|     52|    0|
    |PE_1240_U0                 |PE_1240                 |        0|   1|     87|     52|    0|
    |PE_124154_U0               |PE_124154               |        0|   1|     87|     52|    0|
    |PE_125155_U0               |PE_125155               |        0|   1|     87|     52|    0|
    |PE_126156_U0               |PE_126156               |        0|   1|     87|     52|    0|
    |PE_127157_U0               |PE_127157               |        0|   1|     86|     50|    0|
    |PE_128158_U0               |PE_128158               |        0|   1|     86|     50|    0|
    |PE_129_U0                  |PE_129                  |        0|   1|     87|     52|    0|
    |PE_1341_U0                 |PE_1341                 |        0|   1|     87|     52|    0|
    |PE_1442_U0                 |PE_1442                 |        0|   1|     87|     52|    0|
    |PE_1543_U0                 |PE_1543                 |        0|   1|     87|     52|    0|
    |PE_1644_U0                 |PE_1644                 |        0|   1|     87|     52|    0|
    |PE_1745_U0                 |PE_1745                 |        0|   1|     86|     50|    0|
    |PE_1846_U0                 |PE_1846                 |        0|   1|     86|     50|    0|
    |PE_1947_U0                 |PE_1947                 |        0|   1|     87|     52|    0|
    |PE_2048_U0                 |PE_2048                 |        0|   1|     87|     52|    0|
    |PE_2149_U0                 |PE_2149                 |        0|   1|     87|     52|    0|
    |PE_2250_U0                 |PE_2250                 |        0|   1|     87|     52|    0|
    |PE_230_U0                  |PE_230                  |        0|   1|     87|     52|    0|
    |PE_2351_U0                 |PE_2351                 |        0|   1|     87|     52|    0|
    |PE_2452_U0                 |PE_2452                 |        0|   1|     87|     52|    0|
    |PE_2553_U0                 |PE_2553                 |        0|   1|     87|     52|    0|
    |PE_2654_U0                 |PE_2654                 |        0|   1|     86|     50|    0|
    |PE_2755_U0                 |PE_2755                 |        0|   1|     86|     50|    0|
    |PE_2856_U0                 |PE_2856                 |        0|   1|     87|     52|    0|
    |PE_2957_U0                 |PE_2957                 |        0|   1|     87|     52|    0|
    |PE_3058_U0                 |PE_3058                 |        0|   1|     87|     52|    0|
    |PE_3159_U0                 |PE_3159                 |        0|   1|     87|     52|    0|
    |PE_3260_U0                 |PE_3260                 |        0|   1|     87|     52|    0|
    |PE_331_U0                  |PE_331                  |        0|   1|     87|     52|    0|
    |PE_3361_U0                 |PE_3361                 |        0|   1|     87|     52|    0|
    |PE_3462_U0                 |PE_3462                 |        0|   1|     87|     52|    0|
    |PE_3563_U0                 |PE_3563                 |        0|   1|     86|     50|    0|
    |PE_3664_U0                 |PE_3664                 |        0|   1|     86|     50|    0|
    |PE_3765_U0                 |PE_3765                 |        0|   1|     87|     52|    0|
    |PE_3866_U0                 |PE_3866                 |        0|   1|     87|     52|    0|
    |PE_3967_U0                 |PE_3967                 |        0|   1|     87|     52|    0|
    |PE_4068_U0                 |PE_4068                 |        0|   1|     87|     52|    0|
    |PE_4169_U0                 |PE_4169                 |        0|   1|     87|     52|    0|
    |PE_4270_U0                 |PE_4270                 |        0|   1|     87|     52|    0|
    |PE_432_U0                  |PE_432                  |        0|   1|     87|     52|    0|
    |PE_4371_U0                 |PE_4371                 |        0|   1|     87|     52|    0|
    |PE_4472_U0                 |PE_4472                 |        0|   1|     86|     50|    0|
    |PE_4573_U0                 |PE_4573                 |        0|   1|     86|     50|    0|
    |PE_4674_U0                 |PE_4674                 |        0|   1|     87|     52|    0|
    |PE_4775_U0                 |PE_4775                 |        0|   1|     87|     52|    0|
    |PE_4876_U0                 |PE_4876                 |        0|   1|     87|     52|    0|
    |PE_4977_U0                 |PE_4977                 |        0|   1|     87|     52|    0|
    |PE_5078_U0                 |PE_5078                 |        0|   1|     87|     52|    0|
    |PE_5179_U0                 |PE_5179                 |        0|   1|     87|     52|    0|
    |PE_5280_U0                 |PE_5280                 |        0|   1|     87|     52|    0|
    |PE_533_U0                  |PE_533                  |        0|   1|     87|     52|    0|
    |PE_5381_U0                 |PE_5381                 |        0|   1|     86|     50|    0|
    |PE_5482_U0                 |PE_5482                 |        0|   1|     86|     50|    0|
    |PE_5583_U0                 |PE_5583                 |        0|   1|     87|     52|    0|
    |PE_5684_U0                 |PE_5684                 |        0|   1|     87|     52|    0|
    |PE_5785_U0                 |PE_5785                 |        0|   1|     87|     52|    0|
    |PE_5886_U0                 |PE_5886                 |        0|   1|     87|     52|    0|
    |PE_5987_U0                 |PE_5987                 |        0|   1|     87|     52|    0|
    |PE_6088_U0                 |PE_6088                 |        0|   1|     87|     52|    0|
    |PE_6189_U0                 |PE_6189                 |        0|   1|     87|     52|    0|
    |PE_6290_U0                 |PE_6290                 |        0|   1|     86|     50|    0|
    |PE_634_U0                  |PE_634                  |        0|   1|     87|     52|    0|
    |PE_6391_U0                 |PE_6391                 |        0|   1|     86|     50|    0|
    |PE_6595_U0                 |PE_6595                 |        0|   1|     86|     50|    0|
    |PE_6696_U0                 |PE_6696                 |        0|   1|     87|     52|    0|
    |PE_6797_U0                 |PE_6797                 |        0|   1|     87|     52|    0|
    |PE_6898_U0                 |PE_6898                 |        0|   1|     87|     52|    0|
    |PE_6999_U0                 |PE_6999                 |        0|   1|     87|     52|    0|
    |PE_70100_U0                |PE_70100                |        0|   1|     87|     52|    0|
    |PE_71101_U0                |PE_71101                |        0|   1|     87|     52|    0|
    |PE_72102_U0                |PE_72102                |        0|   1|     87|     52|    0|
    |PE_73103_U0                |PE_73103                |        0|   1|     86|     50|    0|
    |PE_735_U0                  |PE_735                  |        0|   1|     87|     52|    0|
    |PE_74104_U0                |PE_74104                |        0|   1|     86|     50|    0|
    |PE_75105_U0                |PE_75105                |        0|   1|     87|     52|    0|
    |PE_76106_U0                |PE_76106                |        0|   1|     87|     52|    0|
    |PE_77107_U0                |PE_77107                |        0|   1|     87|     52|    0|
    |PE_78108_U0                |PE_78108                |        0|   1|     87|     52|    0|
    |PE_79109_U0                |PE_79109                |        0|   1|     87|     52|    0|
    |PE_80110_U0                |PE_80110                |        0|   1|     87|     52|    0|
    |PE_81111_U0                |PE_81111                |        0|   1|     87|     52|    0|
    |PE_82112_U0                |PE_82112                |        0|   1|     86|     50|    0|
    |PE_83113_U0                |PE_83113                |        0|   1|     86|     50|    0|
    |PE_836_U0                  |PE_836                  |        0|   1|     86|     50|    0|
    |PE_84114_U0                |PE_84114                |        0|   1|     87|     52|    0|
    |PE_85115_U0                |PE_85115                |        0|   1|     87|     52|    0|
    |PE_86116_U0                |PE_86116                |        0|   1|     87|     52|    0|
    |PE_87117_U0                |PE_87117                |        0|   1|     87|     52|    0|
    |PE_88118_U0                |PE_88118                |        0|   1|     87|     52|    0|
    |PE_89119_U0                |PE_89119                |        0|   1|     87|     52|    0|
    |PE_90120_U0                |PE_90120                |        0|   1|     87|     52|    0|
    |PE_91121_U0                |PE_91121                |        0|   1|     86|     50|    0|
    |PE_92122_U0                |PE_92122                |        0|   1|     86|     50|    0|
    |PE_93123_U0                |PE_93123                |        0|   1|     87|     52|    0|
    |PE_937_U0                  |PE_937                  |        0|   1|     86|     50|    0|
    |PE_94124_U0                |PE_94124                |        0|   1|     87|     52|    0|
    |PE_95125_U0                |PE_95125                |        0|   1|     87|     52|    0|
    |PE_96126_U0                |PE_96126                |        0|   1|     87|     52|    0|
    |PE_97127_U0                |PE_97127                |        0|   1|     87|     52|    0|
    |PE_98128_U0                |PE_98128                |        0|   1|     87|     52|    0|
    |PE_99129_U0                |PE_99129                |        0|   1|     87|     52|    0|
    |sink_streams92_U0          |sink_streams92          |        0|   0|      9|     48|    0|
    |sink_streams_129159_U0     |sink_streams_129159     |        0|   0|      9|     48|    0|
    |stream_to_C_Buf93_U0       |stream_to_C_Buf93       |        0|   0|   8194|   8326|    0|
    |stream_to_C_Buf_130160_U0  |stream_to_C_Buf_130160  |        0|   0|   8194|   8326|    0|
    |tm_A2_U0                   |tm_A2                   |        0|   0|  10516|  10026|    0|
    +---------------------------+------------------------+---------+----+-------+-------+-----+
    |Total                      |                        |        0| 128|  38048|  35998|    0|
    +---------------------------+------------------------+---------+----+-------+-------+-----+

    * DSP: 
    N/A

    * Memory: 
    N/A

    * FIFO: 
    +----------------+---------+-----+----+-----+------+-----+---------+
    |      Name      | BRAM_18K|  FF | LUT| URAM| Depth| Bits| Size:D*B|
    +----------------+---------+-----+----+-----+------+-----+---------+
    |A_stream_100_U  |        0|  109|   0|    -|     8|   32|      256|
    |A_stream_101_U  |        0|  109|   0|    -|     8|   32|      256|
    |A_stream_102_U  |        0|  109|   0|    -|     8|   32|      256|
    |A_stream_103_U  |        0|  109|   0|    -|     8|   32|      256|
    |A_stream_104_U  |        0|  109|   0|    -|     8|   32|      256|
    |A_stream_105_U  |        0|  109|   0|    -|     8|   32|      256|
    |A_stream_106_U  |        0|  109|   0|    -|     8|   32|      256|
    |A_stream_107_U  |        0|  109|   0|    -|     8|   32|      256|
    |A_stream_108_U  |        0|  109|   0|    -|     8|   32|      256|
    |A_stream_109_U  |        0|  109|   0|    -|     8|   32|      256|
    |A_stream_10_U   |        0|  109|   0|    -|     8|   32|      256|
    |A_stream_110_U  |        0|  109|   0|    -|     8|   32|      256|
    |A_stream_111_U  |        0|  109|   0|    -|     8|   32|      256|
    |A_stream_112_U  |        0|  109|   0|    -|     8|   32|      256|
    |A_stream_113_U  |        0|  109|   0|    -|     8|   32|      256|
    |A_stream_114_U  |        0|  109|   0|    -|     8|   32|      256|
    |A_stream_115_U  |        0|  109|   0|    -|     8|   32|      256|
    |A_stream_116_U  |        0|  109|   0|    -|     8|   32|      256|
    |A_stream_117_U  |        0|  109|   0|    -|     8|   32|      256|
    |A_stream_118_U  |        0|  109|   0|    -|     8|   32|      256|
    |A_stream_119_U  |        0|  109|   0|    -|     8|   32|      256|
    |A_stream_11_U   |        0|  109|   0|    -|     8|   32|      256|
    |A_stream_120_U  |        0|  109|   0|    -|     8|   32|      256|
    |A_stream_121_U  |        0|  109|   0|    -|     8|   32|      256|
    |A_stream_122_U  |        0|  109|   0|    -|     8|   32|      256|
    |A_stream_123_U  |        0|  109|   0|    -|     8|   32|      256|
    |A_stream_124_U  |        0|  109|   0|    -|     8|   32|      256|
    |A_stream_125_U  |        0|  109|   0|    -|     8|   32|      256|
    |A_stream_126_U  |        0|  109|   0|    -|     8|   32|      256|
    |A_stream_127_U  |        0|  109|   0|    -|     8|   32|      256|
    |A_stream_128_U  |        0|  109|   0|    -|     8|   32|      256|
    |A_stream_129_U  |        0|  109|   0|    -|     8|   32|      256|
    |A_stream_12_U   |        0|  109|   0|    -|     8|   32|      256|
    |A_stream_130_U  |        0|  109|   0|    -|     8|   32|      256|
    |A_stream_131_U  |        0|  109|   0|    -|     8|   32|      256|
    |A_stream_132_U  |        0|  109|   0|    -|     8|   32|      256|
    |A_stream_133_U  |        0|  109|   0|    -|     8|   32|      256|
    |A_stream_134_U  |        0|  109|   0|    -|     8|   32|      256|
    |A_stream_135_U  |        0|  109|   0|    -|     8|   32|      256|
    |A_stream_136_U  |        0|  109|   0|    -|     8|   32|      256|
    |A_stream_137_U  |        0|  109|   0|    -|     8|   32|      256|
    |A_stream_138_U  |        0|  109|   0|    -|     8|   32|      256|
    |A_stream_139_U  |        0|  109|   0|    -|     8|   32|      256|
    |A_stream_13_U   |        0|  109|   0|    -|     8|   32|      256|
    |A_stream_140_U  |        0|  109|   0|    -|     8|   32|      256|
    |A_stream_141_U  |        0|  109|   0|    -|     8|   32|      256|
    |A_stream_142_U  |        0|  109|   0|    -|     8|   32|      256|
    |A_stream_143_U  |        0|  109|   0|    -|     8|   32|      256|
    |A_stream_14_U   |        0|  109|   0|    -|     8|   32|      256|
    |A_stream_15_U   |        0|  109|   0|    -|     8|   32|      256|
    |A_stream_16_U   |        0|  109|   0|    -|     8|   32|      256|
    |A_stream_17_U   |        0|  109|   0|    -|     8|   32|      256|
    |A_stream_18_U   |        0|  109|   0|    -|     8|   32|      256|
    |A_stream_19_U   |        0|  109|   0|    -|     8|   32|      256|
    |A_stream_1_U    |        0|  109|   0|    -|     8|   32|      256|
    |A_stream_20_U   |        0|  109|   0|    -|     8|   32|      256|
    |A_stream_21_U   |        0|  109|   0|    -|     8|   32|      256|
    |A_stream_22_U   |        0|  109|   0|    -|     8|   32|      256|
    |A_stream_23_U   |        0|  109|   0|    -|     8|   32|      256|
    |A_stream_24_U   |        0|  109|   0|    -|     8|   32|      256|
    |A_stream_25_U   |        0|  109|   0|    -|     8|   32|      256|
    |A_stream_26_U   |        0|  109|   0|    -|     8|   32|      256|
    |A_stream_27_U   |        0|  109|   0|    -|     8|   32|      256|
    |A_stream_28_U   |        0|  109|   0|    -|     8|   32|      256|
    |A_stream_29_U   |        0|  109|   0|    -|     8|   32|      256|
    |A_stream_2_U    |        0|  109|   0|    -|     8|   32|      256|
    |A_stream_30_U   |        0|  109|   0|    -|     8|   32|      256|
    |A_stream_31_U   |        0|  109|   0|    -|     8|   32|      256|
    |A_stream_32_U   |        0|  109|   0|    -|     8|   32|      256|
    |A_stream_33_U   |        0|  109|   0|    -|     8|   32|      256|
    |A_stream_34_U   |        0|  109|   0|    -|     8|   32|      256|
    |A_stream_35_U   |        0|  109|   0|    -|     8|   32|      256|
    |A_stream_36_U   |        0|  109|   0|    -|     8|   32|      256|
    |A_stream_37_U   |        0|  109|   0|    -|     8|   32|      256|
    |A_stream_38_U   |        0|  109|   0|    -|     8|   32|      256|
    |A_stream_39_U   |        0|  109|   0|    -|     8|   32|      256|
    |A_stream_3_U    |        0|  109|   0|    -|     8|   32|      256|
    |A_stream_40_U   |        0|  109|   0|    -|     8|   32|      256|
    |A_stream_41_U   |        0|  109|   0|    -|     8|   32|      256|
    |A_stream_42_U   |        0|  109|   0|    -|     8|   32|      256|
    |A_stream_43_U   |        0|  109|   0|    -|     8|   32|      256|
    |A_stream_44_U   |        0|  109|   0|    -|     8|   32|      256|
    |A_stream_45_U   |        0|  109|   0|    -|     8|   32|      256|
    |A_stream_46_U   |        0|  109|   0|    -|     8|   32|      256|
    |A_stream_47_U   |        0|  109|   0|    -|     8|   32|      256|
    |A_stream_48_U   |        0|  109|   0|    -|     8|   32|      256|
    |A_stream_49_U   |        0|  109|   0|    -|     8|   32|      256|
    |A_stream_4_U    |        0|  109|   0|    -|     8|   32|      256|
    |A_stream_50_U   |        0|  109|   0|    -|     8|   32|      256|
    |A_stream_51_U   |        0|  109|   0|    -|     8|   32|      256|
    |A_stream_52_U   |        0|  109|   0|    -|     8|   32|      256|
    |A_stream_53_U   |        0|  109|   0|    -|     8|   32|      256|
    |A_stream_54_U   |        0|  109|   0|    -|     8|   32|      256|
    |A_stream_55_U   |        0|  109|   0|    -|     8|   32|      256|
    |A_stream_56_U   |        0|  109|   0|    -|     8|   32|      256|
    |A_stream_57_U   |        0|  109|   0|    -|     8|   32|      256|
    |A_stream_58_U   |        0|  109|   0|    -|     8|   32|      256|
    |A_stream_59_U   |        0|  109|   0|    -|     8|   32|      256|
    |A_stream_5_U    |        0|  109|   0|    -|     8|   32|      256|
    |A_stream_60_U   |        0|  109|   0|    -|     8|   32|      256|
    |A_stream_61_U   |        0|  109|   0|    -|     8|   32|      256|
    |A_stream_62_U   |        0|  109|   0|    -|     8|   32|      256|
    |A_stream_63_U   |        0|  109|   0|    -|     8|   32|      256|
    |A_stream_64_U   |        0|  109|   0|    -|     8|   32|      256|
    |A_stream_65_U   |        0|  109|   0|    -|     8|   32|      256|
    |A_stream_66_U   |        0|  109|   0|    -|     8|   32|      256|
    |A_stream_67_U   |        0|  109|   0|    -|     8|   32|      256|
    |A_stream_68_U   |        0|  109|   0|    -|     8|   32|      256|
    |A_stream_69_U   |        0|  109|   0|    -|     8|   32|      256|
    |A_stream_6_U    |        0|  109|   0|    -|     8|   32|      256|
    |A_stream_70_U   |        0|  109|   0|    -|     8|   32|      256|
    |A_stream_71_U   |        0|  109|   0|    -|     8|   32|      256|
    |A_stream_72_U   |        0|  109|   0|    -|     8|   32|      256|
    |A_stream_73_U   |        0|  109|   0|    -|     8|   32|      256|
    |A_stream_74_U   |        0|  109|   0|    -|     8|   32|      256|
    |A_stream_75_U   |        0|  109|   0|    -|     8|   32|      256|
    |A_stream_76_U   |        0|  109|   0|    -|     8|   32|      256|
    |A_stream_77_U   |        0|  109|   0|    -|     8|   32|      256|
    |A_stream_78_U   |        0|  109|   0|    -|     8|   32|      256|
    |A_stream_79_U   |        0|  109|   0|    -|     8|   32|      256|
    |A_stream_7_U    |        0|  109|   0|    -|     8|   32|      256|
    |A_stream_80_U   |        0|  109|   0|    -|     8|   32|      256|
    |A_stream_81_U   |        0|  109|   0|    -|     8|   32|      256|
    |A_stream_82_U   |        0|  109|   0|    -|     8|   32|      256|
    |A_stream_83_U   |        0|  109|   0|    -|     8|   32|      256|
    |A_stream_84_U   |        0|  109|   0|    -|     8|   32|      256|
    |A_stream_85_U   |        0|  109|   0|    -|     8|   32|      256|
    |A_stream_86_U   |        0|  109|   0|    -|     8|   32|      256|
    |A_stream_87_U   |        0|  109|   0|    -|     8|   32|      256|
    |A_stream_88_U   |        0|  109|   0|    -|     8|   32|      256|
    |A_stream_89_U   |        0|  109|   0|    -|     8|   32|      256|
    |A_stream_8_U    |        0|  109|   0|    -|     8|   32|      256|
    |A_stream_90_U   |        0|  109|   0|    -|     8|   32|      256|
    |A_stream_91_U   |        0|  109|   0|    -|     8|   32|      256|
    |A_stream_92_U   |        0|  109|   0|    -|     8|   32|      256|
    |A_stream_93_U   |        0|  109|   0|    -|     8|   32|      256|
    |A_stream_94_U   |        0|  109|   0|    -|     8|   32|      256|
    |A_stream_95_U   |        0|  109|   0|    -|     8|   32|      256|
    |A_stream_96_U   |        0|  109|   0|    -|     8|   32|      256|
    |A_stream_97_U   |        0|  109|   0|    -|     8|   32|      256|
    |A_stream_98_U   |        0|  109|   0|    -|     8|   32|      256|
    |A_stream_99_U   |        0|  109|   0|    -|     8|   32|      256|
    |A_stream_9_U    |        0|  109|   0|    -|     8|   32|      256|
    |A_stream_U      |        0|  109|   0|    -|     8|   32|      256|
    |B_stream_100_U  |        0|  109|   0|    -|     8|   32|      256|
    |B_stream_101_U  |        0|  109|   0|    -|     8|   32|      256|
    |B_stream_102_U  |        0|  109|   0|    -|     8|   32|      256|
    |B_stream_103_U  |        0|  109|   0|    -|     8|   32|      256|
    |B_stream_104_U  |        0|  109|   0|    -|     8|   32|      256|
    |B_stream_105_U  |        0|  109|   0|    -|     8|   32|      256|
    |B_stream_106_U  |        0|  109|   0|    -|     8|   32|      256|
    |B_stream_107_U  |        0|  109|   0|    -|     8|   32|      256|
    |B_stream_108_U  |        0|  109|   0|    -|     8|   32|      256|
    |B_stream_109_U  |        0|  109|   0|    -|     8|   32|      256|
    |B_stream_10_U   |        0|  109|   0|    -|     8|   32|      256|
    |B_stream_110_U  |        0|  109|   0|    -|     8|   32|      256|
    |B_stream_111_U  |        0|  109|   0|    -|     8|   32|      256|
    |B_stream_112_U  |        0|  109|   0|    -|     8|   32|      256|
    |B_stream_113_U  |        0|  109|   0|    -|     8|   32|      256|
    |B_stream_114_U  |        0|  109|   0|    -|     8|   32|      256|
    |B_stream_115_U  |        0|  109|   0|    -|     8|   32|      256|
    |B_stream_116_U  |        0|  109|   0|    -|     8|   32|      256|
    |B_stream_117_U  |        0|  109|   0|    -|     8|   32|      256|
    |B_stream_118_U  |        0|  109|   0|    -|     8|   32|      256|
    |B_stream_119_U  |        0|  109|   0|    -|     8|   32|      256|
    |B_stream_11_U   |        0|  109|   0|    -|     8|   32|      256|
    |B_stream_120_U  |        0|  109|   0|    -|     8|   32|      256|
    |B_stream_121_U  |        0|  109|   0|    -|     8|   32|      256|
    |B_stream_122_U  |        0|  109|   0|    -|     8|   32|      256|
    |B_stream_123_U  |        0|  109|   0|    -|     8|   32|      256|
    |B_stream_124_U  |        0|  109|   0|    -|     8|   32|      256|
    |B_stream_125_U  |        0|  109|   0|    -|     8|   32|      256|
    |B_stream_126_U  |        0|  109|   0|    -|     8|   32|      256|
    |B_stream_127_U  |        0|  109|   0|    -|     8|   32|      256|
    |B_stream_128_U  |        0|  109|   0|    -|     8|   32|      256|
    |B_stream_129_U  |        0|  109|   0|    -|     8|   32|      256|
    |B_stream_12_U   |        0|  109|   0|    -|     8|   32|      256|
    |B_stream_130_U  |        0|  109|   0|    -|     8|   32|      256|
    |B_stream_131_U  |        0|  109|   0|    -|     8|   32|      256|
    |B_stream_132_U  |        0|  109|   0|    -|     8|   32|      256|
    |B_stream_133_U  |        0|  109|   0|    -|     8|   32|      256|
    |B_stream_134_U  |        0|  109|   0|    -|     8|   32|      256|
    |B_stream_135_U  |        0|  109|   0|    -|     8|   32|      256|
    |B_stream_136_U  |        0|  109|   0|    -|     8|   32|      256|
    |B_stream_137_U  |        0|  109|   0|    -|     8|   32|      256|
    |B_stream_138_U  |        0|  109|   0|    -|     8|   32|      256|
    |B_stream_139_U  |        0|  109|   0|    -|     8|   32|      256|
    |B_stream_13_U   |        0|  109|   0|    -|     8|   32|      256|
    |B_stream_140_U  |        0|  109|   0|    -|     8|   32|      256|
    |B_stream_141_U  |        0|  109|   0|    -|     8|   32|      256|
    |B_stream_142_U  |        0|  109|   0|    -|     8|   32|      256|
    |B_stream_143_U  |        0|  109|   0|    -|     8|   32|      256|
    |B_stream_14_U   |        0|  109|   0|    -|     8|   32|      256|
    |B_stream_15_U   |        0|  109|   0|    -|     8|   32|      256|
    |B_stream_16_U   |        0|  109|   0|    -|     8|   32|      256|
    |B_stream_17_U   |        0|  109|   0|    -|     8|   32|      256|
    |B_stream_18_U   |        0|  109|   0|    -|     8|   32|      256|
    |B_stream_19_U   |        0|  109|   0|    -|     8|   32|      256|
    |B_stream_1_U    |        0|  109|   0|    -|     8|   32|      256|
    |B_stream_20_U   |        0|  109|   0|    -|     8|   32|      256|
    |B_stream_21_U   |        0|  109|   0|    -|     8|   32|      256|
    |B_stream_22_U   |        0|  109|   0|    -|     8|   32|      256|
    |B_stream_23_U   |        0|  109|   0|    -|     8|   32|      256|
    |B_stream_24_U   |        0|  109|   0|    -|     8|   32|      256|
    |B_stream_25_U   |        0|  109|   0|    -|     8|   32|      256|
    |B_stream_26_U   |        0|  109|   0|    -|     8|   32|      256|
    |B_stream_27_U   |        0|  109|   0|    -|     8|   32|      256|
    |B_stream_28_U   |        0|  109|   0|    -|     8|   32|      256|
    |B_stream_29_U   |        0|  109|   0|    -|     8|   32|      256|
    |B_stream_2_U    |        0|  109|   0|    -|     8|   32|      256|
    |B_stream_30_U   |        0|  109|   0|    -|     8|   32|      256|
    |B_stream_31_U   |        0|  109|   0|    -|     8|   32|      256|
    |B_stream_32_U   |        0|  109|   0|    -|     8|   32|      256|
    |B_stream_33_U   |        0|  109|   0|    -|     8|   32|      256|
    |B_stream_34_U   |        0|  109|   0|    -|     8|   32|      256|
    |B_stream_35_U   |        0|  109|   0|    -|     8|   32|      256|
    |B_stream_36_U   |        0|  109|   0|    -|     8|   32|      256|
    |B_stream_37_U   |        0|  109|   0|    -|     8|   32|      256|
    |B_stream_38_U   |        0|  109|   0|    -|     8|   32|      256|
    |B_stream_39_U   |        0|  109|   0|    -|     8|   32|      256|
    |B_stream_3_U    |        0|  109|   0|    -|     8|   32|      256|
    |B_stream_40_U   |        0|  109|   0|    -|     8|   32|      256|
    |B_stream_41_U   |        0|  109|   0|    -|     8|   32|      256|
    |B_stream_42_U   |        0|  109|   0|    -|     8|   32|      256|
    |B_stream_43_U   |        0|  109|   0|    -|     8|   32|      256|
    |B_stream_44_U   |        0|  109|   0|    -|     8|   32|      256|
    |B_stream_45_U   |        0|  109|   0|    -|     8|   32|      256|
    |B_stream_46_U   |        0|  109|   0|    -|     8|   32|      256|
    |B_stream_47_U   |        0|  109|   0|    -|     8|   32|      256|
    |B_stream_48_U   |        0|  109|   0|    -|     8|   32|      256|
    |B_stream_49_U   |        0|  109|   0|    -|     8|   32|      256|
    |B_stream_4_U    |        0|  109|   0|    -|     8|   32|      256|
    |B_stream_50_U   |        0|  109|   0|    -|     8|   32|      256|
    |B_stream_51_U   |        0|  109|   0|    -|     8|   32|      256|
    |B_stream_52_U   |        0|  109|   0|    -|     8|   32|      256|
    |B_stream_53_U   |        0|  109|   0|    -|     8|   32|      256|
    |B_stream_54_U   |        0|  109|   0|    -|     8|   32|      256|
    |B_stream_55_U   |        0|  109|   0|    -|     8|   32|      256|
    |B_stream_56_U   |        0|  109|   0|    -|     8|   32|      256|
    |B_stream_57_U   |        0|  109|   0|    -|     8|   32|      256|
    |B_stream_58_U   |        0|  109|   0|    -|     8|   32|      256|
    |B_stream_59_U   |        0|  109|   0|    -|     8|   32|      256|
    |B_stream_5_U    |        0|  109|   0|    -|     8|   32|      256|
    |B_stream_60_U   |        0|  109|   0|    -|     8|   32|      256|
    |B_stream_61_U   |        0|  109|   0|    -|     8|   32|      256|
    |B_stream_62_U   |        0|  109|   0|    -|     8|   32|      256|
    |B_stream_63_U   |        0|  109|   0|    -|     8|   32|      256|
    |B_stream_64_U   |        0|  109|   0|    -|     8|   32|      256|
    |B_stream_65_U   |        0|  109|   0|    -|     8|   32|      256|
    |B_stream_66_U   |        0|  109|   0|    -|     8|   32|      256|
    |B_stream_67_U   |        0|  109|   0|    -|     8|   32|      256|
    |B_stream_68_U   |        0|  109|   0|    -|     8|   32|      256|
    |B_stream_69_U   |        0|  109|   0|    -|     8|   32|      256|
    |B_stream_6_U    |        0|  109|   0|    -|     8|   32|      256|
    |B_stream_70_U   |        0|  109|   0|    -|     8|   32|      256|
    |B_stream_71_U   |        0|  109|   0|    -|     8|   32|      256|
    |B_stream_72_U   |        0|  109|   0|    -|     8|   32|      256|
    |B_stream_73_U   |        0|  109|   0|    -|     8|   32|      256|
    |B_stream_74_U   |        0|  109|   0|    -|     8|   32|      256|
    |B_stream_75_U   |        0|  109|   0|    -|     8|   32|      256|
    |B_stream_76_U   |        0|  109|   0|    -|     8|   32|      256|
    |B_stream_77_U   |        0|  109|   0|    -|     8|   32|      256|
    |B_stream_78_U   |        0|  109|   0|    -|     8|   32|      256|
    |B_stream_79_U   |        0|  109|   0|    -|     8|   32|      256|
    |B_stream_7_U    |        0|  109|   0|    -|     8|   32|      256|
    |B_stream_80_U   |        0|  109|   0|    -|     8|   32|      256|
    |B_stream_81_U   |        0|  109|   0|    -|     8|   32|      256|
    |B_stream_82_U   |        0|  109|   0|    -|     8|   32|      256|
    |B_stream_83_U   |        0|  109|   0|    -|     8|   32|      256|
    |B_stream_84_U   |        0|  109|   0|    -|     8|   32|      256|
    |B_stream_85_U   |        0|  109|   0|    -|     8|   32|      256|
    |B_stream_86_U   |        0|  109|   0|    -|     8|   32|      256|
    |B_stream_87_U   |        0|  109|   0|    -|     8|   32|      256|
    |B_stream_88_U   |        0|  109|   0|    -|     8|   32|      256|
    |B_stream_89_U   |        0|  109|   0|    -|     8|   32|      256|
    |B_stream_8_U    |        0|  109|   0|    -|     8|   32|      256|
    |B_stream_90_U   |        0|  109|   0|    -|     8|   32|      256|
    |B_stream_91_U   |        0|  109|   0|    -|     8|   32|      256|
    |B_stream_92_U   |        0|  109|   0|    -|     8|   32|      256|
    |B_stream_93_U   |        0|  109|   0|    -|     8|   32|      256|
    |B_stream_94_U   |        0|  109|   0|    -|     8|   32|      256|
    |B_stream_95_U   |        0|  109|   0|    -|     8|   32|      256|
    |B_stream_96_U   |        0|  109|   0|    -|     8|   32|      256|
    |B_stream_97_U   |        0|  109|   0|    -|     8|   32|      256|
    |B_stream_98_U   |        0|  109|   0|    -|     8|   32|      256|
    |B_stream_99_U   |        0|  109|   0|    -|     8|   32|      256|
    |B_stream_9_U    |        0|  109|   0|    -|     8|   32|      256|
    |B_stream_U      |        0|  109|   0|    -|     8|   32|      256|
    |C_stream_100_U  |        0|  109|   0|    -|     8|   32|      256|
    |C_stream_101_U  |        0|  109|   0|    -|     8|   32|      256|
    |C_stream_102_U  |        0|  109|   0|    -|     8|   32|      256|
    |C_stream_103_U  |        0|  109|   0|    -|     8|   32|      256|
    |C_stream_104_U  |        0|  109|   0|    -|     8|   32|      256|
    |C_stream_105_U  |        0|  109|   0|    -|     8|   32|      256|
    |C_stream_106_U  |        0|  109|   0|    -|     8|   32|      256|
    |C_stream_107_U  |        0|  109|   0|    -|     8|   32|      256|
    |C_stream_108_U  |        0|  109|   0|    -|     8|   32|      256|
    |C_stream_109_U  |        0|  109|   0|    -|     8|   32|      256|
    |C_stream_10_U   |        0|  109|   0|    -|     8|   32|      256|
    |C_stream_110_U  |        0|  109|   0|    -|     8|   32|      256|
    |C_stream_111_U  |        0|  109|   0|    -|     8|   32|      256|
    |C_stream_112_U  |        0|  109|   0|    -|     8|   32|      256|
    |C_stream_113_U  |        0|  109|   0|    -|     8|   32|      256|
    |C_stream_114_U  |        0|  109|   0|    -|     8|   32|      256|
    |C_stream_115_U  |        0|  109|   0|    -|     8|   32|      256|
    |C_stream_116_U  |        0|  109|   0|    -|     8|   32|      256|
    |C_stream_117_U  |        0|  109|   0|    -|     8|   32|      256|
    |C_stream_118_U  |        0|  109|   0|    -|     8|   32|      256|
    |C_stream_119_U  |        0|  109|   0|    -|     8|   32|      256|
    |C_stream_11_U   |        0|  109|   0|    -|     8|   32|      256|
    |C_stream_120_U  |        0|  109|   0|    -|     8|   32|      256|
    |C_stream_121_U  |        0|  109|   0|    -|     8|   32|      256|
    |C_stream_122_U  |        0|  109|   0|    -|     8|   32|      256|
    |C_stream_123_U  |        0|  109|   0|    -|     8|   32|      256|
    |C_stream_124_U  |        0|  109|   0|    -|     8|   32|      256|
    |C_stream_125_U  |        0|  109|   0|    -|     8|   32|      256|
    |C_stream_126_U  |        0|  109|   0|    -|     8|   32|      256|
    |C_stream_127_U  |        0|  109|   0|    -|     8|   32|      256|
    |C_stream_12_U   |        0|  109|   0|    -|     8|   32|      256|
    |C_stream_13_U   |        0|  109|   0|    -|     8|   32|      256|
    |C_stream_14_U   |        0|  109|   0|    -|     8|   32|      256|
    |C_stream_15_U   |        0|  109|   0|    -|     8|   32|      256|
    |C_stream_16_U   |        0|  109|   0|    -|     8|   32|      256|
    |C_stream_17_U   |        0|  109|   0|    -|     8|   32|      256|
    |C_stream_18_U   |        0|  109|   0|    -|     8|   32|      256|
    |C_stream_19_U   |        0|  109|   0|    -|     8|   32|      256|
    |C_stream_1_U    |        0|  109|   0|    -|     8|   32|      256|
    |C_stream_20_U   |        0|  109|   0|    -|     8|   32|      256|
    |C_stream_21_U   |        0|  109|   0|    -|     8|   32|      256|
    |C_stream_22_U   |        0|  109|   0|    -|     8|   32|      256|
    |C_stream_23_U   |        0|  109|   0|    -|     8|   32|      256|
    |C_stream_24_U   |        0|  109|   0|    -|     8|   32|      256|
    |C_stream_25_U   |        0|  109|   0|    -|     8|   32|      256|
    |C_stream_26_U   |        0|  109|   0|    -|     8|   32|      256|
    |C_stream_27_U   |        0|  109|   0|    -|     8|   32|      256|
    |C_stream_28_U   |        0|  109|   0|    -|     8|   32|      256|
    |C_stream_29_U   |        0|  109|   0|    -|     8|   32|      256|
    |C_stream_2_U    |        0|  109|   0|    -|     8|   32|      256|
    |C_stream_30_U   |        0|  109|   0|    -|     8|   32|      256|
    |C_stream_31_U   |        0|  109|   0|    -|     8|   32|      256|
    |C_stream_32_U   |        0|  109|   0|    -|     8|   32|      256|
    |C_stream_33_U   |        0|  109|   0|    -|     8|   32|      256|
    |C_stream_34_U   |        0|  109|   0|    -|     8|   32|      256|
    |C_stream_35_U   |        0|  109|   0|    -|     8|   32|      256|
    |C_stream_36_U   |        0|  109|   0|    -|     8|   32|      256|
    |C_stream_37_U   |        0|  109|   0|    -|     8|   32|      256|
    |C_stream_38_U   |        0|  109|   0|    -|     8|   32|      256|
    |C_stream_39_U   |        0|  109|   0|    -|     8|   32|      256|
    |C_stream_3_U    |        0|  109|   0|    -|     8|   32|      256|
    |C_stream_40_U   |        0|  109|   0|    -|     8|   32|      256|
    |C_stream_41_U   |        0|  109|   0|    -|     8|   32|      256|
    |C_stream_42_U   |        0|  109|   0|    -|     8|   32|      256|
    |C_stream_43_U   |        0|  109|   0|    -|     8|   32|      256|
    |C_stream_44_U   |        0|  109|   0|    -|     8|   32|      256|
    |C_stream_45_U   |        0|  109|   0|    -|     8|   32|      256|
    |C_stream_46_U   |        0|  109|   0|    -|     8|   32|      256|
    |C_stream_47_U   |        0|  109|   0|    -|     8|   32|      256|
    |C_stream_48_U   |        0|  109|   0|    -|     8|   32|      256|
    |C_stream_49_U   |        0|  109|   0|    -|     8|   32|      256|
    |C_stream_4_U    |        0|  109|   0|    -|     8|   32|      256|
    |C_stream_50_U   |        0|  109|   0|    -|     8|   32|      256|
    |C_stream_51_U   |        0|  109|   0|    -|     8|   32|      256|
    |C_stream_52_U   |        0|  109|   0|    -|     8|   32|      256|
    |C_stream_53_U   |        0|  109|   0|    -|     8|   32|      256|
    |C_stream_54_U   |        0|  109|   0|    -|     8|   32|      256|
    |C_stream_55_U   |        0|  109|   0|    -|     8|   32|      256|
    |C_stream_56_U   |        0|  109|   0|    -|     8|   32|      256|
    |C_stream_57_U   |        0|  109|   0|    -|     8|   32|      256|
    |C_stream_58_U   |        0|  109|   0|    -|     8|   32|      256|
    |C_stream_59_U   |        0|  109|   0|    -|     8|   32|      256|
    |C_stream_5_U    |        0|  109|   0|    -|     8|   32|      256|
    |C_stream_60_U   |        0|  109|   0|    -|     8|   32|      256|
    |C_stream_61_U   |        0|  109|   0|    -|     8|   32|      256|
    |C_stream_62_U   |        0|  109|   0|    -|     8|   32|      256|
    |C_stream_63_U   |        0|  109|   0|    -|     8|   32|      256|
    |C_stream_64_U   |        0|  109|   0|    -|     8|   32|      256|
    |C_stream_65_U   |        0|  109|   0|    -|     8|   32|      256|
    |C_stream_66_U   |        0|  109|   0|    -|     8|   32|      256|
    |C_stream_67_U   |        0|  109|   0|    -|     8|   32|      256|
    |C_stream_68_U   |        0|  109|   0|    -|     8|   32|      256|
    |C_stream_69_U   |        0|  109|   0|    -|     8|   32|      256|
    |C_stream_6_U    |        0|  109|   0|    -|     8|   32|      256|
    |C_stream_70_U   |        0|  109|   0|    -|     8|   32|      256|
    |C_stream_71_U   |        0|  109|   0|    -|     8|   32|      256|
    |C_stream_72_U   |        0|  109|   0|    -|     8|   32|      256|
    |C_stream_73_U   |        0|  109|   0|    -|     8|   32|      256|
    |C_stream_74_U   |        0|  109|   0|    -|     8|   32|      256|
    |C_stream_75_U   |        0|  109|   0|    -|     8|   32|      256|
    |C_stream_76_U   |        0|  109|   0|    -|     8|   32|      256|
    |C_stream_77_U   |        0|  109|   0|    -|     8|   32|      256|
    |C_stream_78_U   |        0|  109|   0|    -|     8|   32|      256|
    |C_stream_79_U   |        0|  109|   0|    -|     8|   32|      256|
    |C_stream_7_U    |        0|  109|   0|    -|     8|   32|      256|
    |C_stream_80_U   |        0|  109|   0|    -|     8|   32|      256|
    |C_stream_81_U   |        0|  109|   0|    -|     8|   32|      256|
    |C_stream_82_U   |        0|  109|   0|    -|     8|   32|      256|
    |C_stream_83_U   |        0|  109|   0|    -|     8|   32|      256|
    |C_stream_84_U   |        0|  109|   0|    -|     8|   32|      256|
    |C_stream_85_U   |        0|  109|   0|    -|     8|   32|      256|
    |C_stream_86_U   |        0|  109|   0|    -|     8|   32|      256|
    |C_stream_87_U   |        0|  109|   0|    -|     8|   32|      256|
    |C_stream_88_U   |        0|  109|   0|    -|     8|   32|      256|
    |C_stream_89_U   |        0|  109|   0|    -|     8|   32|      256|
    |C_stream_8_U    |        0|  109|   0|    -|     8|   32|      256|
    |C_stream_90_U   |        0|  109|   0|    -|     8|   32|      256|
    |C_stream_91_U   |        0|  109|   0|    -|     8|   32|      256|
    |C_stream_92_U   |        0|  109|   0|    -|     8|   32|      256|
    |C_stream_93_U   |        0|  109|   0|    -|     8|   32|      256|
    |C_stream_94_U   |        0|  109|   0|    -|     8|   32|      256|
    |C_stream_95_U   |        0|  109|   0|    -|     8|   32|      256|
    |C_stream_96_U   |        0|  109|   0|    -|     8|   32|      256|
    |C_stream_97_U   |        0|  109|   0|    -|     8|   32|      256|
    |C_stream_98_U   |        0|  109|   0|    -|     8|   32|      256|
    |C_stream_99_U   |        0|  109|   0|    -|     8|   32|      256|
    |C_stream_9_U    |        0|  109|   0|    -|     8|   32|      256|
    |C_stream_U      |        0|  109|   0|    -|     8|   32|      256|
    |tileA_c1_U      |        0|   25|   0|    -|    17|    2|       34|
    |tileA_c_U       |        0|   25|   0|    -|    17|    2|       34|
    +----------------+---------+-----+----+-----+------+-----+---------+
    |Total           |        0|45394|   0|    0|  3362|13316|   106564|
    +----------------+---------+-----+----+-----+------+-----+---------+

    * Expression: 
    +------------------------------------------+----------+----+---+----+------------+------------+
    |               Variable Name              | Operation| DSP| FF| LUT| Bitwidth P0| Bitwidth P1|
    +------------------------------------------+----------+----+---+----+------------+------------+
    |B_Buf_to_stream3_U0_ap_start              |       and|   0|  0|   2|           1|           1|
    |B_Buf_to_stream3_U0_start_full_n          |       and|   0|  0|   2|           1|           1|
    |B_Buf_to_stream_6494_U0_ap_start          |       and|   0|  0|   2|           1|           1|
    |B_Buf_to_stream_6494_U0_start_full_n      |       and|   0|  0|   2|           1|           1|
    |PE_72102_U0_start_full_n                  |       and|   0|  0|   2|           1|           1|
    |PE_735_U0_start_full_n                    |       and|   0|  0|   2|           1|           1|
    |ap_idle                                   |       and|   0|  0|   2|           1|           1|
    |ap_sync_continue                          |       and|   0|  0|   2|           1|           1|
    |ap_sync_done                              |       and|   0|  0|   2|           1|           1|
    |ap_sync_ready                             |       and|   0|  0|   2|           1|           1|
    |tm_A2_U0_ap_start                         |       and|   0|  0|   2|           1|           1|
    |tm_A2_U0_start_full_n                     |       and|   0|  0|   2|           1|           1|
    |ap_sync_B_Buf_to_stream3_U0_ap_ready      |        or|   0|  0|   2|           1|           1|
    |ap_sync_B_Buf_to_stream_6494_U0_ap_ready  |        or|   0|  0|   2|           1|           1|
    |ap_sync_tm_A2_U0_ap_ready                 |        or|   0|  0|   2|           1|           1|
    +------------------------------------------+----------+----+---+----+------------+------------+
    |Total                                     |          |   0|  0|  30|          15|          15|
    +------------------------------------------+----------+----+---+----+------------+------------+

    * Multiplexer: 
    +----------------------------------------------+----+-----------+-----+-----------+
    |                     Name                     | LUT| Input Size| Bits| Total Bits|
    +----------------------------------------------+----+-----------+-----+-----------+
    |ap_sync_reg_B_Buf_to_stream3_U0_ap_ready      |   2|          2|    1|          2|
    |ap_sync_reg_B_Buf_to_stream_6494_U0_ap_ready  |   2|          2|    1|          2|
    |ap_sync_reg_tm_A2_U0_ap_ready                 |   2|          2|    1|          2|
    +----------------------------------------------+----+-----------+-----+-----------+
    |Total                                         |   6|          6|    3|          6|
    +----------------------------------------------+----+-----------+-----+-----------+

    * Register: 
    +----------------------------------------------+---+----+-----+-----------+
    |                     Name                     | FF| LUT| Bits| Const Bits|
    +----------------------------------------------+---+----+-----+-----------+
    |ap_sync_reg_B_Buf_to_stream3_U0_ap_ready      |  1|   0|    1|          0|
    |ap_sync_reg_B_Buf_to_stream_6494_U0_ap_ready  |  1|   0|    1|          0|
    |ap_sync_reg_tm_A2_U0_ap_ready                 |  1|   0|    1|          0|
    +----------------------------------------------+---+----+-----+-----------+
    |Total                                         |  3|   0|    3|          0|
    +----------------------------------------------+---+----+-----+-----------+



================================================================
== Interface
================================================================
* Summary: 
+---------------------------+-----+-----+------------+------------------------------+--------------+
|         RTL Ports         | Dir | Bits|  Protocol  |         Source Object        |    C Type    |
+---------------------------+-----+-----+------------+------------------------------+--------------+
|A_BUF_0_0_address0         |  out|    3|   ap_memory|                     A_BUF_0_0|         array|
|A_BUF_0_0_ce0              |  out|    1|   ap_memory|                     A_BUF_0_0|         array|
|A_BUF_0_0_d0               |  out|   32|   ap_memory|                     A_BUF_0_0|         array|
|A_BUF_0_0_q0               |   in|   32|   ap_memory|                     A_BUF_0_0|         array|
|A_BUF_0_0_we0              |  out|    1|   ap_memory|                     A_BUF_0_0|         array|
|A_BUF_0_0_address1         |  out|    3|   ap_memory|                     A_BUF_0_0|         array|
|A_BUF_0_0_ce1              |  out|    1|   ap_memory|                     A_BUF_0_0|         array|
|A_BUF_0_0_d1               |  out|   32|   ap_memory|                     A_BUF_0_0|         array|
|A_BUF_0_0_q1               |   in|   32|   ap_memory|                     A_BUF_0_0|         array|
|A_BUF_0_0_we1              |  out|    1|   ap_memory|                     A_BUF_0_0|         array|
|A_BUF_0_1_address0         |  out|    3|   ap_memory|                     A_BUF_0_1|         array|
|A_BUF_0_1_ce0              |  out|    1|   ap_memory|                     A_BUF_0_1|         array|
|A_BUF_0_1_d0               |  out|   32|   ap_memory|                     A_BUF_0_1|         array|
|A_BUF_0_1_q0               |   in|   32|   ap_memory|                     A_BUF_0_1|         array|
|A_BUF_0_1_we0              |  out|    1|   ap_memory|                     A_BUF_0_1|         array|
|A_BUF_0_1_address1         |  out|    3|   ap_memory|                     A_BUF_0_1|         array|
|A_BUF_0_1_ce1              |  out|    1|   ap_memory|                     A_BUF_0_1|         array|
|A_BUF_0_1_d1               |  out|   32|   ap_memory|                     A_BUF_0_1|         array|
|A_BUF_0_1_q1               |   in|   32|   ap_memory|                     A_BUF_0_1|         array|
|A_BUF_0_1_we1              |  out|    1|   ap_memory|                     A_BUF_0_1|         array|
|A_BUF_0_2_address0         |  out|    3|   ap_memory|                     A_BUF_0_2|         array|
|A_BUF_0_2_ce0              |  out|    1|   ap_memory|                     A_BUF_0_2|         array|
|A_BUF_0_2_d0               |  out|   32|   ap_memory|                     A_BUF_0_2|         array|
|A_BUF_0_2_q0               |   in|   32|   ap_memory|                     A_BUF_0_2|         array|
|A_BUF_0_2_we0              |  out|    1|   ap_memory|                     A_BUF_0_2|         array|
|A_BUF_0_2_address1         |  out|    3|   ap_memory|                     A_BUF_0_2|         array|
|A_BUF_0_2_ce1              |  out|    1|   ap_memory|                     A_BUF_0_2|         array|
|A_BUF_0_2_d1               |  out|   32|   ap_memory|                     A_BUF_0_2|         array|
|A_BUF_0_2_q1               |   in|   32|   ap_memory|                     A_BUF_0_2|         array|
|A_BUF_0_2_we1              |  out|    1|   ap_memory|                     A_BUF_0_2|         array|
|A_BUF_0_3_address0         |  out|    3|   ap_memory|                     A_BUF_0_3|         array|
|A_BUF_0_3_ce0              |  out|    1|   ap_memory|                     A_BUF_0_3|         array|
|A_BUF_0_3_d0               |  out|   32|   ap_memory|                     A_BUF_0_3|         array|
|A_BUF_0_3_q0               |   in|   32|   ap_memory|                     A_BUF_0_3|         array|
|A_BUF_0_3_we0              |  out|    1|   ap_memory|                     A_BUF_0_3|         array|
|A_BUF_0_3_address1         |  out|    3|   ap_memory|                     A_BUF_0_3|         array|
|A_BUF_0_3_ce1              |  out|    1|   ap_memory|                     A_BUF_0_3|         array|
|A_BUF_0_3_d1               |  out|   32|   ap_memory|                     A_BUF_0_3|         array|
|A_BUF_0_3_q1               |   in|   32|   ap_memory|                     A_BUF_0_3|         array|
|A_BUF_0_3_we1              |  out|    1|   ap_memory|                     A_BUF_0_3|         array|
|A_BUF_0_4_address0         |  out|    3|   ap_memory|                     A_BUF_0_4|         array|
|A_BUF_0_4_ce0              |  out|    1|   ap_memory|                     A_BUF_0_4|         array|
|A_BUF_0_4_d0               |  out|   32|   ap_memory|                     A_BUF_0_4|         array|
|A_BUF_0_4_q0               |   in|   32|   ap_memory|                     A_BUF_0_4|         array|
|A_BUF_0_4_we0              |  out|    1|   ap_memory|                     A_BUF_0_4|         array|
|A_BUF_0_4_address1         |  out|    3|   ap_memory|                     A_BUF_0_4|         array|
|A_BUF_0_4_ce1              |  out|    1|   ap_memory|                     A_BUF_0_4|         array|
|A_BUF_0_4_d1               |  out|   32|   ap_memory|                     A_BUF_0_4|         array|
|A_BUF_0_4_q1               |   in|   32|   ap_memory|                     A_BUF_0_4|         array|
|A_BUF_0_4_we1              |  out|    1|   ap_memory|                     A_BUF_0_4|         array|
|A_BUF_0_5_address0         |  out|    3|   ap_memory|                     A_BUF_0_5|         array|
|A_BUF_0_5_ce0              |  out|    1|   ap_memory|                     A_BUF_0_5|         array|
|A_BUF_0_5_d0               |  out|   32|   ap_memory|                     A_BUF_0_5|         array|
|A_BUF_0_5_q0               |   in|   32|   ap_memory|                     A_BUF_0_5|         array|
|A_BUF_0_5_we0              |  out|    1|   ap_memory|                     A_BUF_0_5|         array|
|A_BUF_0_5_address1         |  out|    3|   ap_memory|                     A_BUF_0_5|         array|
|A_BUF_0_5_ce1              |  out|    1|   ap_memory|                     A_BUF_0_5|         array|
|A_BUF_0_5_d1               |  out|   32|   ap_memory|                     A_BUF_0_5|         array|
|A_BUF_0_5_q1               |   in|   32|   ap_memory|                     A_BUF_0_5|         array|
|A_BUF_0_5_we1              |  out|    1|   ap_memory|                     A_BUF_0_5|         array|
|A_BUF_0_6_address0         |  out|    3|   ap_memory|                     A_BUF_0_6|         array|
|A_BUF_0_6_ce0              |  out|    1|   ap_memory|                     A_BUF_0_6|         array|
|A_BUF_0_6_d0               |  out|   32|   ap_memory|                     A_BUF_0_6|         array|
|A_BUF_0_6_q0               |   in|   32|   ap_memory|                     A_BUF_0_6|         array|
|A_BUF_0_6_we0              |  out|    1|   ap_memory|                     A_BUF_0_6|         array|
|A_BUF_0_6_address1         |  out|    3|   ap_memory|                     A_BUF_0_6|         array|
|A_BUF_0_6_ce1              |  out|    1|   ap_memory|                     A_BUF_0_6|         array|
|A_BUF_0_6_d1               |  out|   32|   ap_memory|                     A_BUF_0_6|         array|
|A_BUF_0_6_q1               |   in|   32|   ap_memory|                     A_BUF_0_6|         array|
|A_BUF_0_6_we1              |  out|    1|   ap_memory|                     A_BUF_0_6|         array|
|A_BUF_0_7_address0         |  out|    3|   ap_memory|                     A_BUF_0_7|         array|
|A_BUF_0_7_ce0              |  out|    1|   ap_memory|                     A_BUF_0_7|         array|
|A_BUF_0_7_d0               |  out|   32|   ap_memory|                     A_BUF_0_7|         array|
|A_BUF_0_7_q0               |   in|   32|   ap_memory|                     A_BUF_0_7|         array|
|A_BUF_0_7_we0              |  out|    1|   ap_memory|                     A_BUF_0_7|         array|
|A_BUF_0_7_address1         |  out|    3|   ap_memory|                     A_BUF_0_7|         array|
|A_BUF_0_7_ce1              |  out|    1|   ap_memory|                     A_BUF_0_7|         array|
|A_BUF_0_7_d1               |  out|   32|   ap_memory|                     A_BUF_0_7|         array|
|A_BUF_0_7_q1               |   in|   32|   ap_memory|                     A_BUF_0_7|         array|
|A_BUF_0_7_we1              |  out|    1|   ap_memory|                     A_BUF_0_7|         array|
|A_BUF_1_0_address0         |  out|    3|   ap_memory|                     A_BUF_1_0|         array|
|A_BUF_1_0_ce0              |  out|    1|   ap_memory|                     A_BUF_1_0|         array|
|A_BUF_1_0_d0               |  out|   32|   ap_memory|                     A_BUF_1_0|         array|
|A_BUF_1_0_q0               |   in|   32|   ap_memory|                     A_BUF_1_0|         array|
|A_BUF_1_0_we0              |  out|    1|   ap_memory|                     A_BUF_1_0|         array|
|A_BUF_1_0_address1         |  out|    3|   ap_memory|                     A_BUF_1_0|         array|
|A_BUF_1_0_ce1              |  out|    1|   ap_memory|                     A_BUF_1_0|         array|
|A_BUF_1_0_d1               |  out|   32|   ap_memory|                     A_BUF_1_0|         array|
|A_BUF_1_0_q1               |   in|   32|   ap_memory|                     A_BUF_1_0|         array|
|A_BUF_1_0_we1              |  out|    1|   ap_memory|                     A_BUF_1_0|         array|
|A_BUF_1_1_address0         |  out|    3|   ap_memory|                     A_BUF_1_1|         array|
|A_BUF_1_1_ce0              |  out|    1|   ap_memory|                     A_BUF_1_1|         array|
|A_BUF_1_1_d0               |  out|   32|   ap_memory|                     A_BUF_1_1|         array|
|A_BUF_1_1_q0               |   in|   32|   ap_memory|                     A_BUF_1_1|         array|
|A_BUF_1_1_we0              |  out|    1|   ap_memory|                     A_BUF_1_1|         array|
|A_BUF_1_1_address1         |  out|    3|   ap_memory|                     A_BUF_1_1|         array|
|A_BUF_1_1_ce1              |  out|    1|   ap_memory|                     A_BUF_1_1|         array|
|A_BUF_1_1_d1               |  out|   32|   ap_memory|                     A_BUF_1_1|         array|
|A_BUF_1_1_q1               |   in|   32|   ap_memory|                     A_BUF_1_1|         array|
|A_BUF_1_1_we1              |  out|    1|   ap_memory|                     A_BUF_1_1|         array|
|A_BUF_1_2_address0         |  out|    3|   ap_memory|                     A_BUF_1_2|         array|
|A_BUF_1_2_ce0              |  out|    1|   ap_memory|                     A_BUF_1_2|         array|
|A_BUF_1_2_d0               |  out|   32|   ap_memory|                     A_BUF_1_2|         array|
|A_BUF_1_2_q0               |   in|   32|   ap_memory|                     A_BUF_1_2|         array|
|A_BUF_1_2_we0              |  out|    1|   ap_memory|                     A_BUF_1_2|         array|
|A_BUF_1_2_address1         |  out|    3|   ap_memory|                     A_BUF_1_2|         array|
|A_BUF_1_2_ce1              |  out|    1|   ap_memory|                     A_BUF_1_2|         array|
|A_BUF_1_2_d1               |  out|   32|   ap_memory|                     A_BUF_1_2|         array|
|A_BUF_1_2_q1               |   in|   32|   ap_memory|                     A_BUF_1_2|         array|
|A_BUF_1_2_we1              |  out|    1|   ap_memory|                     A_BUF_1_2|         array|
|A_BUF_1_3_address0         |  out|    3|   ap_memory|                     A_BUF_1_3|         array|
|A_BUF_1_3_ce0              |  out|    1|   ap_memory|                     A_BUF_1_3|         array|
|A_BUF_1_3_d0               |  out|   32|   ap_memory|                     A_BUF_1_3|         array|
|A_BUF_1_3_q0               |   in|   32|   ap_memory|                     A_BUF_1_3|         array|
|A_BUF_1_3_we0              |  out|    1|   ap_memory|                     A_BUF_1_3|         array|
|A_BUF_1_3_address1         |  out|    3|   ap_memory|                     A_BUF_1_3|         array|
|A_BUF_1_3_ce1              |  out|    1|   ap_memory|                     A_BUF_1_3|         array|
|A_BUF_1_3_d1               |  out|   32|   ap_memory|                     A_BUF_1_3|         array|
|A_BUF_1_3_q1               |   in|   32|   ap_memory|                     A_BUF_1_3|         array|
|A_BUF_1_3_we1              |  out|    1|   ap_memory|                     A_BUF_1_3|         array|
|A_BUF_1_4_address0         |  out|    3|   ap_memory|                     A_BUF_1_4|         array|
|A_BUF_1_4_ce0              |  out|    1|   ap_memory|                     A_BUF_1_4|         array|
|A_BUF_1_4_d0               |  out|   32|   ap_memory|                     A_BUF_1_4|         array|
|A_BUF_1_4_q0               |   in|   32|   ap_memory|                     A_BUF_1_4|         array|
|A_BUF_1_4_we0              |  out|    1|   ap_memory|                     A_BUF_1_4|         array|
|A_BUF_1_4_address1         |  out|    3|   ap_memory|                     A_BUF_1_4|         array|
|A_BUF_1_4_ce1              |  out|    1|   ap_memory|                     A_BUF_1_4|         array|
|A_BUF_1_4_d1               |  out|   32|   ap_memory|                     A_BUF_1_4|         array|
|A_BUF_1_4_q1               |   in|   32|   ap_memory|                     A_BUF_1_4|         array|
|A_BUF_1_4_we1              |  out|    1|   ap_memory|                     A_BUF_1_4|         array|
|A_BUF_1_5_address0         |  out|    3|   ap_memory|                     A_BUF_1_5|         array|
|A_BUF_1_5_ce0              |  out|    1|   ap_memory|                     A_BUF_1_5|         array|
|A_BUF_1_5_d0               |  out|   32|   ap_memory|                     A_BUF_1_5|         array|
|A_BUF_1_5_q0               |   in|   32|   ap_memory|                     A_BUF_1_5|         array|
|A_BUF_1_5_we0              |  out|    1|   ap_memory|                     A_BUF_1_5|         array|
|A_BUF_1_5_address1         |  out|    3|   ap_memory|                     A_BUF_1_5|         array|
|A_BUF_1_5_ce1              |  out|    1|   ap_memory|                     A_BUF_1_5|         array|
|A_BUF_1_5_d1               |  out|   32|   ap_memory|                     A_BUF_1_5|         array|
|A_BUF_1_5_q1               |   in|   32|   ap_memory|                     A_BUF_1_5|         array|
|A_BUF_1_5_we1              |  out|    1|   ap_memory|                     A_BUF_1_5|         array|
|A_BUF_1_6_address0         |  out|    3|   ap_memory|                     A_BUF_1_6|         array|
|A_BUF_1_6_ce0              |  out|    1|   ap_memory|                     A_BUF_1_6|         array|
|A_BUF_1_6_d0               |  out|   32|   ap_memory|                     A_BUF_1_6|         array|
|A_BUF_1_6_q0               |   in|   32|   ap_memory|                     A_BUF_1_6|         array|
|A_BUF_1_6_we0              |  out|    1|   ap_memory|                     A_BUF_1_6|         array|
|A_BUF_1_6_address1         |  out|    3|   ap_memory|                     A_BUF_1_6|         array|
|A_BUF_1_6_ce1              |  out|    1|   ap_memory|                     A_BUF_1_6|         array|
|A_BUF_1_6_d1               |  out|   32|   ap_memory|                     A_BUF_1_6|         array|
|A_BUF_1_6_q1               |   in|   32|   ap_memory|                     A_BUF_1_6|         array|
|A_BUF_1_6_we1              |  out|    1|   ap_memory|                     A_BUF_1_6|         array|
|A_BUF_1_7_address0         |  out|    3|   ap_memory|                     A_BUF_1_7|         array|
|A_BUF_1_7_ce0              |  out|    1|   ap_memory|                     A_BUF_1_7|         array|
|A_BUF_1_7_d0               |  out|   32|   ap_memory|                     A_BUF_1_7|         array|
|A_BUF_1_7_q0               |   in|   32|   ap_memory|                     A_BUF_1_7|         array|
|A_BUF_1_7_we0              |  out|    1|   ap_memory|                     A_BUF_1_7|         array|
|A_BUF_1_7_address1         |  out|    3|   ap_memory|                     A_BUF_1_7|         array|
|A_BUF_1_7_ce1              |  out|    1|   ap_memory|                     A_BUF_1_7|         array|
|A_BUF_1_7_d1               |  out|   32|   ap_memory|                     A_BUF_1_7|         array|
|A_BUF_1_7_q1               |   in|   32|   ap_memory|                     A_BUF_1_7|         array|
|A_BUF_1_7_we1              |  out|    1|   ap_memory|                     A_BUF_1_7|         array|
|A_BUF_2_0_address0         |  out|    3|   ap_memory|                     A_BUF_2_0|         array|
|A_BUF_2_0_ce0              |  out|    1|   ap_memory|                     A_BUF_2_0|         array|
|A_BUF_2_0_d0               |  out|   32|   ap_memory|                     A_BUF_2_0|         array|
|A_BUF_2_0_q0               |   in|   32|   ap_memory|                     A_BUF_2_0|         array|
|A_BUF_2_0_we0              |  out|    1|   ap_memory|                     A_BUF_2_0|         array|
|A_BUF_2_0_address1         |  out|    3|   ap_memory|                     A_BUF_2_0|         array|
|A_BUF_2_0_ce1              |  out|    1|   ap_memory|                     A_BUF_2_0|         array|
|A_BUF_2_0_d1               |  out|   32|   ap_memory|                     A_BUF_2_0|         array|
|A_BUF_2_0_q1               |   in|   32|   ap_memory|                     A_BUF_2_0|         array|
|A_BUF_2_0_we1              |  out|    1|   ap_memory|                     A_BUF_2_0|         array|
|A_BUF_2_1_address0         |  out|    3|   ap_memory|                     A_BUF_2_1|         array|
|A_BUF_2_1_ce0              |  out|    1|   ap_memory|                     A_BUF_2_1|         array|
|A_BUF_2_1_d0               |  out|   32|   ap_memory|                     A_BUF_2_1|         array|
|A_BUF_2_1_q0               |   in|   32|   ap_memory|                     A_BUF_2_1|         array|
|A_BUF_2_1_we0              |  out|    1|   ap_memory|                     A_BUF_2_1|         array|
|A_BUF_2_1_address1         |  out|    3|   ap_memory|                     A_BUF_2_1|         array|
|A_BUF_2_1_ce1              |  out|    1|   ap_memory|                     A_BUF_2_1|         array|
|A_BUF_2_1_d1               |  out|   32|   ap_memory|                     A_BUF_2_1|         array|
|A_BUF_2_1_q1               |   in|   32|   ap_memory|                     A_BUF_2_1|         array|
|A_BUF_2_1_we1              |  out|    1|   ap_memory|                     A_BUF_2_1|         array|
|A_BUF_2_2_address0         |  out|    3|   ap_memory|                     A_BUF_2_2|         array|
|A_BUF_2_2_ce0              |  out|    1|   ap_memory|                     A_BUF_2_2|         array|
|A_BUF_2_2_d0               |  out|   32|   ap_memory|                     A_BUF_2_2|         array|
|A_BUF_2_2_q0               |   in|   32|   ap_memory|                     A_BUF_2_2|         array|
|A_BUF_2_2_we0              |  out|    1|   ap_memory|                     A_BUF_2_2|         array|
|A_BUF_2_2_address1         |  out|    3|   ap_memory|                     A_BUF_2_2|         array|
|A_BUF_2_2_ce1              |  out|    1|   ap_memory|                     A_BUF_2_2|         array|
|A_BUF_2_2_d1               |  out|   32|   ap_memory|                     A_BUF_2_2|         array|
|A_BUF_2_2_q1               |   in|   32|   ap_memory|                     A_BUF_2_2|         array|
|A_BUF_2_2_we1              |  out|    1|   ap_memory|                     A_BUF_2_2|         array|
|A_BUF_2_3_address0         |  out|    3|   ap_memory|                     A_BUF_2_3|         array|
|A_BUF_2_3_ce0              |  out|    1|   ap_memory|                     A_BUF_2_3|         array|
|A_BUF_2_3_d0               |  out|   32|   ap_memory|                     A_BUF_2_3|         array|
|A_BUF_2_3_q0               |   in|   32|   ap_memory|                     A_BUF_2_3|         array|
|A_BUF_2_3_we0              |  out|    1|   ap_memory|                     A_BUF_2_3|         array|
|A_BUF_2_3_address1         |  out|    3|   ap_memory|                     A_BUF_2_3|         array|
|A_BUF_2_3_ce1              |  out|    1|   ap_memory|                     A_BUF_2_3|         array|
|A_BUF_2_3_d1               |  out|   32|   ap_memory|                     A_BUF_2_3|         array|
|A_BUF_2_3_q1               |   in|   32|   ap_memory|                     A_BUF_2_3|         array|
|A_BUF_2_3_we1              |  out|    1|   ap_memory|                     A_BUF_2_3|         array|
|A_BUF_2_4_address0         |  out|    3|   ap_memory|                     A_BUF_2_4|         array|
|A_BUF_2_4_ce0              |  out|    1|   ap_memory|                     A_BUF_2_4|         array|
|A_BUF_2_4_d0               |  out|   32|   ap_memory|                     A_BUF_2_4|         array|
|A_BUF_2_4_q0               |   in|   32|   ap_memory|                     A_BUF_2_4|         array|
|A_BUF_2_4_we0              |  out|    1|   ap_memory|                     A_BUF_2_4|         array|
|A_BUF_2_4_address1         |  out|    3|   ap_memory|                     A_BUF_2_4|         array|
|A_BUF_2_4_ce1              |  out|    1|   ap_memory|                     A_BUF_2_4|         array|
|A_BUF_2_4_d1               |  out|   32|   ap_memory|                     A_BUF_2_4|         array|
|A_BUF_2_4_q1               |   in|   32|   ap_memory|                     A_BUF_2_4|         array|
|A_BUF_2_4_we1              |  out|    1|   ap_memory|                     A_BUF_2_4|         array|
|A_BUF_2_5_address0         |  out|    3|   ap_memory|                     A_BUF_2_5|         array|
|A_BUF_2_5_ce0              |  out|    1|   ap_memory|                     A_BUF_2_5|         array|
|A_BUF_2_5_d0               |  out|   32|   ap_memory|                     A_BUF_2_5|         array|
|A_BUF_2_5_q0               |   in|   32|   ap_memory|                     A_BUF_2_5|         array|
|A_BUF_2_5_we0              |  out|    1|   ap_memory|                     A_BUF_2_5|         array|
|A_BUF_2_5_address1         |  out|    3|   ap_memory|                     A_BUF_2_5|         array|
|A_BUF_2_5_ce1              |  out|    1|   ap_memory|                     A_BUF_2_5|         array|
|A_BUF_2_5_d1               |  out|   32|   ap_memory|                     A_BUF_2_5|         array|
|A_BUF_2_5_q1               |   in|   32|   ap_memory|                     A_BUF_2_5|         array|
|A_BUF_2_5_we1              |  out|    1|   ap_memory|                     A_BUF_2_5|         array|
|A_BUF_2_6_address0         |  out|    3|   ap_memory|                     A_BUF_2_6|         array|
|A_BUF_2_6_ce0              |  out|    1|   ap_memory|                     A_BUF_2_6|         array|
|A_BUF_2_6_d0               |  out|   32|   ap_memory|                     A_BUF_2_6|         array|
|A_BUF_2_6_q0               |   in|   32|   ap_memory|                     A_BUF_2_6|         array|
|A_BUF_2_6_we0              |  out|    1|   ap_memory|                     A_BUF_2_6|         array|
|A_BUF_2_6_address1         |  out|    3|   ap_memory|                     A_BUF_2_6|         array|
|A_BUF_2_6_ce1              |  out|    1|   ap_memory|                     A_BUF_2_6|         array|
|A_BUF_2_6_d1               |  out|   32|   ap_memory|                     A_BUF_2_6|         array|
|A_BUF_2_6_q1               |   in|   32|   ap_memory|                     A_BUF_2_6|         array|
|A_BUF_2_6_we1              |  out|    1|   ap_memory|                     A_BUF_2_6|         array|
|A_BUF_2_7_address0         |  out|    3|   ap_memory|                     A_BUF_2_7|         array|
|A_BUF_2_7_ce0              |  out|    1|   ap_memory|                     A_BUF_2_7|         array|
|A_BUF_2_7_d0               |  out|   32|   ap_memory|                     A_BUF_2_7|         array|
|A_BUF_2_7_q0               |   in|   32|   ap_memory|                     A_BUF_2_7|         array|
|A_BUF_2_7_we0              |  out|    1|   ap_memory|                     A_BUF_2_7|         array|
|A_BUF_2_7_address1         |  out|    3|   ap_memory|                     A_BUF_2_7|         array|
|A_BUF_2_7_ce1              |  out|    1|   ap_memory|                     A_BUF_2_7|         array|
|A_BUF_2_7_d1               |  out|   32|   ap_memory|                     A_BUF_2_7|         array|
|A_BUF_2_7_q1               |   in|   32|   ap_memory|                     A_BUF_2_7|         array|
|A_BUF_2_7_we1              |  out|    1|   ap_memory|                     A_BUF_2_7|         array|
|A_BUF_3_0_address0         |  out|    3|   ap_memory|                     A_BUF_3_0|         array|
|A_BUF_3_0_ce0              |  out|    1|   ap_memory|                     A_BUF_3_0|         array|
|A_BUF_3_0_d0               |  out|   32|   ap_memory|                     A_BUF_3_0|         array|
|A_BUF_3_0_q0               |   in|   32|   ap_memory|                     A_BUF_3_0|         array|
|A_BUF_3_0_we0              |  out|    1|   ap_memory|                     A_BUF_3_0|         array|
|A_BUF_3_0_address1         |  out|    3|   ap_memory|                     A_BUF_3_0|         array|
|A_BUF_3_0_ce1              |  out|    1|   ap_memory|                     A_BUF_3_0|         array|
|A_BUF_3_0_d1               |  out|   32|   ap_memory|                     A_BUF_3_0|         array|
|A_BUF_3_0_q1               |   in|   32|   ap_memory|                     A_BUF_3_0|         array|
|A_BUF_3_0_we1              |  out|    1|   ap_memory|                     A_BUF_3_0|         array|
|A_BUF_3_1_address0         |  out|    3|   ap_memory|                     A_BUF_3_1|         array|
|A_BUF_3_1_ce0              |  out|    1|   ap_memory|                     A_BUF_3_1|         array|
|A_BUF_3_1_d0               |  out|   32|   ap_memory|                     A_BUF_3_1|         array|
|A_BUF_3_1_q0               |   in|   32|   ap_memory|                     A_BUF_3_1|         array|
|A_BUF_3_1_we0              |  out|    1|   ap_memory|                     A_BUF_3_1|         array|
|A_BUF_3_1_address1         |  out|    3|   ap_memory|                     A_BUF_3_1|         array|
|A_BUF_3_1_ce1              |  out|    1|   ap_memory|                     A_BUF_3_1|         array|
|A_BUF_3_1_d1               |  out|   32|   ap_memory|                     A_BUF_3_1|         array|
|A_BUF_3_1_q1               |   in|   32|   ap_memory|                     A_BUF_3_1|         array|
|A_BUF_3_1_we1              |  out|    1|   ap_memory|                     A_BUF_3_1|         array|
|A_BUF_3_2_address0         |  out|    3|   ap_memory|                     A_BUF_3_2|         array|
|A_BUF_3_2_ce0              |  out|    1|   ap_memory|                     A_BUF_3_2|         array|
|A_BUF_3_2_d0               |  out|   32|   ap_memory|                     A_BUF_3_2|         array|
|A_BUF_3_2_q0               |   in|   32|   ap_memory|                     A_BUF_3_2|         array|
|A_BUF_3_2_we0              |  out|    1|   ap_memory|                     A_BUF_3_2|         array|
|A_BUF_3_2_address1         |  out|    3|   ap_memory|                     A_BUF_3_2|         array|
|A_BUF_3_2_ce1              |  out|    1|   ap_memory|                     A_BUF_3_2|         array|
|A_BUF_3_2_d1               |  out|   32|   ap_memory|                     A_BUF_3_2|         array|
|A_BUF_3_2_q1               |   in|   32|   ap_memory|                     A_BUF_3_2|         array|
|A_BUF_3_2_we1              |  out|    1|   ap_memory|                     A_BUF_3_2|         array|
|A_BUF_3_3_address0         |  out|    3|   ap_memory|                     A_BUF_3_3|         array|
|A_BUF_3_3_ce0              |  out|    1|   ap_memory|                     A_BUF_3_3|         array|
|A_BUF_3_3_d0               |  out|   32|   ap_memory|                     A_BUF_3_3|         array|
|A_BUF_3_3_q0               |   in|   32|   ap_memory|                     A_BUF_3_3|         array|
|A_BUF_3_3_we0              |  out|    1|   ap_memory|                     A_BUF_3_3|         array|
|A_BUF_3_3_address1         |  out|    3|   ap_memory|                     A_BUF_3_3|         array|
|A_BUF_3_3_ce1              |  out|    1|   ap_memory|                     A_BUF_3_3|         array|
|A_BUF_3_3_d1               |  out|   32|   ap_memory|                     A_BUF_3_3|         array|
|A_BUF_3_3_q1               |   in|   32|   ap_memory|                     A_BUF_3_3|         array|
|A_BUF_3_3_we1              |  out|    1|   ap_memory|                     A_BUF_3_3|         array|
|A_BUF_3_4_address0         |  out|    3|   ap_memory|                     A_BUF_3_4|         array|
|A_BUF_3_4_ce0              |  out|    1|   ap_memory|                     A_BUF_3_4|         array|
|A_BUF_3_4_d0               |  out|   32|   ap_memory|                     A_BUF_3_4|         array|
|A_BUF_3_4_q0               |   in|   32|   ap_memory|                     A_BUF_3_4|         array|
|A_BUF_3_4_we0              |  out|    1|   ap_memory|                     A_BUF_3_4|         array|
|A_BUF_3_4_address1         |  out|    3|   ap_memory|                     A_BUF_3_4|         array|
|A_BUF_3_4_ce1              |  out|    1|   ap_memory|                     A_BUF_3_4|         array|
|A_BUF_3_4_d1               |  out|   32|   ap_memory|                     A_BUF_3_4|         array|
|A_BUF_3_4_q1               |   in|   32|   ap_memory|                     A_BUF_3_4|         array|
|A_BUF_3_4_we1              |  out|    1|   ap_memory|                     A_BUF_3_4|         array|
|A_BUF_3_5_address0         |  out|    3|   ap_memory|                     A_BUF_3_5|         array|
|A_BUF_3_5_ce0              |  out|    1|   ap_memory|                     A_BUF_3_5|         array|
|A_BUF_3_5_d0               |  out|   32|   ap_memory|                     A_BUF_3_5|         array|
|A_BUF_3_5_q0               |   in|   32|   ap_memory|                     A_BUF_3_5|         array|
|A_BUF_3_5_we0              |  out|    1|   ap_memory|                     A_BUF_3_5|         array|
|A_BUF_3_5_address1         |  out|    3|   ap_memory|                     A_BUF_3_5|         array|
|A_BUF_3_5_ce1              |  out|    1|   ap_memory|                     A_BUF_3_5|         array|
|A_BUF_3_5_d1               |  out|   32|   ap_memory|                     A_BUF_3_5|         array|
|A_BUF_3_5_q1               |   in|   32|   ap_memory|                     A_BUF_3_5|         array|
|A_BUF_3_5_we1              |  out|    1|   ap_memory|                     A_BUF_3_5|         array|
|A_BUF_3_6_address0         |  out|    3|   ap_memory|                     A_BUF_3_6|         array|
|A_BUF_3_6_ce0              |  out|    1|   ap_memory|                     A_BUF_3_6|         array|
|A_BUF_3_6_d0               |  out|   32|   ap_memory|                     A_BUF_3_6|         array|
|A_BUF_3_6_q0               |   in|   32|   ap_memory|                     A_BUF_3_6|         array|
|A_BUF_3_6_we0              |  out|    1|   ap_memory|                     A_BUF_3_6|         array|
|A_BUF_3_6_address1         |  out|    3|   ap_memory|                     A_BUF_3_6|         array|
|A_BUF_3_6_ce1              |  out|    1|   ap_memory|                     A_BUF_3_6|         array|
|A_BUF_3_6_d1               |  out|   32|   ap_memory|                     A_BUF_3_6|         array|
|A_BUF_3_6_q1               |   in|   32|   ap_memory|                     A_BUF_3_6|         array|
|A_BUF_3_6_we1              |  out|    1|   ap_memory|                     A_BUF_3_6|         array|
|A_BUF_3_7_address0         |  out|    3|   ap_memory|                     A_BUF_3_7|         array|
|A_BUF_3_7_ce0              |  out|    1|   ap_memory|                     A_BUF_3_7|         array|
|A_BUF_3_7_d0               |  out|   32|   ap_memory|                     A_BUF_3_7|         array|
|A_BUF_3_7_q0               |   in|   32|   ap_memory|                     A_BUF_3_7|         array|
|A_BUF_3_7_we0              |  out|    1|   ap_memory|                     A_BUF_3_7|         array|
|A_BUF_3_7_address1         |  out|    3|   ap_memory|                     A_BUF_3_7|         array|
|A_BUF_3_7_ce1              |  out|    1|   ap_memory|                     A_BUF_3_7|         array|
|A_BUF_3_7_d1               |  out|   32|   ap_memory|                     A_BUF_3_7|         array|
|A_BUF_3_7_q1               |   in|   32|   ap_memory|                     A_BUF_3_7|         array|
|A_BUF_3_7_we1              |  out|    1|   ap_memory|                     A_BUF_3_7|         array|
|tileA                      |   in|    3|     ap_none|                         tileA|        scalar|
|tileA_ap_vld               |   in|    1|     ap_none|                         tileA|        scalar|
|B_BUF_0_0_0_val1           |   in|   32|     ap_none|              B_BUF_0_0_0_val1|        scalar|
|B_BUF_0_0_0_val1_ap_vld    |   in|    1|     ap_none|              B_BUF_0_0_0_val1|        scalar|
|B_BUF_0_0_1_val2           |   in|   32|     ap_none|              B_BUF_0_0_1_val2|        scalar|
|B_BUF_0_0_1_val2_ap_vld    |   in|    1|     ap_none|              B_BUF_0_0_1_val2|        scalar|
|B_BUF_0_0_2_val3           |   in|   32|     ap_none|              B_BUF_0_0_2_val3|        scalar|
|B_BUF_0_0_2_val3_ap_vld    |   in|    1|     ap_none|              B_BUF_0_0_2_val3|        scalar|
|B_BUF_0_0_3_val4           |   in|   32|     ap_none|              B_BUF_0_0_3_val4|        scalar|
|B_BUF_0_0_3_val4_ap_vld    |   in|    1|     ap_none|              B_BUF_0_0_3_val4|        scalar|
|B_BUF_0_0_4_val5           |   in|   32|     ap_none|              B_BUF_0_0_4_val5|        scalar|
|B_BUF_0_0_4_val5_ap_vld    |   in|    1|     ap_none|              B_BUF_0_0_4_val5|        scalar|
|B_BUF_0_0_5_val6           |   in|   32|     ap_none|              B_BUF_0_0_5_val6|        scalar|
|B_BUF_0_0_5_val6_ap_vld    |   in|    1|     ap_none|              B_BUF_0_0_5_val6|        scalar|
|B_BUF_0_0_6_val7           |   in|   32|     ap_none|              B_BUF_0_0_6_val7|        scalar|
|B_BUF_0_0_6_val7_ap_vld    |   in|    1|     ap_none|              B_BUF_0_0_6_val7|        scalar|
|B_BUF_0_0_7_val8           |   in|   32|     ap_none|              B_BUF_0_0_7_val8|        scalar|
|B_BUF_0_0_7_val8_ap_vld    |   in|    1|     ap_none|              B_BUF_0_0_7_val8|        scalar|
|B_BUF_0_1_0_val9           |   in|   32|     ap_none|              B_BUF_0_1_0_val9|        scalar|
|B_BUF_0_1_0_val9_ap_vld    |   in|    1|     ap_none|              B_BUF_0_1_0_val9|        scalar|
|B_BUF_0_1_1_val10          |   in|   32|     ap_none|             B_BUF_0_1_1_val10|        scalar|
|B_BUF_0_1_1_val10_ap_vld   |   in|    1|     ap_none|             B_BUF_0_1_1_val10|        scalar|
|B_BUF_0_1_2_val11          |   in|   32|     ap_none|             B_BUF_0_1_2_val11|        scalar|
|B_BUF_0_1_2_val11_ap_vld   |   in|    1|     ap_none|             B_BUF_0_1_2_val11|        scalar|
|B_BUF_0_1_3_val12          |   in|   32|     ap_none|             B_BUF_0_1_3_val12|        scalar|
|B_BUF_0_1_3_val12_ap_vld   |   in|    1|     ap_none|             B_BUF_0_1_3_val12|        scalar|
|B_BUF_0_1_4_val13          |   in|   32|     ap_none|             B_BUF_0_1_4_val13|        scalar|
|B_BUF_0_1_4_val13_ap_vld   |   in|    1|     ap_none|             B_BUF_0_1_4_val13|        scalar|
|B_BUF_0_1_5_val14          |   in|   32|     ap_none|             B_BUF_0_1_5_val14|        scalar|
|B_BUF_0_1_5_val14_ap_vld   |   in|    1|     ap_none|             B_BUF_0_1_5_val14|        scalar|
|B_BUF_0_1_6_val15          |   in|   32|     ap_none|             B_BUF_0_1_6_val15|        scalar|
|B_BUF_0_1_6_val15_ap_vld   |   in|    1|     ap_none|             B_BUF_0_1_6_val15|        scalar|
|B_BUF_0_1_7_val16          |   in|   32|     ap_none|             B_BUF_0_1_7_val16|        scalar|
|B_BUF_0_1_7_val16_ap_vld   |   in|    1|     ap_none|             B_BUF_0_1_7_val16|        scalar|
|B_BUF_0_2_0_val17          |   in|   32|     ap_none|             B_BUF_0_2_0_val17|        scalar|
|B_BUF_0_2_0_val17_ap_vld   |   in|    1|     ap_none|             B_BUF_0_2_0_val17|        scalar|
|B_BUF_0_2_1_val18          |   in|   32|     ap_none|             B_BUF_0_2_1_val18|        scalar|
|B_BUF_0_2_1_val18_ap_vld   |   in|    1|     ap_none|             B_BUF_0_2_1_val18|        scalar|
|B_BUF_0_2_2_val19          |   in|   32|     ap_none|             B_BUF_0_2_2_val19|        scalar|
|B_BUF_0_2_2_val19_ap_vld   |   in|    1|     ap_none|             B_BUF_0_2_2_val19|        scalar|
|B_BUF_0_2_3_val20          |   in|   32|     ap_none|             B_BUF_0_2_3_val20|        scalar|
|B_BUF_0_2_3_val20_ap_vld   |   in|    1|     ap_none|             B_BUF_0_2_3_val20|        scalar|
|B_BUF_0_2_4_val21          |   in|   32|     ap_none|             B_BUF_0_2_4_val21|        scalar|
|B_BUF_0_2_4_val21_ap_vld   |   in|    1|     ap_none|             B_BUF_0_2_4_val21|        scalar|
|B_BUF_0_2_5_val22          |   in|   32|     ap_none|             B_BUF_0_2_5_val22|        scalar|
|B_BUF_0_2_5_val22_ap_vld   |   in|    1|     ap_none|             B_BUF_0_2_5_val22|        scalar|
|B_BUF_0_2_6_val23          |   in|   32|     ap_none|             B_BUF_0_2_6_val23|        scalar|
|B_BUF_0_2_6_val23_ap_vld   |   in|    1|     ap_none|             B_BUF_0_2_6_val23|        scalar|
|B_BUF_0_2_7_val24          |   in|   32|     ap_none|             B_BUF_0_2_7_val24|        scalar|
|B_BUF_0_2_7_val24_ap_vld   |   in|    1|     ap_none|             B_BUF_0_2_7_val24|        scalar|
|B_BUF_0_3_0_val25          |   in|   32|     ap_none|             B_BUF_0_3_0_val25|        scalar|
|B_BUF_0_3_0_val25_ap_vld   |   in|    1|     ap_none|             B_BUF_0_3_0_val25|        scalar|
|B_BUF_0_3_1_val26          |   in|   32|     ap_none|             B_BUF_0_3_1_val26|        scalar|
|B_BUF_0_3_1_val26_ap_vld   |   in|    1|     ap_none|             B_BUF_0_3_1_val26|        scalar|
|B_BUF_0_3_2_val27          |   in|   32|     ap_none|             B_BUF_0_3_2_val27|        scalar|
|B_BUF_0_3_2_val27_ap_vld   |   in|    1|     ap_none|             B_BUF_0_3_2_val27|        scalar|
|B_BUF_0_3_3_val28          |   in|   32|     ap_none|             B_BUF_0_3_3_val28|        scalar|
|B_BUF_0_3_3_val28_ap_vld   |   in|    1|     ap_none|             B_BUF_0_3_3_val28|        scalar|
|B_BUF_0_3_4_val29          |   in|   32|     ap_none|             B_BUF_0_3_4_val29|        scalar|
|B_BUF_0_3_4_val29_ap_vld   |   in|    1|     ap_none|             B_BUF_0_3_4_val29|        scalar|
|B_BUF_0_3_5_val30          |   in|   32|     ap_none|             B_BUF_0_3_5_val30|        scalar|
|B_BUF_0_3_5_val30_ap_vld   |   in|    1|     ap_none|             B_BUF_0_3_5_val30|        scalar|
|B_BUF_0_3_6_val31          |   in|   32|     ap_none|             B_BUF_0_3_6_val31|        scalar|
|B_BUF_0_3_6_val31_ap_vld   |   in|    1|     ap_none|             B_BUF_0_3_6_val31|        scalar|
|B_BUF_0_3_7_val32          |   in|   32|     ap_none|             B_BUF_0_3_7_val32|        scalar|
|B_BUF_0_3_7_val32_ap_vld   |   in|    1|     ap_none|             B_BUF_0_3_7_val32|        scalar|
|B_BUF_0_4_0_val33          |   in|   32|     ap_none|             B_BUF_0_4_0_val33|        scalar|
|B_BUF_0_4_0_val33_ap_vld   |   in|    1|     ap_none|             B_BUF_0_4_0_val33|        scalar|
|B_BUF_0_4_1_val34          |   in|   32|     ap_none|             B_BUF_0_4_1_val34|        scalar|
|B_BUF_0_4_1_val34_ap_vld   |   in|    1|     ap_none|             B_BUF_0_4_1_val34|        scalar|
|B_BUF_0_4_2_val35          |   in|   32|     ap_none|             B_BUF_0_4_2_val35|        scalar|
|B_BUF_0_4_2_val35_ap_vld   |   in|    1|     ap_none|             B_BUF_0_4_2_val35|        scalar|
|B_BUF_0_4_3_val36          |   in|   32|     ap_none|             B_BUF_0_4_3_val36|        scalar|
|B_BUF_0_4_3_val36_ap_vld   |   in|    1|     ap_none|             B_BUF_0_4_3_val36|        scalar|
|B_BUF_0_4_4_val37          |   in|   32|     ap_none|             B_BUF_0_4_4_val37|        scalar|
|B_BUF_0_4_4_val37_ap_vld   |   in|    1|     ap_none|             B_BUF_0_4_4_val37|        scalar|
|B_BUF_0_4_5_val38          |   in|   32|     ap_none|             B_BUF_0_4_5_val38|        scalar|
|B_BUF_0_4_5_val38_ap_vld   |   in|    1|     ap_none|             B_BUF_0_4_5_val38|        scalar|
|B_BUF_0_4_6_val39          |   in|   32|     ap_none|             B_BUF_0_4_6_val39|        scalar|
|B_BUF_0_4_6_val39_ap_vld   |   in|    1|     ap_none|             B_BUF_0_4_6_val39|        scalar|
|B_BUF_0_4_7_val40          |   in|   32|     ap_none|             B_BUF_0_4_7_val40|        scalar|
|B_BUF_0_4_7_val40_ap_vld   |   in|    1|     ap_none|             B_BUF_0_4_7_val40|        scalar|
|B_BUF_0_5_0_val41          |   in|   32|     ap_none|             B_BUF_0_5_0_val41|        scalar|
|B_BUF_0_5_0_val41_ap_vld   |   in|    1|     ap_none|             B_BUF_0_5_0_val41|        scalar|
|B_BUF_0_5_1_val42          |   in|   32|     ap_none|             B_BUF_0_5_1_val42|        scalar|
|B_BUF_0_5_1_val42_ap_vld   |   in|    1|     ap_none|             B_BUF_0_5_1_val42|        scalar|
|B_BUF_0_5_2_val43          |   in|   32|     ap_none|             B_BUF_0_5_2_val43|        scalar|
|B_BUF_0_5_2_val43_ap_vld   |   in|    1|     ap_none|             B_BUF_0_5_2_val43|        scalar|
|B_BUF_0_5_3_val44          |   in|   32|     ap_none|             B_BUF_0_5_3_val44|        scalar|
|B_BUF_0_5_3_val44_ap_vld   |   in|    1|     ap_none|             B_BUF_0_5_3_val44|        scalar|
|B_BUF_0_5_4_val45          |   in|   32|     ap_none|             B_BUF_0_5_4_val45|        scalar|
|B_BUF_0_5_4_val45_ap_vld   |   in|    1|     ap_none|             B_BUF_0_5_4_val45|        scalar|
|B_BUF_0_5_5_val46          |   in|   32|     ap_none|             B_BUF_0_5_5_val46|        scalar|
|B_BUF_0_5_5_val46_ap_vld   |   in|    1|     ap_none|             B_BUF_0_5_5_val46|        scalar|
|B_BUF_0_5_6_val47          |   in|   32|     ap_none|             B_BUF_0_5_6_val47|        scalar|
|B_BUF_0_5_6_val47_ap_vld   |   in|    1|     ap_none|             B_BUF_0_5_6_val47|        scalar|
|B_BUF_0_5_7_val48          |   in|   32|     ap_none|             B_BUF_0_5_7_val48|        scalar|
|B_BUF_0_5_7_val48_ap_vld   |   in|    1|     ap_none|             B_BUF_0_5_7_val48|        scalar|
|B_BUF_0_6_0_val49          |   in|   32|     ap_none|             B_BUF_0_6_0_val49|        scalar|
|B_BUF_0_6_0_val49_ap_vld   |   in|    1|     ap_none|             B_BUF_0_6_0_val49|        scalar|
|B_BUF_0_6_1_val50          |   in|   32|     ap_none|             B_BUF_0_6_1_val50|        scalar|
|B_BUF_0_6_1_val50_ap_vld   |   in|    1|     ap_none|             B_BUF_0_6_1_val50|        scalar|
|B_BUF_0_6_2_val51          |   in|   32|     ap_none|             B_BUF_0_6_2_val51|        scalar|
|B_BUF_0_6_2_val51_ap_vld   |   in|    1|     ap_none|             B_BUF_0_6_2_val51|        scalar|
|B_BUF_0_6_3_val52          |   in|   32|     ap_none|             B_BUF_0_6_3_val52|        scalar|
|B_BUF_0_6_3_val52_ap_vld   |   in|    1|     ap_none|             B_BUF_0_6_3_val52|        scalar|
|B_BUF_0_6_4_val53          |   in|   32|     ap_none|             B_BUF_0_6_4_val53|        scalar|
|B_BUF_0_6_4_val53_ap_vld   |   in|    1|     ap_none|             B_BUF_0_6_4_val53|        scalar|
|B_BUF_0_6_5_val54          |   in|   32|     ap_none|             B_BUF_0_6_5_val54|        scalar|
|B_BUF_0_6_5_val54_ap_vld   |   in|    1|     ap_none|             B_BUF_0_6_5_val54|        scalar|
|B_BUF_0_6_6_val55          |   in|   32|     ap_none|             B_BUF_0_6_6_val55|        scalar|
|B_BUF_0_6_6_val55_ap_vld   |   in|    1|     ap_none|             B_BUF_0_6_6_val55|        scalar|
|B_BUF_0_6_7_val56          |   in|   32|     ap_none|             B_BUF_0_6_7_val56|        scalar|
|B_BUF_0_6_7_val56_ap_vld   |   in|    1|     ap_none|             B_BUF_0_6_7_val56|        scalar|
|B_BUF_0_7_0_val57          |   in|   32|     ap_none|             B_BUF_0_7_0_val57|        scalar|
|B_BUF_0_7_0_val57_ap_vld   |   in|    1|     ap_none|             B_BUF_0_7_0_val57|        scalar|
|B_BUF_0_7_1_val58          |   in|   32|     ap_none|             B_BUF_0_7_1_val58|        scalar|
|B_BUF_0_7_1_val58_ap_vld   |   in|    1|     ap_none|             B_BUF_0_7_1_val58|        scalar|
|B_BUF_0_7_2_val59          |   in|   32|     ap_none|             B_BUF_0_7_2_val59|        scalar|
|B_BUF_0_7_2_val59_ap_vld   |   in|    1|     ap_none|             B_BUF_0_7_2_val59|        scalar|
|B_BUF_0_7_3_val60          |   in|   32|     ap_none|             B_BUF_0_7_3_val60|        scalar|
|B_BUF_0_7_3_val60_ap_vld   |   in|    1|     ap_none|             B_BUF_0_7_3_val60|        scalar|
|B_BUF_0_7_4_val61          |   in|   32|     ap_none|             B_BUF_0_7_4_val61|        scalar|
|B_BUF_0_7_4_val61_ap_vld   |   in|    1|     ap_none|             B_BUF_0_7_4_val61|        scalar|
|B_BUF_0_7_5_val62          |   in|   32|     ap_none|             B_BUF_0_7_5_val62|        scalar|
|B_BUF_0_7_5_val62_ap_vld   |   in|    1|     ap_none|             B_BUF_0_7_5_val62|        scalar|
|B_BUF_0_7_6_val63          |   in|   32|     ap_none|             B_BUF_0_7_6_val63|        scalar|
|B_BUF_0_7_6_val63_ap_vld   |   in|    1|     ap_none|             B_BUF_0_7_6_val63|        scalar|
|B_BUF_0_7_7_val64          |   in|   32|     ap_none|             B_BUF_0_7_7_val64|        scalar|
|B_BUF_0_7_7_val64_ap_vld   |   in|    1|     ap_none|             B_BUF_0_7_7_val64|        scalar|
|C_BUF_0_0_0_0              |  out|   32|      ap_vld|                 C_BUF_0_0_0_0|       pointer|
|C_BUF_0_0_0_0_ap_vld       |  out|    1|      ap_vld|                 C_BUF_0_0_0_0|       pointer|
|C_BUF_0_0_0_1              |  out|   32|      ap_vld|                 C_BUF_0_0_0_1|       pointer|
|C_BUF_0_0_0_1_ap_vld       |  out|    1|      ap_vld|                 C_BUF_0_0_0_1|       pointer|
|C_BUF_0_0_0_2              |  out|   32|      ap_vld|                 C_BUF_0_0_0_2|       pointer|
|C_BUF_0_0_0_2_ap_vld       |  out|    1|      ap_vld|                 C_BUF_0_0_0_2|       pointer|
|C_BUF_0_0_0_3              |  out|   32|      ap_vld|                 C_BUF_0_0_0_3|       pointer|
|C_BUF_0_0_0_3_ap_vld       |  out|    1|      ap_vld|                 C_BUF_0_0_0_3|       pointer|
|C_BUF_0_0_0_4              |  out|   32|      ap_vld|                 C_BUF_0_0_0_4|       pointer|
|C_BUF_0_0_0_4_ap_vld       |  out|    1|      ap_vld|                 C_BUF_0_0_0_4|       pointer|
|C_BUF_0_0_0_5              |  out|   32|      ap_vld|                 C_BUF_0_0_0_5|       pointer|
|C_BUF_0_0_0_5_ap_vld       |  out|    1|      ap_vld|                 C_BUF_0_0_0_5|       pointer|
|C_BUF_0_0_0_6              |  out|   32|      ap_vld|                 C_BUF_0_0_0_6|       pointer|
|C_BUF_0_0_0_6_ap_vld       |  out|    1|      ap_vld|                 C_BUF_0_0_0_6|       pointer|
|C_BUF_0_0_0_7              |  out|   32|      ap_vld|                 C_BUF_0_0_0_7|       pointer|
|C_BUF_0_0_0_7_ap_vld       |  out|    1|      ap_vld|                 C_BUF_0_0_0_7|       pointer|
|C_BUF_0_0_1_0              |  out|   32|      ap_vld|                 C_BUF_0_0_1_0|       pointer|
|C_BUF_0_0_1_0_ap_vld       |  out|    1|      ap_vld|                 C_BUF_0_0_1_0|       pointer|
|C_BUF_0_0_1_1              |  out|   32|      ap_vld|                 C_BUF_0_0_1_1|       pointer|
|C_BUF_0_0_1_1_ap_vld       |  out|    1|      ap_vld|                 C_BUF_0_0_1_1|       pointer|
|C_BUF_0_0_1_2              |  out|   32|      ap_vld|                 C_BUF_0_0_1_2|       pointer|
|C_BUF_0_0_1_2_ap_vld       |  out|    1|      ap_vld|                 C_BUF_0_0_1_2|       pointer|
|C_BUF_0_0_1_3              |  out|   32|      ap_vld|                 C_BUF_0_0_1_3|       pointer|
|C_BUF_0_0_1_3_ap_vld       |  out|    1|      ap_vld|                 C_BUF_0_0_1_3|       pointer|
|C_BUF_0_0_1_4              |  out|   32|      ap_vld|                 C_BUF_0_0_1_4|       pointer|
|C_BUF_0_0_1_4_ap_vld       |  out|    1|      ap_vld|                 C_BUF_0_0_1_4|       pointer|
|C_BUF_0_0_1_5              |  out|   32|      ap_vld|                 C_BUF_0_0_1_5|       pointer|
|C_BUF_0_0_1_5_ap_vld       |  out|    1|      ap_vld|                 C_BUF_0_0_1_5|       pointer|
|C_BUF_0_0_1_6              |  out|   32|      ap_vld|                 C_BUF_0_0_1_6|       pointer|
|C_BUF_0_0_1_6_ap_vld       |  out|    1|      ap_vld|                 C_BUF_0_0_1_6|       pointer|
|C_BUF_0_0_1_7              |  out|   32|      ap_vld|                 C_BUF_0_0_1_7|       pointer|
|C_BUF_0_0_1_7_ap_vld       |  out|    1|      ap_vld|                 C_BUF_0_0_1_7|       pointer|
|C_BUF_0_0_2_0              |  out|   32|      ap_vld|                 C_BUF_0_0_2_0|       pointer|
|C_BUF_0_0_2_0_ap_vld       |  out|    1|      ap_vld|                 C_BUF_0_0_2_0|       pointer|
|C_BUF_0_0_2_1              |  out|   32|      ap_vld|                 C_BUF_0_0_2_1|       pointer|
|C_BUF_0_0_2_1_ap_vld       |  out|    1|      ap_vld|                 C_BUF_0_0_2_1|       pointer|
|C_BUF_0_0_2_2              |  out|   32|      ap_vld|                 C_BUF_0_0_2_2|       pointer|
|C_BUF_0_0_2_2_ap_vld       |  out|    1|      ap_vld|                 C_BUF_0_0_2_2|       pointer|
|C_BUF_0_0_2_3              |  out|   32|      ap_vld|                 C_BUF_0_0_2_3|       pointer|
|C_BUF_0_0_2_3_ap_vld       |  out|    1|      ap_vld|                 C_BUF_0_0_2_3|       pointer|
|C_BUF_0_0_2_4              |  out|   32|      ap_vld|                 C_BUF_0_0_2_4|       pointer|
|C_BUF_0_0_2_4_ap_vld       |  out|    1|      ap_vld|                 C_BUF_0_0_2_4|       pointer|
|C_BUF_0_0_2_5              |  out|   32|      ap_vld|                 C_BUF_0_0_2_5|       pointer|
|C_BUF_0_0_2_5_ap_vld       |  out|    1|      ap_vld|                 C_BUF_0_0_2_5|       pointer|
|C_BUF_0_0_2_6              |  out|   32|      ap_vld|                 C_BUF_0_0_2_6|       pointer|
|C_BUF_0_0_2_6_ap_vld       |  out|    1|      ap_vld|                 C_BUF_0_0_2_6|       pointer|
|C_BUF_0_0_2_7              |  out|   32|      ap_vld|                 C_BUF_0_0_2_7|       pointer|
|C_BUF_0_0_2_7_ap_vld       |  out|    1|      ap_vld|                 C_BUF_0_0_2_7|       pointer|
|C_BUF_0_0_3_0              |  out|   32|      ap_vld|                 C_BUF_0_0_3_0|       pointer|
|C_BUF_0_0_3_0_ap_vld       |  out|    1|      ap_vld|                 C_BUF_0_0_3_0|       pointer|
|C_BUF_0_0_3_1              |  out|   32|      ap_vld|                 C_BUF_0_0_3_1|       pointer|
|C_BUF_0_0_3_1_ap_vld       |  out|    1|      ap_vld|                 C_BUF_0_0_3_1|       pointer|
|C_BUF_0_0_3_2              |  out|   32|      ap_vld|                 C_BUF_0_0_3_2|       pointer|
|C_BUF_0_0_3_2_ap_vld       |  out|    1|      ap_vld|                 C_BUF_0_0_3_2|       pointer|
|C_BUF_0_0_3_3              |  out|   32|      ap_vld|                 C_BUF_0_0_3_3|       pointer|
|C_BUF_0_0_3_3_ap_vld       |  out|    1|      ap_vld|                 C_BUF_0_0_3_3|       pointer|
|C_BUF_0_0_3_4              |  out|   32|      ap_vld|                 C_BUF_0_0_3_4|       pointer|
|C_BUF_0_0_3_4_ap_vld       |  out|    1|      ap_vld|                 C_BUF_0_0_3_4|       pointer|
|C_BUF_0_0_3_5              |  out|   32|      ap_vld|                 C_BUF_0_0_3_5|       pointer|
|C_BUF_0_0_3_5_ap_vld       |  out|    1|      ap_vld|                 C_BUF_0_0_3_5|       pointer|
|C_BUF_0_0_3_6              |  out|   32|      ap_vld|                 C_BUF_0_0_3_6|       pointer|
|C_BUF_0_0_3_6_ap_vld       |  out|    1|      ap_vld|                 C_BUF_0_0_3_6|       pointer|
|C_BUF_0_0_3_7              |  out|   32|      ap_vld|                 C_BUF_0_0_3_7|       pointer|
|C_BUF_0_0_3_7_ap_vld       |  out|    1|      ap_vld|                 C_BUF_0_0_3_7|       pointer|
|C_BUF_0_0_4_0              |  out|   32|      ap_vld|                 C_BUF_0_0_4_0|       pointer|
|C_BUF_0_0_4_0_ap_vld       |  out|    1|      ap_vld|                 C_BUF_0_0_4_0|       pointer|
|C_BUF_0_0_4_1              |  out|   32|      ap_vld|                 C_BUF_0_0_4_1|       pointer|
|C_BUF_0_0_4_1_ap_vld       |  out|    1|      ap_vld|                 C_BUF_0_0_4_1|       pointer|
|C_BUF_0_0_4_2              |  out|   32|      ap_vld|                 C_BUF_0_0_4_2|       pointer|
|C_BUF_0_0_4_2_ap_vld       |  out|    1|      ap_vld|                 C_BUF_0_0_4_2|       pointer|
|C_BUF_0_0_4_3              |  out|   32|      ap_vld|                 C_BUF_0_0_4_3|       pointer|
|C_BUF_0_0_4_3_ap_vld       |  out|    1|      ap_vld|                 C_BUF_0_0_4_3|       pointer|
|C_BUF_0_0_4_4              |  out|   32|      ap_vld|                 C_BUF_0_0_4_4|       pointer|
|C_BUF_0_0_4_4_ap_vld       |  out|    1|      ap_vld|                 C_BUF_0_0_4_4|       pointer|
|C_BUF_0_0_4_5              |  out|   32|      ap_vld|                 C_BUF_0_0_4_5|       pointer|
|C_BUF_0_0_4_5_ap_vld       |  out|    1|      ap_vld|                 C_BUF_0_0_4_5|       pointer|
|C_BUF_0_0_4_6              |  out|   32|      ap_vld|                 C_BUF_0_0_4_6|       pointer|
|C_BUF_0_0_4_6_ap_vld       |  out|    1|      ap_vld|                 C_BUF_0_0_4_6|       pointer|
|C_BUF_0_0_4_7              |  out|   32|      ap_vld|                 C_BUF_0_0_4_7|       pointer|
|C_BUF_0_0_4_7_ap_vld       |  out|    1|      ap_vld|                 C_BUF_0_0_4_7|       pointer|
|C_BUF_0_0_5_0              |  out|   32|      ap_vld|                 C_BUF_0_0_5_0|       pointer|
|C_BUF_0_0_5_0_ap_vld       |  out|    1|      ap_vld|                 C_BUF_0_0_5_0|       pointer|
|C_BUF_0_0_5_1              |  out|   32|      ap_vld|                 C_BUF_0_0_5_1|       pointer|
|C_BUF_0_0_5_1_ap_vld       |  out|    1|      ap_vld|                 C_BUF_0_0_5_1|       pointer|
|C_BUF_0_0_5_2              |  out|   32|      ap_vld|                 C_BUF_0_0_5_2|       pointer|
|C_BUF_0_0_5_2_ap_vld       |  out|    1|      ap_vld|                 C_BUF_0_0_5_2|       pointer|
|C_BUF_0_0_5_3              |  out|   32|      ap_vld|                 C_BUF_0_0_5_3|       pointer|
|C_BUF_0_0_5_3_ap_vld       |  out|    1|      ap_vld|                 C_BUF_0_0_5_3|       pointer|
|C_BUF_0_0_5_4              |  out|   32|      ap_vld|                 C_BUF_0_0_5_4|       pointer|
|C_BUF_0_0_5_4_ap_vld       |  out|    1|      ap_vld|                 C_BUF_0_0_5_4|       pointer|
|C_BUF_0_0_5_5              |  out|   32|      ap_vld|                 C_BUF_0_0_5_5|       pointer|
|C_BUF_0_0_5_5_ap_vld       |  out|    1|      ap_vld|                 C_BUF_0_0_5_5|       pointer|
|C_BUF_0_0_5_6              |  out|   32|      ap_vld|                 C_BUF_0_0_5_6|       pointer|
|C_BUF_0_0_5_6_ap_vld       |  out|    1|      ap_vld|                 C_BUF_0_0_5_6|       pointer|
|C_BUF_0_0_5_7              |  out|   32|      ap_vld|                 C_BUF_0_0_5_7|       pointer|
|C_BUF_0_0_5_7_ap_vld       |  out|    1|      ap_vld|                 C_BUF_0_0_5_7|       pointer|
|C_BUF_0_0_6_0              |  out|   32|      ap_vld|                 C_BUF_0_0_6_0|       pointer|
|C_BUF_0_0_6_0_ap_vld       |  out|    1|      ap_vld|                 C_BUF_0_0_6_0|       pointer|
|C_BUF_0_0_6_1              |  out|   32|      ap_vld|                 C_BUF_0_0_6_1|       pointer|
|C_BUF_0_0_6_1_ap_vld       |  out|    1|      ap_vld|                 C_BUF_0_0_6_1|       pointer|
|C_BUF_0_0_6_2              |  out|   32|      ap_vld|                 C_BUF_0_0_6_2|       pointer|
|C_BUF_0_0_6_2_ap_vld       |  out|    1|      ap_vld|                 C_BUF_0_0_6_2|       pointer|
|C_BUF_0_0_6_3              |  out|   32|      ap_vld|                 C_BUF_0_0_6_3|       pointer|
|C_BUF_0_0_6_3_ap_vld       |  out|    1|      ap_vld|                 C_BUF_0_0_6_3|       pointer|
|C_BUF_0_0_6_4              |  out|   32|      ap_vld|                 C_BUF_0_0_6_4|       pointer|
|C_BUF_0_0_6_4_ap_vld       |  out|    1|      ap_vld|                 C_BUF_0_0_6_4|       pointer|
|C_BUF_0_0_6_5              |  out|   32|      ap_vld|                 C_BUF_0_0_6_5|       pointer|
|C_BUF_0_0_6_5_ap_vld       |  out|    1|      ap_vld|                 C_BUF_0_0_6_5|       pointer|
|C_BUF_0_0_6_6              |  out|   32|      ap_vld|                 C_BUF_0_0_6_6|       pointer|
|C_BUF_0_0_6_6_ap_vld       |  out|    1|      ap_vld|                 C_BUF_0_0_6_6|       pointer|
|C_BUF_0_0_6_7              |  out|   32|      ap_vld|                 C_BUF_0_0_6_7|       pointer|
|C_BUF_0_0_6_7_ap_vld       |  out|    1|      ap_vld|                 C_BUF_0_0_6_7|       pointer|
|C_BUF_0_0_7_0              |  out|   32|      ap_vld|                 C_BUF_0_0_7_0|       pointer|
|C_BUF_0_0_7_0_ap_vld       |  out|    1|      ap_vld|                 C_BUF_0_0_7_0|       pointer|
|C_BUF_0_0_7_1              |  out|   32|      ap_vld|                 C_BUF_0_0_7_1|       pointer|
|C_BUF_0_0_7_1_ap_vld       |  out|    1|      ap_vld|                 C_BUF_0_0_7_1|       pointer|
|C_BUF_0_0_7_2              |  out|   32|      ap_vld|                 C_BUF_0_0_7_2|       pointer|
|C_BUF_0_0_7_2_ap_vld       |  out|    1|      ap_vld|                 C_BUF_0_0_7_2|       pointer|
|C_BUF_0_0_7_3              |  out|   32|      ap_vld|                 C_BUF_0_0_7_3|       pointer|
|C_BUF_0_0_7_3_ap_vld       |  out|    1|      ap_vld|                 C_BUF_0_0_7_3|       pointer|
|C_BUF_0_0_7_4              |  out|   32|      ap_vld|                 C_BUF_0_0_7_4|       pointer|
|C_BUF_0_0_7_4_ap_vld       |  out|    1|      ap_vld|                 C_BUF_0_0_7_4|       pointer|
|C_BUF_0_0_7_5              |  out|   32|      ap_vld|                 C_BUF_0_0_7_5|       pointer|
|C_BUF_0_0_7_5_ap_vld       |  out|    1|      ap_vld|                 C_BUF_0_0_7_5|       pointer|
|C_BUF_0_0_7_6              |  out|   32|      ap_vld|                 C_BUF_0_0_7_6|       pointer|
|C_BUF_0_0_7_6_ap_vld       |  out|    1|      ap_vld|                 C_BUF_0_0_7_6|       pointer|
|C_BUF_0_0_7_7              |  out|   32|      ap_vld|                 C_BUF_0_0_7_7|       pointer|
|C_BUF_0_0_7_7_ap_vld       |  out|    1|      ap_vld|                 C_BUF_0_0_7_7|       pointer|
|C_BUF_1_0_0_0              |  out|   32|      ap_vld|                 C_BUF_1_0_0_0|       pointer|
|C_BUF_1_0_0_0_ap_vld       |  out|    1|      ap_vld|                 C_BUF_1_0_0_0|       pointer|
|C_BUF_1_0_0_1              |  out|   32|      ap_vld|                 C_BUF_1_0_0_1|       pointer|
|C_BUF_1_0_0_1_ap_vld       |  out|    1|      ap_vld|                 C_BUF_1_0_0_1|       pointer|
|C_BUF_1_0_0_2              |  out|   32|      ap_vld|                 C_BUF_1_0_0_2|       pointer|
|C_BUF_1_0_0_2_ap_vld       |  out|    1|      ap_vld|                 C_BUF_1_0_0_2|       pointer|
|C_BUF_1_0_0_3              |  out|   32|      ap_vld|                 C_BUF_1_0_0_3|       pointer|
|C_BUF_1_0_0_3_ap_vld       |  out|    1|      ap_vld|                 C_BUF_1_0_0_3|       pointer|
|C_BUF_1_0_0_4              |  out|   32|      ap_vld|                 C_BUF_1_0_0_4|       pointer|
|C_BUF_1_0_0_4_ap_vld       |  out|    1|      ap_vld|                 C_BUF_1_0_0_4|       pointer|
|C_BUF_1_0_0_5              |  out|   32|      ap_vld|                 C_BUF_1_0_0_5|       pointer|
|C_BUF_1_0_0_5_ap_vld       |  out|    1|      ap_vld|                 C_BUF_1_0_0_5|       pointer|
|C_BUF_1_0_0_6              |  out|   32|      ap_vld|                 C_BUF_1_0_0_6|       pointer|
|C_BUF_1_0_0_6_ap_vld       |  out|    1|      ap_vld|                 C_BUF_1_0_0_6|       pointer|
|C_BUF_1_0_0_7              |  out|   32|      ap_vld|                 C_BUF_1_0_0_7|       pointer|
|C_BUF_1_0_0_7_ap_vld       |  out|    1|      ap_vld|                 C_BUF_1_0_0_7|       pointer|
|C_BUF_1_0_1_0              |  out|   32|      ap_vld|                 C_BUF_1_0_1_0|       pointer|
|C_BUF_1_0_1_0_ap_vld       |  out|    1|      ap_vld|                 C_BUF_1_0_1_0|       pointer|
|C_BUF_1_0_1_1              |  out|   32|      ap_vld|                 C_BUF_1_0_1_1|       pointer|
|C_BUF_1_0_1_1_ap_vld       |  out|    1|      ap_vld|                 C_BUF_1_0_1_1|       pointer|
|C_BUF_1_0_1_2              |  out|   32|      ap_vld|                 C_BUF_1_0_1_2|       pointer|
|C_BUF_1_0_1_2_ap_vld       |  out|    1|      ap_vld|                 C_BUF_1_0_1_2|       pointer|
|C_BUF_1_0_1_3              |  out|   32|      ap_vld|                 C_BUF_1_0_1_3|       pointer|
|C_BUF_1_0_1_3_ap_vld       |  out|    1|      ap_vld|                 C_BUF_1_0_1_3|       pointer|
|C_BUF_1_0_1_4              |  out|   32|      ap_vld|                 C_BUF_1_0_1_4|       pointer|
|C_BUF_1_0_1_4_ap_vld       |  out|    1|      ap_vld|                 C_BUF_1_0_1_4|       pointer|
|C_BUF_1_0_1_5              |  out|   32|      ap_vld|                 C_BUF_1_0_1_5|       pointer|
|C_BUF_1_0_1_5_ap_vld       |  out|    1|      ap_vld|                 C_BUF_1_0_1_5|       pointer|
|C_BUF_1_0_1_6              |  out|   32|      ap_vld|                 C_BUF_1_0_1_6|       pointer|
|C_BUF_1_0_1_6_ap_vld       |  out|    1|      ap_vld|                 C_BUF_1_0_1_6|       pointer|
|C_BUF_1_0_1_7              |  out|   32|      ap_vld|                 C_BUF_1_0_1_7|       pointer|
|C_BUF_1_0_1_7_ap_vld       |  out|    1|      ap_vld|                 C_BUF_1_0_1_7|       pointer|
|C_BUF_1_0_2_0              |  out|   32|      ap_vld|                 C_BUF_1_0_2_0|       pointer|
|C_BUF_1_0_2_0_ap_vld       |  out|    1|      ap_vld|                 C_BUF_1_0_2_0|       pointer|
|C_BUF_1_0_2_1              |  out|   32|      ap_vld|                 C_BUF_1_0_2_1|       pointer|
|C_BUF_1_0_2_1_ap_vld       |  out|    1|      ap_vld|                 C_BUF_1_0_2_1|       pointer|
|C_BUF_1_0_2_2              |  out|   32|      ap_vld|                 C_BUF_1_0_2_2|       pointer|
|C_BUF_1_0_2_2_ap_vld       |  out|    1|      ap_vld|                 C_BUF_1_0_2_2|       pointer|
|C_BUF_1_0_2_3              |  out|   32|      ap_vld|                 C_BUF_1_0_2_3|       pointer|
|C_BUF_1_0_2_3_ap_vld       |  out|    1|      ap_vld|                 C_BUF_1_0_2_3|       pointer|
|C_BUF_1_0_2_4              |  out|   32|      ap_vld|                 C_BUF_1_0_2_4|       pointer|
|C_BUF_1_0_2_4_ap_vld       |  out|    1|      ap_vld|                 C_BUF_1_0_2_4|       pointer|
|C_BUF_1_0_2_5              |  out|   32|      ap_vld|                 C_BUF_1_0_2_5|       pointer|
|C_BUF_1_0_2_5_ap_vld       |  out|    1|      ap_vld|                 C_BUF_1_0_2_5|       pointer|
|C_BUF_1_0_2_6              |  out|   32|      ap_vld|                 C_BUF_1_0_2_6|       pointer|
|C_BUF_1_0_2_6_ap_vld       |  out|    1|      ap_vld|                 C_BUF_1_0_2_6|       pointer|
|C_BUF_1_0_2_7              |  out|   32|      ap_vld|                 C_BUF_1_0_2_7|       pointer|
|C_BUF_1_0_2_7_ap_vld       |  out|    1|      ap_vld|                 C_BUF_1_0_2_7|       pointer|
|C_BUF_1_0_3_0              |  out|   32|      ap_vld|                 C_BUF_1_0_3_0|       pointer|
|C_BUF_1_0_3_0_ap_vld       |  out|    1|      ap_vld|                 C_BUF_1_0_3_0|       pointer|
|C_BUF_1_0_3_1              |  out|   32|      ap_vld|                 C_BUF_1_0_3_1|       pointer|
|C_BUF_1_0_3_1_ap_vld       |  out|    1|      ap_vld|                 C_BUF_1_0_3_1|       pointer|
|C_BUF_1_0_3_2              |  out|   32|      ap_vld|                 C_BUF_1_0_3_2|       pointer|
|C_BUF_1_0_3_2_ap_vld       |  out|    1|      ap_vld|                 C_BUF_1_0_3_2|       pointer|
|C_BUF_1_0_3_3              |  out|   32|      ap_vld|                 C_BUF_1_0_3_3|       pointer|
|C_BUF_1_0_3_3_ap_vld       |  out|    1|      ap_vld|                 C_BUF_1_0_3_3|       pointer|
|C_BUF_1_0_3_4              |  out|   32|      ap_vld|                 C_BUF_1_0_3_4|       pointer|
|C_BUF_1_0_3_4_ap_vld       |  out|    1|      ap_vld|                 C_BUF_1_0_3_4|       pointer|
|C_BUF_1_0_3_5              |  out|   32|      ap_vld|                 C_BUF_1_0_3_5|       pointer|
|C_BUF_1_0_3_5_ap_vld       |  out|    1|      ap_vld|                 C_BUF_1_0_3_5|       pointer|
|C_BUF_1_0_3_6              |  out|   32|      ap_vld|                 C_BUF_1_0_3_6|       pointer|
|C_BUF_1_0_3_6_ap_vld       |  out|    1|      ap_vld|                 C_BUF_1_0_3_6|       pointer|
|C_BUF_1_0_3_7              |  out|   32|      ap_vld|                 C_BUF_1_0_3_7|       pointer|
|C_BUF_1_0_3_7_ap_vld       |  out|    1|      ap_vld|                 C_BUF_1_0_3_7|       pointer|
|C_BUF_1_0_4_0              |  out|   32|      ap_vld|                 C_BUF_1_0_4_0|       pointer|
|C_BUF_1_0_4_0_ap_vld       |  out|    1|      ap_vld|                 C_BUF_1_0_4_0|       pointer|
|C_BUF_1_0_4_1              |  out|   32|      ap_vld|                 C_BUF_1_0_4_1|       pointer|
|C_BUF_1_0_4_1_ap_vld       |  out|    1|      ap_vld|                 C_BUF_1_0_4_1|       pointer|
|C_BUF_1_0_4_2              |  out|   32|      ap_vld|                 C_BUF_1_0_4_2|       pointer|
|C_BUF_1_0_4_2_ap_vld       |  out|    1|      ap_vld|                 C_BUF_1_0_4_2|       pointer|
|C_BUF_1_0_4_3              |  out|   32|      ap_vld|                 C_BUF_1_0_4_3|       pointer|
|C_BUF_1_0_4_3_ap_vld       |  out|    1|      ap_vld|                 C_BUF_1_0_4_3|       pointer|
|C_BUF_1_0_4_4              |  out|   32|      ap_vld|                 C_BUF_1_0_4_4|       pointer|
|C_BUF_1_0_4_4_ap_vld       |  out|    1|      ap_vld|                 C_BUF_1_0_4_4|       pointer|
|C_BUF_1_0_4_5              |  out|   32|      ap_vld|                 C_BUF_1_0_4_5|       pointer|
|C_BUF_1_0_4_5_ap_vld       |  out|    1|      ap_vld|                 C_BUF_1_0_4_5|       pointer|
|C_BUF_1_0_4_6              |  out|   32|      ap_vld|                 C_BUF_1_0_4_6|       pointer|
|C_BUF_1_0_4_6_ap_vld       |  out|    1|      ap_vld|                 C_BUF_1_0_4_6|       pointer|
|C_BUF_1_0_4_7              |  out|   32|      ap_vld|                 C_BUF_1_0_4_7|       pointer|
|C_BUF_1_0_4_7_ap_vld       |  out|    1|      ap_vld|                 C_BUF_1_0_4_7|       pointer|
|C_BUF_1_0_5_0              |  out|   32|      ap_vld|                 C_BUF_1_0_5_0|       pointer|
|C_BUF_1_0_5_0_ap_vld       |  out|    1|      ap_vld|                 C_BUF_1_0_5_0|       pointer|
|C_BUF_1_0_5_1              |  out|   32|      ap_vld|                 C_BUF_1_0_5_1|       pointer|
|C_BUF_1_0_5_1_ap_vld       |  out|    1|      ap_vld|                 C_BUF_1_0_5_1|       pointer|
|C_BUF_1_0_5_2              |  out|   32|      ap_vld|                 C_BUF_1_0_5_2|       pointer|
|C_BUF_1_0_5_2_ap_vld       |  out|    1|      ap_vld|                 C_BUF_1_0_5_2|       pointer|
|C_BUF_1_0_5_3              |  out|   32|      ap_vld|                 C_BUF_1_0_5_3|       pointer|
|C_BUF_1_0_5_3_ap_vld       |  out|    1|      ap_vld|                 C_BUF_1_0_5_3|       pointer|
|C_BUF_1_0_5_4              |  out|   32|      ap_vld|                 C_BUF_1_0_5_4|       pointer|
|C_BUF_1_0_5_4_ap_vld       |  out|    1|      ap_vld|                 C_BUF_1_0_5_4|       pointer|
|C_BUF_1_0_5_5              |  out|   32|      ap_vld|                 C_BUF_1_0_5_5|       pointer|
|C_BUF_1_0_5_5_ap_vld       |  out|    1|      ap_vld|                 C_BUF_1_0_5_5|       pointer|
|C_BUF_1_0_5_6              |  out|   32|      ap_vld|                 C_BUF_1_0_5_6|       pointer|
|C_BUF_1_0_5_6_ap_vld       |  out|    1|      ap_vld|                 C_BUF_1_0_5_6|       pointer|
|C_BUF_1_0_5_7              |  out|   32|      ap_vld|                 C_BUF_1_0_5_7|       pointer|
|C_BUF_1_0_5_7_ap_vld       |  out|    1|      ap_vld|                 C_BUF_1_0_5_7|       pointer|
|C_BUF_1_0_6_0              |  out|   32|      ap_vld|                 C_BUF_1_0_6_0|       pointer|
|C_BUF_1_0_6_0_ap_vld       |  out|    1|      ap_vld|                 C_BUF_1_0_6_0|       pointer|
|C_BUF_1_0_6_1              |  out|   32|      ap_vld|                 C_BUF_1_0_6_1|       pointer|
|C_BUF_1_0_6_1_ap_vld       |  out|    1|      ap_vld|                 C_BUF_1_0_6_1|       pointer|
|C_BUF_1_0_6_2              |  out|   32|      ap_vld|                 C_BUF_1_0_6_2|       pointer|
|C_BUF_1_0_6_2_ap_vld       |  out|    1|      ap_vld|                 C_BUF_1_0_6_2|       pointer|
|C_BUF_1_0_6_3              |  out|   32|      ap_vld|                 C_BUF_1_0_6_3|       pointer|
|C_BUF_1_0_6_3_ap_vld       |  out|    1|      ap_vld|                 C_BUF_1_0_6_3|       pointer|
|C_BUF_1_0_6_4              |  out|   32|      ap_vld|                 C_BUF_1_0_6_4|       pointer|
|C_BUF_1_0_6_4_ap_vld       |  out|    1|      ap_vld|                 C_BUF_1_0_6_4|       pointer|
|C_BUF_1_0_6_5              |  out|   32|      ap_vld|                 C_BUF_1_0_6_5|       pointer|
|C_BUF_1_0_6_5_ap_vld       |  out|    1|      ap_vld|                 C_BUF_1_0_6_5|       pointer|
|C_BUF_1_0_6_6              |  out|   32|      ap_vld|                 C_BUF_1_0_6_6|       pointer|
|C_BUF_1_0_6_6_ap_vld       |  out|    1|      ap_vld|                 C_BUF_1_0_6_6|       pointer|
|C_BUF_1_0_6_7              |  out|   32|      ap_vld|                 C_BUF_1_0_6_7|       pointer|
|C_BUF_1_0_6_7_ap_vld       |  out|    1|      ap_vld|                 C_BUF_1_0_6_7|       pointer|
|C_BUF_1_0_7_0              |  out|   32|      ap_vld|                 C_BUF_1_0_7_0|       pointer|
|C_BUF_1_0_7_0_ap_vld       |  out|    1|      ap_vld|                 C_BUF_1_0_7_0|       pointer|
|C_BUF_1_0_7_1              |  out|   32|      ap_vld|                 C_BUF_1_0_7_1|       pointer|
|C_BUF_1_0_7_1_ap_vld       |  out|    1|      ap_vld|                 C_BUF_1_0_7_1|       pointer|
|C_BUF_1_0_7_2              |  out|   32|      ap_vld|                 C_BUF_1_0_7_2|       pointer|
|C_BUF_1_0_7_2_ap_vld       |  out|    1|      ap_vld|                 C_BUF_1_0_7_2|       pointer|
|C_BUF_1_0_7_3              |  out|   32|      ap_vld|                 C_BUF_1_0_7_3|       pointer|
|C_BUF_1_0_7_3_ap_vld       |  out|    1|      ap_vld|                 C_BUF_1_0_7_3|       pointer|
|C_BUF_1_0_7_4              |  out|   32|      ap_vld|                 C_BUF_1_0_7_4|       pointer|
|C_BUF_1_0_7_4_ap_vld       |  out|    1|      ap_vld|                 C_BUF_1_0_7_4|       pointer|
|C_BUF_1_0_7_5              |  out|   32|      ap_vld|                 C_BUF_1_0_7_5|       pointer|
|C_BUF_1_0_7_5_ap_vld       |  out|    1|      ap_vld|                 C_BUF_1_0_7_5|       pointer|
|C_BUF_1_0_7_6              |  out|   32|      ap_vld|                 C_BUF_1_0_7_6|       pointer|
|C_BUF_1_0_7_6_ap_vld       |  out|    1|      ap_vld|                 C_BUF_1_0_7_6|       pointer|
|C_BUF_1_0_7_7              |  out|   32|      ap_vld|                 C_BUF_1_0_7_7|       pointer|
|C_BUF_1_0_7_7_ap_vld       |  out|    1|      ap_vld|                 C_BUF_1_0_7_7|       pointer|
|C_BUF_2_0_0_0              |  out|   32|      ap_vld|                 C_BUF_2_0_0_0|       pointer|
|C_BUF_2_0_0_0_ap_vld       |  out|    1|      ap_vld|                 C_BUF_2_0_0_0|       pointer|
|C_BUF_2_0_0_1              |  out|   32|      ap_vld|                 C_BUF_2_0_0_1|       pointer|
|C_BUF_2_0_0_1_ap_vld       |  out|    1|      ap_vld|                 C_BUF_2_0_0_1|       pointer|
|C_BUF_2_0_0_2              |  out|   32|      ap_vld|                 C_BUF_2_0_0_2|       pointer|
|C_BUF_2_0_0_2_ap_vld       |  out|    1|      ap_vld|                 C_BUF_2_0_0_2|       pointer|
|C_BUF_2_0_0_3              |  out|   32|      ap_vld|                 C_BUF_2_0_0_3|       pointer|
|C_BUF_2_0_0_3_ap_vld       |  out|    1|      ap_vld|                 C_BUF_2_0_0_3|       pointer|
|C_BUF_2_0_0_4              |  out|   32|      ap_vld|                 C_BUF_2_0_0_4|       pointer|
|C_BUF_2_0_0_4_ap_vld       |  out|    1|      ap_vld|                 C_BUF_2_0_0_4|       pointer|
|C_BUF_2_0_0_5              |  out|   32|      ap_vld|                 C_BUF_2_0_0_5|       pointer|
|C_BUF_2_0_0_5_ap_vld       |  out|    1|      ap_vld|                 C_BUF_2_0_0_5|       pointer|
|C_BUF_2_0_0_6              |  out|   32|      ap_vld|                 C_BUF_2_0_0_6|       pointer|
|C_BUF_2_0_0_6_ap_vld       |  out|    1|      ap_vld|                 C_BUF_2_0_0_6|       pointer|
|C_BUF_2_0_0_7              |  out|   32|      ap_vld|                 C_BUF_2_0_0_7|       pointer|
|C_BUF_2_0_0_7_ap_vld       |  out|    1|      ap_vld|                 C_BUF_2_0_0_7|       pointer|
|C_BUF_2_0_1_0              |  out|   32|      ap_vld|                 C_BUF_2_0_1_0|       pointer|
|C_BUF_2_0_1_0_ap_vld       |  out|    1|      ap_vld|                 C_BUF_2_0_1_0|       pointer|
|C_BUF_2_0_1_1              |  out|   32|      ap_vld|                 C_BUF_2_0_1_1|       pointer|
|C_BUF_2_0_1_1_ap_vld       |  out|    1|      ap_vld|                 C_BUF_2_0_1_1|       pointer|
|C_BUF_2_0_1_2              |  out|   32|      ap_vld|                 C_BUF_2_0_1_2|       pointer|
|C_BUF_2_0_1_2_ap_vld       |  out|    1|      ap_vld|                 C_BUF_2_0_1_2|       pointer|
|C_BUF_2_0_1_3              |  out|   32|      ap_vld|                 C_BUF_2_0_1_3|       pointer|
|C_BUF_2_0_1_3_ap_vld       |  out|    1|      ap_vld|                 C_BUF_2_0_1_3|       pointer|
|C_BUF_2_0_1_4              |  out|   32|      ap_vld|                 C_BUF_2_0_1_4|       pointer|
|C_BUF_2_0_1_4_ap_vld       |  out|    1|      ap_vld|                 C_BUF_2_0_1_4|       pointer|
|C_BUF_2_0_1_5              |  out|   32|      ap_vld|                 C_BUF_2_0_1_5|       pointer|
|C_BUF_2_0_1_5_ap_vld       |  out|    1|      ap_vld|                 C_BUF_2_0_1_5|       pointer|
|C_BUF_2_0_1_6              |  out|   32|      ap_vld|                 C_BUF_2_0_1_6|       pointer|
|C_BUF_2_0_1_6_ap_vld       |  out|    1|      ap_vld|                 C_BUF_2_0_1_6|       pointer|
|C_BUF_2_0_1_7              |  out|   32|      ap_vld|                 C_BUF_2_0_1_7|       pointer|
|C_BUF_2_0_1_7_ap_vld       |  out|    1|      ap_vld|                 C_BUF_2_0_1_7|       pointer|
|C_BUF_2_0_2_0              |  out|   32|      ap_vld|                 C_BUF_2_0_2_0|       pointer|
|C_BUF_2_0_2_0_ap_vld       |  out|    1|      ap_vld|                 C_BUF_2_0_2_0|       pointer|
|C_BUF_2_0_2_1              |  out|   32|      ap_vld|                 C_BUF_2_0_2_1|       pointer|
|C_BUF_2_0_2_1_ap_vld       |  out|    1|      ap_vld|                 C_BUF_2_0_2_1|       pointer|
|C_BUF_2_0_2_2              |  out|   32|      ap_vld|                 C_BUF_2_0_2_2|       pointer|
|C_BUF_2_0_2_2_ap_vld       |  out|    1|      ap_vld|                 C_BUF_2_0_2_2|       pointer|
|C_BUF_2_0_2_3              |  out|   32|      ap_vld|                 C_BUF_2_0_2_3|       pointer|
|C_BUF_2_0_2_3_ap_vld       |  out|    1|      ap_vld|                 C_BUF_2_0_2_3|       pointer|
|C_BUF_2_0_2_4              |  out|   32|      ap_vld|                 C_BUF_2_0_2_4|       pointer|
|C_BUF_2_0_2_4_ap_vld       |  out|    1|      ap_vld|                 C_BUF_2_0_2_4|       pointer|
|C_BUF_2_0_2_5              |  out|   32|      ap_vld|                 C_BUF_2_0_2_5|       pointer|
|C_BUF_2_0_2_5_ap_vld       |  out|    1|      ap_vld|                 C_BUF_2_0_2_5|       pointer|
|C_BUF_2_0_2_6              |  out|   32|      ap_vld|                 C_BUF_2_0_2_6|       pointer|
|C_BUF_2_0_2_6_ap_vld       |  out|    1|      ap_vld|                 C_BUF_2_0_2_6|       pointer|
|C_BUF_2_0_2_7              |  out|   32|      ap_vld|                 C_BUF_2_0_2_7|       pointer|
|C_BUF_2_0_2_7_ap_vld       |  out|    1|      ap_vld|                 C_BUF_2_0_2_7|       pointer|
|C_BUF_2_0_3_0              |  out|   32|      ap_vld|                 C_BUF_2_0_3_0|       pointer|
|C_BUF_2_0_3_0_ap_vld       |  out|    1|      ap_vld|                 C_BUF_2_0_3_0|       pointer|
|C_BUF_2_0_3_1              |  out|   32|      ap_vld|                 C_BUF_2_0_3_1|       pointer|
|C_BUF_2_0_3_1_ap_vld       |  out|    1|      ap_vld|                 C_BUF_2_0_3_1|       pointer|
|C_BUF_2_0_3_2              |  out|   32|      ap_vld|                 C_BUF_2_0_3_2|       pointer|
|C_BUF_2_0_3_2_ap_vld       |  out|    1|      ap_vld|                 C_BUF_2_0_3_2|       pointer|
|C_BUF_2_0_3_3              |  out|   32|      ap_vld|                 C_BUF_2_0_3_3|       pointer|
|C_BUF_2_0_3_3_ap_vld       |  out|    1|      ap_vld|                 C_BUF_2_0_3_3|       pointer|
|C_BUF_2_0_3_4              |  out|   32|      ap_vld|                 C_BUF_2_0_3_4|       pointer|
|C_BUF_2_0_3_4_ap_vld       |  out|    1|      ap_vld|                 C_BUF_2_0_3_4|       pointer|
|C_BUF_2_0_3_5              |  out|   32|      ap_vld|                 C_BUF_2_0_3_5|       pointer|
|C_BUF_2_0_3_5_ap_vld       |  out|    1|      ap_vld|                 C_BUF_2_0_3_5|       pointer|
|C_BUF_2_0_3_6              |  out|   32|      ap_vld|                 C_BUF_2_0_3_6|       pointer|
|C_BUF_2_0_3_6_ap_vld       |  out|    1|      ap_vld|                 C_BUF_2_0_3_6|       pointer|
|C_BUF_2_0_3_7              |  out|   32|      ap_vld|                 C_BUF_2_0_3_7|       pointer|
|C_BUF_2_0_3_7_ap_vld       |  out|    1|      ap_vld|                 C_BUF_2_0_3_7|       pointer|
|C_BUF_2_0_4_0              |  out|   32|      ap_vld|                 C_BUF_2_0_4_0|       pointer|
|C_BUF_2_0_4_0_ap_vld       |  out|    1|      ap_vld|                 C_BUF_2_0_4_0|       pointer|
|C_BUF_2_0_4_1              |  out|   32|      ap_vld|                 C_BUF_2_0_4_1|       pointer|
|C_BUF_2_0_4_1_ap_vld       |  out|    1|      ap_vld|                 C_BUF_2_0_4_1|       pointer|
|C_BUF_2_0_4_2              |  out|   32|      ap_vld|                 C_BUF_2_0_4_2|       pointer|
|C_BUF_2_0_4_2_ap_vld       |  out|    1|      ap_vld|                 C_BUF_2_0_4_2|       pointer|
|C_BUF_2_0_4_3              |  out|   32|      ap_vld|                 C_BUF_2_0_4_3|       pointer|
|C_BUF_2_0_4_3_ap_vld       |  out|    1|      ap_vld|                 C_BUF_2_0_4_3|       pointer|
|C_BUF_2_0_4_4              |  out|   32|      ap_vld|                 C_BUF_2_0_4_4|       pointer|
|C_BUF_2_0_4_4_ap_vld       |  out|    1|      ap_vld|                 C_BUF_2_0_4_4|       pointer|
|C_BUF_2_0_4_5              |  out|   32|      ap_vld|                 C_BUF_2_0_4_5|       pointer|
|C_BUF_2_0_4_5_ap_vld       |  out|    1|      ap_vld|                 C_BUF_2_0_4_5|       pointer|
|C_BUF_2_0_4_6              |  out|   32|      ap_vld|                 C_BUF_2_0_4_6|       pointer|
|C_BUF_2_0_4_6_ap_vld       |  out|    1|      ap_vld|                 C_BUF_2_0_4_6|       pointer|
|C_BUF_2_0_4_7              |  out|   32|      ap_vld|                 C_BUF_2_0_4_7|       pointer|
|C_BUF_2_0_4_7_ap_vld       |  out|    1|      ap_vld|                 C_BUF_2_0_4_7|       pointer|
|C_BUF_2_0_5_0              |  out|   32|      ap_vld|                 C_BUF_2_0_5_0|       pointer|
|C_BUF_2_0_5_0_ap_vld       |  out|    1|      ap_vld|                 C_BUF_2_0_5_0|       pointer|
|C_BUF_2_0_5_1              |  out|   32|      ap_vld|                 C_BUF_2_0_5_1|       pointer|
|C_BUF_2_0_5_1_ap_vld       |  out|    1|      ap_vld|                 C_BUF_2_0_5_1|       pointer|
|C_BUF_2_0_5_2              |  out|   32|      ap_vld|                 C_BUF_2_0_5_2|       pointer|
|C_BUF_2_0_5_2_ap_vld       |  out|    1|      ap_vld|                 C_BUF_2_0_5_2|       pointer|
|C_BUF_2_0_5_3              |  out|   32|      ap_vld|                 C_BUF_2_0_5_3|       pointer|
|C_BUF_2_0_5_3_ap_vld       |  out|    1|      ap_vld|                 C_BUF_2_0_5_3|       pointer|
|C_BUF_2_0_5_4              |  out|   32|      ap_vld|                 C_BUF_2_0_5_4|       pointer|
|C_BUF_2_0_5_4_ap_vld       |  out|    1|      ap_vld|                 C_BUF_2_0_5_4|       pointer|
|C_BUF_2_0_5_5              |  out|   32|      ap_vld|                 C_BUF_2_0_5_5|       pointer|
|C_BUF_2_0_5_5_ap_vld       |  out|    1|      ap_vld|                 C_BUF_2_0_5_5|       pointer|
|C_BUF_2_0_5_6              |  out|   32|      ap_vld|                 C_BUF_2_0_5_6|       pointer|
|C_BUF_2_0_5_6_ap_vld       |  out|    1|      ap_vld|                 C_BUF_2_0_5_6|       pointer|
|C_BUF_2_0_5_7              |  out|   32|      ap_vld|                 C_BUF_2_0_5_7|       pointer|
|C_BUF_2_0_5_7_ap_vld       |  out|    1|      ap_vld|                 C_BUF_2_0_5_7|       pointer|
|C_BUF_2_0_6_0              |  out|   32|      ap_vld|                 C_BUF_2_0_6_0|       pointer|
|C_BUF_2_0_6_0_ap_vld       |  out|    1|      ap_vld|                 C_BUF_2_0_6_0|       pointer|
|C_BUF_2_0_6_1              |  out|   32|      ap_vld|                 C_BUF_2_0_6_1|       pointer|
|C_BUF_2_0_6_1_ap_vld       |  out|    1|      ap_vld|                 C_BUF_2_0_6_1|       pointer|
|C_BUF_2_0_6_2              |  out|   32|      ap_vld|                 C_BUF_2_0_6_2|       pointer|
|C_BUF_2_0_6_2_ap_vld       |  out|    1|      ap_vld|                 C_BUF_2_0_6_2|       pointer|
|C_BUF_2_0_6_3              |  out|   32|      ap_vld|                 C_BUF_2_0_6_3|       pointer|
|C_BUF_2_0_6_3_ap_vld       |  out|    1|      ap_vld|                 C_BUF_2_0_6_3|       pointer|
|C_BUF_2_0_6_4              |  out|   32|      ap_vld|                 C_BUF_2_0_6_4|       pointer|
|C_BUF_2_0_6_4_ap_vld       |  out|    1|      ap_vld|                 C_BUF_2_0_6_4|       pointer|
|C_BUF_2_0_6_5              |  out|   32|      ap_vld|                 C_BUF_2_0_6_5|       pointer|
|C_BUF_2_0_6_5_ap_vld       |  out|    1|      ap_vld|                 C_BUF_2_0_6_5|       pointer|
|C_BUF_2_0_6_6              |  out|   32|      ap_vld|                 C_BUF_2_0_6_6|       pointer|
|C_BUF_2_0_6_6_ap_vld       |  out|    1|      ap_vld|                 C_BUF_2_0_6_6|       pointer|
|C_BUF_2_0_6_7              |  out|   32|      ap_vld|                 C_BUF_2_0_6_7|       pointer|
|C_BUF_2_0_6_7_ap_vld       |  out|    1|      ap_vld|                 C_BUF_2_0_6_7|       pointer|
|C_BUF_2_0_7_0              |  out|   32|      ap_vld|                 C_BUF_2_0_7_0|       pointer|
|C_BUF_2_0_7_0_ap_vld       |  out|    1|      ap_vld|                 C_BUF_2_0_7_0|       pointer|
|C_BUF_2_0_7_1              |  out|   32|      ap_vld|                 C_BUF_2_0_7_1|       pointer|
|C_BUF_2_0_7_1_ap_vld       |  out|    1|      ap_vld|                 C_BUF_2_0_7_1|       pointer|
|C_BUF_2_0_7_2              |  out|   32|      ap_vld|                 C_BUF_2_0_7_2|       pointer|
|C_BUF_2_0_7_2_ap_vld       |  out|    1|      ap_vld|                 C_BUF_2_0_7_2|       pointer|
|C_BUF_2_0_7_3              |  out|   32|      ap_vld|                 C_BUF_2_0_7_3|       pointer|
|C_BUF_2_0_7_3_ap_vld       |  out|    1|      ap_vld|                 C_BUF_2_0_7_3|       pointer|
|C_BUF_2_0_7_4              |  out|   32|      ap_vld|                 C_BUF_2_0_7_4|       pointer|
|C_BUF_2_0_7_4_ap_vld       |  out|    1|      ap_vld|                 C_BUF_2_0_7_4|       pointer|
|C_BUF_2_0_7_5              |  out|   32|      ap_vld|                 C_BUF_2_0_7_5|       pointer|
|C_BUF_2_0_7_5_ap_vld       |  out|    1|      ap_vld|                 C_BUF_2_0_7_5|       pointer|
|C_BUF_2_0_7_6              |  out|   32|      ap_vld|                 C_BUF_2_0_7_6|       pointer|
|C_BUF_2_0_7_6_ap_vld       |  out|    1|      ap_vld|                 C_BUF_2_0_7_6|       pointer|
|C_BUF_2_0_7_7              |  out|   32|      ap_vld|                 C_BUF_2_0_7_7|       pointer|
|C_BUF_2_0_7_7_ap_vld       |  out|    1|      ap_vld|                 C_BUF_2_0_7_7|       pointer|
|C_BUF_3_0_0_0              |  out|   32|      ap_vld|                 C_BUF_3_0_0_0|       pointer|
|C_BUF_3_0_0_0_ap_vld       |  out|    1|      ap_vld|                 C_BUF_3_0_0_0|       pointer|
|C_BUF_3_0_0_1              |  out|   32|      ap_vld|                 C_BUF_3_0_0_1|       pointer|
|C_BUF_3_0_0_1_ap_vld       |  out|    1|      ap_vld|                 C_BUF_3_0_0_1|       pointer|
|C_BUF_3_0_0_2              |  out|   32|      ap_vld|                 C_BUF_3_0_0_2|       pointer|
|C_BUF_3_0_0_2_ap_vld       |  out|    1|      ap_vld|                 C_BUF_3_0_0_2|       pointer|
|C_BUF_3_0_0_3              |  out|   32|      ap_vld|                 C_BUF_3_0_0_3|       pointer|
|C_BUF_3_0_0_3_ap_vld       |  out|    1|      ap_vld|                 C_BUF_3_0_0_3|       pointer|
|C_BUF_3_0_0_4              |  out|   32|      ap_vld|                 C_BUF_3_0_0_4|       pointer|
|C_BUF_3_0_0_4_ap_vld       |  out|    1|      ap_vld|                 C_BUF_3_0_0_4|       pointer|
|C_BUF_3_0_0_5              |  out|   32|      ap_vld|                 C_BUF_3_0_0_5|       pointer|
|C_BUF_3_0_0_5_ap_vld       |  out|    1|      ap_vld|                 C_BUF_3_0_0_5|       pointer|
|C_BUF_3_0_0_6              |  out|   32|      ap_vld|                 C_BUF_3_0_0_6|       pointer|
|C_BUF_3_0_0_6_ap_vld       |  out|    1|      ap_vld|                 C_BUF_3_0_0_6|       pointer|
|C_BUF_3_0_0_7              |  out|   32|      ap_vld|                 C_BUF_3_0_0_7|       pointer|
|C_BUF_3_0_0_7_ap_vld       |  out|    1|      ap_vld|                 C_BUF_3_0_0_7|       pointer|
|C_BUF_3_0_1_0              |  out|   32|      ap_vld|                 C_BUF_3_0_1_0|       pointer|
|C_BUF_3_0_1_0_ap_vld       |  out|    1|      ap_vld|                 C_BUF_3_0_1_0|       pointer|
|C_BUF_3_0_1_1              |  out|   32|      ap_vld|                 C_BUF_3_0_1_1|       pointer|
|C_BUF_3_0_1_1_ap_vld       |  out|    1|      ap_vld|                 C_BUF_3_0_1_1|       pointer|
|C_BUF_3_0_1_2              |  out|   32|      ap_vld|                 C_BUF_3_0_1_2|       pointer|
|C_BUF_3_0_1_2_ap_vld       |  out|    1|      ap_vld|                 C_BUF_3_0_1_2|       pointer|
|C_BUF_3_0_1_3              |  out|   32|      ap_vld|                 C_BUF_3_0_1_3|       pointer|
|C_BUF_3_0_1_3_ap_vld       |  out|    1|      ap_vld|                 C_BUF_3_0_1_3|       pointer|
|C_BUF_3_0_1_4              |  out|   32|      ap_vld|                 C_BUF_3_0_1_4|       pointer|
|C_BUF_3_0_1_4_ap_vld       |  out|    1|      ap_vld|                 C_BUF_3_0_1_4|       pointer|
|C_BUF_3_0_1_5              |  out|   32|      ap_vld|                 C_BUF_3_0_1_5|       pointer|
|C_BUF_3_0_1_5_ap_vld       |  out|    1|      ap_vld|                 C_BUF_3_0_1_5|       pointer|
|C_BUF_3_0_1_6              |  out|   32|      ap_vld|                 C_BUF_3_0_1_6|       pointer|
|C_BUF_3_0_1_6_ap_vld       |  out|    1|      ap_vld|                 C_BUF_3_0_1_6|       pointer|
|C_BUF_3_0_1_7              |  out|   32|      ap_vld|                 C_BUF_3_0_1_7|       pointer|
|C_BUF_3_0_1_7_ap_vld       |  out|    1|      ap_vld|                 C_BUF_3_0_1_7|       pointer|
|C_BUF_3_0_2_0              |  out|   32|      ap_vld|                 C_BUF_3_0_2_0|       pointer|
|C_BUF_3_0_2_0_ap_vld       |  out|    1|      ap_vld|                 C_BUF_3_0_2_0|       pointer|
|C_BUF_3_0_2_1              |  out|   32|      ap_vld|                 C_BUF_3_0_2_1|       pointer|
|C_BUF_3_0_2_1_ap_vld       |  out|    1|      ap_vld|                 C_BUF_3_0_2_1|       pointer|
|C_BUF_3_0_2_2              |  out|   32|      ap_vld|                 C_BUF_3_0_2_2|       pointer|
|C_BUF_3_0_2_2_ap_vld       |  out|    1|      ap_vld|                 C_BUF_3_0_2_2|       pointer|
|C_BUF_3_0_2_3              |  out|   32|      ap_vld|                 C_BUF_3_0_2_3|       pointer|
|C_BUF_3_0_2_3_ap_vld       |  out|    1|      ap_vld|                 C_BUF_3_0_2_3|       pointer|
|C_BUF_3_0_2_4              |  out|   32|      ap_vld|                 C_BUF_3_0_2_4|       pointer|
|C_BUF_3_0_2_4_ap_vld       |  out|    1|      ap_vld|                 C_BUF_3_0_2_4|       pointer|
|C_BUF_3_0_2_5              |  out|   32|      ap_vld|                 C_BUF_3_0_2_5|       pointer|
|C_BUF_3_0_2_5_ap_vld       |  out|    1|      ap_vld|                 C_BUF_3_0_2_5|       pointer|
|C_BUF_3_0_2_6              |  out|   32|      ap_vld|                 C_BUF_3_0_2_6|       pointer|
|C_BUF_3_0_2_6_ap_vld       |  out|    1|      ap_vld|                 C_BUF_3_0_2_6|       pointer|
|C_BUF_3_0_2_7              |  out|   32|      ap_vld|                 C_BUF_3_0_2_7|       pointer|
|C_BUF_3_0_2_7_ap_vld       |  out|    1|      ap_vld|                 C_BUF_3_0_2_7|       pointer|
|C_BUF_3_0_3_0              |  out|   32|      ap_vld|                 C_BUF_3_0_3_0|       pointer|
|C_BUF_3_0_3_0_ap_vld       |  out|    1|      ap_vld|                 C_BUF_3_0_3_0|       pointer|
|C_BUF_3_0_3_1              |  out|   32|      ap_vld|                 C_BUF_3_0_3_1|       pointer|
|C_BUF_3_0_3_1_ap_vld       |  out|    1|      ap_vld|                 C_BUF_3_0_3_1|       pointer|
|C_BUF_3_0_3_2              |  out|   32|      ap_vld|                 C_BUF_3_0_3_2|       pointer|
|C_BUF_3_0_3_2_ap_vld       |  out|    1|      ap_vld|                 C_BUF_3_0_3_2|       pointer|
|C_BUF_3_0_3_3              |  out|   32|      ap_vld|                 C_BUF_3_0_3_3|       pointer|
|C_BUF_3_0_3_3_ap_vld       |  out|    1|      ap_vld|                 C_BUF_3_0_3_3|       pointer|
|C_BUF_3_0_3_4              |  out|   32|      ap_vld|                 C_BUF_3_0_3_4|       pointer|
|C_BUF_3_0_3_4_ap_vld       |  out|    1|      ap_vld|                 C_BUF_3_0_3_4|       pointer|
|C_BUF_3_0_3_5              |  out|   32|      ap_vld|                 C_BUF_3_0_3_5|       pointer|
|C_BUF_3_0_3_5_ap_vld       |  out|    1|      ap_vld|                 C_BUF_3_0_3_5|       pointer|
|C_BUF_3_0_3_6              |  out|   32|      ap_vld|                 C_BUF_3_0_3_6|       pointer|
|C_BUF_3_0_3_6_ap_vld       |  out|    1|      ap_vld|                 C_BUF_3_0_3_6|       pointer|
|C_BUF_3_0_3_7              |  out|   32|      ap_vld|                 C_BUF_3_0_3_7|       pointer|
|C_BUF_3_0_3_7_ap_vld       |  out|    1|      ap_vld|                 C_BUF_3_0_3_7|       pointer|
|C_BUF_3_0_4_0              |  out|   32|      ap_vld|                 C_BUF_3_0_4_0|       pointer|
|C_BUF_3_0_4_0_ap_vld       |  out|    1|      ap_vld|                 C_BUF_3_0_4_0|       pointer|
|C_BUF_3_0_4_1              |  out|   32|      ap_vld|                 C_BUF_3_0_4_1|       pointer|
|C_BUF_3_0_4_1_ap_vld       |  out|    1|      ap_vld|                 C_BUF_3_0_4_1|       pointer|
|C_BUF_3_0_4_2              |  out|   32|      ap_vld|                 C_BUF_3_0_4_2|       pointer|
|C_BUF_3_0_4_2_ap_vld       |  out|    1|      ap_vld|                 C_BUF_3_0_4_2|       pointer|
|C_BUF_3_0_4_3              |  out|   32|      ap_vld|                 C_BUF_3_0_4_3|       pointer|
|C_BUF_3_0_4_3_ap_vld       |  out|    1|      ap_vld|                 C_BUF_3_0_4_3|       pointer|
|C_BUF_3_0_4_4              |  out|   32|      ap_vld|                 C_BUF_3_0_4_4|       pointer|
|C_BUF_3_0_4_4_ap_vld       |  out|    1|      ap_vld|                 C_BUF_3_0_4_4|       pointer|
|C_BUF_3_0_4_5              |  out|   32|      ap_vld|                 C_BUF_3_0_4_5|       pointer|
|C_BUF_3_0_4_5_ap_vld       |  out|    1|      ap_vld|                 C_BUF_3_0_4_5|       pointer|
|C_BUF_3_0_4_6              |  out|   32|      ap_vld|                 C_BUF_3_0_4_6|       pointer|
|C_BUF_3_0_4_6_ap_vld       |  out|    1|      ap_vld|                 C_BUF_3_0_4_6|       pointer|
|C_BUF_3_0_4_7              |  out|   32|      ap_vld|                 C_BUF_3_0_4_7|       pointer|
|C_BUF_3_0_4_7_ap_vld       |  out|    1|      ap_vld|                 C_BUF_3_0_4_7|       pointer|
|C_BUF_3_0_5_0              |  out|   32|      ap_vld|                 C_BUF_3_0_5_0|       pointer|
|C_BUF_3_0_5_0_ap_vld       |  out|    1|      ap_vld|                 C_BUF_3_0_5_0|       pointer|
|C_BUF_3_0_5_1              |  out|   32|      ap_vld|                 C_BUF_3_0_5_1|       pointer|
|C_BUF_3_0_5_1_ap_vld       |  out|    1|      ap_vld|                 C_BUF_3_0_5_1|       pointer|
|C_BUF_3_0_5_2              |  out|   32|      ap_vld|                 C_BUF_3_0_5_2|       pointer|
|C_BUF_3_0_5_2_ap_vld       |  out|    1|      ap_vld|                 C_BUF_3_0_5_2|       pointer|
|C_BUF_3_0_5_3              |  out|   32|      ap_vld|                 C_BUF_3_0_5_3|       pointer|
|C_BUF_3_0_5_3_ap_vld       |  out|    1|      ap_vld|                 C_BUF_3_0_5_3|       pointer|
|C_BUF_3_0_5_4              |  out|   32|      ap_vld|                 C_BUF_3_0_5_4|       pointer|
|C_BUF_3_0_5_4_ap_vld       |  out|    1|      ap_vld|                 C_BUF_3_0_5_4|       pointer|
|C_BUF_3_0_5_5              |  out|   32|      ap_vld|                 C_BUF_3_0_5_5|       pointer|
|C_BUF_3_0_5_5_ap_vld       |  out|    1|      ap_vld|                 C_BUF_3_0_5_5|       pointer|
|C_BUF_3_0_5_6              |  out|   32|      ap_vld|                 C_BUF_3_0_5_6|       pointer|
|C_BUF_3_0_5_6_ap_vld       |  out|    1|      ap_vld|                 C_BUF_3_0_5_6|       pointer|
|C_BUF_3_0_5_7              |  out|   32|      ap_vld|                 C_BUF_3_0_5_7|       pointer|
|C_BUF_3_0_5_7_ap_vld       |  out|    1|      ap_vld|                 C_BUF_3_0_5_7|       pointer|
|C_BUF_3_0_6_0              |  out|   32|      ap_vld|                 C_BUF_3_0_6_0|       pointer|
|C_BUF_3_0_6_0_ap_vld       |  out|    1|      ap_vld|                 C_BUF_3_0_6_0|       pointer|
|C_BUF_3_0_6_1              |  out|   32|      ap_vld|                 C_BUF_3_0_6_1|       pointer|
|C_BUF_3_0_6_1_ap_vld       |  out|    1|      ap_vld|                 C_BUF_3_0_6_1|       pointer|
|C_BUF_3_0_6_2              |  out|   32|      ap_vld|                 C_BUF_3_0_6_2|       pointer|
|C_BUF_3_0_6_2_ap_vld       |  out|    1|      ap_vld|                 C_BUF_3_0_6_2|       pointer|
|C_BUF_3_0_6_3              |  out|   32|      ap_vld|                 C_BUF_3_0_6_3|       pointer|
|C_BUF_3_0_6_3_ap_vld       |  out|    1|      ap_vld|                 C_BUF_3_0_6_3|       pointer|
|C_BUF_3_0_6_4              |  out|   32|      ap_vld|                 C_BUF_3_0_6_4|       pointer|
|C_BUF_3_0_6_4_ap_vld       |  out|    1|      ap_vld|                 C_BUF_3_0_6_4|       pointer|
|C_BUF_3_0_6_5              |  out|   32|      ap_vld|                 C_BUF_3_0_6_5|       pointer|
|C_BUF_3_0_6_5_ap_vld       |  out|    1|      ap_vld|                 C_BUF_3_0_6_5|       pointer|
|C_BUF_3_0_6_6              |  out|   32|      ap_vld|                 C_BUF_3_0_6_6|       pointer|
|C_BUF_3_0_6_6_ap_vld       |  out|    1|      ap_vld|                 C_BUF_3_0_6_6|       pointer|
|C_BUF_3_0_6_7              |  out|   32|      ap_vld|                 C_BUF_3_0_6_7|       pointer|
|C_BUF_3_0_6_7_ap_vld       |  out|    1|      ap_vld|                 C_BUF_3_0_6_7|       pointer|
|C_BUF_3_0_7_0              |  out|   32|      ap_vld|                 C_BUF_3_0_7_0|       pointer|
|C_BUF_3_0_7_0_ap_vld       |  out|    1|      ap_vld|                 C_BUF_3_0_7_0|       pointer|
|C_BUF_3_0_7_1              |  out|   32|      ap_vld|                 C_BUF_3_0_7_1|       pointer|
|C_BUF_3_0_7_1_ap_vld       |  out|    1|      ap_vld|                 C_BUF_3_0_7_1|       pointer|
|C_BUF_3_0_7_2              |  out|   32|      ap_vld|                 C_BUF_3_0_7_2|       pointer|
|C_BUF_3_0_7_2_ap_vld       |  out|    1|      ap_vld|                 C_BUF_3_0_7_2|       pointer|
|C_BUF_3_0_7_3              |  out|   32|      ap_vld|                 C_BUF_3_0_7_3|       pointer|
|C_BUF_3_0_7_3_ap_vld       |  out|    1|      ap_vld|                 C_BUF_3_0_7_3|       pointer|
|C_BUF_3_0_7_4              |  out|   32|      ap_vld|                 C_BUF_3_0_7_4|       pointer|
|C_BUF_3_0_7_4_ap_vld       |  out|    1|      ap_vld|                 C_BUF_3_0_7_4|       pointer|
|C_BUF_3_0_7_5              |  out|   32|      ap_vld|                 C_BUF_3_0_7_5|       pointer|
|C_BUF_3_0_7_5_ap_vld       |  out|    1|      ap_vld|                 C_BUF_3_0_7_5|       pointer|
|C_BUF_3_0_7_6              |  out|   32|      ap_vld|                 C_BUF_3_0_7_6|       pointer|
|C_BUF_3_0_7_6_ap_vld       |  out|    1|      ap_vld|                 C_BUF_3_0_7_6|       pointer|
|C_BUF_3_0_7_7              |  out|   32|      ap_vld|                 C_BUF_3_0_7_7|       pointer|
|C_BUF_3_0_7_7_ap_vld       |  out|    1|      ap_vld|                 C_BUF_3_0_7_7|       pointer|
|B_BUF_1_0_0_val65          |   in|   32|     ap_none|             B_BUF_1_0_0_val65|        scalar|
|B_BUF_1_0_0_val65_ap_vld   |   in|    1|     ap_none|             B_BUF_1_0_0_val65|        scalar|
|B_BUF_1_0_1_val66          |   in|   32|     ap_none|             B_BUF_1_0_1_val66|        scalar|
|B_BUF_1_0_1_val66_ap_vld   |   in|    1|     ap_none|             B_BUF_1_0_1_val66|        scalar|
|B_BUF_1_0_2_val67          |   in|   32|     ap_none|             B_BUF_1_0_2_val67|        scalar|
|B_BUF_1_0_2_val67_ap_vld   |   in|    1|     ap_none|             B_BUF_1_0_2_val67|        scalar|
|B_BUF_1_0_3_val68          |   in|   32|     ap_none|             B_BUF_1_0_3_val68|        scalar|
|B_BUF_1_0_3_val68_ap_vld   |   in|    1|     ap_none|             B_BUF_1_0_3_val68|        scalar|
|B_BUF_1_0_4_val69          |   in|   32|     ap_none|             B_BUF_1_0_4_val69|        scalar|
|B_BUF_1_0_4_val69_ap_vld   |   in|    1|     ap_none|             B_BUF_1_0_4_val69|        scalar|
|B_BUF_1_0_5_val70          |   in|   32|     ap_none|             B_BUF_1_0_5_val70|        scalar|
|B_BUF_1_0_5_val70_ap_vld   |   in|    1|     ap_none|             B_BUF_1_0_5_val70|        scalar|
|B_BUF_1_0_6_val71          |   in|   32|     ap_none|             B_BUF_1_0_6_val71|        scalar|
|B_BUF_1_0_6_val71_ap_vld   |   in|    1|     ap_none|             B_BUF_1_0_6_val71|        scalar|
|B_BUF_1_0_7_val72          |   in|   32|     ap_none|             B_BUF_1_0_7_val72|        scalar|
|B_BUF_1_0_7_val72_ap_vld   |   in|    1|     ap_none|             B_BUF_1_0_7_val72|        scalar|
|B_BUF_1_1_0_val73          |   in|   32|     ap_none|             B_BUF_1_1_0_val73|        scalar|
|B_BUF_1_1_0_val73_ap_vld   |   in|    1|     ap_none|             B_BUF_1_1_0_val73|        scalar|
|B_BUF_1_1_1_val74          |   in|   32|     ap_none|             B_BUF_1_1_1_val74|        scalar|
|B_BUF_1_1_1_val74_ap_vld   |   in|    1|     ap_none|             B_BUF_1_1_1_val74|        scalar|
|B_BUF_1_1_2_val75          |   in|   32|     ap_none|             B_BUF_1_1_2_val75|        scalar|
|B_BUF_1_1_2_val75_ap_vld   |   in|    1|     ap_none|             B_BUF_1_1_2_val75|        scalar|
|B_BUF_1_1_3_val76          |   in|   32|     ap_none|             B_BUF_1_1_3_val76|        scalar|
|B_BUF_1_1_3_val76_ap_vld   |   in|    1|     ap_none|             B_BUF_1_1_3_val76|        scalar|
|B_BUF_1_1_4_val77          |   in|   32|     ap_none|             B_BUF_1_1_4_val77|        scalar|
|B_BUF_1_1_4_val77_ap_vld   |   in|    1|     ap_none|             B_BUF_1_1_4_val77|        scalar|
|B_BUF_1_1_5_val78          |   in|   32|     ap_none|             B_BUF_1_1_5_val78|        scalar|
|B_BUF_1_1_5_val78_ap_vld   |   in|    1|     ap_none|             B_BUF_1_1_5_val78|        scalar|
|B_BUF_1_1_6_val79          |   in|   32|     ap_none|             B_BUF_1_1_6_val79|        scalar|
|B_BUF_1_1_6_val79_ap_vld   |   in|    1|     ap_none|             B_BUF_1_1_6_val79|        scalar|
|B_BUF_1_1_7_val80          |   in|   32|     ap_none|             B_BUF_1_1_7_val80|        scalar|
|B_BUF_1_1_7_val80_ap_vld   |   in|    1|     ap_none|             B_BUF_1_1_7_val80|        scalar|
|B_BUF_1_2_0_val81          |   in|   32|     ap_none|             B_BUF_1_2_0_val81|        scalar|
|B_BUF_1_2_0_val81_ap_vld   |   in|    1|     ap_none|             B_BUF_1_2_0_val81|        scalar|
|B_BUF_1_2_1_val82          |   in|   32|     ap_none|             B_BUF_1_2_1_val82|        scalar|
|B_BUF_1_2_1_val82_ap_vld   |   in|    1|     ap_none|             B_BUF_1_2_1_val82|        scalar|
|B_BUF_1_2_2_val83          |   in|   32|     ap_none|             B_BUF_1_2_2_val83|        scalar|
|B_BUF_1_2_2_val83_ap_vld   |   in|    1|     ap_none|             B_BUF_1_2_2_val83|        scalar|
|B_BUF_1_2_3_val84          |   in|   32|     ap_none|             B_BUF_1_2_3_val84|        scalar|
|B_BUF_1_2_3_val84_ap_vld   |   in|    1|     ap_none|             B_BUF_1_2_3_val84|        scalar|
|B_BUF_1_2_4_val85          |   in|   32|     ap_none|             B_BUF_1_2_4_val85|        scalar|
|B_BUF_1_2_4_val85_ap_vld   |   in|    1|     ap_none|             B_BUF_1_2_4_val85|        scalar|
|B_BUF_1_2_5_val86          |   in|   32|     ap_none|             B_BUF_1_2_5_val86|        scalar|
|B_BUF_1_2_5_val86_ap_vld   |   in|    1|     ap_none|             B_BUF_1_2_5_val86|        scalar|
|B_BUF_1_2_6_val87          |   in|   32|     ap_none|             B_BUF_1_2_6_val87|        scalar|
|B_BUF_1_2_6_val87_ap_vld   |   in|    1|     ap_none|             B_BUF_1_2_6_val87|        scalar|
|B_BUF_1_2_7_val88          |   in|   32|     ap_none|             B_BUF_1_2_7_val88|        scalar|
|B_BUF_1_2_7_val88_ap_vld   |   in|    1|     ap_none|             B_BUF_1_2_7_val88|        scalar|
|B_BUF_1_3_0_val89          |   in|   32|     ap_none|             B_BUF_1_3_0_val89|        scalar|
|B_BUF_1_3_0_val89_ap_vld   |   in|    1|     ap_none|             B_BUF_1_3_0_val89|        scalar|
|B_BUF_1_3_1_val90          |   in|   32|     ap_none|             B_BUF_1_3_1_val90|        scalar|
|B_BUF_1_3_1_val90_ap_vld   |   in|    1|     ap_none|             B_BUF_1_3_1_val90|        scalar|
|B_BUF_1_3_2_val91          |   in|   32|     ap_none|             B_BUF_1_3_2_val91|        scalar|
|B_BUF_1_3_2_val91_ap_vld   |   in|    1|     ap_none|             B_BUF_1_3_2_val91|        scalar|
|B_BUF_1_3_3_val92          |   in|   32|     ap_none|             B_BUF_1_3_3_val92|        scalar|
|B_BUF_1_3_3_val92_ap_vld   |   in|    1|     ap_none|             B_BUF_1_3_3_val92|        scalar|
|B_BUF_1_3_4_val93          |   in|   32|     ap_none|             B_BUF_1_3_4_val93|        scalar|
|B_BUF_1_3_4_val93_ap_vld   |   in|    1|     ap_none|             B_BUF_1_3_4_val93|        scalar|
|B_BUF_1_3_5_val94          |   in|   32|     ap_none|             B_BUF_1_3_5_val94|        scalar|
|B_BUF_1_3_5_val94_ap_vld   |   in|    1|     ap_none|             B_BUF_1_3_5_val94|        scalar|
|B_BUF_1_3_6_val95          |   in|   32|     ap_none|             B_BUF_1_3_6_val95|        scalar|
|B_BUF_1_3_6_val95_ap_vld   |   in|    1|     ap_none|             B_BUF_1_3_6_val95|        scalar|
|B_BUF_1_3_7_val96          |   in|   32|     ap_none|             B_BUF_1_3_7_val96|        scalar|
|B_BUF_1_3_7_val96_ap_vld   |   in|    1|     ap_none|             B_BUF_1_3_7_val96|        scalar|
|B_BUF_1_4_0_val97          |   in|   32|     ap_none|             B_BUF_1_4_0_val97|        scalar|
|B_BUF_1_4_0_val97_ap_vld   |   in|    1|     ap_none|             B_BUF_1_4_0_val97|        scalar|
|B_BUF_1_4_1_val98          |   in|   32|     ap_none|             B_BUF_1_4_1_val98|        scalar|
|B_BUF_1_4_1_val98_ap_vld   |   in|    1|     ap_none|             B_BUF_1_4_1_val98|        scalar|
|B_BUF_1_4_2_val99          |   in|   32|     ap_none|             B_BUF_1_4_2_val99|        scalar|
|B_BUF_1_4_2_val99_ap_vld   |   in|    1|     ap_none|             B_BUF_1_4_2_val99|        scalar|
|B_BUF_1_4_3_val100         |   in|   32|     ap_none|            B_BUF_1_4_3_val100|        scalar|
|B_BUF_1_4_3_val100_ap_vld  |   in|    1|     ap_none|            B_BUF_1_4_3_val100|        scalar|
|B_BUF_1_4_4_val101         |   in|   32|     ap_none|            B_BUF_1_4_4_val101|        scalar|
|B_BUF_1_4_4_val101_ap_vld  |   in|    1|     ap_none|            B_BUF_1_4_4_val101|        scalar|
|B_BUF_1_4_5_val102         |   in|   32|     ap_none|            B_BUF_1_4_5_val102|        scalar|
|B_BUF_1_4_5_val102_ap_vld  |   in|    1|     ap_none|            B_BUF_1_4_5_val102|        scalar|
|B_BUF_1_4_6_val103         |   in|   32|     ap_none|            B_BUF_1_4_6_val103|        scalar|
|B_BUF_1_4_6_val103_ap_vld  |   in|    1|     ap_none|            B_BUF_1_4_6_val103|        scalar|
|B_BUF_1_4_7_val104         |   in|   32|     ap_none|            B_BUF_1_4_7_val104|        scalar|
|B_BUF_1_4_7_val104_ap_vld  |   in|    1|     ap_none|            B_BUF_1_4_7_val104|        scalar|
|B_BUF_1_5_0_val105         |   in|   32|     ap_none|            B_BUF_1_5_0_val105|        scalar|
|B_BUF_1_5_0_val105_ap_vld  |   in|    1|     ap_none|            B_BUF_1_5_0_val105|        scalar|
|B_BUF_1_5_1_val106         |   in|   32|     ap_none|            B_BUF_1_5_1_val106|        scalar|
|B_BUF_1_5_1_val106_ap_vld  |   in|    1|     ap_none|            B_BUF_1_5_1_val106|        scalar|
|B_BUF_1_5_2_val107         |   in|   32|     ap_none|            B_BUF_1_5_2_val107|        scalar|
|B_BUF_1_5_2_val107_ap_vld  |   in|    1|     ap_none|            B_BUF_1_5_2_val107|        scalar|
|B_BUF_1_5_3_val108         |   in|   32|     ap_none|            B_BUF_1_5_3_val108|        scalar|
|B_BUF_1_5_3_val108_ap_vld  |   in|    1|     ap_none|            B_BUF_1_5_3_val108|        scalar|
|B_BUF_1_5_4_val109         |   in|   32|     ap_none|            B_BUF_1_5_4_val109|        scalar|
|B_BUF_1_5_4_val109_ap_vld  |   in|    1|     ap_none|            B_BUF_1_5_4_val109|        scalar|
|B_BUF_1_5_5_val110         |   in|   32|     ap_none|            B_BUF_1_5_5_val110|        scalar|
|B_BUF_1_5_5_val110_ap_vld  |   in|    1|     ap_none|            B_BUF_1_5_5_val110|        scalar|
|B_BUF_1_5_6_val111         |   in|   32|     ap_none|            B_BUF_1_5_6_val111|        scalar|
|B_BUF_1_5_6_val111_ap_vld  |   in|    1|     ap_none|            B_BUF_1_5_6_val111|        scalar|
|B_BUF_1_5_7_val112         |   in|   32|     ap_none|            B_BUF_1_5_7_val112|        scalar|
|B_BUF_1_5_7_val112_ap_vld  |   in|    1|     ap_none|            B_BUF_1_5_7_val112|        scalar|
|B_BUF_1_6_0_val113         |   in|   32|     ap_none|            B_BUF_1_6_0_val113|        scalar|
|B_BUF_1_6_0_val113_ap_vld  |   in|    1|     ap_none|            B_BUF_1_6_0_val113|        scalar|
|B_BUF_1_6_1_val114         |   in|   32|     ap_none|            B_BUF_1_6_1_val114|        scalar|
|B_BUF_1_6_1_val114_ap_vld  |   in|    1|     ap_none|            B_BUF_1_6_1_val114|        scalar|
|B_BUF_1_6_2_val115         |   in|   32|     ap_none|            B_BUF_1_6_2_val115|        scalar|
|B_BUF_1_6_2_val115_ap_vld  |   in|    1|     ap_none|            B_BUF_1_6_2_val115|        scalar|
|B_BUF_1_6_3_val116         |   in|   32|     ap_none|            B_BUF_1_6_3_val116|        scalar|
|B_BUF_1_6_3_val116_ap_vld  |   in|    1|     ap_none|            B_BUF_1_6_3_val116|        scalar|
|B_BUF_1_6_4_val117         |   in|   32|     ap_none|            B_BUF_1_6_4_val117|        scalar|
|B_BUF_1_6_4_val117_ap_vld  |   in|    1|     ap_none|            B_BUF_1_6_4_val117|        scalar|
|B_BUF_1_6_5_val118         |   in|   32|     ap_none|            B_BUF_1_6_5_val118|        scalar|
|B_BUF_1_6_5_val118_ap_vld  |   in|    1|     ap_none|            B_BUF_1_6_5_val118|        scalar|
|B_BUF_1_6_6_val119         |   in|   32|     ap_none|            B_BUF_1_6_6_val119|        scalar|
|B_BUF_1_6_6_val119_ap_vld  |   in|    1|     ap_none|            B_BUF_1_6_6_val119|        scalar|
|B_BUF_1_6_7_val120         |   in|   32|     ap_none|            B_BUF_1_6_7_val120|        scalar|
|B_BUF_1_6_7_val120_ap_vld  |   in|    1|     ap_none|            B_BUF_1_6_7_val120|        scalar|
|B_BUF_1_7_0_val121         |   in|   32|     ap_none|            B_BUF_1_7_0_val121|        scalar|
|B_BUF_1_7_0_val121_ap_vld  |   in|    1|     ap_none|            B_BUF_1_7_0_val121|        scalar|
|B_BUF_1_7_1_val122         |   in|   32|     ap_none|            B_BUF_1_7_1_val122|        scalar|
|B_BUF_1_7_1_val122_ap_vld  |   in|    1|     ap_none|            B_BUF_1_7_1_val122|        scalar|
|B_BUF_1_7_2_val123         |   in|   32|     ap_none|            B_BUF_1_7_2_val123|        scalar|
|B_BUF_1_7_2_val123_ap_vld  |   in|    1|     ap_none|            B_BUF_1_7_2_val123|        scalar|
|B_BUF_1_7_3_val124         |   in|   32|     ap_none|            B_BUF_1_7_3_val124|        scalar|
|B_BUF_1_7_3_val124_ap_vld  |   in|    1|     ap_none|            B_BUF_1_7_3_val124|        scalar|
|B_BUF_1_7_4_val125         |   in|   32|     ap_none|            B_BUF_1_7_4_val125|        scalar|
|B_BUF_1_7_4_val125_ap_vld  |   in|    1|     ap_none|            B_BUF_1_7_4_val125|        scalar|
|B_BUF_1_7_5_val126         |   in|   32|     ap_none|            B_BUF_1_7_5_val126|        scalar|
|B_BUF_1_7_5_val126_ap_vld  |   in|    1|     ap_none|            B_BUF_1_7_5_val126|        scalar|
|B_BUF_1_7_6_val127         |   in|   32|     ap_none|            B_BUF_1_7_6_val127|        scalar|
|B_BUF_1_7_6_val127_ap_vld  |   in|    1|     ap_none|            B_BUF_1_7_6_val127|        scalar|
|B_BUF_1_7_7_val128         |   in|   32|     ap_none|            B_BUF_1_7_7_val128|        scalar|
|B_BUF_1_7_7_val128_ap_vld  |   in|    1|     ap_none|            B_BUF_1_7_7_val128|        scalar|
|C_BUF_0_1_0_0              |  out|   32|      ap_vld|                 C_BUF_0_1_0_0|       pointer|
|C_BUF_0_1_0_0_ap_vld       |  out|    1|      ap_vld|                 C_BUF_0_1_0_0|       pointer|
|C_BUF_0_1_0_1              |  out|   32|      ap_vld|                 C_BUF_0_1_0_1|       pointer|
|C_BUF_0_1_0_1_ap_vld       |  out|    1|      ap_vld|                 C_BUF_0_1_0_1|       pointer|
|C_BUF_0_1_0_2              |  out|   32|      ap_vld|                 C_BUF_0_1_0_2|       pointer|
|C_BUF_0_1_0_2_ap_vld       |  out|    1|      ap_vld|                 C_BUF_0_1_0_2|       pointer|
|C_BUF_0_1_0_3              |  out|   32|      ap_vld|                 C_BUF_0_1_0_3|       pointer|
|C_BUF_0_1_0_3_ap_vld       |  out|    1|      ap_vld|                 C_BUF_0_1_0_3|       pointer|
|C_BUF_0_1_0_4              |  out|   32|      ap_vld|                 C_BUF_0_1_0_4|       pointer|
|C_BUF_0_1_0_4_ap_vld       |  out|    1|      ap_vld|                 C_BUF_0_1_0_4|       pointer|
|C_BUF_0_1_0_5              |  out|   32|      ap_vld|                 C_BUF_0_1_0_5|       pointer|
|C_BUF_0_1_0_5_ap_vld       |  out|    1|      ap_vld|                 C_BUF_0_1_0_5|       pointer|
|C_BUF_0_1_0_6              |  out|   32|      ap_vld|                 C_BUF_0_1_0_6|       pointer|
|C_BUF_0_1_0_6_ap_vld       |  out|    1|      ap_vld|                 C_BUF_0_1_0_6|       pointer|
|C_BUF_0_1_0_7              |  out|   32|      ap_vld|                 C_BUF_0_1_0_7|       pointer|
|C_BUF_0_1_0_7_ap_vld       |  out|    1|      ap_vld|                 C_BUF_0_1_0_7|       pointer|
|C_BUF_0_1_1_0              |  out|   32|      ap_vld|                 C_BUF_0_1_1_0|       pointer|
|C_BUF_0_1_1_0_ap_vld       |  out|    1|      ap_vld|                 C_BUF_0_1_1_0|       pointer|
|C_BUF_0_1_1_1              |  out|   32|      ap_vld|                 C_BUF_0_1_1_1|       pointer|
|C_BUF_0_1_1_1_ap_vld       |  out|    1|      ap_vld|                 C_BUF_0_1_1_1|       pointer|
|C_BUF_0_1_1_2              |  out|   32|      ap_vld|                 C_BUF_0_1_1_2|       pointer|
|C_BUF_0_1_1_2_ap_vld       |  out|    1|      ap_vld|                 C_BUF_0_1_1_2|       pointer|
|C_BUF_0_1_1_3              |  out|   32|      ap_vld|                 C_BUF_0_1_1_3|       pointer|
|C_BUF_0_1_1_3_ap_vld       |  out|    1|      ap_vld|                 C_BUF_0_1_1_3|       pointer|
|C_BUF_0_1_1_4              |  out|   32|      ap_vld|                 C_BUF_0_1_1_4|       pointer|
|C_BUF_0_1_1_4_ap_vld       |  out|    1|      ap_vld|                 C_BUF_0_1_1_4|       pointer|
|C_BUF_0_1_1_5              |  out|   32|      ap_vld|                 C_BUF_0_1_1_5|       pointer|
|C_BUF_0_1_1_5_ap_vld       |  out|    1|      ap_vld|                 C_BUF_0_1_1_5|       pointer|
|C_BUF_0_1_1_6              |  out|   32|      ap_vld|                 C_BUF_0_1_1_6|       pointer|
|C_BUF_0_1_1_6_ap_vld       |  out|    1|      ap_vld|                 C_BUF_0_1_1_6|       pointer|
|C_BUF_0_1_1_7              |  out|   32|      ap_vld|                 C_BUF_0_1_1_7|       pointer|
|C_BUF_0_1_1_7_ap_vld       |  out|    1|      ap_vld|                 C_BUF_0_1_1_7|       pointer|
|C_BUF_0_1_2_0              |  out|   32|      ap_vld|                 C_BUF_0_1_2_0|       pointer|
|C_BUF_0_1_2_0_ap_vld       |  out|    1|      ap_vld|                 C_BUF_0_1_2_0|       pointer|
|C_BUF_0_1_2_1              |  out|   32|      ap_vld|                 C_BUF_0_1_2_1|       pointer|
|C_BUF_0_1_2_1_ap_vld       |  out|    1|      ap_vld|                 C_BUF_0_1_2_1|       pointer|
|C_BUF_0_1_2_2              |  out|   32|      ap_vld|                 C_BUF_0_1_2_2|       pointer|
|C_BUF_0_1_2_2_ap_vld       |  out|    1|      ap_vld|                 C_BUF_0_1_2_2|       pointer|
|C_BUF_0_1_2_3              |  out|   32|      ap_vld|                 C_BUF_0_1_2_3|       pointer|
|C_BUF_0_1_2_3_ap_vld       |  out|    1|      ap_vld|                 C_BUF_0_1_2_3|       pointer|
|C_BUF_0_1_2_4              |  out|   32|      ap_vld|                 C_BUF_0_1_2_4|       pointer|
|C_BUF_0_1_2_4_ap_vld       |  out|    1|      ap_vld|                 C_BUF_0_1_2_4|       pointer|
|C_BUF_0_1_2_5              |  out|   32|      ap_vld|                 C_BUF_0_1_2_5|       pointer|
|C_BUF_0_1_2_5_ap_vld       |  out|    1|      ap_vld|                 C_BUF_0_1_2_5|       pointer|
|C_BUF_0_1_2_6              |  out|   32|      ap_vld|                 C_BUF_0_1_2_6|       pointer|
|C_BUF_0_1_2_6_ap_vld       |  out|    1|      ap_vld|                 C_BUF_0_1_2_6|       pointer|
|C_BUF_0_1_2_7              |  out|   32|      ap_vld|                 C_BUF_0_1_2_7|       pointer|
|C_BUF_0_1_2_7_ap_vld       |  out|    1|      ap_vld|                 C_BUF_0_1_2_7|       pointer|
|C_BUF_0_1_3_0              |  out|   32|      ap_vld|                 C_BUF_0_1_3_0|       pointer|
|C_BUF_0_1_3_0_ap_vld       |  out|    1|      ap_vld|                 C_BUF_0_1_3_0|       pointer|
|C_BUF_0_1_3_1              |  out|   32|      ap_vld|                 C_BUF_0_1_3_1|       pointer|
|C_BUF_0_1_3_1_ap_vld       |  out|    1|      ap_vld|                 C_BUF_0_1_3_1|       pointer|
|C_BUF_0_1_3_2              |  out|   32|      ap_vld|                 C_BUF_0_1_3_2|       pointer|
|C_BUF_0_1_3_2_ap_vld       |  out|    1|      ap_vld|                 C_BUF_0_1_3_2|       pointer|
|C_BUF_0_1_3_3              |  out|   32|      ap_vld|                 C_BUF_0_1_3_3|       pointer|
|C_BUF_0_1_3_3_ap_vld       |  out|    1|      ap_vld|                 C_BUF_0_1_3_3|       pointer|
|C_BUF_0_1_3_4              |  out|   32|      ap_vld|                 C_BUF_0_1_3_4|       pointer|
|C_BUF_0_1_3_4_ap_vld       |  out|    1|      ap_vld|                 C_BUF_0_1_3_4|       pointer|
|C_BUF_0_1_3_5              |  out|   32|      ap_vld|                 C_BUF_0_1_3_5|       pointer|
|C_BUF_0_1_3_5_ap_vld       |  out|    1|      ap_vld|                 C_BUF_0_1_3_5|       pointer|
|C_BUF_0_1_3_6              |  out|   32|      ap_vld|                 C_BUF_0_1_3_6|       pointer|
|C_BUF_0_1_3_6_ap_vld       |  out|    1|      ap_vld|                 C_BUF_0_1_3_6|       pointer|
|C_BUF_0_1_3_7              |  out|   32|      ap_vld|                 C_BUF_0_1_3_7|       pointer|
|C_BUF_0_1_3_7_ap_vld       |  out|    1|      ap_vld|                 C_BUF_0_1_3_7|       pointer|
|C_BUF_0_1_4_0              |  out|   32|      ap_vld|                 C_BUF_0_1_4_0|       pointer|
|C_BUF_0_1_4_0_ap_vld       |  out|    1|      ap_vld|                 C_BUF_0_1_4_0|       pointer|
|C_BUF_0_1_4_1              |  out|   32|      ap_vld|                 C_BUF_0_1_4_1|       pointer|
|C_BUF_0_1_4_1_ap_vld       |  out|    1|      ap_vld|                 C_BUF_0_1_4_1|       pointer|
|C_BUF_0_1_4_2              |  out|   32|      ap_vld|                 C_BUF_0_1_4_2|       pointer|
|C_BUF_0_1_4_2_ap_vld       |  out|    1|      ap_vld|                 C_BUF_0_1_4_2|       pointer|
|C_BUF_0_1_4_3              |  out|   32|      ap_vld|                 C_BUF_0_1_4_3|       pointer|
|C_BUF_0_1_4_3_ap_vld       |  out|    1|      ap_vld|                 C_BUF_0_1_4_3|       pointer|
|C_BUF_0_1_4_4              |  out|   32|      ap_vld|                 C_BUF_0_1_4_4|       pointer|
|C_BUF_0_1_4_4_ap_vld       |  out|    1|      ap_vld|                 C_BUF_0_1_4_4|       pointer|
|C_BUF_0_1_4_5              |  out|   32|      ap_vld|                 C_BUF_0_1_4_5|       pointer|
|C_BUF_0_1_4_5_ap_vld       |  out|    1|      ap_vld|                 C_BUF_0_1_4_5|       pointer|
|C_BUF_0_1_4_6              |  out|   32|      ap_vld|                 C_BUF_0_1_4_6|       pointer|
|C_BUF_0_1_4_6_ap_vld       |  out|    1|      ap_vld|                 C_BUF_0_1_4_6|       pointer|
|C_BUF_0_1_4_7              |  out|   32|      ap_vld|                 C_BUF_0_1_4_7|       pointer|
|C_BUF_0_1_4_7_ap_vld       |  out|    1|      ap_vld|                 C_BUF_0_1_4_7|       pointer|
|C_BUF_0_1_5_0              |  out|   32|      ap_vld|                 C_BUF_0_1_5_0|       pointer|
|C_BUF_0_1_5_0_ap_vld       |  out|    1|      ap_vld|                 C_BUF_0_1_5_0|       pointer|
|C_BUF_0_1_5_1              |  out|   32|      ap_vld|                 C_BUF_0_1_5_1|       pointer|
|C_BUF_0_1_5_1_ap_vld       |  out|    1|      ap_vld|                 C_BUF_0_1_5_1|       pointer|
|C_BUF_0_1_5_2              |  out|   32|      ap_vld|                 C_BUF_0_1_5_2|       pointer|
|C_BUF_0_1_5_2_ap_vld       |  out|    1|      ap_vld|                 C_BUF_0_1_5_2|       pointer|
|C_BUF_0_1_5_3              |  out|   32|      ap_vld|                 C_BUF_0_1_5_3|       pointer|
|C_BUF_0_1_5_3_ap_vld       |  out|    1|      ap_vld|                 C_BUF_0_1_5_3|       pointer|
|C_BUF_0_1_5_4              |  out|   32|      ap_vld|                 C_BUF_0_1_5_4|       pointer|
|C_BUF_0_1_5_4_ap_vld       |  out|    1|      ap_vld|                 C_BUF_0_1_5_4|       pointer|
|C_BUF_0_1_5_5              |  out|   32|      ap_vld|                 C_BUF_0_1_5_5|       pointer|
|C_BUF_0_1_5_5_ap_vld       |  out|    1|      ap_vld|                 C_BUF_0_1_5_5|       pointer|
|C_BUF_0_1_5_6              |  out|   32|      ap_vld|                 C_BUF_0_1_5_6|       pointer|
|C_BUF_0_1_5_6_ap_vld       |  out|    1|      ap_vld|                 C_BUF_0_1_5_6|       pointer|
|C_BUF_0_1_5_7              |  out|   32|      ap_vld|                 C_BUF_0_1_5_7|       pointer|
|C_BUF_0_1_5_7_ap_vld       |  out|    1|      ap_vld|                 C_BUF_0_1_5_7|       pointer|
|C_BUF_0_1_6_0              |  out|   32|      ap_vld|                 C_BUF_0_1_6_0|       pointer|
|C_BUF_0_1_6_0_ap_vld       |  out|    1|      ap_vld|                 C_BUF_0_1_6_0|       pointer|
|C_BUF_0_1_6_1              |  out|   32|      ap_vld|                 C_BUF_0_1_6_1|       pointer|
|C_BUF_0_1_6_1_ap_vld       |  out|    1|      ap_vld|                 C_BUF_0_1_6_1|       pointer|
|C_BUF_0_1_6_2              |  out|   32|      ap_vld|                 C_BUF_0_1_6_2|       pointer|
|C_BUF_0_1_6_2_ap_vld       |  out|    1|      ap_vld|                 C_BUF_0_1_6_2|       pointer|
|C_BUF_0_1_6_3              |  out|   32|      ap_vld|                 C_BUF_0_1_6_3|       pointer|
|C_BUF_0_1_6_3_ap_vld       |  out|    1|      ap_vld|                 C_BUF_0_1_6_3|       pointer|
|C_BUF_0_1_6_4              |  out|   32|      ap_vld|                 C_BUF_0_1_6_4|       pointer|
|C_BUF_0_1_6_4_ap_vld       |  out|    1|      ap_vld|                 C_BUF_0_1_6_4|       pointer|
|C_BUF_0_1_6_5              |  out|   32|      ap_vld|                 C_BUF_0_1_6_5|       pointer|
|C_BUF_0_1_6_5_ap_vld       |  out|    1|      ap_vld|                 C_BUF_0_1_6_5|       pointer|
|C_BUF_0_1_6_6              |  out|   32|      ap_vld|                 C_BUF_0_1_6_6|       pointer|
|C_BUF_0_1_6_6_ap_vld       |  out|    1|      ap_vld|                 C_BUF_0_1_6_6|       pointer|
|C_BUF_0_1_6_7              |  out|   32|      ap_vld|                 C_BUF_0_1_6_7|       pointer|
|C_BUF_0_1_6_7_ap_vld       |  out|    1|      ap_vld|                 C_BUF_0_1_6_7|       pointer|
|C_BUF_0_1_7_0              |  out|   32|      ap_vld|                 C_BUF_0_1_7_0|       pointer|
|C_BUF_0_1_7_0_ap_vld       |  out|    1|      ap_vld|                 C_BUF_0_1_7_0|       pointer|
|C_BUF_0_1_7_1              |  out|   32|      ap_vld|                 C_BUF_0_1_7_1|       pointer|
|C_BUF_0_1_7_1_ap_vld       |  out|    1|      ap_vld|                 C_BUF_0_1_7_1|       pointer|
|C_BUF_0_1_7_2              |  out|   32|      ap_vld|                 C_BUF_0_1_7_2|       pointer|
|C_BUF_0_1_7_2_ap_vld       |  out|    1|      ap_vld|                 C_BUF_0_1_7_2|       pointer|
|C_BUF_0_1_7_3              |  out|   32|      ap_vld|                 C_BUF_0_1_7_3|       pointer|
|C_BUF_0_1_7_3_ap_vld       |  out|    1|      ap_vld|                 C_BUF_0_1_7_3|       pointer|
|C_BUF_0_1_7_4              |  out|   32|      ap_vld|                 C_BUF_0_1_7_4|       pointer|
|C_BUF_0_1_7_4_ap_vld       |  out|    1|      ap_vld|                 C_BUF_0_1_7_4|       pointer|
|C_BUF_0_1_7_5              |  out|   32|      ap_vld|                 C_BUF_0_1_7_5|       pointer|
|C_BUF_0_1_7_5_ap_vld       |  out|    1|      ap_vld|                 C_BUF_0_1_7_5|       pointer|
|C_BUF_0_1_7_6              |  out|   32|      ap_vld|                 C_BUF_0_1_7_6|       pointer|
|C_BUF_0_1_7_6_ap_vld       |  out|    1|      ap_vld|                 C_BUF_0_1_7_6|       pointer|
|C_BUF_0_1_7_7              |  out|   32|      ap_vld|                 C_BUF_0_1_7_7|       pointer|
|C_BUF_0_1_7_7_ap_vld       |  out|    1|      ap_vld|                 C_BUF_0_1_7_7|       pointer|
|C_BUF_1_1_0_0              |  out|   32|      ap_vld|                 C_BUF_1_1_0_0|       pointer|
|C_BUF_1_1_0_0_ap_vld       |  out|    1|      ap_vld|                 C_BUF_1_1_0_0|       pointer|
|C_BUF_1_1_0_1              |  out|   32|      ap_vld|                 C_BUF_1_1_0_1|       pointer|
|C_BUF_1_1_0_1_ap_vld       |  out|    1|      ap_vld|                 C_BUF_1_1_0_1|       pointer|
|C_BUF_1_1_0_2              |  out|   32|      ap_vld|                 C_BUF_1_1_0_2|       pointer|
|C_BUF_1_1_0_2_ap_vld       |  out|    1|      ap_vld|                 C_BUF_1_1_0_2|       pointer|
|C_BUF_1_1_0_3              |  out|   32|      ap_vld|                 C_BUF_1_1_0_3|       pointer|
|C_BUF_1_1_0_3_ap_vld       |  out|    1|      ap_vld|                 C_BUF_1_1_0_3|       pointer|
|C_BUF_1_1_0_4              |  out|   32|      ap_vld|                 C_BUF_1_1_0_4|       pointer|
|C_BUF_1_1_0_4_ap_vld       |  out|    1|      ap_vld|                 C_BUF_1_1_0_4|       pointer|
|C_BUF_1_1_0_5              |  out|   32|      ap_vld|                 C_BUF_1_1_0_5|       pointer|
|C_BUF_1_1_0_5_ap_vld       |  out|    1|      ap_vld|                 C_BUF_1_1_0_5|       pointer|
|C_BUF_1_1_0_6              |  out|   32|      ap_vld|                 C_BUF_1_1_0_6|       pointer|
|C_BUF_1_1_0_6_ap_vld       |  out|    1|      ap_vld|                 C_BUF_1_1_0_6|       pointer|
|C_BUF_1_1_0_7              |  out|   32|      ap_vld|                 C_BUF_1_1_0_7|       pointer|
|C_BUF_1_1_0_7_ap_vld       |  out|    1|      ap_vld|                 C_BUF_1_1_0_7|       pointer|
|C_BUF_1_1_1_0              |  out|   32|      ap_vld|                 C_BUF_1_1_1_0|       pointer|
|C_BUF_1_1_1_0_ap_vld       |  out|    1|      ap_vld|                 C_BUF_1_1_1_0|       pointer|
|C_BUF_1_1_1_1              |  out|   32|      ap_vld|                 C_BUF_1_1_1_1|       pointer|
|C_BUF_1_1_1_1_ap_vld       |  out|    1|      ap_vld|                 C_BUF_1_1_1_1|       pointer|
|C_BUF_1_1_1_2              |  out|   32|      ap_vld|                 C_BUF_1_1_1_2|       pointer|
|C_BUF_1_1_1_2_ap_vld       |  out|    1|      ap_vld|                 C_BUF_1_1_1_2|       pointer|
|C_BUF_1_1_1_3              |  out|   32|      ap_vld|                 C_BUF_1_1_1_3|       pointer|
|C_BUF_1_1_1_3_ap_vld       |  out|    1|      ap_vld|                 C_BUF_1_1_1_3|       pointer|
|C_BUF_1_1_1_4              |  out|   32|      ap_vld|                 C_BUF_1_1_1_4|       pointer|
|C_BUF_1_1_1_4_ap_vld       |  out|    1|      ap_vld|                 C_BUF_1_1_1_4|       pointer|
|C_BUF_1_1_1_5              |  out|   32|      ap_vld|                 C_BUF_1_1_1_5|       pointer|
|C_BUF_1_1_1_5_ap_vld       |  out|    1|      ap_vld|                 C_BUF_1_1_1_5|       pointer|
|C_BUF_1_1_1_6              |  out|   32|      ap_vld|                 C_BUF_1_1_1_6|       pointer|
|C_BUF_1_1_1_6_ap_vld       |  out|    1|      ap_vld|                 C_BUF_1_1_1_6|       pointer|
|C_BUF_1_1_1_7              |  out|   32|      ap_vld|                 C_BUF_1_1_1_7|       pointer|
|C_BUF_1_1_1_7_ap_vld       |  out|    1|      ap_vld|                 C_BUF_1_1_1_7|       pointer|
|C_BUF_1_1_2_0              |  out|   32|      ap_vld|                 C_BUF_1_1_2_0|       pointer|
|C_BUF_1_1_2_0_ap_vld       |  out|    1|      ap_vld|                 C_BUF_1_1_2_0|       pointer|
|C_BUF_1_1_2_1              |  out|   32|      ap_vld|                 C_BUF_1_1_2_1|       pointer|
|C_BUF_1_1_2_1_ap_vld       |  out|    1|      ap_vld|                 C_BUF_1_1_2_1|       pointer|
|C_BUF_1_1_2_2              |  out|   32|      ap_vld|                 C_BUF_1_1_2_2|       pointer|
|C_BUF_1_1_2_2_ap_vld       |  out|    1|      ap_vld|                 C_BUF_1_1_2_2|       pointer|
|C_BUF_1_1_2_3              |  out|   32|      ap_vld|                 C_BUF_1_1_2_3|       pointer|
|C_BUF_1_1_2_3_ap_vld       |  out|    1|      ap_vld|                 C_BUF_1_1_2_3|       pointer|
|C_BUF_1_1_2_4              |  out|   32|      ap_vld|                 C_BUF_1_1_2_4|       pointer|
|C_BUF_1_1_2_4_ap_vld       |  out|    1|      ap_vld|                 C_BUF_1_1_2_4|       pointer|
|C_BUF_1_1_2_5              |  out|   32|      ap_vld|                 C_BUF_1_1_2_5|       pointer|
|C_BUF_1_1_2_5_ap_vld       |  out|    1|      ap_vld|                 C_BUF_1_1_2_5|       pointer|
|C_BUF_1_1_2_6              |  out|   32|      ap_vld|                 C_BUF_1_1_2_6|       pointer|
|C_BUF_1_1_2_6_ap_vld       |  out|    1|      ap_vld|                 C_BUF_1_1_2_6|       pointer|
|C_BUF_1_1_2_7              |  out|   32|      ap_vld|                 C_BUF_1_1_2_7|       pointer|
|C_BUF_1_1_2_7_ap_vld       |  out|    1|      ap_vld|                 C_BUF_1_1_2_7|       pointer|
|C_BUF_1_1_3_0              |  out|   32|      ap_vld|                 C_BUF_1_1_3_0|       pointer|
|C_BUF_1_1_3_0_ap_vld       |  out|    1|      ap_vld|                 C_BUF_1_1_3_0|       pointer|
|C_BUF_1_1_3_1              |  out|   32|      ap_vld|                 C_BUF_1_1_3_1|       pointer|
|C_BUF_1_1_3_1_ap_vld       |  out|    1|      ap_vld|                 C_BUF_1_1_3_1|       pointer|
|C_BUF_1_1_3_2              |  out|   32|      ap_vld|                 C_BUF_1_1_3_2|       pointer|
|C_BUF_1_1_3_2_ap_vld       |  out|    1|      ap_vld|                 C_BUF_1_1_3_2|       pointer|
|C_BUF_1_1_3_3              |  out|   32|      ap_vld|                 C_BUF_1_1_3_3|       pointer|
|C_BUF_1_1_3_3_ap_vld       |  out|    1|      ap_vld|                 C_BUF_1_1_3_3|       pointer|
|C_BUF_1_1_3_4              |  out|   32|      ap_vld|                 C_BUF_1_1_3_4|       pointer|
|C_BUF_1_1_3_4_ap_vld       |  out|    1|      ap_vld|                 C_BUF_1_1_3_4|       pointer|
|C_BUF_1_1_3_5              |  out|   32|      ap_vld|                 C_BUF_1_1_3_5|       pointer|
|C_BUF_1_1_3_5_ap_vld       |  out|    1|      ap_vld|                 C_BUF_1_1_3_5|       pointer|
|C_BUF_1_1_3_6              |  out|   32|      ap_vld|                 C_BUF_1_1_3_6|       pointer|
|C_BUF_1_1_3_6_ap_vld       |  out|    1|      ap_vld|                 C_BUF_1_1_3_6|       pointer|
|C_BUF_1_1_3_7              |  out|   32|      ap_vld|                 C_BUF_1_1_3_7|       pointer|
|C_BUF_1_1_3_7_ap_vld       |  out|    1|      ap_vld|                 C_BUF_1_1_3_7|       pointer|
|C_BUF_1_1_4_0              |  out|   32|      ap_vld|                 C_BUF_1_1_4_0|       pointer|
|C_BUF_1_1_4_0_ap_vld       |  out|    1|      ap_vld|                 C_BUF_1_1_4_0|       pointer|
|C_BUF_1_1_4_1              |  out|   32|      ap_vld|                 C_BUF_1_1_4_1|       pointer|
|C_BUF_1_1_4_1_ap_vld       |  out|    1|      ap_vld|                 C_BUF_1_1_4_1|       pointer|
|C_BUF_1_1_4_2              |  out|   32|      ap_vld|                 C_BUF_1_1_4_2|       pointer|
|C_BUF_1_1_4_2_ap_vld       |  out|    1|      ap_vld|                 C_BUF_1_1_4_2|       pointer|
|C_BUF_1_1_4_3              |  out|   32|      ap_vld|                 C_BUF_1_1_4_3|       pointer|
|C_BUF_1_1_4_3_ap_vld       |  out|    1|      ap_vld|                 C_BUF_1_1_4_3|       pointer|
|C_BUF_1_1_4_4              |  out|   32|      ap_vld|                 C_BUF_1_1_4_4|       pointer|
|C_BUF_1_1_4_4_ap_vld       |  out|    1|      ap_vld|                 C_BUF_1_1_4_4|       pointer|
|C_BUF_1_1_4_5              |  out|   32|      ap_vld|                 C_BUF_1_1_4_5|       pointer|
|C_BUF_1_1_4_5_ap_vld       |  out|    1|      ap_vld|                 C_BUF_1_1_4_5|       pointer|
|C_BUF_1_1_4_6              |  out|   32|      ap_vld|                 C_BUF_1_1_4_6|       pointer|
|C_BUF_1_1_4_6_ap_vld       |  out|    1|      ap_vld|                 C_BUF_1_1_4_6|       pointer|
|C_BUF_1_1_4_7              |  out|   32|      ap_vld|                 C_BUF_1_1_4_7|       pointer|
|C_BUF_1_1_4_7_ap_vld       |  out|    1|      ap_vld|                 C_BUF_1_1_4_7|       pointer|
|C_BUF_1_1_5_0              |  out|   32|      ap_vld|                 C_BUF_1_1_5_0|       pointer|
|C_BUF_1_1_5_0_ap_vld       |  out|    1|      ap_vld|                 C_BUF_1_1_5_0|       pointer|
|C_BUF_1_1_5_1              |  out|   32|      ap_vld|                 C_BUF_1_1_5_1|       pointer|
|C_BUF_1_1_5_1_ap_vld       |  out|    1|      ap_vld|                 C_BUF_1_1_5_1|       pointer|
|C_BUF_1_1_5_2              |  out|   32|      ap_vld|                 C_BUF_1_1_5_2|       pointer|
|C_BUF_1_1_5_2_ap_vld       |  out|    1|      ap_vld|                 C_BUF_1_1_5_2|       pointer|
|C_BUF_1_1_5_3              |  out|   32|      ap_vld|                 C_BUF_1_1_5_3|       pointer|
|C_BUF_1_1_5_3_ap_vld       |  out|    1|      ap_vld|                 C_BUF_1_1_5_3|       pointer|
|C_BUF_1_1_5_4              |  out|   32|      ap_vld|                 C_BUF_1_1_5_4|       pointer|
|C_BUF_1_1_5_4_ap_vld       |  out|    1|      ap_vld|                 C_BUF_1_1_5_4|       pointer|
|C_BUF_1_1_5_5              |  out|   32|      ap_vld|                 C_BUF_1_1_5_5|       pointer|
|C_BUF_1_1_5_5_ap_vld       |  out|    1|      ap_vld|                 C_BUF_1_1_5_5|       pointer|
|C_BUF_1_1_5_6              |  out|   32|      ap_vld|                 C_BUF_1_1_5_6|       pointer|
|C_BUF_1_1_5_6_ap_vld       |  out|    1|      ap_vld|                 C_BUF_1_1_5_6|       pointer|
|C_BUF_1_1_5_7              |  out|   32|      ap_vld|                 C_BUF_1_1_5_7|       pointer|
|C_BUF_1_1_5_7_ap_vld       |  out|    1|      ap_vld|                 C_BUF_1_1_5_7|       pointer|
|C_BUF_1_1_6_0              |  out|   32|      ap_vld|                 C_BUF_1_1_6_0|       pointer|
|C_BUF_1_1_6_0_ap_vld       |  out|    1|      ap_vld|                 C_BUF_1_1_6_0|       pointer|
|C_BUF_1_1_6_1              |  out|   32|      ap_vld|                 C_BUF_1_1_6_1|       pointer|
|C_BUF_1_1_6_1_ap_vld       |  out|    1|      ap_vld|                 C_BUF_1_1_6_1|       pointer|
|C_BUF_1_1_6_2              |  out|   32|      ap_vld|                 C_BUF_1_1_6_2|       pointer|
|C_BUF_1_1_6_2_ap_vld       |  out|    1|      ap_vld|                 C_BUF_1_1_6_2|       pointer|
|C_BUF_1_1_6_3              |  out|   32|      ap_vld|                 C_BUF_1_1_6_3|       pointer|
|C_BUF_1_1_6_3_ap_vld       |  out|    1|      ap_vld|                 C_BUF_1_1_6_3|       pointer|
|C_BUF_1_1_6_4              |  out|   32|      ap_vld|                 C_BUF_1_1_6_4|       pointer|
|C_BUF_1_1_6_4_ap_vld       |  out|    1|      ap_vld|                 C_BUF_1_1_6_4|       pointer|
|C_BUF_1_1_6_5              |  out|   32|      ap_vld|                 C_BUF_1_1_6_5|       pointer|
|C_BUF_1_1_6_5_ap_vld       |  out|    1|      ap_vld|                 C_BUF_1_1_6_5|       pointer|
|C_BUF_1_1_6_6              |  out|   32|      ap_vld|                 C_BUF_1_1_6_6|       pointer|
|C_BUF_1_1_6_6_ap_vld       |  out|    1|      ap_vld|                 C_BUF_1_1_6_6|       pointer|
|C_BUF_1_1_6_7              |  out|   32|      ap_vld|                 C_BUF_1_1_6_7|       pointer|
|C_BUF_1_1_6_7_ap_vld       |  out|    1|      ap_vld|                 C_BUF_1_1_6_7|       pointer|
|C_BUF_1_1_7_0              |  out|   32|      ap_vld|                 C_BUF_1_1_7_0|       pointer|
|C_BUF_1_1_7_0_ap_vld       |  out|    1|      ap_vld|                 C_BUF_1_1_7_0|       pointer|
|C_BUF_1_1_7_1              |  out|   32|      ap_vld|                 C_BUF_1_1_7_1|       pointer|
|C_BUF_1_1_7_1_ap_vld       |  out|    1|      ap_vld|                 C_BUF_1_1_7_1|       pointer|
|C_BUF_1_1_7_2              |  out|   32|      ap_vld|                 C_BUF_1_1_7_2|       pointer|
|C_BUF_1_1_7_2_ap_vld       |  out|    1|      ap_vld|                 C_BUF_1_1_7_2|       pointer|
|C_BUF_1_1_7_3              |  out|   32|      ap_vld|                 C_BUF_1_1_7_3|       pointer|
|C_BUF_1_1_7_3_ap_vld       |  out|    1|      ap_vld|                 C_BUF_1_1_7_3|       pointer|
|C_BUF_1_1_7_4              |  out|   32|      ap_vld|                 C_BUF_1_1_7_4|       pointer|
|C_BUF_1_1_7_4_ap_vld       |  out|    1|      ap_vld|                 C_BUF_1_1_7_4|       pointer|
|C_BUF_1_1_7_5              |  out|   32|      ap_vld|                 C_BUF_1_1_7_5|       pointer|
|C_BUF_1_1_7_5_ap_vld       |  out|    1|      ap_vld|                 C_BUF_1_1_7_5|       pointer|
|C_BUF_1_1_7_6              |  out|   32|      ap_vld|                 C_BUF_1_1_7_6|       pointer|
|C_BUF_1_1_7_6_ap_vld       |  out|    1|      ap_vld|                 C_BUF_1_1_7_6|       pointer|
|C_BUF_1_1_7_7              |  out|   32|      ap_vld|                 C_BUF_1_1_7_7|       pointer|
|C_BUF_1_1_7_7_ap_vld       |  out|    1|      ap_vld|                 C_BUF_1_1_7_7|       pointer|
|C_BUF_2_1_0_0              |  out|   32|      ap_vld|                 C_BUF_2_1_0_0|       pointer|
|C_BUF_2_1_0_0_ap_vld       |  out|    1|      ap_vld|                 C_BUF_2_1_0_0|       pointer|
|C_BUF_2_1_0_1              |  out|   32|      ap_vld|                 C_BUF_2_1_0_1|       pointer|
|C_BUF_2_1_0_1_ap_vld       |  out|    1|      ap_vld|                 C_BUF_2_1_0_1|       pointer|
|C_BUF_2_1_0_2              |  out|   32|      ap_vld|                 C_BUF_2_1_0_2|       pointer|
|C_BUF_2_1_0_2_ap_vld       |  out|    1|      ap_vld|                 C_BUF_2_1_0_2|       pointer|
|C_BUF_2_1_0_3              |  out|   32|      ap_vld|                 C_BUF_2_1_0_3|       pointer|
|C_BUF_2_1_0_3_ap_vld       |  out|    1|      ap_vld|                 C_BUF_2_1_0_3|       pointer|
|C_BUF_2_1_0_4              |  out|   32|      ap_vld|                 C_BUF_2_1_0_4|       pointer|
|C_BUF_2_1_0_4_ap_vld       |  out|    1|      ap_vld|                 C_BUF_2_1_0_4|       pointer|
|C_BUF_2_1_0_5              |  out|   32|      ap_vld|                 C_BUF_2_1_0_5|       pointer|
|C_BUF_2_1_0_5_ap_vld       |  out|    1|      ap_vld|                 C_BUF_2_1_0_5|       pointer|
|C_BUF_2_1_0_6              |  out|   32|      ap_vld|                 C_BUF_2_1_0_6|       pointer|
|C_BUF_2_1_0_6_ap_vld       |  out|    1|      ap_vld|                 C_BUF_2_1_0_6|       pointer|
|C_BUF_2_1_0_7              |  out|   32|      ap_vld|                 C_BUF_2_1_0_7|       pointer|
|C_BUF_2_1_0_7_ap_vld       |  out|    1|      ap_vld|                 C_BUF_2_1_0_7|       pointer|
|C_BUF_2_1_1_0              |  out|   32|      ap_vld|                 C_BUF_2_1_1_0|       pointer|
|C_BUF_2_1_1_0_ap_vld       |  out|    1|      ap_vld|                 C_BUF_2_1_1_0|       pointer|
|C_BUF_2_1_1_1              |  out|   32|      ap_vld|                 C_BUF_2_1_1_1|       pointer|
|C_BUF_2_1_1_1_ap_vld       |  out|    1|      ap_vld|                 C_BUF_2_1_1_1|       pointer|
|C_BUF_2_1_1_2              |  out|   32|      ap_vld|                 C_BUF_2_1_1_2|       pointer|
|C_BUF_2_1_1_2_ap_vld       |  out|    1|      ap_vld|                 C_BUF_2_1_1_2|       pointer|
|C_BUF_2_1_1_3              |  out|   32|      ap_vld|                 C_BUF_2_1_1_3|       pointer|
|C_BUF_2_1_1_3_ap_vld       |  out|    1|      ap_vld|                 C_BUF_2_1_1_3|       pointer|
|C_BUF_2_1_1_4              |  out|   32|      ap_vld|                 C_BUF_2_1_1_4|       pointer|
|C_BUF_2_1_1_4_ap_vld       |  out|    1|      ap_vld|                 C_BUF_2_1_1_4|       pointer|
|C_BUF_2_1_1_5              |  out|   32|      ap_vld|                 C_BUF_2_1_1_5|       pointer|
|C_BUF_2_1_1_5_ap_vld       |  out|    1|      ap_vld|                 C_BUF_2_1_1_5|       pointer|
|C_BUF_2_1_1_6              |  out|   32|      ap_vld|                 C_BUF_2_1_1_6|       pointer|
|C_BUF_2_1_1_6_ap_vld       |  out|    1|      ap_vld|                 C_BUF_2_1_1_6|       pointer|
|C_BUF_2_1_1_7              |  out|   32|      ap_vld|                 C_BUF_2_1_1_7|       pointer|
|C_BUF_2_1_1_7_ap_vld       |  out|    1|      ap_vld|                 C_BUF_2_1_1_7|       pointer|
|C_BUF_2_1_2_0              |  out|   32|      ap_vld|                 C_BUF_2_1_2_0|       pointer|
|C_BUF_2_1_2_0_ap_vld       |  out|    1|      ap_vld|                 C_BUF_2_1_2_0|       pointer|
|C_BUF_2_1_2_1              |  out|   32|      ap_vld|                 C_BUF_2_1_2_1|       pointer|
|C_BUF_2_1_2_1_ap_vld       |  out|    1|      ap_vld|                 C_BUF_2_1_2_1|       pointer|
|C_BUF_2_1_2_2              |  out|   32|      ap_vld|                 C_BUF_2_1_2_2|       pointer|
|C_BUF_2_1_2_2_ap_vld       |  out|    1|      ap_vld|                 C_BUF_2_1_2_2|       pointer|
|C_BUF_2_1_2_3              |  out|   32|      ap_vld|                 C_BUF_2_1_2_3|       pointer|
|C_BUF_2_1_2_3_ap_vld       |  out|    1|      ap_vld|                 C_BUF_2_1_2_3|       pointer|
|C_BUF_2_1_2_4              |  out|   32|      ap_vld|                 C_BUF_2_1_2_4|       pointer|
|C_BUF_2_1_2_4_ap_vld       |  out|    1|      ap_vld|                 C_BUF_2_1_2_4|       pointer|
|C_BUF_2_1_2_5              |  out|   32|      ap_vld|                 C_BUF_2_1_2_5|       pointer|
|C_BUF_2_1_2_5_ap_vld       |  out|    1|      ap_vld|                 C_BUF_2_1_2_5|       pointer|
|C_BUF_2_1_2_6              |  out|   32|      ap_vld|                 C_BUF_2_1_2_6|       pointer|
|C_BUF_2_1_2_6_ap_vld       |  out|    1|      ap_vld|                 C_BUF_2_1_2_6|       pointer|
|C_BUF_2_1_2_7              |  out|   32|      ap_vld|                 C_BUF_2_1_2_7|       pointer|
|C_BUF_2_1_2_7_ap_vld       |  out|    1|      ap_vld|                 C_BUF_2_1_2_7|       pointer|
|C_BUF_2_1_3_0              |  out|   32|      ap_vld|                 C_BUF_2_1_3_0|       pointer|
|C_BUF_2_1_3_0_ap_vld       |  out|    1|      ap_vld|                 C_BUF_2_1_3_0|       pointer|
|C_BUF_2_1_3_1              |  out|   32|      ap_vld|                 C_BUF_2_1_3_1|       pointer|
|C_BUF_2_1_3_1_ap_vld       |  out|    1|      ap_vld|                 C_BUF_2_1_3_1|       pointer|
|C_BUF_2_1_3_2              |  out|   32|      ap_vld|                 C_BUF_2_1_3_2|       pointer|
|C_BUF_2_1_3_2_ap_vld       |  out|    1|      ap_vld|                 C_BUF_2_1_3_2|       pointer|
|C_BUF_2_1_3_3              |  out|   32|      ap_vld|                 C_BUF_2_1_3_3|       pointer|
|C_BUF_2_1_3_3_ap_vld       |  out|    1|      ap_vld|                 C_BUF_2_1_3_3|       pointer|
|C_BUF_2_1_3_4              |  out|   32|      ap_vld|                 C_BUF_2_1_3_4|       pointer|
|C_BUF_2_1_3_4_ap_vld       |  out|    1|      ap_vld|                 C_BUF_2_1_3_4|       pointer|
|C_BUF_2_1_3_5              |  out|   32|      ap_vld|                 C_BUF_2_1_3_5|       pointer|
|C_BUF_2_1_3_5_ap_vld       |  out|    1|      ap_vld|                 C_BUF_2_1_3_5|       pointer|
|C_BUF_2_1_3_6              |  out|   32|      ap_vld|                 C_BUF_2_1_3_6|       pointer|
|C_BUF_2_1_3_6_ap_vld       |  out|    1|      ap_vld|                 C_BUF_2_1_3_6|       pointer|
|C_BUF_2_1_3_7              |  out|   32|      ap_vld|                 C_BUF_2_1_3_7|       pointer|
|C_BUF_2_1_3_7_ap_vld       |  out|    1|      ap_vld|                 C_BUF_2_1_3_7|       pointer|
|C_BUF_2_1_4_0              |  out|   32|      ap_vld|                 C_BUF_2_1_4_0|       pointer|
|C_BUF_2_1_4_0_ap_vld       |  out|    1|      ap_vld|                 C_BUF_2_1_4_0|       pointer|
|C_BUF_2_1_4_1              |  out|   32|      ap_vld|                 C_BUF_2_1_4_1|       pointer|
|C_BUF_2_1_4_1_ap_vld       |  out|    1|      ap_vld|                 C_BUF_2_1_4_1|       pointer|
|C_BUF_2_1_4_2              |  out|   32|      ap_vld|                 C_BUF_2_1_4_2|       pointer|
|C_BUF_2_1_4_2_ap_vld       |  out|    1|      ap_vld|                 C_BUF_2_1_4_2|       pointer|
|C_BUF_2_1_4_3              |  out|   32|      ap_vld|                 C_BUF_2_1_4_3|       pointer|
|C_BUF_2_1_4_3_ap_vld       |  out|    1|      ap_vld|                 C_BUF_2_1_4_3|       pointer|
|C_BUF_2_1_4_4              |  out|   32|      ap_vld|                 C_BUF_2_1_4_4|       pointer|
|C_BUF_2_1_4_4_ap_vld       |  out|    1|      ap_vld|                 C_BUF_2_1_4_4|       pointer|
|C_BUF_2_1_4_5              |  out|   32|      ap_vld|                 C_BUF_2_1_4_5|       pointer|
|C_BUF_2_1_4_5_ap_vld       |  out|    1|      ap_vld|                 C_BUF_2_1_4_5|       pointer|
|C_BUF_2_1_4_6              |  out|   32|      ap_vld|                 C_BUF_2_1_4_6|       pointer|
|C_BUF_2_1_4_6_ap_vld       |  out|    1|      ap_vld|                 C_BUF_2_1_4_6|       pointer|
|C_BUF_2_1_4_7              |  out|   32|      ap_vld|                 C_BUF_2_1_4_7|       pointer|
|C_BUF_2_1_4_7_ap_vld       |  out|    1|      ap_vld|                 C_BUF_2_1_4_7|       pointer|
|C_BUF_2_1_5_0              |  out|   32|      ap_vld|                 C_BUF_2_1_5_0|       pointer|
|C_BUF_2_1_5_0_ap_vld       |  out|    1|      ap_vld|                 C_BUF_2_1_5_0|       pointer|
|C_BUF_2_1_5_1              |  out|   32|      ap_vld|                 C_BUF_2_1_5_1|       pointer|
|C_BUF_2_1_5_1_ap_vld       |  out|    1|      ap_vld|                 C_BUF_2_1_5_1|       pointer|
|C_BUF_2_1_5_2              |  out|   32|      ap_vld|                 C_BUF_2_1_5_2|       pointer|
|C_BUF_2_1_5_2_ap_vld       |  out|    1|      ap_vld|                 C_BUF_2_1_5_2|       pointer|
|C_BUF_2_1_5_3              |  out|   32|      ap_vld|                 C_BUF_2_1_5_3|       pointer|
|C_BUF_2_1_5_3_ap_vld       |  out|    1|      ap_vld|                 C_BUF_2_1_5_3|       pointer|
|C_BUF_2_1_5_4              |  out|   32|      ap_vld|                 C_BUF_2_1_5_4|       pointer|
|C_BUF_2_1_5_4_ap_vld       |  out|    1|      ap_vld|                 C_BUF_2_1_5_4|       pointer|
|C_BUF_2_1_5_5              |  out|   32|      ap_vld|                 C_BUF_2_1_5_5|       pointer|
|C_BUF_2_1_5_5_ap_vld       |  out|    1|      ap_vld|                 C_BUF_2_1_5_5|       pointer|
|C_BUF_2_1_5_6              |  out|   32|      ap_vld|                 C_BUF_2_1_5_6|       pointer|
|C_BUF_2_1_5_6_ap_vld       |  out|    1|      ap_vld|                 C_BUF_2_1_5_6|       pointer|
|C_BUF_2_1_5_7              |  out|   32|      ap_vld|                 C_BUF_2_1_5_7|       pointer|
|C_BUF_2_1_5_7_ap_vld       |  out|    1|      ap_vld|                 C_BUF_2_1_5_7|       pointer|
|C_BUF_2_1_6_0              |  out|   32|      ap_vld|                 C_BUF_2_1_6_0|       pointer|
|C_BUF_2_1_6_0_ap_vld       |  out|    1|      ap_vld|                 C_BUF_2_1_6_0|       pointer|
|C_BUF_2_1_6_1              |  out|   32|      ap_vld|                 C_BUF_2_1_6_1|       pointer|
|C_BUF_2_1_6_1_ap_vld       |  out|    1|      ap_vld|                 C_BUF_2_1_6_1|       pointer|
|C_BUF_2_1_6_2              |  out|   32|      ap_vld|                 C_BUF_2_1_6_2|       pointer|
|C_BUF_2_1_6_2_ap_vld       |  out|    1|      ap_vld|                 C_BUF_2_1_6_2|       pointer|
|C_BUF_2_1_6_3              |  out|   32|      ap_vld|                 C_BUF_2_1_6_3|       pointer|
|C_BUF_2_1_6_3_ap_vld       |  out|    1|      ap_vld|                 C_BUF_2_1_6_3|       pointer|
|C_BUF_2_1_6_4              |  out|   32|      ap_vld|                 C_BUF_2_1_6_4|       pointer|
|C_BUF_2_1_6_4_ap_vld       |  out|    1|      ap_vld|                 C_BUF_2_1_6_4|       pointer|
|C_BUF_2_1_6_5              |  out|   32|      ap_vld|                 C_BUF_2_1_6_5|       pointer|
|C_BUF_2_1_6_5_ap_vld       |  out|    1|      ap_vld|                 C_BUF_2_1_6_5|       pointer|
|C_BUF_2_1_6_6              |  out|   32|      ap_vld|                 C_BUF_2_1_6_6|       pointer|
|C_BUF_2_1_6_6_ap_vld       |  out|    1|      ap_vld|                 C_BUF_2_1_6_6|       pointer|
|C_BUF_2_1_6_7              |  out|   32|      ap_vld|                 C_BUF_2_1_6_7|       pointer|
|C_BUF_2_1_6_7_ap_vld       |  out|    1|      ap_vld|                 C_BUF_2_1_6_7|       pointer|
|C_BUF_2_1_7_0              |  out|   32|      ap_vld|                 C_BUF_2_1_7_0|       pointer|
|C_BUF_2_1_7_0_ap_vld       |  out|    1|      ap_vld|                 C_BUF_2_1_7_0|       pointer|
|C_BUF_2_1_7_1              |  out|   32|      ap_vld|                 C_BUF_2_1_7_1|       pointer|
|C_BUF_2_1_7_1_ap_vld       |  out|    1|      ap_vld|                 C_BUF_2_1_7_1|       pointer|
|C_BUF_2_1_7_2              |  out|   32|      ap_vld|                 C_BUF_2_1_7_2|       pointer|
|C_BUF_2_1_7_2_ap_vld       |  out|    1|      ap_vld|                 C_BUF_2_1_7_2|       pointer|
|C_BUF_2_1_7_3              |  out|   32|      ap_vld|                 C_BUF_2_1_7_3|       pointer|
|C_BUF_2_1_7_3_ap_vld       |  out|    1|      ap_vld|                 C_BUF_2_1_7_3|       pointer|
|C_BUF_2_1_7_4              |  out|   32|      ap_vld|                 C_BUF_2_1_7_4|       pointer|
|C_BUF_2_1_7_4_ap_vld       |  out|    1|      ap_vld|                 C_BUF_2_1_7_4|       pointer|
|C_BUF_2_1_7_5              |  out|   32|      ap_vld|                 C_BUF_2_1_7_5|       pointer|
|C_BUF_2_1_7_5_ap_vld       |  out|    1|      ap_vld|                 C_BUF_2_1_7_5|       pointer|
|C_BUF_2_1_7_6              |  out|   32|      ap_vld|                 C_BUF_2_1_7_6|       pointer|
|C_BUF_2_1_7_6_ap_vld       |  out|    1|      ap_vld|                 C_BUF_2_1_7_6|       pointer|
|C_BUF_2_1_7_7              |  out|   32|      ap_vld|                 C_BUF_2_1_7_7|       pointer|
|C_BUF_2_1_7_7_ap_vld       |  out|    1|      ap_vld|                 C_BUF_2_1_7_7|       pointer|
|C_BUF_3_1_0_0              |  out|   32|      ap_vld|                 C_BUF_3_1_0_0|       pointer|
|C_BUF_3_1_0_0_ap_vld       |  out|    1|      ap_vld|                 C_BUF_3_1_0_0|       pointer|
|C_BUF_3_1_0_1              |  out|   32|      ap_vld|                 C_BUF_3_1_0_1|       pointer|
|C_BUF_3_1_0_1_ap_vld       |  out|    1|      ap_vld|                 C_BUF_3_1_0_1|       pointer|
|C_BUF_3_1_0_2              |  out|   32|      ap_vld|                 C_BUF_3_1_0_2|       pointer|
|C_BUF_3_1_0_2_ap_vld       |  out|    1|      ap_vld|                 C_BUF_3_1_0_2|       pointer|
|C_BUF_3_1_0_3              |  out|   32|      ap_vld|                 C_BUF_3_1_0_3|       pointer|
|C_BUF_3_1_0_3_ap_vld       |  out|    1|      ap_vld|                 C_BUF_3_1_0_3|       pointer|
|C_BUF_3_1_0_4              |  out|   32|      ap_vld|                 C_BUF_3_1_0_4|       pointer|
|C_BUF_3_1_0_4_ap_vld       |  out|    1|      ap_vld|                 C_BUF_3_1_0_4|       pointer|
|C_BUF_3_1_0_5              |  out|   32|      ap_vld|                 C_BUF_3_1_0_5|       pointer|
|C_BUF_3_1_0_5_ap_vld       |  out|    1|      ap_vld|                 C_BUF_3_1_0_5|       pointer|
|C_BUF_3_1_0_6              |  out|   32|      ap_vld|                 C_BUF_3_1_0_6|       pointer|
|C_BUF_3_1_0_6_ap_vld       |  out|    1|      ap_vld|                 C_BUF_3_1_0_6|       pointer|
|C_BUF_3_1_0_7              |  out|   32|      ap_vld|                 C_BUF_3_1_0_7|       pointer|
|C_BUF_3_1_0_7_ap_vld       |  out|    1|      ap_vld|                 C_BUF_3_1_0_7|       pointer|
|C_BUF_3_1_1_0              |  out|   32|      ap_vld|                 C_BUF_3_1_1_0|       pointer|
|C_BUF_3_1_1_0_ap_vld       |  out|    1|      ap_vld|                 C_BUF_3_1_1_0|       pointer|
|C_BUF_3_1_1_1              |  out|   32|      ap_vld|                 C_BUF_3_1_1_1|       pointer|
|C_BUF_3_1_1_1_ap_vld       |  out|    1|      ap_vld|                 C_BUF_3_1_1_1|       pointer|
|C_BUF_3_1_1_2              |  out|   32|      ap_vld|                 C_BUF_3_1_1_2|       pointer|
|C_BUF_3_1_1_2_ap_vld       |  out|    1|      ap_vld|                 C_BUF_3_1_1_2|       pointer|
|C_BUF_3_1_1_3              |  out|   32|      ap_vld|                 C_BUF_3_1_1_3|       pointer|
|C_BUF_3_1_1_3_ap_vld       |  out|    1|      ap_vld|                 C_BUF_3_1_1_3|       pointer|
|C_BUF_3_1_1_4              |  out|   32|      ap_vld|                 C_BUF_3_1_1_4|       pointer|
|C_BUF_3_1_1_4_ap_vld       |  out|    1|      ap_vld|                 C_BUF_3_1_1_4|       pointer|
|C_BUF_3_1_1_5              |  out|   32|      ap_vld|                 C_BUF_3_1_1_5|       pointer|
|C_BUF_3_1_1_5_ap_vld       |  out|    1|      ap_vld|                 C_BUF_3_1_1_5|       pointer|
|C_BUF_3_1_1_6              |  out|   32|      ap_vld|                 C_BUF_3_1_1_6|       pointer|
|C_BUF_3_1_1_6_ap_vld       |  out|    1|      ap_vld|                 C_BUF_3_1_1_6|       pointer|
|C_BUF_3_1_1_7              |  out|   32|      ap_vld|                 C_BUF_3_1_1_7|       pointer|
|C_BUF_3_1_1_7_ap_vld       |  out|    1|      ap_vld|                 C_BUF_3_1_1_7|       pointer|
|C_BUF_3_1_2_0              |  out|   32|      ap_vld|                 C_BUF_3_1_2_0|       pointer|
|C_BUF_3_1_2_0_ap_vld       |  out|    1|      ap_vld|                 C_BUF_3_1_2_0|       pointer|
|C_BUF_3_1_2_1              |  out|   32|      ap_vld|                 C_BUF_3_1_2_1|       pointer|
|C_BUF_3_1_2_1_ap_vld       |  out|    1|      ap_vld|                 C_BUF_3_1_2_1|       pointer|
|C_BUF_3_1_2_2              |  out|   32|      ap_vld|                 C_BUF_3_1_2_2|       pointer|
|C_BUF_3_1_2_2_ap_vld       |  out|    1|      ap_vld|                 C_BUF_3_1_2_2|       pointer|
|C_BUF_3_1_2_3              |  out|   32|      ap_vld|                 C_BUF_3_1_2_3|       pointer|
|C_BUF_3_1_2_3_ap_vld       |  out|    1|      ap_vld|                 C_BUF_3_1_2_3|       pointer|
|C_BUF_3_1_2_4              |  out|   32|      ap_vld|                 C_BUF_3_1_2_4|       pointer|
|C_BUF_3_1_2_4_ap_vld       |  out|    1|      ap_vld|                 C_BUF_3_1_2_4|       pointer|
|C_BUF_3_1_2_5              |  out|   32|      ap_vld|                 C_BUF_3_1_2_5|       pointer|
|C_BUF_3_1_2_5_ap_vld       |  out|    1|      ap_vld|                 C_BUF_3_1_2_5|       pointer|
|C_BUF_3_1_2_6              |  out|   32|      ap_vld|                 C_BUF_3_1_2_6|       pointer|
|C_BUF_3_1_2_6_ap_vld       |  out|    1|      ap_vld|                 C_BUF_3_1_2_6|       pointer|
|C_BUF_3_1_2_7              |  out|   32|      ap_vld|                 C_BUF_3_1_2_7|       pointer|
|C_BUF_3_1_2_7_ap_vld       |  out|    1|      ap_vld|                 C_BUF_3_1_2_7|       pointer|
|C_BUF_3_1_3_0              |  out|   32|      ap_vld|                 C_BUF_3_1_3_0|       pointer|
|C_BUF_3_1_3_0_ap_vld       |  out|    1|      ap_vld|                 C_BUF_3_1_3_0|       pointer|
|C_BUF_3_1_3_1              |  out|   32|      ap_vld|                 C_BUF_3_1_3_1|       pointer|
|C_BUF_3_1_3_1_ap_vld       |  out|    1|      ap_vld|                 C_BUF_3_1_3_1|       pointer|
|C_BUF_3_1_3_2              |  out|   32|      ap_vld|                 C_BUF_3_1_3_2|       pointer|
|C_BUF_3_1_3_2_ap_vld       |  out|    1|      ap_vld|                 C_BUF_3_1_3_2|       pointer|
|C_BUF_3_1_3_3              |  out|   32|      ap_vld|                 C_BUF_3_1_3_3|       pointer|
|C_BUF_3_1_3_3_ap_vld       |  out|    1|      ap_vld|                 C_BUF_3_1_3_3|       pointer|
|C_BUF_3_1_3_4              |  out|   32|      ap_vld|                 C_BUF_3_1_3_4|       pointer|
|C_BUF_3_1_3_4_ap_vld       |  out|    1|      ap_vld|                 C_BUF_3_1_3_4|       pointer|
|C_BUF_3_1_3_5              |  out|   32|      ap_vld|                 C_BUF_3_1_3_5|       pointer|
|C_BUF_3_1_3_5_ap_vld       |  out|    1|      ap_vld|                 C_BUF_3_1_3_5|       pointer|
|C_BUF_3_1_3_6              |  out|   32|      ap_vld|                 C_BUF_3_1_3_6|       pointer|
|C_BUF_3_1_3_6_ap_vld       |  out|    1|      ap_vld|                 C_BUF_3_1_3_6|       pointer|
|C_BUF_3_1_3_7              |  out|   32|      ap_vld|                 C_BUF_3_1_3_7|       pointer|
|C_BUF_3_1_3_7_ap_vld       |  out|    1|      ap_vld|                 C_BUF_3_1_3_7|       pointer|
|C_BUF_3_1_4_0              |  out|   32|      ap_vld|                 C_BUF_3_1_4_0|       pointer|
|C_BUF_3_1_4_0_ap_vld       |  out|    1|      ap_vld|                 C_BUF_3_1_4_0|       pointer|
|C_BUF_3_1_4_1              |  out|   32|      ap_vld|                 C_BUF_3_1_4_1|       pointer|
|C_BUF_3_1_4_1_ap_vld       |  out|    1|      ap_vld|                 C_BUF_3_1_4_1|       pointer|
|C_BUF_3_1_4_2              |  out|   32|      ap_vld|                 C_BUF_3_1_4_2|       pointer|
|C_BUF_3_1_4_2_ap_vld       |  out|    1|      ap_vld|                 C_BUF_3_1_4_2|       pointer|
|C_BUF_3_1_4_3              |  out|   32|      ap_vld|                 C_BUF_3_1_4_3|       pointer|
|C_BUF_3_1_4_3_ap_vld       |  out|    1|      ap_vld|                 C_BUF_3_1_4_3|       pointer|
|C_BUF_3_1_4_4              |  out|   32|      ap_vld|                 C_BUF_3_1_4_4|       pointer|
|C_BUF_3_1_4_4_ap_vld       |  out|    1|      ap_vld|                 C_BUF_3_1_4_4|       pointer|
|C_BUF_3_1_4_5              |  out|   32|      ap_vld|                 C_BUF_3_1_4_5|       pointer|
|C_BUF_3_1_4_5_ap_vld       |  out|    1|      ap_vld|                 C_BUF_3_1_4_5|       pointer|
|C_BUF_3_1_4_6              |  out|   32|      ap_vld|                 C_BUF_3_1_4_6|       pointer|
|C_BUF_3_1_4_6_ap_vld       |  out|    1|      ap_vld|                 C_BUF_3_1_4_6|       pointer|
|C_BUF_3_1_4_7              |  out|   32|      ap_vld|                 C_BUF_3_1_4_7|       pointer|
|C_BUF_3_1_4_7_ap_vld       |  out|    1|      ap_vld|                 C_BUF_3_1_4_7|       pointer|
|C_BUF_3_1_5_0              |  out|   32|      ap_vld|                 C_BUF_3_1_5_0|       pointer|
|C_BUF_3_1_5_0_ap_vld       |  out|    1|      ap_vld|                 C_BUF_3_1_5_0|       pointer|
|C_BUF_3_1_5_1              |  out|   32|      ap_vld|                 C_BUF_3_1_5_1|       pointer|
|C_BUF_3_1_5_1_ap_vld       |  out|    1|      ap_vld|                 C_BUF_3_1_5_1|       pointer|
|C_BUF_3_1_5_2              |  out|   32|      ap_vld|                 C_BUF_3_1_5_2|       pointer|
|C_BUF_3_1_5_2_ap_vld       |  out|    1|      ap_vld|                 C_BUF_3_1_5_2|       pointer|
|C_BUF_3_1_5_3              |  out|   32|      ap_vld|                 C_BUF_3_1_5_3|       pointer|
|C_BUF_3_1_5_3_ap_vld       |  out|    1|      ap_vld|                 C_BUF_3_1_5_3|       pointer|
|C_BUF_3_1_5_4              |  out|   32|      ap_vld|                 C_BUF_3_1_5_4|       pointer|
|C_BUF_3_1_5_4_ap_vld       |  out|    1|      ap_vld|                 C_BUF_3_1_5_4|       pointer|
|C_BUF_3_1_5_5              |  out|   32|      ap_vld|                 C_BUF_3_1_5_5|       pointer|
|C_BUF_3_1_5_5_ap_vld       |  out|    1|      ap_vld|                 C_BUF_3_1_5_5|       pointer|
|C_BUF_3_1_5_6              |  out|   32|      ap_vld|                 C_BUF_3_1_5_6|       pointer|
|C_BUF_3_1_5_6_ap_vld       |  out|    1|      ap_vld|                 C_BUF_3_1_5_6|       pointer|
|C_BUF_3_1_5_7              |  out|   32|      ap_vld|                 C_BUF_3_1_5_7|       pointer|
|C_BUF_3_1_5_7_ap_vld       |  out|    1|      ap_vld|                 C_BUF_3_1_5_7|       pointer|
|C_BUF_3_1_6_0              |  out|   32|      ap_vld|                 C_BUF_3_1_6_0|       pointer|
|C_BUF_3_1_6_0_ap_vld       |  out|    1|      ap_vld|                 C_BUF_3_1_6_0|       pointer|
|C_BUF_3_1_6_1              |  out|   32|      ap_vld|                 C_BUF_3_1_6_1|       pointer|
|C_BUF_3_1_6_1_ap_vld       |  out|    1|      ap_vld|                 C_BUF_3_1_6_1|       pointer|
|C_BUF_3_1_6_2              |  out|   32|      ap_vld|                 C_BUF_3_1_6_2|       pointer|
|C_BUF_3_1_6_2_ap_vld       |  out|    1|      ap_vld|                 C_BUF_3_1_6_2|       pointer|
|C_BUF_3_1_6_3              |  out|   32|      ap_vld|                 C_BUF_3_1_6_3|       pointer|
|C_BUF_3_1_6_3_ap_vld       |  out|    1|      ap_vld|                 C_BUF_3_1_6_3|       pointer|
|C_BUF_3_1_6_4              |  out|   32|      ap_vld|                 C_BUF_3_1_6_4|       pointer|
|C_BUF_3_1_6_4_ap_vld       |  out|    1|      ap_vld|                 C_BUF_3_1_6_4|       pointer|
|C_BUF_3_1_6_5              |  out|   32|      ap_vld|                 C_BUF_3_1_6_5|       pointer|
|C_BUF_3_1_6_5_ap_vld       |  out|    1|      ap_vld|                 C_BUF_3_1_6_5|       pointer|
|C_BUF_3_1_6_6              |  out|   32|      ap_vld|                 C_BUF_3_1_6_6|       pointer|
|C_BUF_3_1_6_6_ap_vld       |  out|    1|      ap_vld|                 C_BUF_3_1_6_6|       pointer|
|C_BUF_3_1_6_7              |  out|   32|      ap_vld|                 C_BUF_3_1_6_7|       pointer|
|C_BUF_3_1_6_7_ap_vld       |  out|    1|      ap_vld|                 C_BUF_3_1_6_7|       pointer|
|C_BUF_3_1_7_0              |  out|   32|      ap_vld|                 C_BUF_3_1_7_0|       pointer|
|C_BUF_3_1_7_0_ap_vld       |  out|    1|      ap_vld|                 C_BUF_3_1_7_0|       pointer|
|C_BUF_3_1_7_1              |  out|   32|      ap_vld|                 C_BUF_3_1_7_1|       pointer|
|C_BUF_3_1_7_1_ap_vld       |  out|    1|      ap_vld|                 C_BUF_3_1_7_1|       pointer|
|C_BUF_3_1_7_2              |  out|   32|      ap_vld|                 C_BUF_3_1_7_2|       pointer|
|C_BUF_3_1_7_2_ap_vld       |  out|    1|      ap_vld|                 C_BUF_3_1_7_2|       pointer|
|C_BUF_3_1_7_3              |  out|   32|      ap_vld|                 C_BUF_3_1_7_3|       pointer|
|C_BUF_3_1_7_3_ap_vld       |  out|    1|      ap_vld|                 C_BUF_3_1_7_3|       pointer|
|C_BUF_3_1_7_4              |  out|   32|      ap_vld|                 C_BUF_3_1_7_4|       pointer|
|C_BUF_3_1_7_4_ap_vld       |  out|    1|      ap_vld|                 C_BUF_3_1_7_4|       pointer|
|C_BUF_3_1_7_5              |  out|   32|      ap_vld|                 C_BUF_3_1_7_5|       pointer|
|C_BUF_3_1_7_5_ap_vld       |  out|    1|      ap_vld|                 C_BUF_3_1_7_5|       pointer|
|C_BUF_3_1_7_6              |  out|   32|      ap_vld|                 C_BUF_3_1_7_6|       pointer|
|C_BUF_3_1_7_6_ap_vld       |  out|    1|      ap_vld|                 C_BUF_3_1_7_6|       pointer|
|C_BUF_3_1_7_7              |  out|   32|      ap_vld|                 C_BUF_3_1_7_7|       pointer|
|C_BUF_3_1_7_7_ap_vld       |  out|    1|      ap_vld|                 C_BUF_3_1_7_7|       pointer|
|ap_clk                     |   in|    1|  ap_ctrl_hs|  dataflow_in_loop_tile_loop_A|  return value|
|ap_rst                     |   in|    1|  ap_ctrl_hs|  dataflow_in_loop_tile_loop_A|  return value|
|ap_start                   |   in|    1|  ap_ctrl_hs|  dataflow_in_loop_tile_loop_A|  return value|
|ap_done                    |  out|    1|  ap_ctrl_hs|  dataflow_in_loop_tile_loop_A|  return value|
|ap_ready                   |  out|    1|  ap_ctrl_hs|  dataflow_in_loop_tile_loop_A|  return value|
|ap_idle                    |  out|    1|  ap_ctrl_hs|  dataflow_in_loop_tile_loop_A|  return value|
|ap_continue                |   in|    1|  ap_ctrl_hs|  dataflow_in_loop_tile_loop_A|  return value|
+---------------------------+-----+-----+------------+------------------------------+--------------+

