

================================================================
== Vitis HLS Report for 'dataflow_in_loop_tile_loop_A279'
================================================================
* Date:           Tue Sep  1 15:27:04 2026

* Version:        2023.2 (Build 4023990 on Oct 11 2023)
* Project:        hls_project
* Solution:       gemm2 (Vitis Kernel Flow Target)
* Product family: versalaicore
* Target device:  xcvc1902-vsva2197-2MP-e-S


================================================================
== Performance Estimates
================================================================
+ Timing: 
    * Summary: 
    +--------+---------+----------+------------+
    |  Clock |  Target | Estimated| Uncertainty|
    +--------+---------+----------+------------+
    |ap_clk  |  3.33 ns|  3.299 ns|     0.90 ns|
    +--------+---------+----------+------------+

+ Latency: 
    * Summary: 
    +---------+---------+----------+----------+-----+-----+----------+
    |  Latency (cycles) |  Latency (absolute) |  Interval | Pipeline |
    |   min   |   max   |    min   |    max   | min | max |   Type   |
    +---------+---------+----------+----------+-----+-----+----------+
    |      125|      126|  0.417 us|  0.420 us|   35|   35|  dataflow|
    +---------+---------+----------+----------+-----+-----+----------+

    + Detail: 
        * Instance: 
        +------------------------------------------------------------------+---------------------------------------------------------------+---------+---------+-----------+-----------+-----+-----+------------------------------------------+
        |                                                                  |                                                               |  Latency (cycles) |   Latency (absolute)  |  Interval |                 Pipeline                 |
        |                             Instance                             |                             Module                            |   min   |   max   |    min    |    max    | min | max |                   Type                   |
        +------------------------------------------------------------------+---------------------------------------------------------------+---------+---------+-----------+-----------+-----+-----+------------------------------------------+
        |entry_proc_U0                                                     |entry_proc                                                     |        0|        0|       0 ns|       0 ns|    0|    0|                                        no|
        |load_tile_A3280_U0                                                |load_tile_A3280                                                |       15|       15|  49.995 ns|  49.995 ns|   15|   15|                                        no|
        |B_Buf_to_stream5282_U0                                            |B_Buf_to_stream5282                                            |       34|       34|   0.113 us|   0.113 us|   34|   34|                                        no|
        |tile_A_to_stream4281_U0                                           |tile_A_to_stream4281                                           |       31|       31|   0.103 us|   0.103 us|   31|   31|                                        no|
        |PE_false_false_6283_U0                                            |PE_false_false_6283                                            |       34|       35|   0.113 us|   0.117 us|   32|   32|  loop rewind stp(delay=0 clock cycles(s))|
        |PE_false_false_110284_U0                                          |PE_false_false_110284                                          |       34|       35|   0.113 us|   0.117 us|   32|   32|  loop rewind stp(delay=0 clock cycles(s))|
        |PE_false_false_1536299_U0                                         |PE_false_false_1536299                                         |       34|       35|   0.113 us|   0.117 us|   32|   32|  loop rewind stp(delay=0 clock cycles(s))|
        |PE_false_false_222285_U0                                          |PE_false_false_222285                                          |       34|       35|   0.113 us|   0.117 us|   32|   32|  loop rewind stp(delay=0 clock cycles(s))|
        |PE_false_false_1637300_U0                                         |PE_false_false_1637300                                         |       34|       35|   0.113 us|   0.117 us|   32|   32|  loop rewind stp(delay=0 clock cycles(s))|
        |PE_false_false_3152315_U0                                         |PE_false_false_3152315                                         |       34|       35|   0.113 us|   0.117 us|   32|   32|  loop rewind stp(delay=0 clock cycles(s))|
        |PE_false_false_323286_U0                                          |PE_false_false_323286                                          |       34|       35|   0.113 us|   0.117 us|   32|   32|  loop rewind stp(delay=0 clock cycles(s))|
        |PE_false_false_1738301_U0                                         |PE_false_false_1738301                                         |       34|       35|   0.113 us|   0.117 us|   32|   32|  loop rewind stp(delay=0 clock cycles(s))|
        |PE_false_false_3253316_U0                                         |PE_false_false_3253316                                         |       34|       35|   0.113 us|   0.117 us|   32|   32|  loop rewind stp(delay=0 clock cycles(s))|
        |PE_false_false_4768331_U0                                         |PE_false_false_4768331                                         |       34|       35|   0.113 us|   0.117 us|   32|   32|  loop rewind stp(delay=0 clock cycles(s))|
        |PE_false_false_424287_U0                                          |PE_false_false_424287                                          |       34|       35|   0.113 us|   0.117 us|   32|   32|  loop rewind stp(delay=0 clock cycles(s))|
        |PE_false_false_1839302_U0                                         |PE_false_false_1839302                                         |       34|       35|   0.113 us|   0.117 us|   32|   32|  loop rewind stp(delay=0 clock cycles(s))|
        |PE_false_false_3354317_U0                                         |PE_false_false_3354317                                         |       34|       35|   0.113 us|   0.117 us|   32|   32|  loop rewind stp(delay=0 clock cycles(s))|
        |PE_false_false_4869332_U0                                         |PE_false_false_4869332                                         |       34|       35|   0.113 us|   0.117 us|   32|   32|  loop rewind stp(delay=0 clock cycles(s))|
        |PE_false_false_6384347_U0                                         |PE_false_false_6384347                                         |       34|       35|   0.113 us|   0.117 us|   32|   32|  loop rewind stp(delay=0 clock cycles(s))|
        |PE_false_false_525288_U0                                          |PE_false_false_525288                                          |       34|       35|   0.113 us|   0.117 us|   32|   32|  loop rewind stp(delay=0 clock cycles(s))|
        |PE_false_false_1940303_U0                                         |PE_false_false_1940303                                         |       34|       35|   0.113 us|   0.117 us|   32|   32|  loop rewind stp(delay=0 clock cycles(s))|
        |PE_false_false_3455318_U0                                         |PE_false_false_3455318                                         |       34|       35|   0.113 us|   0.117 us|   32|   32|  loop rewind stp(delay=0 clock cycles(s))|
        |PE_false_false_4970333_U0                                         |PE_false_false_4970333                                         |       34|       35|   0.113 us|   0.117 us|   32|   32|  loop rewind stp(delay=0 clock cycles(s))|
        |PE_false_false_6485348_U0                                         |PE_false_false_6485348                                         |       34|       35|   0.113 us|   0.117 us|   32|   32|  loop rewind stp(delay=0 clock cycles(s))|
        |PE_false_false_79100363_U0                                        |PE_false_false_79100363                                        |       34|       35|   0.113 us|   0.117 us|   32|   32|  loop rewind stp(delay=0 clock cycles(s))|
        |PE_false_false_626289_U0                                          |PE_false_false_626289                                          |       34|       35|   0.113 us|   0.117 us|   32|   32|  loop rewind stp(delay=0 clock cycles(s))|
        |PE_false_false_2041304_U0                                         |PE_false_false_2041304                                         |       34|       35|   0.113 us|   0.117 us|   32|   32|  loop rewind stp(delay=0 clock cycles(s))|
        |PE_false_false_3556319_U0                                         |PE_false_false_3556319                                         |       34|       35|   0.113 us|   0.117 us|   32|   32|  loop rewind stp(delay=0 clock cycles(s))|
        |PE_false_false_5071334_U0                                         |PE_false_false_5071334                                         |       34|       35|   0.113 us|   0.117 us|   32|   32|  loop rewind stp(delay=0 clock cycles(s))|
        |PE_false_false_6586349_U0                                         |PE_false_false_6586349                                         |       34|       35|   0.113 us|   0.117 us|   32|   32|  loop rewind stp(delay=0 clock cycles(s))|
        |PE_false_false_80101364_U0                                        |PE_false_false_80101364                                        |       34|       35|   0.113 us|   0.117 us|   32|   32|  loop rewind stp(delay=0 clock cycles(s))|
        |PE_false_false_95116379_U0                                        |PE_false_false_95116379                                        |       34|       35|   0.113 us|   0.117 us|   32|   32|  loop rewind stp(delay=0 clock cycles(s))|
        |PE_false_false_727290_U0                                          |PE_false_false_727290                                          |       34|       35|   0.113 us|   0.117 us|   32|   32|  loop rewind stp(delay=0 clock cycles(s))|
        |PE_false_false_2142305_U0                                         |PE_false_false_2142305                                         |       34|       35|   0.113 us|   0.117 us|   32|   32|  loop rewind stp(delay=0 clock cycles(s))|
        |PE_false_false_3657320_U0                                         |PE_false_false_3657320                                         |       34|       35|   0.113 us|   0.117 us|   32|   32|  loop rewind stp(delay=0 clock cycles(s))|
        |PE_false_false_5172335_U0                                         |PE_false_false_5172335                                         |       34|       35|   0.113 us|   0.117 us|   32|   32|  loop rewind stp(delay=0 clock cycles(s))|
        |PE_false_false_6687350_U0                                         |PE_false_false_6687350                                         |       34|       35|   0.113 us|   0.117 us|   32|   32|  loop rewind stp(delay=0 clock cycles(s))|
        |PE_false_false_81102365_U0                                        |PE_false_false_81102365                                        |       34|       35|   0.113 us|   0.117 us|   32|   32|  loop rewind stp(delay=0 clock cycles(s))|
        |PE_false_false_96117380_U0                                        |PE_false_false_96117380                                        |       34|       35|   0.113 us|   0.117 us|   32|   32|  loop rewind stp(delay=0 clock cycles(s))|
        |PE_false_false_111132395_U0                                       |PE_false_false_111132395                                       |       34|       35|   0.113 us|   0.117 us|   32|   32|  loop rewind stp(delay=0 clock cycles(s))|
        |PE_false_false_828291_U0                                          |PE_false_false_828291                                          |       34|       35|   0.113 us|   0.117 us|   32|   32|  loop rewind stp(delay=0 clock cycles(s))|
        |PE_false_false_2243306_U0                                         |PE_false_false_2243306                                         |       34|       35|   0.113 us|   0.117 us|   32|   32|  loop rewind stp(delay=0 clock cycles(s))|
        |PE_false_false_3758321_U0                                         |PE_false_false_3758321                                         |       34|       35|   0.113 us|   0.117 us|   32|   32|  loop rewind stp(delay=0 clock cycles(s))|
        |PE_false_false_5273336_U0                                         |PE_false_false_5273336                                         |       34|       35|   0.113 us|   0.117 us|   32|   32|  loop rewind stp(delay=0 clock cycles(s))|
        |PE_false_false_6788351_U0                                         |PE_false_false_6788351                                         |       34|       35|   0.113 us|   0.117 us|   32|   32|  loop rewind stp(delay=0 clock cycles(s))|
        |PE_false_false_82103366_U0                                        |PE_false_false_82103366                                        |       34|       35|   0.113 us|   0.117 us|   32|   32|  loop rewind stp(delay=0 clock cycles(s))|
        |PE_false_false_97118381_U0                                        |PE_false_false_97118381                                        |       34|       35|   0.113 us|   0.117 us|   32|   32|  loop rewind stp(delay=0 clock cycles(s))|
        |PE_false_false_112133396_U0                                       |PE_false_false_112133396                                       |       34|       35|   0.113 us|   0.117 us|   32|   32|  loop rewind stp(delay=0 clock cycles(s))|
        |PE_false_false_127148411_U0                                       |PE_false_false_127148411                                       |       34|       35|   0.113 us|   0.117 us|   32|   32|  loop rewind stp(delay=0 clock cycles(s))|
        |PE_false_false_929292_U0                                          |PE_false_false_929292                                          |       34|       35|   0.113 us|   0.117 us|   32|   32|  loop rewind stp(delay=0 clock cycles(s))|
        |PE_false_false_2344307_U0                                         |PE_false_false_2344307                                         |       34|       35|   0.113 us|   0.117 us|   32|   32|  loop rewind stp(delay=0 clock cycles(s))|
        |PE_false_false_3859322_U0                                         |PE_false_false_3859322                                         |       34|       35|   0.113 us|   0.117 us|   32|   32|  loop rewind stp(delay=0 clock cycles(s))|
        |PE_false_false_5374337_U0                                         |PE_false_false_5374337                                         |       34|       35|   0.113 us|   0.117 us|   32|   32|  loop rewind stp(delay=0 clock cycles(s))|
        |PE_false_false_6889352_U0                                         |PE_false_false_6889352                                         |       34|       35|   0.113 us|   0.117 us|   32|   32|  loop rewind stp(delay=0 clock cycles(s))|
        |PE_false_false_83104367_U0                                        |PE_false_false_83104367                                        |       34|       35|   0.113 us|   0.117 us|   32|   32|  loop rewind stp(delay=0 clock cycles(s))|
        |PE_false_false_98119382_U0                                        |PE_false_false_98119382                                        |       34|       35|   0.113 us|   0.117 us|   32|   32|  loop rewind stp(delay=0 clock cycles(s))|
        |PE_false_false_113134397_U0                                       |PE_false_false_113134397                                       |       34|       35|   0.113 us|   0.117 us|   32|   32|  loop rewind stp(delay=0 clock cycles(s))|
        |PE_false_false_128149412_U0                                       |PE_false_false_128149412                                       |       34|       35|   0.113 us|   0.117 us|   32|   32|  loop rewind stp(delay=0 clock cycles(s))|
        |PE_false_false_143164427_U0                                       |PE_false_false_143164427                                       |       34|       35|   0.113 us|   0.117 us|   32|   32|  loop rewind stp(delay=0 clock cycles(s))|
        |PE_false_false_1030293_U0                                         |PE_false_false_1030293                                         |       34|       35|   0.113 us|   0.117 us|   32|   32|  loop rewind stp(delay=0 clock cycles(s))|
        |PE_false_false_2445308_U0                                         |PE_false_false_2445308                                         |       34|       35|   0.113 us|   0.117 us|   32|   32|  loop rewind stp(delay=0 clock cycles(s))|
        |PE_false_false_3960323_U0                                         |PE_false_false_3960323                                         |       34|       35|   0.113 us|   0.117 us|   32|   32|  loop rewind stp(delay=0 clock cycles(s))|
        |PE_false_false_5475338_U0                                         |PE_false_false_5475338                                         |       34|       35|   0.113 us|   0.117 us|   32|   32|  loop rewind stp(delay=0 clock cycles(s))|
        |PE_false_false_6990353_U0                                         |PE_false_false_6990353                                         |       34|       35|   0.113 us|   0.117 us|   32|   32|  loop rewind stp(delay=0 clock cycles(s))|
        |PE_false_false_84105368_U0                                        |PE_false_false_84105368                                        |       34|       35|   0.113 us|   0.117 us|   32|   32|  loop rewind stp(delay=0 clock cycles(s))|
        |PE_false_false_99120383_U0                                        |PE_false_false_99120383                                        |       34|       35|   0.113 us|   0.117 us|   32|   32|  loop rewind stp(delay=0 clock cycles(s))|
        |PE_false_false_114135398_U0                                       |PE_false_false_114135398                                       |       34|       35|   0.113 us|   0.117 us|   32|   32|  loop rewind stp(delay=0 clock cycles(s))|
        |PE_false_false_129150413_U0                                       |PE_false_false_129150413                                       |       34|       35|   0.113 us|   0.117 us|   32|   32|  loop rewind stp(delay=0 clock cycles(s))|
        |PE_false_false_144165428_U0                                       |PE_false_false_144165428                                       |       34|       35|   0.113 us|   0.117 us|   32|   32|  loop rewind stp(delay=0 clock cycles(s))|
        |PE_false_false_159180443_U0                                       |PE_false_false_159180443                                       |       34|       35|   0.113 us|   0.117 us|   32|   32|  loop rewind stp(delay=0 clock cycles(s))|
        |PE_false_false_1131294_U0                                         |PE_false_false_1131294                                         |       34|       35|   0.113 us|   0.117 us|   32|   32|  loop rewind stp(delay=0 clock cycles(s))|
        |PE_false_false_2546309_U0                                         |PE_false_false_2546309                                         |       34|       35|   0.113 us|   0.117 us|   32|   32|  loop rewind stp(delay=0 clock cycles(s))|
        |PE_false_false_4061324_U0                                         |PE_false_false_4061324                                         |       34|       35|   0.113 us|   0.117 us|   32|   32|  loop rewind stp(delay=0 clock cycles(s))|
        |PE_false_false_5576339_U0                                         |PE_false_false_5576339                                         |       34|       35|   0.113 us|   0.117 us|   32|   32|  loop rewind stp(delay=0 clock cycles(s))|
        |PE_false_false_7091354_U0                                         |PE_false_false_7091354                                         |       34|       35|   0.113 us|   0.117 us|   32|   32|  loop rewind stp(delay=0 clock cycles(s))|
        |PE_false_false_85106369_U0                                        |PE_false_false_85106369                                        |       34|       35|   0.113 us|   0.117 us|   32|   32|  loop rewind stp(delay=0 clock cycles(s))|
        |PE_false_false_100121384_U0                                       |PE_false_false_100121384                                       |       34|       35|   0.113 us|   0.117 us|   32|   32|  loop rewind stp(delay=0 clock cycles(s))|
        |PE_false_false_115136399_U0                                       |PE_false_false_115136399                                       |       34|       35|   0.113 us|   0.117 us|   32|   32|  loop rewind stp(delay=0 clock cycles(s))|
        |PE_false_false_130151414_U0                                       |PE_false_false_130151414                                       |       34|       35|   0.113 us|   0.117 us|   32|   32|  loop rewind stp(delay=0 clock cycles(s))|
        |PE_false_false_145166429_U0                                       |PE_false_false_145166429                                       |       34|       35|   0.113 us|   0.117 us|   32|   32|  loop rewind stp(delay=0 clock cycles(s))|
        |PE_false_false_160181444_U0                                       |PE_false_false_160181444                                       |       34|       35|   0.113 us|   0.117 us|   32|   32|  loop rewind stp(delay=0 clock cycles(s))|
        |PE_false_false_175196459_U0                                       |PE_false_false_175196459                                       |       34|       35|   0.113 us|   0.117 us|   32|   32|  loop rewind stp(delay=0 clock cycles(s))|
        |PE_false_false_1232295_U0                                         |PE_false_false_1232295                                         |       34|       35|   0.113 us|   0.117 us|   32|   32|  loop rewind stp(delay=0 clock cycles(s))|
        |PE_false_false_2647310_U0                                         |PE_false_false_2647310                                         |       34|       35|   0.113 us|   0.117 us|   32|   32|  loop rewind stp(delay=0 clock cycles(s))|
        |PE_false_false_4162325_U0                                         |PE_false_false_4162325                                         |       34|       35|   0.113 us|   0.117 us|   32|   32|  loop rewind stp(delay=0 clock cycles(s))|
        |PE_false_false_5677340_U0                                         |PE_false_false_5677340                                         |       34|       35|   0.113 us|   0.117 us|   32|   32|  loop rewind stp(delay=0 clock cycles(s))|
        |PE_false_false_7192355_U0                                         |PE_false_false_7192355                                         |       34|       35|   0.113 us|   0.117 us|   32|   32|  loop rewind stp(delay=0 clock cycles(s))|
        |PE_false_false_86107370_U0                                        |PE_false_false_86107370                                        |       34|       35|   0.113 us|   0.117 us|   32|   32|  loop rewind stp(delay=0 clock cycles(s))|
        |PE_false_false_101122385_U0                                       |PE_false_false_101122385                                       |       34|       35|   0.113 us|   0.117 us|   32|   32|  loop rewind stp(delay=0 clock cycles(s))|
        |PE_false_false_116137400_U0                                       |PE_false_false_116137400                                       |       34|       35|   0.113 us|   0.117 us|   32|   32|  loop rewind stp(delay=0 clock cycles(s))|
        |PE_false_false_131152415_U0                                       |PE_false_false_131152415                                       |       34|       35|   0.113 us|   0.117 us|   32|   32|  loop rewind stp(delay=0 clock cycles(s))|
        |PE_false_false_146167430_U0                                       |PE_false_false_146167430                                       |       34|       35|   0.113 us|   0.117 us|   32|   32|  loop rewind stp(delay=0 clock cycles(s))|
        |PE_false_false_161182445_U0                                       |PE_false_false_161182445                                       |       34|       35|   0.113 us|   0.117 us|   32|   32|  loop rewind stp(delay=0 clock cycles(s))|
        |PE_false_false_176197460_U0                                       |PE_false_false_176197460                                       |       34|       35|   0.113 us|   0.117 us|   32|   32|  loop rewind stp(delay=0 clock cycles(s))|
        |PE_false_false_191212475_U0                                       |PE_false_false_191212475                                       |       34|       35|   0.113 us|   0.117 us|   32|   32|  loop rewind stp(delay=0 clock cycles(s))|
        |PE_false_false_1333296_U0                                         |PE_false_false_1333296                                         |       34|       35|   0.113 us|   0.117 us|   32|   32|  loop rewind stp(delay=0 clock cycles(s))|
        |PE_false_false_2748311_U0                                         |PE_false_false_2748311                                         |       34|       35|   0.113 us|   0.117 us|   32|   32|  loop rewind stp(delay=0 clock cycles(s))|
        |PE_false_false_4263326_U0                                         |PE_false_false_4263326                                         |       34|       35|   0.113 us|   0.117 us|   32|   32|  loop rewind stp(delay=0 clock cycles(s))|
        |PE_false_false_5778341_U0                                         |PE_false_false_5778341                                         |       34|       35|   0.113 us|   0.117 us|   32|   32|  loop rewind stp(delay=0 clock cycles(s))|
        |PE_false_false_7293356_U0                                         |PE_false_false_7293356                                         |       34|       35|   0.113 us|   0.117 us|   32|   32|  loop rewind stp(delay=0 clock cycles(s))|
        |PE_false_false_87108371_U0                                        |PE_false_false_87108371                                        |       34|       35|   0.113 us|   0.117 us|   32|   32|  loop rewind stp(delay=0 clock cycles(s))|
        |PE_false_false_102123386_U0                                       |PE_false_false_102123386                                       |       34|       35|   0.113 us|   0.117 us|   32|   32|  loop rewind stp(delay=0 clock cycles(s))|
        |PE_false_false_117138401_U0                                       |PE_false_false_117138401                                       |       34|       35|   0.113 us|   0.117 us|   32|   32|  loop rewind stp(delay=0 clock cycles(s))|
        |PE_false_false_132153416_U0                                       |PE_false_false_132153416                                       |       34|       35|   0.113 us|   0.117 us|   32|   32|  loop rewind stp(delay=0 clock cycles(s))|
        |PE_false_false_147168431_U0                                       |PE_false_false_147168431                                       |       34|       35|   0.113 us|   0.117 us|   32|   32|  loop rewind stp(delay=0 clock cycles(s))|
        |PE_false_false_162183446_U0                                       |PE_false_false_162183446                                       |       34|       35|   0.113 us|   0.117 us|   32|   32|  loop rewind stp(delay=0 clock cycles(s))|
        |PE_false_false_177198461_U0                                       |PE_false_false_177198461                                       |       34|       35|   0.113 us|   0.117 us|   32|   32|  loop rewind stp(delay=0 clock cycles(s))|
        |PE_false_false_192213476_U0                                       |PE_false_false_192213476                                       |       34|       35|   0.113 us|   0.117 us|   32|   32|  loop rewind stp(delay=0 clock cycles(s))|
        |PE_false_false_207228491_U0                                       |PE_false_false_207228491                                       |       34|       35|   0.113 us|   0.117 us|   32|   32|  loop rewind stp(delay=0 clock cycles(s))|
        |PE_false_false_1434297_U0                                         |PE_false_false_1434297                                         |       34|       35|   0.113 us|   0.117 us|   32|   32|  loop rewind stp(delay=0 clock cycles(s))|
        |PE_false_false_2849312_U0                                         |PE_false_false_2849312                                         |       34|       35|   0.113 us|   0.117 us|   32|   32|  loop rewind stp(delay=0 clock cycles(s))|
        |PE_false_false_4364327_U0                                         |PE_false_false_4364327                                         |       34|       35|   0.113 us|   0.117 us|   32|   32|  loop rewind stp(delay=0 clock cycles(s))|
        |PE_false_false_5879342_U0                                         |PE_false_false_5879342                                         |       34|       35|   0.113 us|   0.117 us|   32|   32|  loop rewind stp(delay=0 clock cycles(s))|
        |PE_false_false_7394357_U0                                         |PE_false_false_7394357                                         |       34|       35|   0.113 us|   0.117 us|   32|   32|  loop rewind stp(delay=0 clock cycles(s))|
        |PE_false_false_88109372_U0                                        |PE_false_false_88109372                                        |       34|       35|   0.113 us|   0.117 us|   32|   32|  loop rewind stp(delay=0 clock cycles(s))|
        |PE_false_false_103124387_U0                                       |PE_false_false_103124387                                       |       34|       35|   0.113 us|   0.117 us|   32|   32|  loop rewind stp(delay=0 clock cycles(s))|
        |PE_false_false_118139402_U0                                       |PE_false_false_118139402                                       |       34|       35|   0.113 us|   0.117 us|   32|   32|  loop rewind stp(delay=0 clock cycles(s))|
        |PE_false_false_133154417_U0                                       |PE_false_false_133154417                                       |       34|       35|   0.113 us|   0.117 us|   32|   32|  loop rewind stp(delay=0 clock cycles(s))|
        |PE_false_false_148169432_U0                                       |PE_false_false_148169432                                       |       34|       35|   0.113 us|   0.117 us|   32|   32|  loop rewind stp(delay=0 clock cycles(s))|
        |PE_false_false_163184447_U0                                       |PE_false_false_163184447                                       |       34|       35|   0.113 us|   0.117 us|   32|   32|  loop rewind stp(delay=0 clock cycles(s))|
        |PE_false_false_178199462_U0                                       |PE_false_false_178199462                                       |       34|       35|   0.113 us|   0.117 us|   32|   32|  loop rewind stp(delay=0 clock cycles(s))|
        |PE_false_false_193214477_U0                                       |PE_false_false_193214477                                       |       34|       35|   0.113 us|   0.117 us|   32|   32|  loop rewind stp(delay=0 clock cycles(s))|
        |PE_false_false_208229492_U0                                       |PE_false_false_208229492                                       |       34|       35|   0.113 us|   0.117 us|   32|   32|  loop rewind stp(delay=0 clock cycles(s))|
        |PE_false_false_223244507_U0                                       |PE_false_false_223244507                                       |       34|       35|   0.113 us|   0.117 us|   32|   32|  loop rewind stp(delay=0 clock cycles(s))|
        |PE_false_true_35298_U0                                            |PE_false_true_35298                                            |       34|       35|   0.113 us|   0.117 us|   32|   32|  loop rewind stp(delay=0 clock cycles(s))|
        |PE_false_false_2950313_U0                                         |PE_false_false_2950313                                         |       34|       35|   0.113 us|   0.117 us|   32|   32|  loop rewind stp(delay=0 clock cycles(s))|
        |PE_false_false_4465328_U0                                         |PE_false_false_4465328                                         |       34|       35|   0.113 us|   0.117 us|   32|   32|  loop rewind stp(delay=0 clock cycles(s))|
        |PE_false_false_5980343_U0                                         |PE_false_false_5980343                                         |       34|       35|   0.113 us|   0.117 us|   32|   32|  loop rewind stp(delay=0 clock cycles(s))|
        |PE_false_false_7495358_U0                                         |PE_false_false_7495358                                         |       34|       35|   0.113 us|   0.117 us|   32|   32|  loop rewind stp(delay=0 clock cycles(s))|
        |PE_false_false_89110373_U0                                        |PE_false_false_89110373                                        |       34|       35|   0.113 us|   0.117 us|   32|   32|  loop rewind stp(delay=0 clock cycles(s))|
        |PE_false_false_104125388_U0                                       |PE_false_false_104125388                                       |       34|       35|   0.113 us|   0.117 us|   32|   32|  loop rewind stp(delay=0 clock cycles(s))|
        |PE_false_false_119140403_U0                                       |PE_false_false_119140403                                       |       34|       35|   0.113 us|   0.117 us|   32|   32|  loop rewind stp(delay=0 clock cycles(s))|
        |PE_false_false_134155418_U0                                       |PE_false_false_134155418                                       |       34|       35|   0.113 us|   0.117 us|   32|   32|  loop rewind stp(delay=0 clock cycles(s))|
        |PE_false_false_149170433_U0                                       |PE_false_false_149170433                                       |       34|       35|   0.113 us|   0.117 us|   32|   32|  loop rewind stp(delay=0 clock cycles(s))|
        |PE_false_false_164185448_U0                                       |PE_false_false_164185448                                       |       34|       35|   0.113 us|   0.117 us|   32|   32|  loop rewind stp(delay=0 clock cycles(s))|
        |PE_false_false_179200463_U0                                       |PE_false_false_179200463                                       |       34|       35|   0.113 us|   0.117 us|   32|   32|  loop rewind stp(delay=0 clock cycles(s))|
        |PE_false_false_194215478_U0                                       |PE_false_false_194215478                                       |       34|       35|   0.113 us|   0.117 us|   32|   32|  loop rewind stp(delay=0 clock cycles(s))|
        |PE_false_false_209230493_U0                                       |PE_false_false_209230493                                       |       34|       35|   0.113 us|   0.117 us|   32|   32|  loop rewind stp(delay=0 clock cycles(s))|
        |PE_false_false_224245508_U0                                       |PE_false_false_224245508                                       |       34|       35|   0.113 us|   0.117 us|   32|   32|  loop rewind stp(delay=0 clock cycles(s))|
        |PE_true_false_260523_U0                                           |PE_true_false_260523                                           |       34|       35|   0.113 us|   0.117 us|   32|   32|  loop rewind stp(delay=0 clock cycles(s))|
        |PE_false_true_3051314_U0                                          |PE_false_true_3051314                                          |       34|       35|   0.113 us|   0.117 us|   32|   32|  loop rewind stp(delay=0 clock cycles(s))|
        |PE_false_false_4566329_U0                                         |PE_false_false_4566329                                         |       34|       35|   0.113 us|   0.117 us|   32|   32|  loop rewind stp(delay=0 clock cycles(s))|
        |PE_false_false_6081344_U0                                         |PE_false_false_6081344                                         |       34|       35|   0.113 us|   0.117 us|   32|   32|  loop rewind stp(delay=0 clock cycles(s))|
        |PE_false_false_7596359_U0                                         |PE_false_false_7596359                                         |       34|       35|   0.113 us|   0.117 us|   32|   32|  loop rewind stp(delay=0 clock cycles(s))|
        |PE_false_false_90111374_U0                                        |PE_false_false_90111374                                        |       34|       35|   0.113 us|   0.117 us|   32|   32|  loop rewind stp(delay=0 clock cycles(s))|
        |PE_false_false_105126389_U0                                       |PE_false_false_105126389                                       |       34|       35|   0.113 us|   0.117 us|   32|   32|  loop rewind stp(delay=0 clock cycles(s))|
        |PE_false_false_120141404_U0                                       |PE_false_false_120141404                                       |       34|       35|   0.113 us|   0.117 us|   32|   32|  loop rewind stp(delay=0 clock cycles(s))|
        |PE_false_false_135156419_U0                                       |PE_false_false_135156419                                       |       34|       35|   0.113 us|   0.117 us|   32|   32|  loop rewind stp(delay=0 clock cycles(s))|
        |PE_false_false_150171434_U0                                       |PE_false_false_150171434                                       |       34|       35|   0.113 us|   0.117 us|   32|   32|  loop rewind stp(delay=0 clock cycles(s))|
        |PE_false_false_165186449_U0                                       |PE_false_false_165186449                                       |       34|       35|   0.113 us|   0.117 us|   32|   32|  loop rewind stp(delay=0 clock cycles(s))|
        |PE_false_false_180201464_U0                                       |PE_false_false_180201464                                       |       34|       35|   0.113 us|   0.117 us|   32|   32|  loop rewind stp(delay=0 clock cycles(s))|
        |PE_false_false_195216479_U0                                       |PE_false_false_195216479                                       |       34|       35|   0.113 us|   0.117 us|   32|   32|  loop rewind stp(delay=0 clock cycles(s))|
        |PE_false_false_210231494_U0                                       |PE_false_false_210231494                                       |       34|       35|   0.113 us|   0.117 us|   32|   32|  loop rewind stp(delay=0 clock cycles(s))|
        |PE_false_false_225246509_U0                                       |PE_false_false_225246509                                       |       34|       35|   0.113 us|   0.117 us|   32|   32|  loop rewind stp(delay=0 clock cycles(s))|
        |PE_true_false_239261524_U0                                        |PE_true_false_239261524                                        |       34|       35|   0.113 us|   0.117 us|   32|   32|  loop rewind stp(delay=0 clock cycles(s))|
        |PE_false_true_4667330_U0                                          |PE_false_true_4667330                                          |       34|       35|   0.113 us|   0.117 us|   32|   32|  loop rewind stp(delay=0 clock cycles(s))|
        |PE_false_false_6182345_U0                                         |PE_false_false_6182345                                         |       34|       35|   0.113 us|   0.117 us|   32|   32|  loop rewind stp(delay=0 clock cycles(s))|
        |PE_false_false_7697360_U0                                         |PE_false_false_7697360                                         |       34|       35|   0.113 us|   0.117 us|   32|   32|  loop rewind stp(delay=0 clock cycles(s))|
        |PE_false_false_91112375_U0                                        |PE_false_false_91112375                                        |       34|       35|   0.113 us|   0.117 us|   32|   32|  loop rewind stp(delay=0 clock cycles(s))|
        |PE_false_false_106127390_U0                                       |PE_false_false_106127390                                       |       34|       35|   0.113 us|   0.117 us|   32|   32|  loop rewind stp(delay=0 clock cycles(s))|
        |PE_false_false_121142405_U0                                       |PE_false_false_121142405                                       |       34|       35|   0.113 us|   0.117 us|   32|   32|  loop rewind stp(delay=0 clock cycles(s))|
        |PE_false_false_136157420_U0                                       |PE_false_false_136157420                                       |       34|       35|   0.113 us|   0.117 us|   32|   32|  loop rewind stp(delay=0 clock cycles(s))|
        |PE_false_false_151172435_U0                                       |PE_false_false_151172435                                       |       34|       35|   0.113 us|   0.117 us|   32|   32|  loop rewind stp(delay=0 clock cycles(s))|
        |PE_false_false_166187450_U0                                       |PE_false_false_166187450                                       |       34|       35|   0.113 us|   0.117 us|   32|   32|  loop rewind stp(delay=0 clock cycles(s))|
        |PE_false_false_181202465_U0                                       |PE_false_false_181202465                                       |       34|       35|   0.113 us|   0.117 us|   32|   32|  loop rewind stp(delay=0 clock cycles(s))|
        |PE_false_false_196217480_U0                                       |PE_false_false_196217480                                       |       34|       35|   0.113 us|   0.117 us|   32|   32|  loop rewind stp(delay=0 clock cycles(s))|
        |PE_false_false_211232495_U0                                       |PE_false_false_211232495                                       |       34|       35|   0.113 us|   0.117 us|   32|   32|  loop rewind stp(delay=0 clock cycles(s))|
        |PE_false_false_226247510_U0                                       |PE_false_false_226247510                                       |       34|       35|   0.113 us|   0.117 us|   32|   32|  loop rewind stp(delay=0 clock cycles(s))|
        |PE_true_false_240262525_U0                                        |PE_true_false_240262525                                        |       34|       35|   0.113 us|   0.117 us|   32|   32|  loop rewind stp(delay=0 clock cycles(s))|
        |PE_false_true_6283346_U0                                          |PE_false_true_6283346                                          |       34|       35|   0.113 us|   0.117 us|   32|   32|  loop rewind stp(delay=0 clock cycles(s))|
        |PE_false_false_7798361_U0                                         |PE_false_false_7798361                                         |       34|       35|   0.113 us|   0.117 us|   32|   32|  loop rewind stp(delay=0 clock cycles(s))|
        |PE_false_false_92113376_U0                                        |PE_false_false_92113376                                        |       34|       35|   0.113 us|   0.117 us|   32|   32|  loop rewind stp(delay=0 clock cycles(s))|
        |PE_false_false_107128391_U0                                       |PE_false_false_107128391                                       |       34|       35|   0.113 us|   0.117 us|   32|   32|  loop rewind stp(delay=0 clock cycles(s))|
        |PE_false_false_122143406_U0                                       |PE_false_false_122143406                                       |       34|       35|   0.113 us|   0.117 us|   32|   32|  loop rewind stp(delay=0 clock cycles(s))|
        |PE_false_false_137158421_U0                                       |PE_false_false_137158421                                       |       34|       35|   0.113 us|   0.117 us|   32|   32|  loop rewind stp(delay=0 clock cycles(s))|
        |PE_false_false_152173436_U0                                       |PE_false_false_152173436                                       |       34|       35|   0.113 us|   0.117 us|   32|   32|  loop rewind stp(delay=0 clock cycles(s))|
        |PE_false_false_167188451_U0                                       |PE_false_false_167188451                                       |       34|       35|   0.113 us|   0.117 us|   32|   32|  loop rewind stp(delay=0 clock cycles(s))|
        |PE_false_false_182203466_U0                                       |PE_false_false_182203466                                       |       34|       35|   0.113 us|   0.117 us|   32|   32|  loop rewind stp(delay=0 clock cycles(s))|
        |PE_false_false_197218481_U0                                       |PE_false_false_197218481                                       |       34|       35|   0.113 us|   0.117 us|   32|   32|  loop rewind stp(delay=0 clock cycles(s))|
        |PE_false_false_212233496_U0                                       |PE_false_false_212233496                                       |       34|       35|   0.113 us|   0.117 us|   32|   32|  loop rewind stp(delay=0 clock cycles(s))|
        |PE_false_false_227248511_U0                                       |PE_false_false_227248511                                       |       34|       35|   0.113 us|   0.117 us|   32|   32|  loop rewind stp(delay=0 clock cycles(s))|
        |PE_true_false_241263526_U0                                        |PE_true_false_241263526                                        |       34|       35|   0.113 us|   0.117 us|   32|   32|  loop rewind stp(delay=0 clock cycles(s))|
        |PE_false_true_7899362_U0                                          |PE_false_true_7899362                                          |       34|       35|   0.113 us|   0.117 us|   32|   32|  loop rewind stp(delay=0 clock cycles(s))|
        |PE_false_false_93114377_U0                                        |PE_false_false_93114377                                        |       34|       35|   0.113 us|   0.117 us|   32|   32|  loop rewind stp(delay=0 clock cycles(s))|
        |PE_false_false_108129392_U0                                       |PE_false_false_108129392                                       |       34|       35|   0.113 us|   0.117 us|   32|   32|  loop rewind stp(delay=0 clock cycles(s))|
        |PE_false_false_123144407_U0                                       |PE_false_false_123144407                                       |       34|       35|   0.113 us|   0.117 us|   32|   32|  loop rewind stp(delay=0 clock cycles(s))|
        |PE_false_false_138159422_U0                                       |PE_false_false_138159422                                       |       34|       35|   0.113 us|   0.117 us|   32|   32|  loop rewind stp(delay=0 clock cycles(s))|
        |PE_false_false_153174437_U0                                       |PE_false_false_153174437                                       |       34|       35|   0.113 us|   0.117 us|   32|   32|  loop rewind stp(delay=0 clock cycles(s))|
        |PE_false_false_168189452_U0                                       |PE_false_false_168189452                                       |       34|       35|   0.113 us|   0.117 us|   32|   32|  loop rewind stp(delay=0 clock cycles(s))|
        |PE_false_false_183204467_U0                                       |PE_false_false_183204467                                       |       34|       35|   0.113 us|   0.117 us|   32|   32|  loop rewind stp(delay=0 clock cycles(s))|
        |PE_false_false_198219482_U0                                       |PE_false_false_198219482                                       |       34|       35|   0.113 us|   0.117 us|   32|   32|  loop rewind stp(delay=0 clock cycles(s))|
        |PE_false_false_213234497_U0                                       |PE_false_false_213234497                                       |       34|       35|   0.113 us|   0.117 us|   32|   32|  loop rewind stp(delay=0 clock cycles(s))|
        |PE_false_false_228249512_U0                                       |PE_false_false_228249512                                       |       34|       35|   0.113 us|   0.117 us|   32|   32|  loop rewind stp(delay=0 clock cycles(s))|
        |PE_true_false_242264527_U0                                        |PE_true_false_242264527                                        |       34|       35|   0.113 us|   0.117 us|   32|   32|  loop rewind stp(delay=0 clock cycles(s))|
        |PE_false_true_94115378_U0                                         |PE_false_true_94115378                                         |       34|       35|   0.113 us|   0.117 us|   32|   32|  loop rewind stp(delay=0 clock cycles(s))|
        |PE_false_false_109130393_U0                                       |PE_false_false_109130393                                       |       34|       35|   0.113 us|   0.117 us|   32|   32|  loop rewind stp(delay=0 clock cycles(s))|
        |PE_false_false_124145408_U0                                       |PE_false_false_124145408                                       |       34|       35|   0.113 us|   0.117 us|   32|   32|  loop rewind stp(delay=0 clock cycles(s))|
        |PE_false_false_139160423_U0                                       |PE_false_false_139160423                                       |       34|       35|   0.113 us|   0.117 us|   32|   32|  loop rewind stp(delay=0 clock cycles(s))|
        |PE_false_false_154175438_U0                                       |PE_false_false_154175438                                       |       34|       35|   0.113 us|   0.117 us|   32|   32|  loop rewind stp(delay=0 clock cycles(s))|
        |PE_false_false_169190453_U0                                       |PE_false_false_169190453                                       |       34|       35|   0.113 us|   0.117 us|   32|   32|  loop rewind stp(delay=0 clock cycles(s))|
        |PE_false_false_184205468_U0                                       |PE_false_false_184205468                                       |       34|       35|   0.113 us|   0.117 us|   32|   32|  loop rewind stp(delay=0 clock cycles(s))|
        |PE_false_false_199220483_U0                                       |PE_false_false_199220483                                       |       34|       35|   0.113 us|   0.117 us|   32|   32|  loop rewind stp(delay=0 clock cycles(s))|
        |PE_false_false_214235498_U0                                       |PE_false_false_214235498                                       |       34|       35|   0.113 us|   0.117 us|   32|   32|  loop rewind stp(delay=0 clock cycles(s))|
        |PE_false_false_229250513_U0                                       |PE_false_false_229250513                                       |       34|       35|   0.113 us|   0.117 us|   32|   32|  loop rewind stp(delay=0 clock cycles(s))|
        |PE_true_false_243265528_U0                                        |PE_true_false_243265528                                        |       34|       35|   0.113 us|   0.117 us|   32|   32|  loop rewind stp(delay=0 clock cycles(s))|
        |PE_false_true_110131394_U0                                        |PE_false_true_110131394                                        |       34|       35|   0.113 us|   0.117 us|   32|   32|  loop rewind stp(delay=0 clock cycles(s))|
        |PE_false_false_125146409_U0                                       |PE_false_false_125146409                                       |       34|       35|   0.113 us|   0.117 us|   32|   32|  loop rewind stp(delay=0 clock cycles(s))|
        |PE_false_false_140161424_U0                                       |PE_false_false_140161424                                       |       34|       35|   0.113 us|   0.117 us|   32|   32|  loop rewind stp(delay=0 clock cycles(s))|
        |PE_false_false_155176439_U0                                       |PE_false_false_155176439                                       |       34|       35|   0.113 us|   0.117 us|   32|   32|  loop rewind stp(delay=0 clock cycles(s))|
        |PE_false_false_170191454_U0                                       |PE_false_false_170191454                                       |       34|       35|   0.113 us|   0.117 us|   32|   32|  loop rewind stp(delay=0 clock cycles(s))|
        |PE_false_false_185206469_U0                                       |PE_false_false_185206469                                       |       34|       35|   0.113 us|   0.117 us|   32|   32|  loop rewind stp(delay=0 clock cycles(s))|
        |PE_false_false_200221484_U0                                       |PE_false_false_200221484                                       |       34|       35|   0.113 us|   0.117 us|   32|   32|  loop rewind stp(delay=0 clock cycles(s))|
        |PE_false_false_215236499_U0                                       |PE_false_false_215236499                                       |       34|       35|   0.113 us|   0.117 us|   32|   32|  loop rewind stp(delay=0 clock cycles(s))|
        |PE_false_false_230251514_U0                                       |PE_false_false_230251514                                       |       34|       35|   0.113 us|   0.117 us|   32|   32|  loop rewind stp(delay=0 clock cycles(s))|
        |PE_true_false_244266529_U0                                        |PE_true_false_244266529                                        |       34|       35|   0.113 us|   0.117 us|   32|   32|  loop rewind stp(delay=0 clock cycles(s))|
        |PE_false_true_126147410_U0                                        |PE_false_true_126147410                                        |       34|       35|   0.113 us|   0.117 us|   32|   32|  loop rewind stp(delay=0 clock cycles(s))|
        |PE_false_false_141162425_U0                                       |PE_false_false_141162425                                       |       34|       35|   0.113 us|   0.117 us|   32|   32|  loop rewind stp(delay=0 clock cycles(s))|
        |PE_false_false_156177440_U0                                       |PE_false_false_156177440                                       |       34|       35|   0.113 us|   0.117 us|   32|   32|  loop rewind stp(delay=0 clock cycles(s))|
        |PE_false_false_171192455_U0                                       |PE_false_false_171192455                                       |       34|       35|   0.113 us|   0.117 us|   32|   32|  loop rewind stp(delay=0 clock cycles(s))|
        |PE_false_false_186207470_U0                                       |PE_false_false_186207470                                       |       34|       35|   0.113 us|   0.117 us|   32|   32|  loop rewind stp(delay=0 clock cycles(s))|
        |PE_false_false_201222485_U0                                       |PE_false_false_201222485                                       |       34|       35|   0.113 us|   0.117 us|   32|   32|  loop rewind stp(delay=0 clock cycles(s))|
        |PE_false_false_216237500_U0                                       |PE_false_false_216237500                                       |       34|       35|   0.113 us|   0.117 us|   32|   32|  loop rewind stp(delay=0 clock cycles(s))|
        |PE_false_false_231252515_U0                                       |PE_false_false_231252515                                       |       34|       35|   0.113 us|   0.117 us|   32|   32|  loop rewind stp(delay=0 clock cycles(s))|
        |PE_true_false_245267530_U0                                        |PE_true_false_245267530                                        |       34|       35|   0.113 us|   0.117 us|   32|   32|  loop rewind stp(delay=0 clock cycles(s))|
        |PE_false_true_142163426_U0                                        |PE_false_true_142163426                                        |       34|       35|   0.113 us|   0.117 us|   32|   32|  loop rewind stp(delay=0 clock cycles(s))|
        |PE_false_false_157178441_U0                                       |PE_false_false_157178441                                       |       34|       35|   0.113 us|   0.117 us|   32|   32|  loop rewind stp(delay=0 clock cycles(s))|
        |PE_false_false_172193456_U0                                       |PE_false_false_172193456                                       |       34|       35|   0.113 us|   0.117 us|   32|   32|  loop rewind stp(delay=0 clock cycles(s))|
        |PE_false_false_187208471_U0                                       |PE_false_false_187208471                                       |       34|       35|   0.113 us|   0.117 us|   32|   32|  loop rewind stp(delay=0 clock cycles(s))|
        |PE_false_false_202223486_U0                                       |PE_false_false_202223486                                       |       34|       35|   0.113 us|   0.117 us|   32|   32|  loop rewind stp(delay=0 clock cycles(s))|
        |PE_false_false_217238501_U0                                       |PE_false_false_217238501                                       |       34|       35|   0.113 us|   0.117 us|   32|   32|  loop rewind stp(delay=0 clock cycles(s))|
        |PE_false_false_232253516_U0                                       |PE_false_false_232253516                                       |       34|       35|   0.113 us|   0.117 us|   32|   32|  loop rewind stp(delay=0 clock cycles(s))|
        |PE_true_false_246268531_U0                                        |PE_true_false_246268531                                        |       34|       35|   0.113 us|   0.117 us|   32|   32|  loop rewind stp(delay=0 clock cycles(s))|
        |PE_false_true_158179442_U0                                        |PE_false_true_158179442                                        |       34|       35|   0.113 us|   0.117 us|   32|   32|  loop rewind stp(delay=0 clock cycles(s))|
        |PE_false_false_173194457_U0                                       |PE_false_false_173194457                                       |       34|       35|   0.113 us|   0.117 us|   32|   32|  loop rewind stp(delay=0 clock cycles(s))|
        |PE_false_false_188209472_U0                                       |PE_false_false_188209472                                       |       34|       35|   0.113 us|   0.117 us|   32|   32|  loop rewind stp(delay=0 clock cycles(s))|
        |PE_false_false_203224487_U0                                       |PE_false_false_203224487                                       |       34|       35|   0.113 us|   0.117 us|   32|   32|  loop rewind stp(delay=0 clock cycles(s))|
        |PE_false_false_218239502_U0                                       |PE_false_false_218239502                                       |       34|       35|   0.113 us|   0.117 us|   32|   32|  loop rewind stp(delay=0 clock cycles(s))|
        |PE_false_false_233254517_U0                                       |PE_false_false_233254517                                       |       34|       35|   0.113 us|   0.117 us|   32|   32|  loop rewind stp(delay=0 clock cycles(s))|
        |PE_true_false_247269532_U0                                        |PE_true_false_247269532                                        |       34|       35|   0.113 us|   0.117 us|   32|   32|  loop rewind stp(delay=0 clock cycles(s))|
        |PE_false_true_174195458_U0                                        |PE_false_true_174195458                                        |       34|       35|   0.113 us|   0.117 us|   32|   32|  loop rewind stp(delay=0 clock cycles(s))|
        |PE_false_false_189210473_U0                                       |PE_false_false_189210473                                       |       34|       35|   0.113 us|   0.117 us|   32|   32|  loop rewind stp(delay=0 clock cycles(s))|
        |PE_false_false_204225488_U0                                       |PE_false_false_204225488                                       |       34|       35|   0.113 us|   0.117 us|   32|   32|  loop rewind stp(delay=0 clock cycles(s))|
        |PE_false_false_219240503_U0                                       |PE_false_false_219240503                                       |       34|       35|   0.113 us|   0.117 us|   32|   32|  loop rewind stp(delay=0 clock cycles(s))|
        |PE_false_false_234255518_U0                                       |PE_false_false_234255518                                       |       34|       35|   0.113 us|   0.117 us|   32|   32|  loop rewind stp(delay=0 clock cycles(s))|
        |PE_true_false_248270533_U0                                        |PE_true_false_248270533                                        |       34|       35|   0.113 us|   0.117 us|   32|   32|  loop rewind stp(delay=0 clock cycles(s))|
        |PE_false_true_190211474_U0                                        |PE_false_true_190211474                                        |       34|       35|   0.113 us|   0.117 us|   32|   32|  loop rewind stp(delay=0 clock cycles(s))|
        |PE_false_false_205226489_U0                                       |PE_false_false_205226489                                       |       34|       35|   0.113 us|   0.117 us|   32|   32|  loop rewind stp(delay=0 clock cycles(s))|
        |PE_false_false_220241504_U0                                       |PE_false_false_220241504                                       |       34|       35|   0.113 us|   0.117 us|   32|   32|  loop rewind stp(delay=0 clock cycles(s))|
        |PE_false_false_235256519_U0                                       |PE_false_false_235256519                                       |       34|       35|   0.113 us|   0.117 us|   32|   32|  loop rewind stp(delay=0 clock cycles(s))|
        |PE_true_false_249271534_U0                                        |PE_true_false_249271534                                        |       34|       35|   0.113 us|   0.117 us|   32|   32|  loop rewind stp(delay=0 clock cycles(s))|
        |PE_false_true_206227490_U0                                        |PE_false_true_206227490                                        |       34|       35|   0.113 us|   0.117 us|   32|   32|  loop rewind stp(delay=0 clock cycles(s))|
        |PE_false_false_221242505_U0                                       |PE_false_false_221242505                                       |       34|       35|   0.113 us|   0.117 us|   32|   32|  loop rewind stp(delay=0 clock cycles(s))|
        |PE_false_false_236257520_U0                                       |PE_false_false_236257520                                       |       34|       35|   0.113 us|   0.117 us|   32|   32|  loop rewind stp(delay=0 clock cycles(s))|
        |PE_true_false_250272535_U0                                        |PE_true_false_250272535                                        |       34|       35|   0.113 us|   0.117 us|   32|   32|  loop rewind stp(delay=0 clock cycles(s))|
        |PE_false_true_222243506_U0                                        |PE_false_true_222243506                                        |       34|       35|   0.113 us|   0.117 us|   32|   32|  loop rewind stp(delay=0 clock cycles(s))|
        |PE_false_false_237258521_U0                                       |PE_false_false_237258521                                       |       34|       35|   0.113 us|   0.117 us|   32|   32|  loop rewind stp(delay=0 clock cycles(s))|
        |PE_true_false_251273536_U0                                        |PE_true_false_251273536                                        |       34|       35|   0.113 us|   0.117 us|   32|   32|  loop rewind stp(delay=0 clock cycles(s))|
        |PE_false_true_238259522_U0                                        |PE_false_true_238259522                                        |       34|       35|   0.113 us|   0.117 us|   32|   32|  loop rewind stp(delay=0 clock cycles(s))|
        |PE_true_false_252274537_U0                                        |PE_true_false_252274537                                        |       34|       35|   0.113 us|   0.117 us|   32|   32|  loop rewind stp(delay=0 clock cycles(s))|
        |PE_true_true_275538_U0                                            |PE_true_true_275538                                            |       34|       35|   0.113 us|   0.117 us|   32|   32|  loop rewind stp(delay=0 clock cycles(s))|
        |dataflow_in_loop_tile_loop_A_Block_newFuncRoot1325_proc276539_U0  |dataflow_in_loop_tile_loop_A_Block_newFuncRoot1325_proc276539  |       20|       20|  66.660 ns|  66.660 ns|   20|   20|                                        no|
        +------------------------------------------------------------------+---------------------------------------------------------------+---------+---------+-----------+-----------+-----+-----+------------------------------------------+

        * Loop: 
        N/A



================================================================
== Utilization Estimates
================================================================
* Summary: 
+-----------------+---------+------+---------+--------+-----+
|       Name      | BRAM_18K|  DSP |    FF   |   LUT  | URAM|
+-----------------+---------+------+---------+--------+-----+
|DSP              |        -|     -|        -|       -|    -|
|Expression       |        -|     -|        0|    2072|    -|
|FIFO             |        0|     -|   143428|  117602|    -|
|Instance         |        -|   256|    56634|   54650|    -|
|Memory           |        -|     -|        -|       -|    -|
|Multiplexer      |        -|     -|        -|    1030|    -|
|Register         |        -|     -|      515|       -|    -|
+-----------------+---------+------+---------+--------+-----+
|Total            |        0|   256|   200577|  175354|    0|
+-----------------+---------+------+---------+--------+-----+
|Available        |     1934|  1968|  1799680|  899840|  463|
+-----------------+---------+------+---------+--------+-----+
|Utilization (%)  |        0|    13|       11|      19|    0|
+-----------------+---------+------+---------+--------+-----+

+ Detail: 
    * Instance: 
    +------------------------------------------------------------------+---------------------------------------------------------------+---------+----+-------+-------+-----+
    |                             Instance                             |                             Module                            | BRAM_18K| DSP|   FF  |  LUT  | URAM|
    +------------------------------------------------------------------+---------------------------------------------------------------+---------+----+-------+-------+-----+
    |B_Buf_to_stream5282_U0                                            |B_Buf_to_stream5282                                            |        0|   0|    522|   5701|    0|
    |PE_false_false_100121384_U0                                       |PE_false_false_100121384                                       |        0|   1|     90|     56|    0|
    |PE_false_false_101122385_U0                                       |PE_false_false_101122385                                       |        0|   1|     91|     58|    0|
    |PE_false_false_102123386_U0                                       |PE_false_false_102123386                                       |        0|   1|     91|     58|    0|
    |PE_false_false_1030293_U0                                         |PE_false_false_1030293                                         |        0|   1|     91|     58|    0|
    |PE_false_false_103124387_U0                                       |PE_false_false_103124387                                       |        0|   1|     91|     58|    0|
    |PE_false_false_104125388_U0                                       |PE_false_false_104125388                                       |        0|   1|     91|     58|    0|
    |PE_false_false_105126389_U0                                       |PE_false_false_105126389                                       |        0|   1|     91|     58|    0|
    |PE_false_false_106127390_U0                                       |PE_false_false_106127390                                       |        0|   1|     91|     58|    0|
    |PE_false_false_107128391_U0                                       |PE_false_false_107128391                                       |        0|   1|     91|     58|    0|
    |PE_false_false_108129392_U0                                       |PE_false_false_108129392                                       |        0|   1|     91|     58|    0|
    |PE_false_false_109130393_U0                                       |PE_false_false_109130393                                       |        0|   1|     91|     58|    0|
    |PE_false_false_110284_U0                                          |PE_false_false_110284                                          |        0|   1|     91|     58|    0|
    |PE_false_false_111132395_U0                                       |PE_false_false_111132395                                       |        0|   1|     91|     58|    0|
    |PE_false_false_112133396_U0                                       |PE_false_false_112133396                                       |        0|   1|     91|     58|    0|
    |PE_false_false_1131294_U0                                         |PE_false_false_1131294                                         |        0|   1|     91|     58|    0|
    |PE_false_false_113134397_U0                                       |PE_false_false_113134397                                       |        0|   1|     91|     58|    0|
    |PE_false_false_114135398_U0                                       |PE_false_false_114135398                                       |        0|   1|     91|     58|    0|
    |PE_false_false_115136399_U0                                       |PE_false_false_115136399                                       |        0|   1|     91|     58|    0|
    |PE_false_false_116137400_U0                                       |PE_false_false_116137400                                       |        0|   1|     90|     56|    0|
    |PE_false_false_117138401_U0                                       |PE_false_false_117138401                                       |        0|   1|     90|     56|    0|
    |PE_false_false_118139402_U0                                       |PE_false_false_118139402                                       |        0|   1|     91|     58|    0|
    |PE_false_false_119140403_U0                                       |PE_false_false_119140403                                       |        0|   1|     91|     58|    0|
    |PE_false_false_120141404_U0                                       |PE_false_false_120141404                                       |        0|   1|     91|     58|    0|
    |PE_false_false_121142405_U0                                       |PE_false_false_121142405                                       |        0|   1|     91|     58|    0|
    |PE_false_false_122143406_U0                                       |PE_false_false_122143406                                       |        0|   1|     91|     58|    0|
    |PE_false_false_123144407_U0                                       |PE_false_false_123144407                                       |        0|   1|     91|     58|    0|
    |PE_false_false_1232295_U0                                         |PE_false_false_1232295                                         |        0|   1|     91|     58|    0|
    |PE_false_false_124145408_U0                                       |PE_false_false_124145408                                       |        0|   1|     91|     58|    0|
    |PE_false_false_125146409_U0                                       |PE_false_false_125146409                                       |        0|   1|     91|     58|    0|
    |PE_false_false_127148411_U0                                       |PE_false_false_127148411                                       |        0|   1|     91|     58|    0|
    |PE_false_false_128149412_U0                                       |PE_false_false_128149412                                       |        0|   1|     91|     58|    0|
    |PE_false_false_129150413_U0                                       |PE_false_false_129150413                                       |        0|   1|     91|     58|    0|
    |PE_false_false_130151414_U0                                       |PE_false_false_130151414                                       |        0|   1|     91|     58|    0|
    |PE_false_false_131152415_U0                                       |PE_false_false_131152415                                       |        0|   1|     91|     58|    0|
    |PE_false_false_132153416_U0                                       |PE_false_false_132153416                                       |        0|   1|     91|     58|    0|
    |PE_false_false_133154417_U0                                       |PE_false_false_133154417                                       |        0|   1|     90|     56|    0|
    |PE_false_false_1333296_U0                                         |PE_false_false_1333296                                         |        0|   1|     91|     58|    0|
    |PE_false_false_134155418_U0                                       |PE_false_false_134155418                                       |        0|   1|     90|     56|    0|
    |PE_false_false_135156419_U0                                       |PE_false_false_135156419                                       |        0|   1|     91|     58|    0|
    |PE_false_false_136157420_U0                                       |PE_false_false_136157420                                       |        0|   1|     91|     58|    0|
    |PE_false_false_137158421_U0                                       |PE_false_false_137158421                                       |        0|   1|     91|     58|    0|
    |PE_false_false_138159422_U0                                       |PE_false_false_138159422                                       |        0|   1|     91|     58|    0|
    |PE_false_false_139160423_U0                                       |PE_false_false_139160423                                       |        0|   1|     91|     58|    0|
    |PE_false_false_140161424_U0                                       |PE_false_false_140161424                                       |        0|   1|     91|     58|    0|
    |PE_false_false_141162425_U0                                       |PE_false_false_141162425                                       |        0|   1|     91|     58|    0|
    |PE_false_false_143164427_U0                                       |PE_false_false_143164427                                       |        0|   1|     91|     58|    0|
    |PE_false_false_1434297_U0                                         |PE_false_false_1434297                                         |        0|   1|     91|     58|    0|
    |PE_false_false_144165428_U0                                       |PE_false_false_144165428                                       |        0|   1|     91|     58|    0|
    |PE_false_false_145166429_U0                                       |PE_false_false_145166429                                       |        0|   1|     91|     58|    0|
    |PE_false_false_146167430_U0                                       |PE_false_false_146167430                                       |        0|   1|     91|     58|    0|
    |PE_false_false_147168431_U0                                       |PE_false_false_147168431                                       |        0|   1|     91|     58|    0|
    |PE_false_false_148169432_U0                                       |PE_false_false_148169432                                       |        0|   1|     91|     58|    0|
    |PE_false_false_149170433_U0                                       |PE_false_false_149170433                                       |        0|   1|     91|     58|    0|
    |PE_false_false_150171434_U0                                       |PE_false_false_150171434                                       |        0|   1|     90|     56|    0|
    |PE_false_false_151172435_U0                                       |PE_false_false_151172435                                       |        0|   1|     90|     56|    0|
    |PE_false_false_152173436_U0                                       |PE_false_false_152173436                                       |        0|   1|     91|     58|    0|
    |PE_false_false_153174437_U0                                       |PE_false_false_153174437                                       |        0|   1|     91|     58|    0|
    |PE_false_false_1536299_U0                                         |PE_false_false_1536299                                         |        0|   1|     90|     56|    0|
    |PE_false_false_154175438_U0                                       |PE_false_false_154175438                                       |        0|   1|     91|     58|    0|
    |PE_false_false_155176439_U0                                       |PE_false_false_155176439                                       |        0|   1|     91|     58|    0|
    |PE_false_false_156177440_U0                                       |PE_false_false_156177440                                       |        0|   1|     91|     58|    0|
    |PE_false_false_157178441_U0                                       |PE_false_false_157178441                                       |        0|   1|     91|     58|    0|
    |PE_false_false_159180443_U0                                       |PE_false_false_159180443                                       |        0|   1|     91|     58|    0|
    |PE_false_false_160181444_U0                                       |PE_false_false_160181444                                       |        0|   1|     91|     58|    0|
    |PE_false_false_161182445_U0                                       |PE_false_false_161182445                                       |        0|   1|     91|     58|    0|
    |PE_false_false_162183446_U0                                       |PE_false_false_162183446                                       |        0|   1|     91|     58|    0|
    |PE_false_false_163184447_U0                                       |PE_false_false_163184447                                       |        0|   1|     91|     58|    0|
    |PE_false_false_1637300_U0                                         |PE_false_false_1637300                                         |        0|   1|     91|     58|    0|
    |PE_false_false_164185448_U0                                       |PE_false_false_164185448                                       |        0|   1|     91|     58|    0|
    |PE_false_false_165186449_U0                                       |PE_false_false_165186449                                       |        0|   1|     91|     58|    0|
    |PE_false_false_166187450_U0                                       |PE_false_false_166187450                                       |        0|   1|     91|     58|    0|
    |PE_false_false_167188451_U0                                       |PE_false_false_167188451                                       |        0|   1|     90|     56|    0|
    |PE_false_false_168189452_U0                                       |PE_false_false_168189452                                       |        0|   1|     90|     56|    0|
    |PE_false_false_169190453_U0                                       |PE_false_false_169190453                                       |        0|   1|     91|     58|    0|
    |PE_false_false_170191454_U0                                       |PE_false_false_170191454                                       |        0|   1|     91|     58|    0|
    |PE_false_false_171192455_U0                                       |PE_false_false_171192455                                       |        0|   1|     91|     58|    0|
    |PE_false_false_172193456_U0                                       |PE_false_false_172193456                                       |        0|   1|     91|     58|    0|
    |PE_false_false_173194457_U0                                       |PE_false_false_173194457                                       |        0|   1|     91|     58|    0|
    |PE_false_false_1738301_U0                                         |PE_false_false_1738301                                         |        0|   1|     91|     58|    0|
    |PE_false_false_175196459_U0                                       |PE_false_false_175196459                                       |        0|   1|     91|     58|    0|
    |PE_false_false_176197460_U0                                       |PE_false_false_176197460                                       |        0|   1|     91|     58|    0|
    |PE_false_false_177198461_U0                                       |PE_false_false_177198461                                       |        0|   1|     91|     58|    0|
    |PE_false_false_178199462_U0                                       |PE_false_false_178199462                                       |        0|   1|     91|     58|    0|
    |PE_false_false_179200463_U0                                       |PE_false_false_179200463                                       |        0|   1|     91|     58|    0|
    |PE_false_false_180201464_U0                                       |PE_false_false_180201464                                       |        0|   1|     91|     58|    0|
    |PE_false_false_181202465_U0                                       |PE_false_false_181202465                                       |        0|   1|     91|     58|    0|
    |PE_false_false_182203466_U0                                       |PE_false_false_182203466                                       |        0|   1|     91|     58|    0|
    |PE_false_false_183204467_U0                                       |PE_false_false_183204467                                       |        0|   1|     91|     58|    0|
    |PE_false_false_1839302_U0                                         |PE_false_false_1839302                                         |        0|   1|     91|     58|    0|
    |PE_false_false_184205468_U0                                       |PE_false_false_184205468                                       |        0|   1|     90|     56|    0|
    |PE_false_false_185206469_U0                                       |PE_false_false_185206469                                       |        0|   1|     90|     56|    0|
    |PE_false_false_186207470_U0                                       |PE_false_false_186207470                                       |        0|   1|     91|     58|    0|
    |PE_false_false_187208471_U0                                       |PE_false_false_187208471                                       |        0|   1|     91|     58|    0|
    |PE_false_false_188209472_U0                                       |PE_false_false_188209472                                       |        0|   1|     91|     58|    0|
    |PE_false_false_189210473_U0                                       |PE_false_false_189210473                                       |        0|   1|     91|     58|    0|
    |PE_false_false_191212475_U0                                       |PE_false_false_191212475                                       |        0|   1|     91|     58|    0|
    |PE_false_false_192213476_U0                                       |PE_false_false_192213476                                       |        0|   1|     91|     58|    0|
    |PE_false_false_193214477_U0                                       |PE_false_false_193214477                                       |        0|   1|     91|     58|    0|
    |PE_false_false_1940303_U0                                         |PE_false_false_1940303                                         |        0|   1|     91|     58|    0|
    |PE_false_false_194215478_U0                                       |PE_false_false_194215478                                       |        0|   1|     91|     58|    0|
    |PE_false_false_195216479_U0                                       |PE_false_false_195216479                                       |        0|   1|     91|     58|    0|
    |PE_false_false_196217480_U0                                       |PE_false_false_196217480                                       |        0|   1|     91|     58|    0|
    |PE_false_false_197218481_U0                                       |PE_false_false_197218481                                       |        0|   1|     91|     58|    0|
    |PE_false_false_198219482_U0                                       |PE_false_false_198219482                                       |        0|   1|     91|     58|    0|
    |PE_false_false_199220483_U0                                       |PE_false_false_199220483                                       |        0|   1|     91|     58|    0|
    |PE_false_false_200221484_U0                                       |PE_false_false_200221484                                       |        0|   1|     91|     58|    0|
    |PE_false_false_201222485_U0                                       |PE_false_false_201222485                                       |        0|   1|     90|     56|    0|
    |PE_false_false_202223486_U0                                       |PE_false_false_202223486                                       |        0|   1|     90|     56|    0|
    |PE_false_false_203224487_U0                                       |PE_false_false_203224487                                       |        0|   1|     91|     58|    0|
    |PE_false_false_2041304_U0                                         |PE_false_false_2041304                                         |        0|   1|     91|     58|    0|
    |PE_false_false_204225488_U0                                       |PE_false_false_204225488                                       |        0|   1|     91|     58|    0|
    |PE_false_false_205226489_U0                                       |PE_false_false_205226489                                       |        0|   1|     91|     58|    0|
    |PE_false_false_207228491_U0                                       |PE_false_false_207228491                                       |        0|   1|     91|     58|    0|
    |PE_false_false_208229492_U0                                       |PE_false_false_208229492                                       |        0|   1|     91|     58|    0|
    |PE_false_false_209230493_U0                                       |PE_false_false_209230493                                       |        0|   1|     91|     58|    0|
    |PE_false_false_210231494_U0                                       |PE_false_false_210231494                                       |        0|   1|     91|     58|    0|
    |PE_false_false_211232495_U0                                       |PE_false_false_211232495                                       |        0|   1|     91|     58|    0|
    |PE_false_false_212233496_U0                                       |PE_false_false_212233496                                       |        0|   1|     91|     58|    0|
    |PE_false_false_213234497_U0                                       |PE_false_false_213234497                                       |        0|   1|     91|     58|    0|
    |PE_false_false_2142305_U0                                         |PE_false_false_2142305                                         |        0|   1|     91|     58|    0|
    |PE_false_false_214235498_U0                                       |PE_false_false_214235498                                       |        0|   1|     91|     58|    0|
    |PE_false_false_215236499_U0                                       |PE_false_false_215236499                                       |        0|   1|     91|     58|    0|
    |PE_false_false_216237500_U0                                       |PE_false_false_216237500                                       |        0|   1|     91|     58|    0|
    |PE_false_false_217238501_U0                                       |PE_false_false_217238501                                       |        0|   1|     91|     58|    0|
    |PE_false_false_218239502_U0                                       |PE_false_false_218239502                                       |        0|   1|     90|     56|    0|
    |PE_false_false_219240503_U0                                       |PE_false_false_219240503                                       |        0|   1|     90|     56|    0|
    |PE_false_false_220241504_U0                                       |PE_false_false_220241504                                       |        0|   1|     91|     58|    0|
    |PE_false_false_221242505_U0                                       |PE_false_false_221242505                                       |        0|   1|     91|     58|    0|
    |PE_false_false_222285_U0                                          |PE_false_false_222285                                          |        0|   1|     91|     58|    0|
    |PE_false_false_223244507_U0                                       |PE_false_false_223244507                                       |        0|   1|     91|     58|    0|
    |PE_false_false_224245508_U0                                       |PE_false_false_224245508                                       |        0|   1|     91|     58|    0|
    |PE_false_false_2243306_U0                                         |PE_false_false_2243306                                         |        0|   1|     91|     58|    0|
    |PE_false_false_225246509_U0                                       |PE_false_false_225246509                                       |        0|   1|     91|     58|    0|
    |PE_false_false_226247510_U0                                       |PE_false_false_226247510                                       |        0|   1|     91|     58|    0|
    |PE_false_false_227248511_U0                                       |PE_false_false_227248511                                       |        0|   1|     91|     58|    0|
    |PE_false_false_228249512_U0                                       |PE_false_false_228249512                                       |        0|   1|     91|     58|    0|
    |PE_false_false_229250513_U0                                       |PE_false_false_229250513                                       |        0|   1|     91|     58|    0|
    |PE_false_false_230251514_U0                                       |PE_false_false_230251514                                       |        0|   1|     91|     58|    0|
    |PE_false_false_231252515_U0                                       |PE_false_false_231252515                                       |        0|   1|     91|     58|    0|
    |PE_false_false_232253516_U0                                       |PE_false_false_232253516                                       |        0|   1|     91|     58|    0|
    |PE_false_false_233254517_U0                                       |PE_false_false_233254517                                       |        0|   1|     91|     58|    0|
    |PE_false_false_234255518_U0                                       |PE_false_false_234255518                                       |        0|   1|     91|     58|    0|
    |PE_false_false_2344307_U0                                         |PE_false_false_2344307                                         |        0|   1|     91|     58|    0|
    |PE_false_false_235256519_U0                                       |PE_false_false_235256519                                       |        0|   1|     90|     56|    0|
    |PE_false_false_236257520_U0                                       |PE_false_false_236257520                                       |        0|   1|     90|     56|    0|
    |PE_false_false_237258521_U0                                       |PE_false_false_237258521                                       |        0|   1|     91|     58|    0|
    |PE_false_false_2445308_U0                                         |PE_false_false_2445308                                         |        0|   1|     91|     58|    0|
    |PE_false_false_2546309_U0                                         |PE_false_false_2546309                                         |        0|   1|     91|     58|    0|
    |PE_false_false_2647310_U0                                         |PE_false_false_2647310                                         |        0|   1|     91|     58|    0|
    |PE_false_false_2748311_U0                                         |PE_false_false_2748311                                         |        0|   1|     91|     58|    0|
    |PE_false_false_2849312_U0                                         |PE_false_false_2849312                                         |        0|   1|     91|     58|    0|
    |PE_false_false_2950313_U0                                         |PE_false_false_2950313                                         |        0|   1|     91|     58|    0|
    |PE_false_false_3152315_U0                                         |PE_false_false_3152315                                         |        0|   1|     90|     56|    0|
    |PE_false_false_323286_U0                                          |PE_false_false_323286                                          |        0|   1|     91|     58|    0|
    |PE_false_false_3253316_U0                                         |PE_false_false_3253316                                         |        0|   1|     90|     56|    0|
    |PE_false_false_3354317_U0                                         |PE_false_false_3354317                                         |        0|   1|     91|     58|    0|
    |PE_false_false_3455318_U0                                         |PE_false_false_3455318                                         |        0|   1|     91|     58|    0|
    |PE_false_false_3556319_U0                                         |PE_false_false_3556319                                         |        0|   1|     91|     58|    0|
    |PE_false_false_3657320_U0                                         |PE_false_false_3657320                                         |        0|   1|     91|     58|    0|
    |PE_false_false_3758321_U0                                         |PE_false_false_3758321                                         |        0|   1|     91|     58|    0|
    |PE_false_false_3859322_U0                                         |PE_false_false_3859322                                         |        0|   1|     91|     58|    0|
    |PE_false_false_3960323_U0                                         |PE_false_false_3960323                                         |        0|   1|     91|     58|    0|
    |PE_false_false_4061324_U0                                         |PE_false_false_4061324                                         |        0|   1|     91|     58|    0|
    |PE_false_false_4162325_U0                                         |PE_false_false_4162325                                         |        0|   1|     91|     58|    0|
    |PE_false_false_424287_U0                                          |PE_false_false_424287                                          |        0|   1|     91|     58|    0|
    |PE_false_false_4263326_U0                                         |PE_false_false_4263326                                         |        0|   1|     91|     58|    0|
    |PE_false_false_4364327_U0                                         |PE_false_false_4364327                                         |        0|   1|     91|     58|    0|
    |PE_false_false_4465328_U0                                         |PE_false_false_4465328                                         |        0|   1|     91|     58|    0|
    |PE_false_false_4566329_U0                                         |PE_false_false_4566329                                         |        0|   1|     91|     58|    0|
    |PE_false_false_4768331_U0                                         |PE_false_false_4768331                                         |        0|   1|     91|     58|    0|
    |PE_false_false_4869332_U0                                         |PE_false_false_4869332                                         |        0|   1|     90|     56|    0|
    |PE_false_false_4970333_U0                                         |PE_false_false_4970333                                         |        0|   1|     90|     56|    0|
    |PE_false_false_5071334_U0                                         |PE_false_false_5071334                                         |        0|   1|     91|     58|    0|
    |PE_false_false_5172335_U0                                         |PE_false_false_5172335                                         |        0|   1|     91|     58|    0|
    |PE_false_false_525288_U0                                          |PE_false_false_525288                                          |        0|   1|     91|     58|    0|
    |PE_false_false_5273336_U0                                         |PE_false_false_5273336                                         |        0|   1|     91|     58|    0|
    |PE_false_false_5374337_U0                                         |PE_false_false_5374337                                         |        0|   1|     91|     58|    0|
    |PE_false_false_5475338_U0                                         |PE_false_false_5475338                                         |        0|   1|     91|     58|    0|
    |PE_false_false_5576339_U0                                         |PE_false_false_5576339                                         |        0|   1|     91|     58|    0|
    |PE_false_false_5677340_U0                                         |PE_false_false_5677340                                         |        0|   1|     91|     58|    0|
    |PE_false_false_5778341_U0                                         |PE_false_false_5778341                                         |        0|   1|     91|     58|    0|
    |PE_false_false_5879342_U0                                         |PE_false_false_5879342                                         |        0|   1|     91|     58|    0|
    |PE_false_false_5980343_U0                                         |PE_false_false_5980343                                         |        0|   1|     91|     58|    0|
    |PE_false_false_6081344_U0                                         |PE_false_false_6081344                                         |        0|   1|     91|     58|    0|
    |PE_false_false_6182345_U0                                         |PE_false_false_6182345                                         |        0|   1|     91|     58|    0|
    |PE_false_false_626289_U0                                          |PE_false_false_626289                                          |        0|   1|     91|     58|    0|
    |PE_false_false_6283_U0                                            |PE_false_false_6283                                            |        0|   1|     90|     56|    0|
    |PE_false_false_6384347_U0                                         |PE_false_false_6384347                                         |        0|   1|     91|     58|    0|
    |PE_false_false_6485348_U0                                         |PE_false_false_6485348                                         |        0|   1|     91|     58|    0|
    |PE_false_false_6586349_U0                                         |PE_false_false_6586349                                         |        0|   1|     90|     56|    0|
    |PE_false_false_6687350_U0                                         |PE_false_false_6687350                                         |        0|   1|     90|     56|    0|
    |PE_false_false_6788351_U0                                         |PE_false_false_6788351                                         |        0|   1|     91|     58|    0|
    |PE_false_false_6889352_U0                                         |PE_false_false_6889352                                         |        0|   1|     91|     58|    0|
    |PE_false_false_6990353_U0                                         |PE_false_false_6990353                                         |        0|   1|     91|     58|    0|
    |PE_false_false_7091354_U0                                         |PE_false_false_7091354                                         |        0|   1|     91|     58|    0|
    |PE_false_false_7192355_U0                                         |PE_false_false_7192355                                         |        0|   1|     91|     58|    0|
    |PE_false_false_727290_U0                                          |PE_false_false_727290                                          |        0|   1|     91|     58|    0|
    |PE_false_false_7293356_U0                                         |PE_false_false_7293356                                         |        0|   1|     91|     58|    0|
    |PE_false_false_7394357_U0                                         |PE_false_false_7394357                                         |        0|   1|     91|     58|    0|
    |PE_false_false_7495358_U0                                         |PE_false_false_7495358                                         |        0|   1|     91|     58|    0|
    |PE_false_false_7596359_U0                                         |PE_false_false_7596359                                         |        0|   1|     91|     58|    0|
    |PE_false_false_7697360_U0                                         |PE_false_false_7697360                                         |        0|   1|     91|     58|    0|
    |PE_false_false_7798361_U0                                         |PE_false_false_7798361                                         |        0|   1|     91|     58|    0|
    |PE_false_false_79100363_U0                                        |PE_false_false_79100363                                        |        0|   1|     91|     58|    0|
    |PE_false_false_80101364_U0                                        |PE_false_false_80101364                                        |        0|   1|     91|     58|    0|
    |PE_false_false_81102365_U0                                        |PE_false_false_81102365                                        |        0|   1|     91|     58|    0|
    |PE_false_false_82103366_U0                                        |PE_false_false_82103366                                        |        0|   1|     90|     56|    0|
    |PE_false_false_828291_U0                                          |PE_false_false_828291                                          |        0|   1|     91|     58|    0|
    |PE_false_false_83104367_U0                                        |PE_false_false_83104367                                        |        0|   1|     90|     56|    0|
    |PE_false_false_84105368_U0                                        |PE_false_false_84105368                                        |        0|   1|     91|     58|    0|
    |PE_false_false_85106369_U0                                        |PE_false_false_85106369                                        |        0|   1|     91|     58|    0|
    |PE_false_false_86107370_U0                                        |PE_false_false_86107370                                        |        0|   1|     91|     58|    0|
    |PE_false_false_87108371_U0                                        |PE_false_false_87108371                                        |        0|   1|     91|     58|    0|
    |PE_false_false_88109372_U0                                        |PE_false_false_88109372                                        |        0|   1|     91|     58|    0|
    |PE_false_false_89110373_U0                                        |PE_false_false_89110373                                        |        0|   1|     91|     58|    0|
    |PE_false_false_90111374_U0                                        |PE_false_false_90111374                                        |        0|   1|     91|     58|    0|
    |PE_false_false_91112375_U0                                        |PE_false_false_91112375                                        |        0|   1|     91|     58|    0|
    |PE_false_false_92113376_U0                                        |PE_false_false_92113376                                        |        0|   1|     91|     58|    0|
    |PE_false_false_929292_U0                                          |PE_false_false_929292                                          |        0|   1|     91|     58|    0|
    |PE_false_false_93114377_U0                                        |PE_false_false_93114377                                        |        0|   1|     91|     58|    0|
    |PE_false_false_95116379_U0                                        |PE_false_false_95116379                                        |        0|   1|     91|     58|    0|
    |PE_false_false_96117380_U0                                        |PE_false_false_96117380                                        |        0|   1|     91|     58|    0|
    |PE_false_false_97118381_U0                                        |PE_false_false_97118381                                        |        0|   1|     91|     58|    0|
    |PE_false_false_98119382_U0                                        |PE_false_false_98119382                                        |        0|   1|     91|     58|    0|
    |PE_false_false_99120383_U0                                        |PE_false_false_99120383                                        |        0|   1|     90|     56|    0|
    |PE_false_true_110131394_U0                                        |PE_false_true_110131394                                        |        0|   1|     91|     54|    0|
    |PE_false_true_126147410_U0                                        |PE_false_true_126147410                                        |        0|   1|     91|     54|    0|
    |PE_false_true_142163426_U0                                        |PE_false_true_142163426                                        |        0|   1|     91|     54|    0|
    |PE_false_true_158179442_U0                                        |PE_false_true_158179442                                        |        0|   1|     91|     54|    0|
    |PE_false_true_174195458_U0                                        |PE_false_true_174195458                                        |        0|   1|     91|     54|    0|
    |PE_false_true_190211474_U0                                        |PE_false_true_190211474                                        |        0|   1|     91|     54|    0|
    |PE_false_true_206227490_U0                                        |PE_false_true_206227490                                        |        0|   1|     91|     54|    0|
    |PE_false_true_222243506_U0                                        |PE_false_true_222243506                                        |        0|   1|     91|     54|    0|
    |PE_false_true_238259522_U0                                        |PE_false_true_238259522                                        |        0|   1|     91|     54|    0|
    |PE_false_true_3051314_U0                                          |PE_false_true_3051314                                          |        0|   1|     91|     54|    0|
    |PE_false_true_35298_U0                                            |PE_false_true_35298                                            |        0|   1|     91|     54|    0|
    |PE_false_true_4667330_U0                                          |PE_false_true_4667330                                          |        0|   1|     91|     54|    0|
    |PE_false_true_6283346_U0                                          |PE_false_true_6283346                                          |        0|   1|     91|     54|    0|
    |PE_false_true_7899362_U0                                          |PE_false_true_7899362                                          |        0|   1|     91|     54|    0|
    |PE_false_true_94115378_U0                                         |PE_false_true_94115378                                         |        0|   1|     91|     54|    0|
    |PE_true_false_239261524_U0                                        |PE_true_false_239261524                                        |        0|   1|     91|     54|    0|
    |PE_true_false_240262525_U0                                        |PE_true_false_240262525                                        |        0|   1|     91|     54|    0|
    |PE_true_false_241263526_U0                                        |PE_true_false_241263526                                        |        0|   1|     91|     54|    0|
    |PE_true_false_242264527_U0                                        |PE_true_false_242264527                                        |        0|   1|     91|     54|    0|
    |PE_true_false_243265528_U0                                        |PE_true_false_243265528                                        |        0|   1|     91|     54|    0|
    |PE_true_false_244266529_U0                                        |PE_true_false_244266529                                        |        0|   1|     91|     54|    0|
    |PE_true_false_245267530_U0                                        |PE_true_false_245267530                                        |        0|   1|     91|     54|    0|
    |PE_true_false_246268531_U0                                        |PE_true_false_246268531                                        |        0|   1|     91|     54|    0|
    |PE_true_false_247269532_U0                                        |PE_true_false_247269532                                        |        0|   1|     91|     54|    0|
    |PE_true_false_248270533_U0                                        |PE_true_false_248270533                                        |        0|   1|     91|     54|    0|
    |PE_true_false_249271534_U0                                        |PE_true_false_249271534                                        |        0|   1|     91|     54|    0|
    |PE_true_false_250272535_U0                                        |PE_true_false_250272535                                        |        0|   1|     91|     54|    0|
    |PE_true_false_251273536_U0                                        |PE_true_false_251273536                                        |        0|   1|     90|     52|    0|
    |PE_true_false_252274537_U0                                        |PE_true_false_252274537                                        |        0|   1|     90|     52|    0|
    |PE_true_false_260523_U0                                           |PE_true_false_260523                                           |        0|   1|     91|     54|    0|
    |PE_true_true_275538_U0                                            |PE_true_true_275538                                            |        0|   1|     90|     50|    0|
    |dataflow_in_loop_tile_loop_A_Block_newFuncRoot1325_proc276539_U0  |dataflow_in_loop_tile_loop_A_Block_newFuncRoot1325_proc276539  |        0|   0|   1049|   7033|    0|
    |entry_proc_U0                                                     |entry_proc                                                     |        0|   0|      3|     10|    0|
    |load_tile_A3280_U0                                                |load_tile_A3280                                                |        0|   0|  31761|  16412|    0|
    |tile_A_to_stream4281_U0                                           |tile_A_to_stream4281                                           |        0|   0|     34|  10834|    0|
    +------------------------------------------------------------------+---------------------------------------------------------------+---------+----+-------+-------+-----+
    |Total                                                             |                                                               |        0| 256|  56634|  54650|    0|
    +------------------------------------------------------------------+---------------------------------------------------------------+---------+----+-------+-------+-----+

    * DSP: 
    N/A

    * Memory: 
    N/A

    * FIFO: 
    +----------------+---------+------+----+-----+------+-----+---------+
    |      Name      | BRAM_18K|  FF  | LUT| URAM| Depth| Bits| Size:D*B|
    +----------------+---------+------+----+-----+------+-----+---------+
    |A_TILE511_U     |        0|   103|   0|    -|     2|   32|       64|
    |A_TILE_100_U    |        0|   103|   0|    -|     2|   32|       64|
    |A_TILE_101_U    |        0|   103|   0|    -|     2|   32|       64|
    |A_TILE_102_U    |        0|   103|   0|    -|     2|   32|       64|
    |A_TILE_103_U    |        0|   103|   0|    -|     2|   32|       64|
    |A_TILE_104_U    |        0|   103|   0|    -|     2|   32|       64|
    |A_TILE_105_U    |        0|   103|   0|    -|     2|   32|       64|
    |A_TILE_106_U    |        0|   103|   0|    -|     2|   32|       64|
    |A_TILE_107_U    |        0|   103|   0|    -|     2|   32|       64|
    |A_TILE_108_U    |        0|   103|   0|    -|     2|   32|       64|
    |A_TILE_109_U    |        0|   103|   0|    -|     2|   32|       64|
    |A_TILE_10_U     |        0|   103|   0|    -|     2|   32|       64|
    |A_TILE_110_U    |        0|   103|   0|    -|     2|   32|       64|
    |A_TILE_111_U    |        0|   103|   0|    -|     2|   32|       64|
    |A_TILE_112_U    |        0|   103|   0|    -|     2|   32|       64|
    |A_TILE_113_U    |        0|   103|   0|    -|     2|   32|       64|
    |A_TILE_114_U    |        0|   103|   0|    -|     2|   32|       64|
    |A_TILE_115_U    |        0|   103|   0|    -|     2|   32|       64|
    |A_TILE_116_U    |        0|   103|   0|    -|     2|   32|       64|
    |A_TILE_117_U    |        0|   103|   0|    -|     2|   32|       64|
    |A_TILE_118_U    |        0|   103|   0|    -|     2|   32|       64|
    |A_TILE_119_U    |        0|   103|   0|    -|     2|   32|       64|
    |A_TILE_11_U     |        0|   103|   0|    -|     2|   32|       64|
    |A_TILE_120_U    |        0|   103|   0|    -|     2|   32|       64|
    |A_TILE_121_U    |        0|   103|   0|    -|     2|   32|       64|
    |A_TILE_122_U    |        0|   103|   0|    -|     2|   32|       64|
    |A_TILE_123_U    |        0|   103|   0|    -|     2|   32|       64|
    |A_TILE_124_U    |        0|   103|   0|    -|     2|   32|       64|
    |A_TILE_125_U    |        0|   103|   0|    -|     2|   32|       64|
    |A_TILE_126_U    |        0|   103|   0|    -|     2|   32|       64|
    |A_TILE_127_U    |        0|   103|   0|    -|     2|   32|       64|
    |A_TILE_128_U    |        0|   103|   0|    -|     2|   32|       64|
    |A_TILE_129_U    |        0|   103|   0|    -|     2|   32|       64|
    |A_TILE_12_U     |        0|   103|   0|    -|     2|   32|       64|
    |A_TILE_130_U    |        0|   103|   0|    -|     2|   32|       64|
    |A_TILE_131_U    |        0|   103|   0|    -|     2|   32|       64|
    |A_TILE_132_U    |        0|   103|   0|    -|     2|   32|       64|
    |A_TILE_133_U    |        0|   103|   0|    -|     2|   32|       64|
    |A_TILE_134_U    |        0|   103|   0|    -|     2|   32|       64|
    |A_TILE_135_U    |        0|   103|   0|    -|     2|   32|       64|
    |A_TILE_136_U    |        0|   103|   0|    -|     2|   32|       64|
    |A_TILE_137_U    |        0|   103|   0|    -|     2|   32|       64|
    |A_TILE_138_U    |        0|   103|   0|    -|     2|   32|       64|
    |A_TILE_139_U    |        0|   103|   0|    -|     2|   32|       64|
    |A_TILE_13_U     |        0|   103|   0|    -|     2|   32|       64|
    |A_TILE_140_U    |        0|   103|   0|    -|     2|   32|       64|
    |A_TILE_141_U    |        0|   103|   0|    -|     2|   32|       64|
    |A_TILE_142_U    |        0|   103|   0|    -|     2|   32|       64|
    |A_TILE_143_U    |        0|   103|   0|    -|     2|   32|       64|
    |A_TILE_144_U    |        0|   103|   0|    -|     2|   32|       64|
    |A_TILE_145_U    |        0|   103|   0|    -|     2|   32|       64|
    |A_TILE_146_U    |        0|   103|   0|    -|     2|   32|       64|
    |A_TILE_147_U    |        0|   103|   0|    -|     2|   32|       64|
    |A_TILE_148_U    |        0|   103|   0|    -|     2|   32|       64|
    |A_TILE_149_U    |        0|   103|   0|    -|     2|   32|       64|
    |A_TILE_14_U     |        0|   103|   0|    -|     2|   32|       64|
    |A_TILE_150_U    |        0|   103|   0|    -|     2|   32|       64|
    |A_TILE_151_U    |        0|   103|   0|    -|     2|   32|       64|
    |A_TILE_152_U    |        0|   103|   0|    -|     2|   32|       64|
    |A_TILE_153_U    |        0|   103|   0|    -|     2|   32|       64|
    |A_TILE_154_U    |        0|   103|   0|    -|     2|   32|       64|
    |A_TILE_155_U    |        0|   103|   0|    -|     2|   32|       64|
    |A_TILE_156_U    |        0|   103|   0|    -|     2|   32|       64|
    |A_TILE_157_U    |        0|   103|   0|    -|     2|   32|       64|
    |A_TILE_158_U    |        0|   103|   0|    -|     2|   32|       64|
    |A_TILE_159_U    |        0|   103|   0|    -|     2|   32|       64|
    |A_TILE_15_U     |        0|   103|   0|    -|     2|   32|       64|
    |A_TILE_160_U    |        0|   103|   0|    -|     2|   32|       64|
    |A_TILE_161_U    |        0|   103|   0|    -|     2|   32|       64|
    |A_TILE_162_U    |        0|   103|   0|    -|     2|   32|       64|
    |A_TILE_163_U    |        0|   103|   0|    -|     2|   32|       64|
    |A_TILE_164_U    |        0|   103|   0|    -|     2|   32|       64|
    |A_TILE_165_U    |        0|   103|   0|    -|     2|   32|       64|
    |A_TILE_166_U    |        0|   103|   0|    -|     2|   32|       64|
    |A_TILE_167_U    |        0|   103|   0|    -|     2|   32|       64|
    |A_TILE_168_U    |        0|   103|   0|    -|     2|   32|       64|
    |A_TILE_169_U    |        0|   103|   0|    -|     2|   32|       64|
    |A_TILE_16_U     |        0|   103|   0|    -|     2|   32|       64|
    |A_TILE_170_U    |        0|   103|   0|    -|     2|   32|       64|
    |A_TILE_171_U    |        0|   103|   0|    -|     2|   32|       64|
    |A_TILE_172_U    |        0|   103|   0|    -|     2|   32|       64|
    |A_TILE_173_U    |        0|   103|   0|    -|     2|   32|       64|
    |A_TILE_174_U    |        0|   103|   0|    -|     2|   32|       64|
    |A_TILE_175_U    |        0|   103|   0|    -|     2|   32|       64|
    |A_TILE_176_U    |        0|   103|   0|    -|     2|   32|       64|
    |A_TILE_177_U    |        0|   103|   0|    -|     2|   32|       64|
    |A_TILE_178_U    |        0|   103|   0|    -|     2|   32|       64|
    |A_TILE_179_U    |        0|   103|   0|    -|     2|   32|       64|
    |A_TILE_17_U     |        0|   103|   0|    -|     2|   32|       64|
    |A_TILE_180_U    |        0|   103|   0|    -|     2|   32|       64|
    |A_TILE_181_U    |        0|   103|   0|    -|     2|   32|       64|
    |A_TILE_182_U    |        0|   103|   0|    -|     2|   32|       64|
    |A_TILE_183_U    |        0|   103|   0|    -|     2|   32|       64|
    |A_TILE_184_U    |        0|   103|   0|    -|     2|   32|       64|
    |A_TILE_185_U    |        0|   103|   0|    -|     2|   32|       64|
    |A_TILE_186_U    |        0|   103|   0|    -|     2|   32|       64|
    |A_TILE_187_U    |        0|   103|   0|    -|     2|   32|       64|
    |A_TILE_188_U    |        0|   103|   0|    -|     2|   32|       64|
    |A_TILE_189_U    |        0|   103|   0|    -|     2|   32|       64|
    |A_TILE_18_U     |        0|   103|   0|    -|     2|   32|       64|
    |A_TILE_190_U    |        0|   103|   0|    -|     2|   32|       64|
    |A_TILE_191_U    |        0|   103|   0|    -|     2|   32|       64|
    |A_TILE_192_U    |        0|   103|   0|    -|     2|   32|       64|
    |A_TILE_193_U    |        0|   103|   0|    -|     2|   32|       64|
    |A_TILE_194_U    |        0|   103|   0|    -|     2|   32|       64|
    |A_TILE_195_U    |        0|   103|   0|    -|     2|   32|       64|
    |A_TILE_196_U    |        0|   103|   0|    -|     2|   32|       64|
    |A_TILE_197_U    |        0|   103|   0|    -|     2|   32|       64|
    |A_TILE_198_U    |        0|   103|   0|    -|     2|   32|       64|
    |A_TILE_199_U    |        0|   103|   0|    -|     2|   32|       64|
    |A_TILE_19_U     |        0|   103|   0|    -|     2|   32|       64|
    |A_TILE_1_U      |        0|   103|   0|    -|     2|   32|       64|
    |A_TILE_200_U    |        0|   103|   0|    -|     2|   32|       64|
    |A_TILE_201_U    |        0|   103|   0|    -|     2|   32|       64|
    |A_TILE_202_U    |        0|   103|   0|    -|     2|   32|       64|
    |A_TILE_203_U    |        0|   103|   0|    -|     2|   32|       64|
    |A_TILE_204_U    |        0|   103|   0|    -|     2|   32|       64|
    |A_TILE_205_U    |        0|   103|   0|    -|     2|   32|       64|
    |A_TILE_206_U    |        0|   103|   0|    -|     2|   32|       64|
    |A_TILE_207_U    |        0|   103|   0|    -|     2|   32|       64|
    |A_TILE_208_U    |        0|   103|   0|    -|     2|   32|       64|
    |A_TILE_209_U    |        0|   103|   0|    -|     2|   32|       64|
    |A_TILE_20_U     |        0|   103|   0|    -|     2|   32|       64|
    |A_TILE_210_U    |        0|   103|   0|    -|     2|   32|       64|
    |A_TILE_211_U    |        0|   103|   0|    -|     2|   32|       64|
    |A_TILE_212_U    |        0|   103|   0|    -|     2|   32|       64|
    |A_TILE_213_U    |        0|   103|   0|    -|     2|   32|       64|
    |A_TILE_214_U    |        0|   103|   0|    -|     2|   32|       64|
    |A_TILE_215_U    |        0|   103|   0|    -|     2|   32|       64|
    |A_TILE_216_U    |        0|   103|   0|    -|     2|   32|       64|
    |A_TILE_217_U    |        0|   103|   0|    -|     2|   32|       64|
    |A_TILE_218_U    |        0|   103|   0|    -|     2|   32|       64|
    |A_TILE_219_U    |        0|   103|   0|    -|     2|   32|       64|
    |A_TILE_21_U     |        0|   103|   0|    -|     2|   32|       64|
    |A_TILE_220_U    |        0|   103|   0|    -|     2|   32|       64|
    |A_TILE_221_U    |        0|   103|   0|    -|     2|   32|       64|
    |A_TILE_222_U    |        0|   103|   0|    -|     2|   32|       64|
    |A_TILE_223_U    |        0|   103|   0|    -|     2|   32|       64|
    |A_TILE_224_U    |        0|   103|   0|    -|     2|   32|       64|
    |A_TILE_225_U    |        0|   103|   0|    -|     2|   32|       64|
    |A_TILE_226_U    |        0|   103|   0|    -|     2|   32|       64|
    |A_TILE_227_U    |        0|   103|   0|    -|     2|   32|       64|
    |A_TILE_228_U    |        0|   103|   0|    -|     2|   32|       64|
    |A_TILE_229_U    |        0|   103|   0|    -|     2|   32|       64|
    |A_TILE_22_U     |        0|   103|   0|    -|     2|   32|       64|
    |A_TILE_230_U    |        0|   103|   0|    -|     2|   32|       64|
    |A_TILE_231_U    |        0|   103|   0|    -|     2|   32|       64|
    |A_TILE_232_U    |        0|   103|   0|    -|     2|   32|       64|
    |A_TILE_233_U    |        0|   103|   0|    -|     2|   32|       64|
    |A_TILE_234_U    |        0|   103|   0|    -|     2|   32|       64|
    |A_TILE_235_U    |        0|   103|   0|    -|     2|   32|       64|
    |A_TILE_236_U    |        0|   103|   0|    -|     2|   32|       64|
    |A_TILE_237_U    |        0|   103|   0|    -|     2|   32|       64|
    |A_TILE_238_U    |        0|   103|   0|    -|     2|   32|       64|
    |A_TILE_239_U    |        0|   103|   0|    -|     2|   32|       64|
    |A_TILE_23_U     |        0|   103|   0|    -|     2|   32|       64|
    |A_TILE_240_U    |        0|   103|   0|    -|     2|   32|       64|
    |A_TILE_241_U    |        0|   103|   0|    -|     2|   32|       64|
    |A_TILE_242_U    |        0|   103|   0|    -|     2|   32|       64|
    |A_TILE_243_U    |        0|   103|   0|    -|     2|   32|       64|
    |A_TILE_244_U    |        0|   103|   0|    -|     2|   32|       64|
    |A_TILE_245_U    |        0|   103|   0|    -|     2|   32|       64|
    |A_TILE_246_U    |        0|   103|   0|    -|     2|   32|       64|
    |A_TILE_247_U    |        0|   103|   0|    -|     2|   32|       64|
    |A_TILE_248_U    |        0|   103|   0|    -|     2|   32|       64|
    |A_TILE_249_U    |        0|   103|   0|    -|     2|   32|       64|
    |A_TILE_24_U     |        0|   103|   0|    -|     2|   32|       64|
    |A_TILE_250_U    |        0|   103|   0|    -|     2|   32|       64|
    |A_TILE_251_U    |        0|   103|   0|    -|     2|   32|       64|
    |A_TILE_252_U    |        0|   103|   0|    -|     2|   32|       64|
    |A_TILE_253_U    |        0|   103|   0|    -|     2|   32|       64|
    |A_TILE_254_U    |        0|   103|   0|    -|     2|   32|       64|
    |A_TILE_255_U    |        0|   103|   0|    -|     2|   32|       64|
    |A_TILE_256_U    |        0|   103|   0|    -|     2|   32|       64|
    |A_TILE_257_U    |        0|   103|   0|    -|     2|   32|       64|
    |A_TILE_258_U    |        0|   103|   0|    -|     2|   32|       64|
    |A_TILE_259_U    |        0|   103|   0|    -|     2|   32|       64|
    |A_TILE_25_U     |        0|   103|   0|    -|     2|   32|       64|
    |A_TILE_260_U    |        0|   103|   0|    -|     2|   32|       64|
    |A_TILE_261_U    |        0|   103|   0|    -|     2|   32|       64|
    |A_TILE_262_U    |        0|   103|   0|    -|     2|   32|       64|
    |A_TILE_263_U    |        0|   103|   0|    -|     2|   32|       64|
    |A_TILE_264_U    |        0|   103|   0|    -|     2|   32|       64|
    |A_TILE_265_U    |        0|   103|   0|    -|     2|   32|       64|
    |A_TILE_266_U    |        0|   103|   0|    -|     2|   32|       64|
    |A_TILE_267_U    |        0|   103|   0|    -|     2|   32|       64|
    |A_TILE_268_U    |        0|   103|   0|    -|     2|   32|       64|
    |A_TILE_269_U    |        0|   103|   0|    -|     2|   32|       64|
    |A_TILE_26_U     |        0|   103|   0|    -|     2|   32|       64|
    |A_TILE_270_U    |        0|   103|   0|    -|     2|   32|       64|
    |A_TILE_271_U    |        0|   103|   0|    -|     2|   32|       64|
    |A_TILE_272_U    |        0|   103|   0|    -|     2|   32|       64|
    |A_TILE_273_U    |        0|   103|   0|    -|     2|   32|       64|
    |A_TILE_274_U    |        0|   103|   0|    -|     2|   32|       64|
    |A_TILE_275_U    |        0|   103|   0|    -|     2|   32|       64|
    |A_TILE_276_U    |        0|   103|   0|    -|     2|   32|       64|
    |A_TILE_277_U    |        0|   103|   0|    -|     2|   32|       64|
    |A_TILE_278_U    |        0|   103|   0|    -|     2|   32|       64|
    |A_TILE_279_U    |        0|   103|   0|    -|     2|   32|       64|
    |A_TILE_27_U     |        0|   103|   0|    -|     2|   32|       64|
    |A_TILE_280_U    |        0|   103|   0|    -|     2|   32|       64|
    |A_TILE_281_U    |        0|   103|   0|    -|     2|   32|       64|
    |A_TILE_282_U    |        0|   103|   0|    -|     2|   32|       64|
    |A_TILE_283_U    |        0|   103|   0|    -|     2|   32|       64|
    |A_TILE_284_U    |        0|   103|   0|    -|     2|   32|       64|
    |A_TILE_285_U    |        0|   103|   0|    -|     2|   32|       64|
    |A_TILE_286_U    |        0|   103|   0|    -|     2|   32|       64|
    |A_TILE_287_U    |        0|   103|   0|    -|     2|   32|       64|
    |A_TILE_288_U    |        0|   103|   0|    -|     2|   32|       64|
    |A_TILE_289_U    |        0|   103|   0|    -|     2|   32|       64|
    |A_TILE_28_U     |        0|   103|   0|    -|     2|   32|       64|
    |A_TILE_290_U    |        0|   103|   0|    -|     2|   32|       64|
    |A_TILE_291_U    |        0|   103|   0|    -|     2|   32|       64|
    |A_TILE_292_U    |        0|   103|   0|    -|     2|   32|       64|
    |A_TILE_293_U    |        0|   103|   0|    -|     2|   32|       64|
    |A_TILE_294_U    |        0|   103|   0|    -|     2|   32|       64|
    |A_TILE_295_U    |        0|   103|   0|    -|     2|   32|       64|
    |A_TILE_296_U    |        0|   103|   0|    -|     2|   32|       64|
    |A_TILE_297_U    |        0|   103|   0|    -|     2|   32|       64|
    |A_TILE_298_U    |        0|   103|   0|    -|     2|   32|       64|
    |A_TILE_299_U    |        0|   103|   0|    -|     2|   32|       64|
    |A_TILE_29_U     |        0|   103|   0|    -|     2|   32|       64|
    |A_TILE_2_U      |        0|   103|   0|    -|     2|   32|       64|
    |A_TILE_300_U    |        0|   103|   0|    -|     2|   32|       64|
    |A_TILE_301_U    |        0|   103|   0|    -|     2|   32|       64|
    |A_TILE_302_U    |        0|   103|   0|    -|     2|   32|       64|
    |A_TILE_303_U    |        0|   103|   0|    -|     2|   32|       64|
    |A_TILE_304_U    |        0|   103|   0|    -|     2|   32|       64|
    |A_TILE_305_U    |        0|   103|   0|    -|     2|   32|       64|
    |A_TILE_306_U    |        0|   103|   0|    -|     2|   32|       64|
    |A_TILE_307_U    |        0|   103|   0|    -|     2|   32|       64|
    |A_TILE_308_U    |        0|   103|   0|    -|     2|   32|       64|
    |A_TILE_309_U    |        0|   103|   0|    -|     2|   32|       64|
    |A_TILE_30_U     |        0|   103|   0|    -|     2|   32|       64|
    |A_TILE_310_U    |        0|   103|   0|    -|     2|   32|       64|
    |A_TILE_311_U    |        0|   103|   0|    -|     2|   32|       64|
    |A_TILE_312_U    |        0|   103|   0|    -|     2|   32|       64|
    |A_TILE_313_U    |        0|   103|   0|    -|     2|   32|       64|
    |A_TILE_314_U    |        0|   103|   0|    -|     2|   32|       64|
    |A_TILE_315_U    |        0|   103|   0|    -|     2|   32|       64|
    |A_TILE_316_U    |        0|   103|   0|    -|     2|   32|       64|
    |A_TILE_317_U    |        0|   103|   0|    -|     2|   32|       64|
    |A_TILE_318_U    |        0|   103|   0|    -|     2|   32|       64|
    |A_TILE_319_U    |        0|   103|   0|    -|     2|   32|       64|
    |A_TILE_31_U     |        0|   103|   0|    -|     2|   32|       64|
    |A_TILE_320_U    |        0|   103|   0|    -|     2|   32|       64|
    |A_TILE_321_U    |        0|   103|   0|    -|     2|   32|       64|
    |A_TILE_322_U    |        0|   103|   0|    -|     2|   32|       64|
    |A_TILE_323_U    |        0|   103|   0|    -|     2|   32|       64|
    |A_TILE_324_U    |        0|   103|   0|    -|     2|   32|       64|
    |A_TILE_325_U    |        0|   103|   0|    -|     2|   32|       64|
    |A_TILE_326_U    |        0|   103|   0|    -|     2|   32|       64|
    |A_TILE_327_U    |        0|   103|   0|    -|     2|   32|       64|
    |A_TILE_328_U    |        0|   103|   0|    -|     2|   32|       64|
    |A_TILE_329_U    |        0|   103|   0|    -|     2|   32|       64|
    |A_TILE_32_U     |        0|   103|   0|    -|     2|   32|       64|
    |A_TILE_330_U    |        0|   103|   0|    -|     2|   32|       64|
    |A_TILE_331_U    |        0|   103|   0|    -|     2|   32|       64|
    |A_TILE_332_U    |        0|   103|   0|    -|     2|   32|       64|
    |A_TILE_333_U    |        0|   103|   0|    -|     2|   32|       64|
    |A_TILE_334_U    |        0|   103|   0|    -|     2|   32|       64|
    |A_TILE_335_U    |        0|   103|   0|    -|     2|   32|       64|
    |A_TILE_336_U    |        0|   103|   0|    -|     2|   32|       64|
    |A_TILE_337_U    |        0|   103|   0|    -|     2|   32|       64|
    |A_TILE_338_U    |        0|   103|   0|    -|     2|   32|       64|
    |A_TILE_339_U    |        0|   103|   0|    -|     2|   32|       64|
    |A_TILE_33_U     |        0|   103|   0|    -|     2|   32|       64|
    |A_TILE_340_U    |        0|   103|   0|    -|     2|   32|       64|
    |A_TILE_341_U    |        0|   103|   0|    -|     2|   32|       64|
    |A_TILE_342_U    |        0|   103|   0|    -|     2|   32|       64|
    |A_TILE_343_U    |        0|   103|   0|    -|     2|   32|       64|
    |A_TILE_344_U    |        0|   103|   0|    -|     2|   32|       64|
    |A_TILE_345_U    |        0|   103|   0|    -|     2|   32|       64|
    |A_TILE_346_U    |        0|   103|   0|    -|     2|   32|       64|
    |A_TILE_347_U    |        0|   103|   0|    -|     2|   32|       64|
    |A_TILE_348_U    |        0|   103|   0|    -|     2|   32|       64|
    |A_TILE_349_U    |        0|   103|   0|    -|     2|   32|       64|
    |A_TILE_34_U     |        0|   103|   0|    -|     2|   32|       64|
    |A_TILE_350_U    |        0|   103|   0|    -|     2|   32|       64|
    |A_TILE_351_U    |        0|   103|   0|    -|     2|   32|       64|
    |A_TILE_352_U    |        0|   103|   0|    -|     2|   32|       64|
    |A_TILE_353_U    |        0|   103|   0|    -|     2|   32|       64|
    |A_TILE_354_U    |        0|   103|   0|    -|     2|   32|       64|
    |A_TILE_355_U    |        0|   103|   0|    -|     2|   32|       64|
    |A_TILE_356_U    |        0|   103|   0|    -|     2|   32|       64|
    |A_TILE_357_U    |        0|   103|   0|    -|     2|   32|       64|
    |A_TILE_358_U    |        0|   103|   0|    -|     2|   32|       64|
    |A_TILE_359_U    |        0|   103|   0|    -|     2|   32|       64|
    |A_TILE_35_U     |        0|   103|   0|    -|     2|   32|       64|
    |A_TILE_360_U    |        0|   103|   0|    -|     2|   32|       64|
    |A_TILE_361_U    |        0|   103|   0|    -|     2|   32|       64|
    |A_TILE_362_U    |        0|   103|   0|    -|     2|   32|       64|
    |A_TILE_363_U    |        0|   103|   0|    -|     2|   32|       64|
    |A_TILE_364_U    |        0|   103|   0|    -|     2|   32|       64|
    |A_TILE_365_U    |        0|   103|   0|    -|     2|   32|       64|
    |A_TILE_366_U    |        0|   103|   0|    -|     2|   32|       64|
    |A_TILE_367_U    |        0|   103|   0|    -|     2|   32|       64|
    |A_TILE_368_U    |        0|   103|   0|    -|     2|   32|       64|
    |A_TILE_369_U    |        0|   103|   0|    -|     2|   32|       64|
    |A_TILE_36_U     |        0|   103|   0|    -|     2|   32|       64|
    |A_TILE_370_U    |        0|   103|   0|    -|     2|   32|       64|
    |A_TILE_371_U    |        0|   103|   0|    -|     2|   32|       64|
    |A_TILE_372_U    |        0|   103|   0|    -|     2|   32|       64|
    |A_TILE_373_U    |        0|   103|   0|    -|     2|   32|       64|
    |A_TILE_374_U    |        0|   103|   0|    -|     2|   32|       64|
    |A_TILE_375_U    |        0|   103|   0|    -|     2|   32|       64|
    |A_TILE_376_U    |        0|   103|   0|    -|     2|   32|       64|
    |A_TILE_377_U    |        0|   103|   0|    -|     2|   32|       64|
    |A_TILE_378_U    |        0|   103|   0|    -|     2|   32|       64|
    |A_TILE_379_U    |        0|   103|   0|    -|     2|   32|       64|
    |A_TILE_37_U     |        0|   103|   0|    -|     2|   32|       64|
    |A_TILE_380_U    |        0|   103|   0|    -|     2|   32|       64|
    |A_TILE_381_U    |        0|   103|   0|    -|     2|   32|       64|
    |A_TILE_382_U    |        0|   103|   0|    -|     2|   32|       64|
    |A_TILE_383_U    |        0|   103|   0|    -|     2|   32|       64|
    |A_TILE_384_U    |        0|   103|   0|    -|     2|   32|       64|
    |A_TILE_385_U    |        0|   103|   0|    -|     2|   32|       64|
    |A_TILE_386_U    |        0|   103|   0|    -|     2|   32|       64|
    |A_TILE_387_U    |        0|   103|   0|    -|     2|   32|       64|
    |A_TILE_388_U    |        0|   103|   0|    -|     2|   32|       64|
    |A_TILE_389_U    |        0|   103|   0|    -|     2|   32|       64|
    |A_TILE_38_U     |        0|   103|   0|    -|     2|   32|       64|
    |A_TILE_390_U    |        0|   103|   0|    -|     2|   32|       64|
    |A_TILE_391_U    |        0|   103|   0|    -|     2|   32|       64|
    |A_TILE_392_U    |        0|   103|   0|    -|     2|   32|       64|
    |A_TILE_393_U    |        0|   103|   0|    -|     2|   32|       64|
    |A_TILE_394_U    |        0|   103|   0|    -|     2|   32|       64|
    |A_TILE_395_U    |        0|   103|   0|    -|     2|   32|       64|
    |A_TILE_396_U    |        0|   103|   0|    -|     2|   32|       64|
    |A_TILE_397_U    |        0|   103|   0|    -|     2|   32|       64|
    |A_TILE_398_U    |        0|   103|   0|    -|     2|   32|       64|
    |A_TILE_399_U    |        0|   103|   0|    -|     2|   32|       64|
    |A_TILE_39_U     |        0|   103|   0|    -|     2|   32|       64|
    |A_TILE_3_U      |        0|   103|   0|    -|     2|   32|       64|
    |A_TILE_400_U    |        0|   103|   0|    -|     2|   32|       64|
    |A_TILE_401_U    |        0|   103|   0|    -|     2|   32|       64|
    |A_TILE_402_U    |        0|   103|   0|    -|     2|   32|       64|
    |A_TILE_403_U    |        0|   103|   0|    -|     2|   32|       64|
    |A_TILE_404_U    |        0|   103|   0|    -|     2|   32|       64|
    |A_TILE_405_U    |        0|   103|   0|    -|     2|   32|       64|
    |A_TILE_406_U    |        0|   103|   0|    -|     2|   32|       64|
    |A_TILE_407_U    |        0|   103|   0|    -|     2|   32|       64|
    |A_TILE_408_U    |        0|   103|   0|    -|     2|   32|       64|
    |A_TILE_409_U    |        0|   103|   0|    -|     2|   32|       64|
    |A_TILE_40_U     |        0|   103|   0|    -|     2|   32|       64|
    |A_TILE_410_U    |        0|   103|   0|    -|     2|   32|       64|
    |A_TILE_411_U    |        0|   103|   0|    -|     2|   32|       64|
    |A_TILE_412_U    |        0|   103|   0|    -|     2|   32|       64|
    |A_TILE_413_U    |        0|   103|   0|    -|     2|   32|       64|
    |A_TILE_414_U    |        0|   103|   0|    -|     2|   32|       64|
    |A_TILE_415_U    |        0|   103|   0|    -|     2|   32|       64|
    |A_TILE_416_U    |        0|   103|   0|    -|     2|   32|       64|
    |A_TILE_417_U    |        0|   103|   0|    -|     2|   32|       64|
    |A_TILE_418_U    |        0|   103|   0|    -|     2|   32|       64|
    |A_TILE_419_U    |        0|   103|   0|    -|     2|   32|       64|
    |A_TILE_41_U     |        0|   103|   0|    -|     2|   32|       64|
    |A_TILE_420_U    |        0|   103|   0|    -|     2|   32|       64|
    |A_TILE_421_U    |        0|   103|   0|    -|     2|   32|       64|
    |A_TILE_422_U    |        0|   103|   0|    -|     2|   32|       64|
    |A_TILE_423_U    |        0|   103|   0|    -|     2|   32|       64|
    |A_TILE_424_U    |        0|   103|   0|    -|     2|   32|       64|
    |A_TILE_425_U    |        0|   103|   0|    -|     2|   32|       64|
    |A_TILE_426_U    |        0|   103|   0|    -|     2|   32|       64|
    |A_TILE_427_U    |        0|   103|   0|    -|     2|   32|       64|
    |A_TILE_428_U    |        0|   103|   0|    -|     2|   32|       64|
    |A_TILE_429_U    |        0|   103|   0|    -|     2|   32|       64|
    |A_TILE_42_U     |        0|   103|   0|    -|     2|   32|       64|
    |A_TILE_430_U    |        0|   103|   0|    -|     2|   32|       64|
    |A_TILE_431_U    |        0|   103|   0|    -|     2|   32|       64|
    |A_TILE_432_U    |        0|   103|   0|    -|     2|   32|       64|
    |A_TILE_433_U    |        0|   103|   0|    -|     2|   32|       64|
    |A_TILE_434_U    |        0|   103|   0|    -|     2|   32|       64|
    |A_TILE_435_U    |        0|   103|   0|    -|     2|   32|       64|
    |A_TILE_436_U    |        0|   103|   0|    -|     2|   32|       64|
    |A_TILE_437_U    |        0|   103|   0|    -|     2|   32|       64|
    |A_TILE_438_U    |        0|   103|   0|    -|     2|   32|       64|
    |A_TILE_439_U    |        0|   103|   0|    -|     2|   32|       64|
    |A_TILE_43_U     |        0|   103|   0|    -|     2|   32|       64|
    |A_TILE_440_U    |        0|   103|   0|    -|     2|   32|       64|
    |A_TILE_441_U    |        0|   103|   0|    -|     2|   32|       64|
    |A_TILE_442_U    |        0|   103|   0|    -|     2|   32|       64|
    |A_TILE_443_U    |        0|   103|   0|    -|     2|   32|       64|
    |A_TILE_444_U    |        0|   103|   0|    -|     2|   32|       64|
    |A_TILE_445_U    |        0|   103|   0|    -|     2|   32|       64|
    |A_TILE_446_U    |        0|   103|   0|    -|     2|   32|       64|
    |A_TILE_447_U    |        0|   103|   0|    -|     2|   32|       64|
    |A_TILE_448_U    |        0|   103|   0|    -|     2|   32|       64|
    |A_TILE_449_U    |        0|   103|   0|    -|     2|   32|       64|
    |A_TILE_44_U     |        0|   103|   0|    -|     2|   32|       64|
    |A_TILE_450_U    |        0|   103|   0|    -|     2|   32|       64|
    |A_TILE_451_U    |        0|   103|   0|    -|     2|   32|       64|
    |A_TILE_452_U    |        0|   103|   0|    -|     2|   32|       64|
    |A_TILE_453_U    |        0|   103|   0|    -|     2|   32|       64|
    |A_TILE_454_U    |        0|   103|   0|    -|     2|   32|       64|
    |A_TILE_455_U    |        0|   103|   0|    -|     2|   32|       64|
    |A_TILE_456_U    |        0|   103|   0|    -|     2|   32|       64|
    |A_TILE_457_U    |        0|   103|   0|    -|     2|   32|       64|
    |A_TILE_458_U    |        0|   103|   0|    -|     2|   32|       64|
    |A_TILE_459_U    |        0|   103|   0|    -|     2|   32|       64|
    |A_TILE_45_U     |        0|   103|   0|    -|     2|   32|       64|
    |A_TILE_460_U    |        0|   103|   0|    -|     2|   32|       64|
    |A_TILE_461_U    |        0|   103|   0|    -|     2|   32|       64|
    |A_TILE_462_U    |        0|   103|   0|    -|     2|   32|       64|
    |A_TILE_463_U    |        0|   103|   0|    -|     2|   32|       64|
    |A_TILE_464_U    |        0|   103|   0|    -|     2|   32|       64|
    |A_TILE_465_U    |        0|   103|   0|    -|     2|   32|       64|
    |A_TILE_466_U    |        0|   103|   0|    -|     2|   32|       64|
    |A_TILE_467_U    |        0|   103|   0|    -|     2|   32|       64|
    |A_TILE_468_U    |        0|   103|   0|    -|     2|   32|       64|
    |A_TILE_469_U    |        0|   103|   0|    -|     2|   32|       64|
    |A_TILE_46_U     |        0|   103|   0|    -|     2|   32|       64|
    |A_TILE_470_U    |        0|   103|   0|    -|     2|   32|       64|
    |A_TILE_471_U    |        0|   103|   0|    -|     2|   32|       64|
    |A_TILE_472_U    |        0|   103|   0|    -|     2|   32|       64|
    |A_TILE_473_U    |        0|   103|   0|    -|     2|   32|       64|
    |A_TILE_474_U    |        0|   103|   0|    -|     2|   32|       64|
    |A_TILE_475_U    |        0|   103|   0|    -|     2|   32|       64|
    |A_TILE_476_U    |        0|   103|   0|    -|     2|   32|       64|
    |A_TILE_477_U    |        0|   103|   0|    -|     2|   32|       64|
    |A_TILE_478_U    |        0|   103|   0|    -|     2|   32|       64|
    |A_TILE_479_U    |        0|   103|   0|    -|     2|   32|       64|
    |A_TILE_47_U     |        0|   103|   0|    -|     2|   32|       64|
    |A_TILE_480_U    |        0|   103|   0|    -|     2|   32|       64|
    |A_TILE_481_U    |        0|   103|   0|    -|     2|   32|       64|
    |A_TILE_482_U    |        0|   103|   0|    -|     2|   32|       64|
    |A_TILE_483_U    |        0|   103|   0|    -|     2|   32|       64|
    |A_TILE_484_U    |        0|   103|   0|    -|     2|   32|       64|
    |A_TILE_485_U    |        0|   103|   0|    -|     2|   32|       64|
    |A_TILE_486_U    |        0|   103|   0|    -|     2|   32|       64|
    |A_TILE_487_U    |        0|   103|   0|    -|     2|   32|       64|
    |A_TILE_488_U    |        0|   103|   0|    -|     2|   32|       64|
    |A_TILE_489_U    |        0|   103|   0|    -|     2|   32|       64|
    |A_TILE_48_U     |        0|   103|   0|    -|     2|   32|       64|
    |A_TILE_490_U    |        0|   103|   0|    -|     2|   32|       64|
    |A_TILE_491_U    |        0|   103|   0|    -|     2|   32|       64|
    |A_TILE_492_U    |        0|   103|   0|    -|     2|   32|       64|
    |A_TILE_493_U    |        0|   103|   0|    -|     2|   32|       64|
    |A_TILE_494_U    |        0|   103|   0|    -|     2|   32|       64|
    |A_TILE_495_U    |        0|   103|   0|    -|     2|   32|       64|
    |A_TILE_496_U    |        0|   103|   0|    -|     2|   32|       64|
    |A_TILE_497_U    |        0|   103|   0|    -|     2|   32|       64|
    |A_TILE_498_U    |        0|   103|   0|    -|     2|   32|       64|
    |A_TILE_499_U    |        0|   103|   0|    -|     2|   32|       64|
    |A_TILE_49_U     |        0|   103|   0|    -|     2|   32|       64|
    |A_TILE_4_U      |        0|   103|   0|    -|     2|   32|       64|
    |A_TILE_500_U    |        0|   103|   0|    -|     2|   32|       64|
    |A_TILE_501_U    |        0|   103|   0|    -|     2|   32|       64|
    |A_TILE_502_U    |        0|   103|   0|    -|     2|   32|       64|
    |A_TILE_503_U    |        0|   103|   0|    -|     2|   32|       64|
    |A_TILE_504_U    |        0|   103|   0|    -|     2|   32|       64|
    |A_TILE_505_U    |        0|   103|   0|    -|     2|   32|       64|
    |A_TILE_506_U    |        0|   103|   0|    -|     2|   32|       64|
    |A_TILE_507_U    |        0|   103|   0|    -|     2|   32|       64|
    |A_TILE_508_U    |        0|   103|   0|    -|     2|   32|       64|
    |A_TILE_509_U    |        0|   103|   0|    -|     2|   32|       64|
    |A_TILE_50_U     |        0|   103|   0|    -|     2|   32|       64|
    |A_TILE_510_U    |        0|   103|   0|    -|     2|   32|       64|
    |A_TILE_51_U     |        0|   103|   0|    -|     2|   32|       64|
    |A_TILE_52_U     |        0|   103|   0|    -|     2|   32|       64|
    |A_TILE_53_U     |        0|   103|   0|    -|     2|   32|       64|
    |A_TILE_54_U     |        0|   103|   0|    -|     2|   32|       64|
    |A_TILE_55_U     |        0|   103|   0|    -|     2|   32|       64|
    |A_TILE_56_U     |        0|   103|   0|    -|     2|   32|       64|
    |A_TILE_57_U     |        0|   103|   0|    -|     2|   32|       64|
    |A_TILE_58_U     |        0|   103|   0|    -|     2|   32|       64|
    |A_TILE_59_U     |        0|   103|   0|    -|     2|   32|       64|
    |A_TILE_5_U      |        0|   103|   0|    -|     2|   32|       64|
    |A_TILE_60_U     |        0|   103|   0|    -|     2|   32|       64|
    |A_TILE_61_U     |        0|   103|   0|    -|     2|   32|       64|
    |A_TILE_62_U     |        0|   103|   0|    -|     2|   32|       64|
    |A_TILE_63_U     |        0|   103|   0|    -|     2|   32|       64|
    |A_TILE_64_U     |        0|   103|   0|    -|     2|   32|       64|
    |A_TILE_65_U     |        0|   103|   0|    -|     2|   32|       64|
    |A_TILE_66_U     |        0|   103|   0|    -|     2|   32|       64|
    |A_TILE_67_U     |        0|   103|   0|    -|     2|   32|       64|
    |A_TILE_68_U     |        0|   103|   0|    -|     2|   32|       64|
    |A_TILE_69_U     |        0|   103|   0|    -|     2|   32|       64|
    |A_TILE_6_U      |        0|   103|   0|    -|     2|   32|       64|
    |A_TILE_70_U     |        0|   103|   0|    -|     2|   32|       64|
    |A_TILE_71_U     |        0|   103|   0|    -|     2|   32|       64|
    |A_TILE_72_U     |        0|   103|   0|    -|     2|   32|       64|
    |A_TILE_73_U     |        0|   103|   0|    -|     2|   32|       64|
    |A_TILE_74_U     |        0|   103|   0|    -|     2|   32|       64|
    |A_TILE_75_U     |        0|   103|   0|    -|     2|   32|       64|
    |A_TILE_76_U     |        0|   103|   0|    -|     2|   32|       64|
    |A_TILE_77_U     |        0|   103|   0|    -|     2|   32|       64|
    |A_TILE_78_U     |        0|   103|   0|    -|     2|   32|       64|
    |A_TILE_79_U     |        0|   103|   0|    -|     2|   32|       64|
    |A_TILE_7_U      |        0|   103|   0|    -|     2|   32|       64|
    |A_TILE_80_U     |        0|   103|   0|    -|     2|   32|       64|
    |A_TILE_81_U     |        0|   103|   0|    -|     2|   32|       64|
    |A_TILE_82_U     |        0|   103|   0|    -|     2|   32|       64|
    |A_TILE_83_U     |        0|   103|   0|    -|     2|   32|       64|
    |A_TILE_84_U     |        0|   103|   0|    -|     2|   32|       64|
    |A_TILE_85_U     |        0|   103|   0|    -|     2|   32|       64|
    |A_TILE_86_U     |        0|   103|   0|    -|     2|   32|       64|
    |A_TILE_87_U     |        0|   103|   0|    -|     2|   32|       64|
    |A_TILE_88_U     |        0|   103|   0|    -|     2|   32|       64|
    |A_TILE_89_U     |        0|   103|   0|    -|     2|   32|       64|
    |A_TILE_8_U      |        0|   103|   0|    -|     2|   32|       64|
    |A_TILE_90_U     |        0|   103|   0|    -|     2|   32|       64|
    |A_TILE_91_U     |        0|   103|   0|    -|     2|   32|       64|
    |A_TILE_92_U     |        0|   103|   0|    -|     2|   32|       64|
    |A_TILE_93_U     |        0|   103|   0|    -|     2|   32|       64|
    |A_TILE_94_U     |        0|   103|   0|    -|     2|   32|       64|
    |A_TILE_95_U     |        0|   103|   0|    -|     2|   32|       64|
    |A_TILE_96_U     |        0|   103|   0|    -|     2|   32|       64|
    |A_TILE_97_U     |        0|   103|   0|    -|     2|   32|       64|
    |A_TILE_98_U     |        0|   103|   0|    -|     2|   32|       64|
    |A_TILE_99_U     |        0|   103|   0|    -|     2|   32|       64|
    |A_TILE_9_U      |        0|   103|   0|    -|     2|   32|       64|
    |A_TILE_U        |        0|   103|   0|    -|     2|   32|       64|
    |A_stream_100_U  |        0|   118|   0|    -|    64|   32|     2048|
    |A_stream_101_U  |        0|   118|   0|    -|    64|   32|     2048|
    |A_stream_102_U  |        0|   118|   0|    -|    64|   32|     2048|
    |A_stream_103_U  |        0|   118|   0|    -|    64|   32|     2048|
    |A_stream_104_U  |        0|   118|   0|    -|    64|   32|     2048|
    |A_stream_105_U  |        0|   118|   0|    -|    64|   32|     2048|
    |A_stream_106_U  |        0|   118|   0|    -|    64|   32|     2048|
    |A_stream_107_U  |        0|   118|   0|    -|    64|   32|     2048|
    |A_stream_108_U  |        0|   118|   0|    -|    64|   32|     2048|
    |A_stream_109_U  |        0|   118|   0|    -|    64|   32|     2048|
    |A_stream_10_U   |        0|   118|   0|    -|    64|   32|     2048|
    |A_stream_110_U  |        0|   118|   0|    -|    64|   32|     2048|
    |A_stream_111_U  |        0|   118|   0|    -|    64|   32|     2048|
    |A_stream_112_U  |        0|   118|   0|    -|    64|   32|     2048|
    |A_stream_113_U  |        0|   118|   0|    -|    64|   32|     2048|
    |A_stream_114_U  |        0|   118|   0|    -|    64|   32|     2048|
    |A_stream_115_U  |        0|   118|   0|    -|    64|   32|     2048|
    |A_stream_116_U  |        0|   118|   0|    -|    64|   32|     2048|
    |A_stream_117_U  |        0|   118|   0|    -|    64|   32|     2048|
    |A_stream_118_U  |        0|   118|   0|    -|    64|   32|     2048|
    |A_stream_119_U  |        0|   118|   0|    -|    64|   32|     2048|
    |A_stream_11_U   |        0|   118|   0|    -|    64|   32|     2048|
    |A_stream_120_U  |        0|   118|   0|    -|    64|   32|     2048|
    |A_stream_121_U  |        0|   118|   0|    -|    64|   32|     2048|
    |A_stream_122_U  |        0|   118|   0|    -|    64|   32|     2048|
    |A_stream_123_U  |        0|   118|   0|    -|    64|   32|     2048|
    |A_stream_124_U  |        0|   118|   0|    -|    64|   32|     2048|
    |A_stream_125_U  |        0|   118|   0|    -|    64|   32|     2048|
    |A_stream_126_U  |        0|   118|   0|    -|    64|   32|     2048|
    |A_stream_127_U  |        0|   118|   0|    -|    64|   32|     2048|
    |A_stream_128_U  |        0|   118|   0|    -|    64|   32|     2048|
    |A_stream_129_U  |        0|   118|   0|    -|    64|   32|     2048|
    |A_stream_12_U   |        0|   118|   0|    -|    64|   32|     2048|
    |A_stream_130_U  |        0|   118|   0|    -|    64|   32|     2048|
    |A_stream_131_U  |        0|   118|   0|    -|    64|   32|     2048|
    |A_stream_132_U  |        0|   118|   0|    -|    64|   32|     2048|
    |A_stream_133_U  |        0|   118|   0|    -|    64|   32|     2048|
    |A_stream_134_U  |        0|   118|   0|    -|    64|   32|     2048|
    |A_stream_135_U  |        0|   118|   0|    -|    64|   32|     2048|
    |A_stream_136_U  |        0|   118|   0|    -|    64|   32|     2048|
    |A_stream_137_U  |        0|   118|   0|    -|    64|   32|     2048|
    |A_stream_138_U  |        0|   118|   0|    -|    64|   32|     2048|
    |A_stream_139_U  |        0|   118|   0|    -|    64|   32|     2048|
    |A_stream_13_U   |        0|   118|   0|    -|    64|   32|     2048|
    |A_stream_140_U  |        0|   118|   0|    -|    64|   32|     2048|
    |A_stream_141_U  |        0|   118|   0|    -|    64|   32|     2048|
    |A_stream_142_U  |        0|   118|   0|    -|    64|   32|     2048|
    |A_stream_143_U  |        0|   118|   0|    -|    64|   32|     2048|
    |A_stream_144_U  |        0|   118|   0|    -|    64|   32|     2048|
    |A_stream_145_U  |        0|   118|   0|    -|    64|   32|     2048|
    |A_stream_146_U  |        0|   118|   0|    -|    64|   32|     2048|
    |A_stream_147_U  |        0|   118|   0|    -|    64|   32|     2048|
    |A_stream_148_U  |        0|   118|   0|    -|    64|   32|     2048|
    |A_stream_149_U  |        0|   118|   0|    -|    64|   32|     2048|
    |A_stream_14_U   |        0|   118|   0|    -|    64|   32|     2048|
    |A_stream_150_U  |        0|   118|   0|    -|    64|   32|     2048|
    |A_stream_151_U  |        0|   118|   0|    -|    64|   32|     2048|
    |A_stream_152_U  |        0|   118|   0|    -|    64|   32|     2048|
    |A_stream_153_U  |        0|   118|   0|    -|    64|   32|     2048|
    |A_stream_154_U  |        0|   118|   0|    -|    64|   32|     2048|
    |A_stream_155_U  |        0|   118|   0|    -|    64|   32|     2048|
    |A_stream_156_U  |        0|   118|   0|    -|    64|   32|     2048|
    |A_stream_157_U  |        0|   118|   0|    -|    64|   32|     2048|
    |A_stream_158_U  |        0|   118|   0|    -|    64|   32|     2048|
    |A_stream_159_U  |        0|   118|   0|    -|    64|   32|     2048|
    |A_stream_15_U   |        0|   118|   0|    -|    64|   32|     2048|
    |A_stream_160_U  |        0|   118|   0|    -|    64|   32|     2048|
    |A_stream_161_U  |        0|   118|   0|    -|    64|   32|     2048|
    |A_stream_162_U  |        0|   118|   0|    -|    64|   32|     2048|
    |A_stream_163_U  |        0|   118|   0|    -|    64|   32|     2048|
    |A_stream_164_U  |        0|   118|   0|    -|    64|   32|     2048|
    |A_stream_165_U  |        0|   118|   0|    -|    64|   32|     2048|
    |A_stream_166_U  |        0|   118|   0|    -|    64|   32|     2048|
    |A_stream_167_U  |        0|   118|   0|    -|    64|   32|     2048|
    |A_stream_168_U  |        0|   118|   0|    -|    64|   32|     2048|
    |A_stream_169_U  |        0|   118|   0|    -|    64|   32|     2048|
    |A_stream_16_U   |        0|   118|   0|    -|    64|   32|     2048|
    |A_stream_170_U  |        0|   118|   0|    -|    64|   32|     2048|
    |A_stream_171_U  |        0|   118|   0|    -|    64|   32|     2048|
    |A_stream_172_U  |        0|   118|   0|    -|    64|   32|     2048|
    |A_stream_173_U  |        0|   118|   0|    -|    64|   32|     2048|
    |A_stream_174_U  |        0|   118|   0|    -|    64|   32|     2048|
    |A_stream_175_U  |        0|   118|   0|    -|    64|   32|     2048|
    |A_stream_176_U  |        0|   118|   0|    -|    64|   32|     2048|
    |A_stream_177_U  |        0|   118|   0|    -|    64|   32|     2048|
    |A_stream_178_U  |        0|   118|   0|    -|    64|   32|     2048|
    |A_stream_179_U  |        0|   118|   0|    -|    64|   32|     2048|
    |A_stream_17_U   |        0|   118|   0|    -|    64|   32|     2048|
    |A_stream_180_U  |        0|   118|   0|    -|    64|   32|     2048|
    |A_stream_181_U  |        0|   118|   0|    -|    64|   32|     2048|
    |A_stream_182_U  |        0|   118|   0|    -|    64|   32|     2048|
    |A_stream_183_U  |        0|   118|   0|    -|    64|   32|     2048|
    |A_stream_184_U  |        0|   118|   0|    -|    64|   32|     2048|
    |A_stream_185_U  |        0|   118|   0|    -|    64|   32|     2048|
    |A_stream_186_U  |        0|   118|   0|    -|    64|   32|     2048|
    |A_stream_187_U  |        0|   118|   0|    -|    64|   32|     2048|
    |A_stream_188_U  |        0|   118|   0|    -|    64|   32|     2048|
    |A_stream_189_U  |        0|   118|   0|    -|    64|   32|     2048|
    |A_stream_18_U   |        0|   118|   0|    -|    64|   32|     2048|
    |A_stream_190_U  |        0|   118|   0|    -|    64|   32|     2048|
    |A_stream_191_U  |        0|   118|   0|    -|    64|   32|     2048|
    |A_stream_192_U  |        0|   118|   0|    -|    64|   32|     2048|
    |A_stream_193_U  |        0|   118|   0|    -|    64|   32|     2048|
    |A_stream_194_U  |        0|   118|   0|    -|    64|   32|     2048|
    |A_stream_195_U  |        0|   118|   0|    -|    64|   32|     2048|
    |A_stream_196_U  |        0|   118|   0|    -|    64|   32|     2048|
    |A_stream_197_U  |        0|   118|   0|    -|    64|   32|     2048|
    |A_stream_198_U  |        0|   118|   0|    -|    64|   32|     2048|
    |A_stream_199_U  |        0|   118|   0|    -|    64|   32|     2048|
    |A_stream_19_U   |        0|   118|   0|    -|    64|   32|     2048|
    |A_stream_1_U    |        0|   118|   0|    -|    64|   32|     2048|
    |A_stream_200_U  |        0|   118|   0|    -|    64|   32|     2048|
    |A_stream_201_U  |        0|   118|   0|    -|    64|   32|     2048|
    |A_stream_202_U  |        0|   118|   0|    -|    64|   32|     2048|
    |A_stream_203_U  |        0|   118|   0|    -|    64|   32|     2048|
    |A_stream_204_U  |        0|   118|   0|    -|    64|   32|     2048|
    |A_stream_205_U  |        0|   118|   0|    -|    64|   32|     2048|
    |A_stream_206_U  |        0|   118|   0|    -|    64|   32|     2048|
    |A_stream_207_U  |        0|   118|   0|    -|    64|   32|     2048|
    |A_stream_208_U  |        0|   118|   0|    -|    64|   32|     2048|
    |A_stream_209_U  |        0|   118|   0|    -|    64|   32|     2048|
    |A_stream_20_U   |        0|   118|   0|    -|    64|   32|     2048|
    |A_stream_210_U  |        0|   118|   0|    -|    64|   32|     2048|
    |A_stream_211_U  |        0|   118|   0|    -|    64|   32|     2048|
    |A_stream_212_U  |        0|   118|   0|    -|    64|   32|     2048|
    |A_stream_213_U  |        0|   118|   0|    -|    64|   32|     2048|
    |A_stream_214_U  |        0|   118|   0|    -|    64|   32|     2048|
    |A_stream_215_U  |        0|   118|   0|    -|    64|   32|     2048|
    |A_stream_216_U  |        0|   118|   0|    -|    64|   32|     2048|
    |A_stream_217_U  |        0|   118|   0|    -|    64|   32|     2048|
    |A_stream_218_U  |        0|   118|   0|    -|    64|   32|     2048|
    |A_stream_219_U  |        0|   118|   0|    -|    64|   32|     2048|
    |A_stream_21_U   |        0|   118|   0|    -|    64|   32|     2048|
    |A_stream_220_U  |        0|   118|   0|    -|    64|   32|     2048|
    |A_stream_221_U  |        0|   118|   0|    -|    64|   32|     2048|
    |A_stream_222_U  |        0|   118|   0|    -|    64|   32|     2048|
    |A_stream_223_U  |        0|   118|   0|    -|    64|   32|     2048|
    |A_stream_224_U  |        0|   118|   0|    -|    64|   32|     2048|
    |A_stream_225_U  |        0|   118|   0|    -|    64|   32|     2048|
    |A_stream_226_U  |        0|   118|   0|    -|    64|   32|     2048|
    |A_stream_227_U  |        0|   118|   0|    -|    64|   32|     2048|
    |A_stream_228_U  |        0|   118|   0|    -|    64|   32|     2048|
    |A_stream_229_U  |        0|   118|   0|    -|    64|   32|     2048|
    |A_stream_22_U   |        0|   118|   0|    -|    64|   32|     2048|
    |A_stream_230_U  |        0|   118|   0|    -|    64|   32|     2048|
    |A_stream_231_U  |        0|   118|   0|    -|    64|   32|     2048|
    |A_stream_232_U  |        0|   118|   0|    -|    64|   32|     2048|
    |A_stream_233_U  |        0|   118|   0|    -|    64|   32|     2048|
    |A_stream_234_U  |        0|   118|   0|    -|    64|   32|     2048|
    |A_stream_235_U  |        0|   118|   0|    -|    64|   32|     2048|
    |A_stream_236_U  |        0|   118|   0|    -|    64|   32|     2048|
    |A_stream_237_U  |        0|   118|   0|    -|    64|   32|     2048|
    |A_stream_238_U  |        0|   118|   0|    -|    64|   32|     2048|
    |A_stream_239_U  |        0|   118|   0|    -|    64|   32|     2048|
    |A_stream_23_U   |        0|   118|   0|    -|    64|   32|     2048|
    |A_stream_240_U  |        0|   118|   0|    -|    64|   32|     2048|
    |A_stream_241_U  |        0|   118|   0|    -|    64|   32|     2048|
    |A_stream_242_U  |        0|   118|   0|    -|    64|   32|     2048|
    |A_stream_243_U  |        0|   118|   0|    -|    64|   32|     2048|
    |A_stream_244_U  |        0|   118|   0|    -|    64|   32|     2048|
    |A_stream_245_U  |        0|   118|   0|    -|    64|   32|     2048|
    |A_stream_246_U  |        0|   118|   0|    -|    64|   32|     2048|
    |A_stream_247_U  |        0|   118|   0|    -|    64|   32|     2048|
    |A_stream_248_U  |        0|   118|   0|    -|    64|   32|     2048|
    |A_stream_249_U  |        0|   118|   0|    -|    64|   32|     2048|
    |A_stream_24_U   |        0|   118|   0|    -|    64|   32|     2048|
    |A_stream_250_U  |        0|   118|   0|    -|    64|   32|     2048|
    |A_stream_251_U  |        0|   118|   0|    -|    64|   32|     2048|
    |A_stream_252_U  |        0|   118|   0|    -|    64|   32|     2048|
    |A_stream_253_U  |        0|   118|   0|    -|    64|   32|     2048|
    |A_stream_254_U  |        0|   118|   0|    -|    64|   32|     2048|
    |A_stream_255_U  |        0|   118|   0|    -|    64|   32|     2048|
    |A_stream_25_U   |        0|   118|   0|    -|    64|   32|     2048|
    |A_stream_26_U   |        0|   118|   0|    -|    64|   32|     2048|
    |A_stream_27_U   |        0|   118|   0|    -|    64|   32|     2048|
    |A_stream_28_U   |        0|   118|   0|    -|    64|   32|     2048|
    |A_stream_29_U   |        0|   118|   0|    -|    64|   32|     2048|
    |A_stream_2_U    |        0|   118|   0|    -|    64|   32|     2048|
    |A_stream_30_U   |        0|   118|   0|    -|    64|   32|     2048|
    |A_stream_31_U   |        0|   118|   0|    -|    64|   32|     2048|
    |A_stream_32_U   |        0|   118|   0|    -|    64|   32|     2048|
    |A_stream_33_U   |        0|   118|   0|    -|    64|   32|     2048|
    |A_stream_34_U   |        0|   118|   0|    -|    64|   32|     2048|
    |A_stream_35_U   |        0|   118|   0|    -|    64|   32|     2048|
    |A_stream_36_U   |        0|   118|   0|    -|    64|   32|     2048|
    |A_stream_37_U   |        0|   118|   0|    -|    64|   32|     2048|
    |A_stream_38_U   |        0|   118|   0|    -|    64|   32|     2048|
    |A_stream_39_U   |        0|   118|   0|    -|    64|   32|     2048|
    |A_stream_3_U    |        0|   118|   0|    -|    64|   32|     2048|
    |A_stream_40_U   |        0|   118|   0|    -|    64|   32|     2048|
    |A_stream_41_U   |        0|   118|   0|    -|    64|   32|     2048|
    |A_stream_42_U   |        0|   118|   0|    -|    64|   32|     2048|
    |A_stream_43_U   |        0|   118|   0|    -|    64|   32|     2048|
    |A_stream_44_U   |        0|   118|   0|    -|    64|   32|     2048|
    |A_stream_45_U   |        0|   118|   0|    -|    64|   32|     2048|
    |A_stream_46_U   |        0|   118|   0|    -|    64|   32|     2048|
    |A_stream_47_U   |        0|   118|   0|    -|    64|   32|     2048|
    |A_stream_48_U   |        0|   118|   0|    -|    64|   32|     2048|
    |A_stream_49_U   |        0|   118|   0|    -|    64|   32|     2048|
    |A_stream_4_U    |        0|   118|   0|    -|    64|   32|     2048|
    |A_stream_50_U   |        0|   118|   0|    -|    64|   32|     2048|
    |A_stream_51_U   |        0|   118|   0|    -|    64|   32|     2048|
    |A_stream_52_U   |        0|   118|   0|    -|    64|   32|     2048|
    |A_stream_53_U   |        0|   118|   0|    -|    64|   32|     2048|
    |A_stream_54_U   |        0|   118|   0|    -|    64|   32|     2048|
    |A_stream_55_U   |        0|   118|   0|    -|    64|   32|     2048|
    |A_stream_56_U   |        0|   118|   0|    -|    64|   32|     2048|
    |A_stream_57_U   |        0|   118|   0|    -|    64|   32|     2048|
    |A_stream_58_U   |        0|   118|   0|    -|    64|   32|     2048|
    |A_stream_59_U   |        0|   118|   0|    -|    64|   32|     2048|
    |A_stream_5_U    |        0|   118|   0|    -|    64|   32|     2048|
    |A_stream_60_U   |        0|   118|   0|    -|    64|   32|     2048|
    |A_stream_61_U   |        0|   118|   0|    -|    64|   32|     2048|
    |A_stream_62_U   |        0|   118|   0|    -|    64|   32|     2048|
    |A_stream_63_U   |        0|   118|   0|    -|    64|   32|     2048|
    |A_stream_64_U   |        0|   118|   0|    -|    64|   32|     2048|
    |A_stream_65_U   |        0|   118|   0|    -|    64|   32|     2048|
    |A_stream_66_U   |        0|   118|   0|    -|    64|   32|     2048|
    |A_stream_67_U   |        0|   118|   0|    -|    64|   32|     2048|
    |A_stream_68_U   |        0|   118|   0|    -|    64|   32|     2048|
    |A_stream_69_U   |        0|   118|   0|    -|    64|   32|     2048|
    |A_stream_6_U    |        0|   118|   0|    -|    64|   32|     2048|
    |A_stream_70_U   |        0|   118|   0|    -|    64|   32|     2048|
    |A_stream_71_U   |        0|   118|   0|    -|    64|   32|     2048|
    |A_stream_72_U   |        0|   118|   0|    -|    64|   32|     2048|
    |A_stream_73_U   |        0|   118|   0|    -|    64|   32|     2048|
    |A_stream_74_U   |        0|   118|   0|    -|    64|   32|     2048|
    |A_stream_75_U   |        0|   118|   0|    -|    64|   32|     2048|
    |A_stream_76_U   |        0|   118|   0|    -|    64|   32|     2048|
    |A_stream_77_U   |        0|   118|   0|    -|    64|   32|     2048|
    |A_stream_78_U   |        0|   118|   0|    -|    64|   32|     2048|
    |A_stream_79_U   |        0|   118|   0|    -|    64|   32|     2048|
    |A_stream_7_U    |        0|   118|   0|    -|    64|   32|     2048|
    |A_stream_80_U   |        0|   118|   0|    -|    64|   32|     2048|
    |A_stream_81_U   |        0|   118|   0|    -|    64|   32|     2048|
    |A_stream_82_U   |        0|   118|   0|    -|    64|   32|     2048|
    |A_stream_83_U   |        0|   118|   0|    -|    64|   32|     2048|
    |A_stream_84_U   |        0|   118|   0|    -|    64|   32|     2048|
    |A_stream_85_U   |        0|   118|   0|    -|    64|   32|     2048|
    |A_stream_86_U   |        0|   118|   0|    -|    64|   32|     2048|
    |A_stream_87_U   |        0|   118|   0|    -|    64|   32|     2048|
    |A_stream_88_U   |        0|   118|   0|    -|    64|   32|     2048|
    |A_stream_89_U   |        0|   118|   0|    -|    64|   32|     2048|
    |A_stream_8_U    |        0|   118|   0|    -|    64|   32|     2048|
    |A_stream_90_U   |        0|   118|   0|    -|    64|   32|     2048|
    |A_stream_91_U   |        0|   118|   0|    -|    64|   32|     2048|
    |A_stream_92_U   |        0|   118|   0|    -|    64|   32|     2048|
    |A_stream_93_U   |        0|   118|   0|    -|    64|   32|     2048|
    |A_stream_94_U   |        0|   118|   0|    -|    64|   32|     2048|
    |A_stream_95_U   |        0|   118|   0|    -|    64|   32|     2048|
    |A_stream_96_U   |        0|   118|   0|    -|    64|   32|     2048|
    |A_stream_97_U   |        0|   118|   0|    -|    64|   32|     2048|
    |A_stream_98_U   |        0|   118|   0|    -|    64|   32|     2048|
    |A_stream_99_U   |        0|   118|   0|    -|    64|   32|     2048|
    |A_stream_9_U    |        0|   118|   0|    -|    64|   32|     2048|
    |A_stream_U      |        0|   118|   0|    -|    64|   32|     2048|
    |B_stream_100_U  |        0|   118|   0|    -|    64|   32|     2048|
    |B_stream_101_U  |        0|   118|   0|    -|    64|   32|     2048|
    |B_stream_102_U  |        0|   118|   0|    -|    64|   32|     2048|
    |B_stream_103_U  |        0|   118|   0|    -|    64|   32|     2048|
    |B_stream_104_U  |        0|   118|   0|    -|    64|   32|     2048|
    |B_stream_105_U  |        0|   118|   0|    -|    64|   32|     2048|
    |B_stream_106_U  |        0|   118|   0|    -|    64|   32|     2048|
    |B_stream_107_U  |        0|   118|   0|    -|    64|   32|     2048|
    |B_stream_108_U  |        0|   118|   0|    -|    64|   32|     2048|
    |B_stream_109_U  |        0|   118|   0|    -|    64|   32|     2048|
    |B_stream_10_U   |        0|   118|   0|    -|    64|   32|     2048|
    |B_stream_110_U  |        0|   118|   0|    -|    64|   32|     2048|
    |B_stream_111_U  |        0|   118|   0|    -|    64|   32|     2048|
    |B_stream_112_U  |        0|   118|   0|    -|    64|   32|     2048|
    |B_stream_113_U  |        0|   118|   0|    -|    64|   32|     2048|
    |B_stream_114_U  |        0|   118|   0|    -|    64|   32|     2048|
    |B_stream_115_U  |        0|   118|   0|    -|    64|   32|     2048|
    |B_stream_116_U  |        0|   118|   0|    -|    64|   32|     2048|
    |B_stream_117_U  |        0|   118|   0|    -|    64|   32|     2048|
    |B_stream_118_U  |        0|   118|   0|    -|    64|   32|     2048|
    |B_stream_119_U  |        0|   118|   0|    -|    64|   32|     2048|
    |B_stream_11_U   |        0|   118|   0|    -|    64|   32|     2048|
    |B_stream_120_U  |        0|   118|   0|    -|    64|   32|     2048|
    |B_stream_121_U  |        0|   118|   0|    -|    64|   32|     2048|
    |B_stream_122_U  |        0|   118|   0|    -|    64|   32|     2048|
    |B_stream_123_U  |        0|   118|   0|    -|    64|   32|     2048|
    |B_stream_124_U  |        0|   118|   0|    -|    64|   32|     2048|
    |B_stream_125_U  |        0|   118|   0|    -|    64|   32|     2048|
    |B_stream_126_U  |        0|   118|   0|    -|    64|   32|     2048|
    |B_stream_127_U  |        0|   118|   0|    -|    64|   32|     2048|
    |B_stream_128_U  |        0|   118|   0|    -|    64|   32|     2048|
    |B_stream_129_U  |        0|   118|   0|    -|    64|   32|     2048|
    |B_stream_12_U   |        0|   118|   0|    -|    64|   32|     2048|
    |B_stream_130_U  |        0|   118|   0|    -|    64|   32|     2048|
    |B_stream_131_U  |        0|   118|   0|    -|    64|   32|     2048|
    |B_stream_132_U  |        0|   118|   0|    -|    64|   32|     2048|
    |B_stream_133_U  |        0|   118|   0|    -|    64|   32|     2048|
    |B_stream_134_U  |        0|   118|   0|    -|    64|   32|     2048|
    |B_stream_135_U  |        0|   118|   0|    -|    64|   32|     2048|
    |B_stream_136_U  |        0|   118|   0|    -|    64|   32|     2048|
    |B_stream_137_U  |        0|   118|   0|    -|    64|   32|     2048|
    |B_stream_138_U  |        0|   118|   0|    -|    64|   32|     2048|
    |B_stream_139_U  |        0|   118|   0|    -|    64|   32|     2048|
    |B_stream_13_U   |        0|   118|   0|    -|    64|   32|     2048|
    |B_stream_140_U  |        0|   118|   0|    -|    64|   32|     2048|
    |B_stream_141_U  |        0|   118|   0|    -|    64|   32|     2048|
    |B_stream_142_U  |        0|   118|   0|    -|    64|   32|     2048|
    |B_stream_143_U  |        0|   118|   0|    -|    64|   32|     2048|
    |B_stream_144_U  |        0|   118|   0|    -|    64|   32|     2048|
    |B_stream_145_U  |        0|   118|   0|    -|    64|   32|     2048|
    |B_stream_146_U  |        0|   118|   0|    -|    64|   32|     2048|
    |B_stream_147_U  |        0|   118|   0|    -|    64|   32|     2048|
    |B_stream_148_U  |        0|   118|   0|    -|    64|   32|     2048|
    |B_stream_149_U  |        0|   118|   0|    -|    64|   32|     2048|
    |B_stream_14_U   |        0|   118|   0|    -|    64|   32|     2048|
    |B_stream_150_U  |        0|   118|   0|    -|    64|   32|     2048|
    |B_stream_151_U  |        0|   118|   0|    -|    64|   32|     2048|
    |B_stream_152_U  |        0|   118|   0|    -|    64|   32|     2048|
    |B_stream_153_U  |        0|   118|   0|    -|    64|   32|     2048|
    |B_stream_154_U  |        0|   118|   0|    -|    64|   32|     2048|
    |B_stream_155_U  |        0|   118|   0|    -|    64|   32|     2048|
    |B_stream_156_U  |        0|   118|   0|    -|    64|   32|     2048|
    |B_stream_157_U  |        0|   118|   0|    -|    64|   32|     2048|
    |B_stream_158_U  |        0|   118|   0|    -|    64|   32|     2048|
    |B_stream_159_U  |        0|   118|   0|    -|    64|   32|     2048|
    |B_stream_15_U   |        0|   118|   0|    -|    64|   32|     2048|
    |B_stream_160_U  |        0|   118|   0|    -|    64|   32|     2048|
    |B_stream_161_U  |        0|   118|   0|    -|    64|   32|     2048|
    |B_stream_162_U  |        0|   118|   0|    -|    64|   32|     2048|
    |B_stream_163_U  |        0|   118|   0|    -|    64|   32|     2048|
    |B_stream_164_U  |        0|   118|   0|    -|    64|   32|     2048|
    |B_stream_165_U  |        0|   118|   0|    -|    64|   32|     2048|
    |B_stream_166_U  |        0|   118|   0|    -|    64|   32|     2048|
    |B_stream_167_U  |        0|   118|   0|    -|    64|   32|     2048|
    |B_stream_168_U  |        0|   118|   0|    -|    64|   32|     2048|
    |B_stream_169_U  |        0|   118|   0|    -|    64|   32|     2048|
    |B_stream_16_U   |        0|   118|   0|    -|    64|   32|     2048|
    |B_stream_170_U  |        0|   118|   0|    -|    64|   32|     2048|
    |B_stream_171_U  |        0|   118|   0|    -|    64|   32|     2048|
    |B_stream_172_U  |        0|   118|   0|    -|    64|   32|     2048|
    |B_stream_173_U  |        0|   118|   0|    -|    64|   32|     2048|
    |B_stream_174_U  |        0|   118|   0|    -|    64|   32|     2048|
    |B_stream_175_U  |        0|   118|   0|    -|    64|   32|     2048|
    |B_stream_176_U  |        0|   118|   0|    -|    64|   32|     2048|
    |B_stream_177_U  |        0|   118|   0|    -|    64|   32|     2048|
    |B_stream_178_U  |        0|   118|   0|    -|    64|   32|     2048|
    |B_stream_179_U  |        0|   118|   0|    -|    64|   32|     2048|
    |B_stream_17_U   |        0|   118|   0|    -|    64|   32|     2048|
    |B_stream_180_U  |        0|   118|   0|    -|    64|   32|     2048|
    |B_stream_181_U  |        0|   118|   0|    -|    64|   32|     2048|
    |B_stream_182_U  |        0|   118|   0|    -|    64|   32|     2048|
    |B_stream_183_U  |        0|   118|   0|    -|    64|   32|     2048|
    |B_stream_184_U  |        0|   118|   0|    -|    64|   32|     2048|
    |B_stream_185_U  |        0|   118|   0|    -|    64|   32|     2048|
    |B_stream_186_U  |        0|   118|   0|    -|    64|   32|     2048|
    |B_stream_187_U  |        0|   118|   0|    -|    64|   32|     2048|
    |B_stream_188_U  |        0|   118|   0|    -|    64|   32|     2048|
    |B_stream_189_U  |        0|   118|   0|    -|    64|   32|     2048|
    |B_stream_18_U   |        0|   118|   0|    -|    64|   32|     2048|
    |B_stream_190_U  |        0|   118|   0|    -|    64|   32|     2048|
    |B_stream_191_U  |        0|   118|   0|    -|    64|   32|     2048|
    |B_stream_192_U  |        0|   118|   0|    -|    64|   32|     2048|
    |B_stream_193_U  |        0|   118|   0|    -|    64|   32|     2048|
    |B_stream_194_U  |        0|   118|   0|    -|    64|   32|     2048|
    |B_stream_195_U  |        0|   118|   0|    -|    64|   32|     2048|
    |B_stream_196_U  |        0|   118|   0|    -|    64|   32|     2048|
    |B_stream_197_U  |        0|   118|   0|    -|    64|   32|     2048|
    |B_stream_198_U  |        0|   118|   0|    -|    64|   32|     2048|
    |B_stream_199_U  |        0|   118|   0|    -|    64|   32|     2048|
    |B_stream_19_U   |        0|   118|   0|    -|    64|   32|     2048|
    |B_stream_1_U    |        0|   118|   0|    -|    64|   32|     2048|
    |B_stream_200_U  |        0|   118|   0|    -|    64|   32|     2048|
    |B_stream_201_U  |        0|   118|   0|    -|    64|   32|     2048|
    |B_stream_202_U  |        0|   118|   0|    -|    64|   32|     2048|
    |B_stream_203_U  |        0|   118|   0|    -|    64|   32|     2048|
    |B_stream_204_U  |        0|   118|   0|    -|    64|   32|     2048|
    |B_stream_205_U  |        0|   118|   0|    -|    64|   32|     2048|
    |B_stream_206_U  |        0|   118|   0|    -|    64|   32|     2048|
    |B_stream_207_U  |        0|   118|   0|    -|    64|   32|     2048|
    |B_stream_208_U  |        0|   118|   0|    -|    64|   32|     2048|
    |B_stream_209_U  |        0|   118|   0|    -|    64|   32|     2048|
    |B_stream_20_U   |        0|   118|   0|    -|    64|   32|     2048|
    |B_stream_210_U  |        0|   118|   0|    -|    64|   32|     2048|
    |B_stream_211_U  |        0|   118|   0|    -|    64|   32|     2048|
    |B_stream_212_U  |        0|   118|   0|    -|    64|   32|     2048|
    |B_stream_213_U  |        0|   118|   0|    -|    64|   32|     2048|
    |B_stream_214_U  |        0|   118|   0|    -|    64|   32|     2048|
    |B_stream_215_U  |        0|   118|   0|    -|    64|   32|     2048|
    |B_stream_216_U  |        0|   118|   0|    -|    64|   32|     2048|
    |B_stream_217_U  |        0|   118|   0|    -|    64|   32|     2048|
    |B_stream_218_U  |        0|   118|   0|    -|    64|   32|     2048|
    |B_stream_219_U  |        0|   118|   0|    -|    64|   32|     2048|
    |B_stream_21_U   |        0|   118|   0|    -|    64|   32|     2048|
    |B_stream_220_U  |        0|   118|   0|    -|    64|   32|     2048|
    |B_stream_221_U  |        0|   118|   0|    -|    64|   32|     2048|
    |B_stream_222_U  |        0|   118|   0|    -|    64|   32|     2048|
    |B_stream_223_U  |        0|   118|   0|    -|    64|   32|     2048|
    |B_stream_224_U  |        0|   118|   0|    -|    64|   32|     2048|
    |B_stream_225_U  |        0|   118|   0|    -|    64|   32|     2048|
    |B_stream_226_U  |        0|   118|   0|    -|    64|   32|     2048|
    |B_stream_227_U  |        0|   118|   0|    -|    64|   32|     2048|
    |B_stream_228_U  |        0|   118|   0|    -|    64|   32|     2048|
    |B_stream_229_U  |        0|   118|   0|    -|    64|   32|     2048|
    |B_stream_22_U   |        0|   118|   0|    -|    64|   32|     2048|
    |B_stream_230_U  |        0|   118|   0|    -|    64|   32|     2048|
    |B_stream_231_U  |        0|   118|   0|    -|    64|   32|     2048|
    |B_stream_232_U  |        0|   118|   0|    -|    64|   32|     2048|
    |B_stream_233_U  |        0|   118|   0|    -|    64|   32|     2048|
    |B_stream_234_U  |        0|   118|   0|    -|    64|   32|     2048|
    |B_stream_235_U  |        0|   118|   0|    -|    64|   32|     2048|
    |B_stream_236_U  |        0|   118|   0|    -|    64|   32|     2048|
    |B_stream_237_U  |        0|   118|   0|    -|    64|   32|     2048|
    |B_stream_238_U  |        0|   118|   0|    -|    64|   32|     2048|
    |B_stream_239_U  |        0|   118|   0|    -|    64|   32|     2048|
    |B_stream_23_U   |        0|   118|   0|    -|    64|   32|     2048|
    |B_stream_240_U  |        0|   118|   0|    -|    64|   32|     2048|
    |B_stream_241_U  |        0|   118|   0|    -|    64|   32|     2048|
    |B_stream_242_U  |        0|   118|   0|    -|    64|   32|     2048|
    |B_stream_243_U  |        0|   118|   0|    -|    64|   32|     2048|
    |B_stream_244_U  |        0|   118|   0|    -|    64|   32|     2048|
    |B_stream_245_U  |        0|   118|   0|    -|    64|   32|     2048|
    |B_stream_246_U  |        0|   118|   0|    -|    64|   32|     2048|
    |B_stream_247_U  |        0|   118|   0|    -|    64|   32|     2048|
    |B_stream_248_U  |        0|   118|   0|    -|    64|   32|     2048|
    |B_stream_249_U  |        0|   118|   0|    -|    64|   32|     2048|
    |B_stream_24_U   |        0|   118|   0|    -|    64|   32|     2048|
    |B_stream_250_U  |        0|   118|   0|    -|    64|   32|     2048|
    |B_stream_251_U  |        0|   118|   0|    -|    64|   32|     2048|
    |B_stream_252_U  |        0|   118|   0|    -|    64|   32|     2048|
    |B_stream_253_U  |        0|   118|   0|    -|    64|   32|     2048|
    |B_stream_254_U  |        0|   118|   0|    -|    64|   32|     2048|
    |B_stream_255_U  |        0|   118|   0|    -|    64|   32|     2048|
    |B_stream_25_U   |        0|   118|   0|    -|    64|   32|     2048|
    |B_stream_26_U   |        0|   118|   0|    -|    64|   32|     2048|
    |B_stream_27_U   |        0|   118|   0|    -|    64|   32|     2048|
    |B_stream_28_U   |        0|   118|   0|    -|    64|   32|     2048|
    |B_stream_29_U   |        0|   118|   0|    -|    64|   32|     2048|
    |B_stream_2_U    |        0|   118|   0|    -|    64|   32|     2048|
    |B_stream_30_U   |        0|   118|   0|    -|    64|   32|     2048|
    |B_stream_31_U   |        0|   118|   0|    -|    64|   32|     2048|
    |B_stream_32_U   |        0|   118|   0|    -|    64|   32|     2048|
    |B_stream_33_U   |        0|   118|   0|    -|    64|   32|     2048|
    |B_stream_34_U   |        0|   118|   0|    -|    64|   32|     2048|
    |B_stream_35_U   |        0|   118|   0|    -|    64|   32|     2048|
    |B_stream_36_U   |        0|   118|   0|    -|    64|   32|     2048|
    |B_stream_37_U   |        0|   118|   0|    -|    64|   32|     2048|
    |B_stream_38_U   |        0|   118|   0|    -|    64|   32|     2048|
    |B_stream_39_U   |        0|   118|   0|    -|    64|   32|     2048|
    |B_stream_3_U    |        0|   118|   0|    -|    64|   32|     2048|
    |B_stream_40_U   |        0|   118|   0|    -|    64|   32|     2048|
    |B_stream_41_U   |        0|   118|   0|    -|    64|   32|     2048|
    |B_stream_42_U   |        0|   118|   0|    -|    64|   32|     2048|
    |B_stream_43_U   |        0|   118|   0|    -|    64|   32|     2048|
    |B_stream_44_U   |        0|   118|   0|    -|    64|   32|     2048|
    |B_stream_45_U   |        0|   118|   0|    -|    64|   32|     2048|
    |B_stream_46_U   |        0|   118|   0|    -|    64|   32|     2048|
    |B_stream_47_U   |        0|   118|   0|    -|    64|   32|     2048|
    |B_stream_48_U   |        0|   118|   0|    -|    64|   32|     2048|
    |B_stream_49_U   |        0|   118|   0|    -|    64|   32|     2048|
    |B_stream_4_U    |        0|   118|   0|    -|    64|   32|     2048|
    |B_stream_50_U   |        0|   118|   0|    -|    64|   32|     2048|
    |B_stream_51_U   |        0|   118|   0|    -|    64|   32|     2048|
    |B_stream_52_U   |        0|   118|   0|    -|    64|   32|     2048|
    |B_stream_53_U   |        0|   118|   0|    -|    64|   32|     2048|
    |B_stream_54_U   |        0|   118|   0|    -|    64|   32|     2048|
    |B_stream_55_U   |        0|   118|   0|    -|    64|   32|     2048|
    |B_stream_56_U   |        0|   118|   0|    -|    64|   32|     2048|
    |B_stream_57_U   |        0|   118|   0|    -|    64|   32|     2048|
    |B_stream_58_U   |        0|   118|   0|    -|    64|   32|     2048|
    |B_stream_59_U   |        0|   118|   0|    -|    64|   32|     2048|
    |B_stream_5_U    |        0|   118|   0|    -|    64|   32|     2048|
    |B_stream_60_U   |        0|   118|   0|    -|    64|   32|     2048|
    |B_stream_61_U   |        0|   118|   0|    -|    64|   32|     2048|
    |B_stream_62_U   |        0|   118|   0|    -|    64|   32|     2048|
    |B_stream_63_U   |        0|   118|   0|    -|    64|   32|     2048|
    |B_stream_64_U   |        0|   118|   0|    -|    64|   32|     2048|
    |B_stream_65_U   |        0|   118|   0|    -|    64|   32|     2048|
    |B_stream_66_U   |        0|   118|   0|    -|    64|   32|     2048|
    |B_stream_67_U   |        0|   118|   0|    -|    64|   32|     2048|
    |B_stream_68_U   |        0|   118|   0|    -|    64|   32|     2048|
    |B_stream_69_U   |        0|   118|   0|    -|    64|   32|     2048|
    |B_stream_6_U    |        0|   118|   0|    -|    64|   32|     2048|
    |B_stream_70_U   |        0|   118|   0|    -|    64|   32|     2048|
    |B_stream_71_U   |        0|   118|   0|    -|    64|   32|     2048|
    |B_stream_72_U   |        0|   118|   0|    -|    64|   32|     2048|
    |B_stream_73_U   |        0|   118|   0|    -|    64|   32|     2048|
    |B_stream_74_U   |        0|   118|   0|    -|    64|   32|     2048|
    |B_stream_75_U   |        0|   118|   0|    -|    64|   32|     2048|
    |B_stream_76_U   |        0|   118|   0|    -|    64|   32|     2048|
    |B_stream_77_U   |        0|   118|   0|    -|    64|   32|     2048|
    |B_stream_78_U   |        0|   118|   0|    -|    64|   32|     2048|
    |B_stream_79_U   |        0|   118|   0|    -|    64|   32|     2048|
    |B_stream_7_U    |        0|   118|   0|    -|    64|   32|     2048|
    |B_stream_80_U   |        0|   118|   0|    -|    64|   32|     2048|
    |B_stream_81_U   |        0|   118|   0|    -|    64|   32|     2048|
    |B_stream_82_U   |        0|   118|   0|    -|    64|   32|     2048|
    |B_stream_83_U   |        0|   118|   0|    -|    64|   32|     2048|
    |B_stream_84_U   |        0|   118|   0|    -|    64|   32|     2048|
    |B_stream_85_U   |        0|   118|   0|    -|    64|   32|     2048|
    |B_stream_86_U   |        0|   118|   0|    -|    64|   32|     2048|
    |B_stream_87_U   |        0|   118|   0|    -|    64|   32|     2048|
    |B_stream_88_U   |        0|   118|   0|    -|    64|   32|     2048|
    |B_stream_89_U   |        0|   118|   0|    -|    64|   32|     2048|
    |B_stream_8_U    |        0|   118|   0|    -|    64|   32|     2048|
    |B_stream_90_U   |        0|   118|   0|    -|    64|   32|     2048|
    |B_stream_91_U   |        0|   118|   0|    -|    64|   32|     2048|
    |B_stream_92_U   |        0|   118|   0|    -|    64|   32|     2048|
    |B_stream_93_U   |        0|   118|   0|    -|    64|   32|     2048|
    |B_stream_94_U   |        0|   118|   0|    -|    64|   32|     2048|
    |B_stream_95_U   |        0|   118|   0|    -|    64|   32|     2048|
    |B_stream_96_U   |        0|   118|   0|    -|    64|   32|     2048|
    |B_stream_97_U   |        0|   118|   0|    -|    64|   32|     2048|
    |B_stream_98_U   |        0|   118|   0|    -|    64|   32|     2048|
    |B_stream_99_U   |        0|   118|   0|    -|    64|   32|     2048|
    |B_stream_9_U    |        0|   118|   0|    -|    64|   32|     2048|
    |B_stream_U      |        0|   118|   0|    -|    64|   32|     2048|
    |C_stream_100_U  |        0|   118|   0|    -|    64|   32|     2048|
    |C_stream_101_U  |        0|   118|   0|    -|    64|   32|     2048|
    |C_stream_102_U  |        0|   118|   0|    -|    64|   32|     2048|
    |C_stream_103_U  |        0|   118|   0|    -|    64|   32|     2048|
    |C_stream_104_U  |        0|   118|   0|    -|    64|   32|     2048|
    |C_stream_105_U  |        0|   118|   0|    -|    64|   32|     2048|
    |C_stream_106_U  |        0|   118|   0|    -|    64|   32|     2048|
    |C_stream_107_U  |        0|   118|   0|    -|    64|   32|     2048|
    |C_stream_108_U  |        0|   118|   0|    -|    64|   32|     2048|
    |C_stream_109_U  |        0|   118|   0|    -|    64|   32|     2048|
    |C_stream_10_U   |        0|   118|   0|    -|    64|   32|     2048|
    |C_stream_110_U  |        0|   118|   0|    -|    64|   32|     2048|
    |C_stream_111_U  |        0|   118|   0|    -|    64|   32|     2048|
    |C_stream_112_U  |        0|   118|   0|    -|    64|   32|     2048|
    |C_stream_113_U  |        0|   118|   0|    -|    64|   32|     2048|
    |C_stream_114_U  |        0|   118|   0|    -|    64|   32|     2048|
    |C_stream_115_U  |        0|   118|   0|    -|    64|   32|     2048|
    |C_stream_116_U  |        0|   118|   0|    -|    64|   32|     2048|
    |C_stream_117_U  |        0|   118|   0|    -|    64|   32|     2048|
    |C_stream_118_U  |        0|   118|   0|    -|    64|   32|     2048|
    |C_stream_119_U  |        0|   118|   0|    -|    64|   32|     2048|
    |C_stream_11_U   |        0|   118|   0|    -|    64|   32|     2048|
    |C_stream_120_U  |        0|   118|   0|    -|    64|   32|     2048|
    |C_stream_121_U  |        0|   118|   0|    -|    64|   32|     2048|
    |C_stream_122_U  |        0|   118|   0|    -|    64|   32|     2048|
    |C_stream_123_U  |        0|   118|   0|    -|    64|   32|     2048|
    |C_stream_124_U  |        0|   118|   0|    -|    64|   32|     2048|
    |C_stream_125_U  |        0|   118|   0|    -|    64|   32|     2048|
    |C_stream_126_U  |        0|   118|   0|    -|    64|   32|     2048|
    |C_stream_127_U  |        0|   118|   0|    -|    64|   32|     2048|
    |C_stream_128_U  |        0|   118|   0|    -|    64|   32|     2048|
    |C_stream_129_U  |        0|   118|   0|    -|    64|   32|     2048|
    |C_stream_12_U   |        0|   118|   0|    -|    64|   32|     2048|
    |C_stream_130_U  |        0|   118|   0|    -|    64|   32|     2048|
    |C_stream_131_U  |        0|   118|   0|    -|    64|   32|     2048|
    |C_stream_132_U  |        0|   118|   0|    -|    64|   32|     2048|
    |C_stream_133_U  |        0|   118|   0|    -|    64|   32|     2048|
    |C_stream_134_U  |        0|   118|   0|    -|    64|   32|     2048|
    |C_stream_135_U  |        0|   118|   0|    -|    64|   32|     2048|
    |C_stream_136_U  |        0|   118|   0|    -|    64|   32|     2048|
    |C_stream_137_U  |        0|   118|   0|    -|    64|   32|     2048|
    |C_stream_138_U  |        0|   118|   0|    -|    64|   32|     2048|
    |C_stream_139_U  |        0|   118|   0|    -|    64|   32|     2048|
    |C_stream_13_U   |        0|   118|   0|    -|    64|   32|     2048|
    |C_stream_140_U  |        0|   118|   0|    -|    64|   32|     2048|
    |C_stream_141_U  |        0|   118|   0|    -|    64|   32|     2048|
    |C_stream_142_U  |        0|   118|   0|    -|    64|   32|     2048|
    |C_stream_143_U  |        0|   118|   0|    -|    64|   32|     2048|
    |C_stream_144_U  |        0|   118|   0|    -|    64|   32|     2048|
    |C_stream_145_U  |        0|   118|   0|    -|    64|   32|     2048|
    |C_stream_146_U  |        0|   118|   0|    -|    64|   32|     2048|
    |C_stream_147_U  |        0|   118|   0|    -|    64|   32|     2048|
    |C_stream_148_U  |        0|   118|   0|    -|    64|   32|     2048|
    |C_stream_149_U  |        0|   118|   0|    -|    64|   32|     2048|
    |C_stream_14_U   |        0|   118|   0|    -|    64|   32|     2048|
    |C_stream_150_U  |        0|   118|   0|    -|    64|   32|     2048|
    |C_stream_151_U  |        0|   118|   0|    -|    64|   32|     2048|
    |C_stream_152_U  |        0|   118|   0|    -|    64|   32|     2048|
    |C_stream_153_U  |        0|   118|   0|    -|    64|   32|     2048|
    |C_stream_154_U  |        0|   118|   0|    -|    64|   32|     2048|
    |C_stream_155_U  |        0|   118|   0|    -|    64|   32|     2048|
    |C_stream_156_U  |        0|   118|   0|    -|    64|   32|     2048|
    |C_stream_157_U  |        0|   118|   0|    -|    64|   32|     2048|
    |C_stream_158_U  |        0|   118|   0|    -|    64|   32|     2048|
    |C_stream_159_U  |        0|   118|   0|    -|    64|   32|     2048|
    |C_stream_15_U   |        0|   118|   0|    -|    64|   32|     2048|
    |C_stream_160_U  |        0|   118|   0|    -|    64|   32|     2048|
    |C_stream_161_U  |        0|   118|   0|    -|    64|   32|     2048|
    |C_stream_162_U  |        0|   118|   0|    -|    64|   32|     2048|
    |C_stream_163_U  |        0|   118|   0|    -|    64|   32|     2048|
    |C_stream_164_U  |        0|   118|   0|    -|    64|   32|     2048|
    |C_stream_165_U  |        0|   118|   0|    -|    64|   32|     2048|
    |C_stream_166_U  |        0|   118|   0|    -|    64|   32|     2048|
    |C_stream_167_U  |        0|   118|   0|    -|    64|   32|     2048|
    |C_stream_168_U  |        0|   118|   0|    -|    64|   32|     2048|
    |C_stream_169_U  |        0|   118|   0|    -|    64|   32|     2048|
    |C_stream_16_U   |        0|   118|   0|    -|    64|   32|     2048|
    |C_stream_170_U  |        0|   118|   0|    -|    64|   32|     2048|
    |C_stream_171_U  |        0|   118|   0|    -|    64|   32|     2048|
    |C_stream_172_U  |        0|   118|   0|    -|    64|   32|     2048|
    |C_stream_173_U  |        0|   118|   0|    -|    64|   32|     2048|
    |C_stream_174_U  |        0|   118|   0|    -|    64|   32|     2048|
    |C_stream_175_U  |        0|   118|   0|    -|    64|   32|     2048|
    |C_stream_176_U  |        0|   118|   0|    -|    64|   32|     2048|
    |C_stream_177_U  |        0|   118|   0|    -|    64|   32|     2048|
    |C_stream_178_U  |        0|   118|   0|    -|    64|   32|     2048|
    |C_stream_179_U  |        0|   118|   0|    -|    64|   32|     2048|
    |C_stream_17_U   |        0|   118|   0|    -|    64|   32|     2048|
    |C_stream_180_U  |        0|   118|   0|    -|    64|   32|     2048|
    |C_stream_181_U  |        0|   118|   0|    -|    64|   32|     2048|
    |C_stream_182_U  |        0|   118|   0|    -|    64|   32|     2048|
    |C_stream_183_U  |        0|   118|   0|    -|    64|   32|     2048|
    |C_stream_184_U  |        0|   118|   0|    -|    64|   32|     2048|
    |C_stream_185_U  |        0|   118|   0|    -|    64|   32|     2048|
    |C_stream_186_U  |        0|   118|   0|    -|    64|   32|     2048|
    |C_stream_187_U  |        0|   118|   0|    -|    64|   32|     2048|
    |C_stream_188_U  |        0|   118|   0|    -|    64|   32|     2048|
    |C_stream_189_U  |        0|   118|   0|    -|    64|   32|     2048|
    |C_stream_18_U   |        0|   118|   0|    -|    64|   32|     2048|
    |C_stream_190_U  |        0|   118|   0|    -|    64|   32|     2048|
    |C_stream_191_U  |        0|   118|   0|    -|    64|   32|     2048|
    |C_stream_192_U  |        0|   118|   0|    -|    64|   32|     2048|
    |C_stream_193_U  |        0|   118|   0|    -|    64|   32|     2048|
    |C_stream_194_U  |        0|   118|   0|    -|    64|   32|     2048|
    |C_stream_195_U  |        0|   118|   0|    -|    64|   32|     2048|
    |C_stream_196_U  |        0|   118|   0|    -|    64|   32|     2048|
    |C_stream_197_U  |        0|   118|   0|    -|    64|   32|     2048|
    |C_stream_198_U  |        0|   118|   0|    -|    64|   32|     2048|
    |C_stream_199_U  |        0|   118|   0|    -|    64|   32|     2048|
    |C_stream_19_U   |        0|   118|   0|    -|    64|   32|     2048|
    |C_stream_1_U    |        0|   118|   0|    -|    64|   32|     2048|
    |C_stream_200_U  |        0|   118|   0|    -|    64|   32|     2048|
    |C_stream_201_U  |        0|   118|   0|    -|    64|   32|     2048|
    |C_stream_202_U  |        0|   118|   0|    -|    64|   32|     2048|
    |C_stream_203_U  |        0|   118|   0|    -|    64|   32|     2048|
    |C_stream_204_U  |        0|   118|   0|    -|    64|   32|     2048|
    |C_stream_205_U  |        0|   118|   0|    -|    64|   32|     2048|
    |C_stream_206_U  |        0|   118|   0|    -|    64|   32|     2048|
    |C_stream_207_U  |        0|   118|   0|    -|    64|   32|     2048|
    |C_stream_208_U  |        0|   118|   0|    -|    64|   32|     2048|
    |C_stream_209_U  |        0|   118|   0|    -|    64|   32|     2048|
    |C_stream_20_U   |        0|   118|   0|    -|    64|   32|     2048|
    |C_stream_210_U  |        0|   118|   0|    -|    64|   32|     2048|
    |C_stream_211_U  |        0|   118|   0|    -|    64|   32|     2048|
    |C_stream_212_U  |        0|   118|   0|    -|    64|   32|     2048|
    |C_stream_213_U  |        0|   118|   0|    -|    64|   32|     2048|
    |C_stream_214_U  |        0|   118|   0|    -|    64|   32|     2048|
    |C_stream_215_U  |        0|   118|   0|    -|    64|   32|     2048|
    |C_stream_216_U  |        0|   118|   0|    -|    64|   32|     2048|
    |C_stream_217_U  |        0|   118|   0|    -|    64|   32|     2048|
    |C_stream_218_U  |        0|   118|   0|    -|    64|   32|     2048|
    |C_stream_219_U  |        0|   118|   0|    -|    64|   32|     2048|
    |C_stream_21_U   |        0|   118|   0|    -|    64|   32|     2048|
    |C_stream_220_U  |        0|   118|   0|    -|    64|   32|     2048|
    |C_stream_221_U  |        0|   118|   0|    -|    64|   32|     2048|
    |C_stream_222_U  |        0|   118|   0|    -|    64|   32|     2048|
    |C_stream_223_U  |        0|   118|   0|    -|    64|   32|     2048|
    |C_stream_224_U  |        0|   118|   0|    -|    64|   32|     2048|
    |C_stream_225_U  |        0|   118|   0|    -|    64|   32|     2048|
    |C_stream_226_U  |        0|   118|   0|    -|    64|   32|     2048|
    |C_stream_227_U  |        0|   118|   0|    -|    64|   32|     2048|
    |C_stream_228_U  |        0|   118|   0|    -|    64|   32|     2048|
    |C_stream_229_U  |        0|   118|   0|    -|    64|   32|     2048|
    |C_stream_22_U   |        0|   118|   0|    -|    64|   32|     2048|
    |C_stream_230_U  |        0|   118|   0|    -|    64|   32|     2048|
    |C_stream_231_U  |        0|   118|   0|    -|    64|   32|     2048|
    |C_stream_232_U  |        0|   118|   0|    -|    64|   32|     2048|
    |C_stream_233_U  |        0|   118|   0|    -|    64|   32|     2048|
    |C_stream_234_U  |        0|   118|   0|    -|    64|   32|     2048|
    |C_stream_235_U  |        0|   118|   0|    -|    64|   32|     2048|
    |C_stream_236_U  |        0|   118|   0|    -|    64|   32|     2048|
    |C_stream_237_U  |        0|   118|   0|    -|    64|   32|     2048|
    |C_stream_238_U  |        0|   118|   0|    -|    64|   32|     2048|
    |C_stream_239_U  |        0|   118|   0|    -|    64|   32|     2048|
    |C_stream_23_U   |        0|   118|   0|    -|    64|   32|     2048|
    |C_stream_240_U  |        0|   118|   0|    -|    64|   32|     2048|
    |C_stream_241_U  |        0|   118|   0|    -|    64|   32|     2048|
    |C_stream_242_U  |        0|   118|   0|    -|    64|   32|     2048|
    |C_stream_243_U  |        0|   118|   0|    -|    64|   32|     2048|
    |C_stream_244_U  |        0|   118|   0|    -|    64|   32|     2048|
    |C_stream_245_U  |        0|   118|   0|    -|    64|   32|     2048|
    |C_stream_246_U  |        0|   118|   0|    -|    64|   32|     2048|
    |C_stream_247_U  |        0|   118|   0|    -|    64|   32|     2048|
    |C_stream_248_U  |        0|   118|   0|    -|    64|   32|     2048|
    |C_stream_249_U  |        0|   118|   0|    -|    64|   32|     2048|
    |C_stream_24_U   |        0|   118|   0|    -|    64|   32|     2048|
    |C_stream_250_U  |        0|   118|   0|    -|    64|   32|     2048|
    |C_stream_251_U  |        0|   118|   0|    -|    64|   32|     2048|
    |C_stream_252_U  |        0|   118|   0|    -|    64|   32|     2048|
    |C_stream_253_U  |        0|   118|   0|    -|    64|   32|     2048|
    |C_stream_254_U  |        0|   118|   0|    -|    64|   32|     2048|
    |C_stream_255_U  |        0|   118|   0|    -|    64|   32|     2048|
    |C_stream_25_U   |        0|   118|   0|    -|    64|   32|     2048|
    |C_stream_26_U   |        0|   118|   0|    -|    64|   32|     2048|
    |C_stream_27_U   |        0|   118|   0|    -|    64|   32|     2048|
    |C_stream_28_U   |        0|   118|   0|    -|    64|   32|     2048|
    |C_stream_29_U   |        0|   118|   0|    -|    64|   32|     2048|
    |C_stream_2_U    |        0|   118|   0|    -|    64|   32|     2048|
    |C_stream_30_U   |        0|   118|   0|    -|    64|   32|     2048|
    |C_stream_31_U   |        0|   118|   0|    -|    64|   32|     2048|
    |C_stream_32_U   |        0|   118|   0|    -|    64|   32|     2048|
    |C_stream_33_U   |        0|   118|   0|    -|    64|   32|     2048|
    |C_stream_34_U   |        0|   118|   0|    -|    64|   32|     2048|
    |C_stream_35_U   |        0|   118|   0|    -|    64|   32|     2048|
    |C_stream_36_U   |        0|   118|   0|    -|    64|   32|     2048|
    |C_stream_37_U   |        0|   118|   0|    -|    64|   32|     2048|
    |C_stream_38_U   |        0|   118|   0|    -|    64|   32|     2048|
    |C_stream_39_U   |        0|   118|   0|    -|    64|   32|     2048|
    |C_stream_3_U    |        0|   118|   0|    -|    64|   32|     2048|
    |C_stream_40_U   |        0|   118|   0|    -|    64|   32|     2048|
    |C_stream_41_U   |        0|   118|   0|    -|    64|   32|     2048|
    |C_stream_42_U   |        0|   118|   0|    -|    64|   32|     2048|
    |C_stream_43_U   |        0|   118|   0|    -|    64|   32|     2048|
    |C_stream_44_U   |        0|   118|   0|    -|    64|   32|     2048|
    |C_stream_45_U   |        0|   118|   0|    -|    64|   32|     2048|
    |C_stream_46_U   |        0|   118|   0|    -|    64|   32|     2048|
    |C_stream_47_U   |        0|   118|   0|    -|    64|   32|     2048|
    |C_stream_48_U   |        0|   118|   0|    -|    64|   32|     2048|
    |C_stream_49_U   |        0|   118|   0|    -|    64|   32|     2048|
    |C_stream_4_U    |        0|   118|   0|    -|    64|   32|     2048|
    |C_stream_50_U   |        0|   118|   0|    -|    64|   32|     2048|
    |C_stream_51_U   |        0|   118|   0|    -|    64|   32|     2048|
    |C_stream_52_U   |        0|   118|   0|    -|    64|   32|     2048|
    |C_stream_53_U   |        0|   118|   0|    -|    64|   32|     2048|
    |C_stream_54_U   |        0|   118|   0|    -|    64|   32|     2048|
    |C_stream_55_U   |        0|   118|   0|    -|    64|   32|     2048|
    |C_stream_56_U   |        0|   118|   0|    -|    64|   32|     2048|
    |C_stream_57_U   |        0|   118|   0|    -|    64|   32|     2048|
    |C_stream_58_U   |        0|   118|   0|    -|    64|   32|     2048|
    |C_stream_59_U   |        0|   118|   0|    -|    64|   32|     2048|
    |C_stream_5_U    |        0|   118|   0|    -|    64|   32|     2048|
    |C_stream_60_U   |        0|   118|   0|    -|    64|   32|     2048|
    |C_stream_61_U   |        0|   118|   0|    -|    64|   32|     2048|
    |C_stream_62_U   |        0|   118|   0|    -|    64|   32|     2048|
    |C_stream_63_U   |        0|   118|   0|    -|    64|   32|     2048|
    |C_stream_64_U   |        0|   118|   0|    -|    64|   32|     2048|
    |C_stream_65_U   |        0|   118|   0|    -|    64|   32|     2048|
    |C_stream_66_U   |        0|   118|   0|    -|    64|   32|     2048|
    |C_stream_67_U   |        0|   118|   0|    -|    64|   32|     2048|
    |C_stream_68_U   |        0|   118|   0|    -|    64|   32|     2048|
    |C_stream_69_U   |        0|   118|   0|    -|    64|   32|     2048|
    |C_stream_6_U    |        0|   118|   0|    -|    64|   32|     2048|
    |C_stream_70_U   |        0|   118|   0|    -|    64|   32|     2048|
    |C_stream_71_U   |        0|   118|   0|    -|    64|   32|     2048|
    |C_stream_72_U   |        0|   118|   0|    -|    64|   32|     2048|
    |C_stream_73_U   |        0|   118|   0|    -|    64|   32|     2048|
    |C_stream_74_U   |        0|   118|   0|    -|    64|   32|     2048|
    |C_stream_75_U   |        0|   118|   0|    -|    64|   32|     2048|
    |C_stream_76_U   |        0|   118|   0|    -|    64|   32|     2048|
    |C_stream_77_U   |        0|   118|   0|    -|    64|   32|     2048|
    |C_stream_78_U   |        0|   118|   0|    -|    64|   32|     2048|
    |C_stream_79_U   |        0|   118|   0|    -|    64|   32|     2048|
    |C_stream_7_U    |        0|   118|   0|    -|    64|   32|     2048|
    |C_stream_80_U   |        0|   118|   0|    -|    64|   32|     2048|
    |C_stream_81_U   |        0|   118|   0|    -|    64|   32|     2048|
    |C_stream_82_U   |        0|   118|   0|    -|    64|   32|     2048|
    |C_stream_83_U   |        0|   118|   0|    -|    64|   32|     2048|
    |C_stream_84_U   |        0|   118|   0|    -|    64|   32|     2048|
    |C_stream_85_U   |        0|   118|   0|    -|    64|   32|     2048|
    |C_stream_86_U   |        0|   118|   0|    -|    64|   32|     2048|
    |C_stream_87_U   |        0|   118|   0|    -|    64|   32|     2048|
    |C_stream_88_U   |        0|   118|   0|    -|    64|   32|     2048|
    |C_stream_89_U   |        0|   118|   0|    -|    64|   32|     2048|
    |C_stream_8_U    |        0|   118|   0|    -|    64|   32|     2048|
    |C_stream_90_U   |        0|   118|   0|    -|    64|   32|     2048|
    |C_stream_91_U   |        0|   118|   0|    -|    64|   32|     2048|
    |C_stream_92_U   |        0|   118|   0|    -|    64|   32|     2048|
    |C_stream_93_U   |        0|   118|   0|    -|    64|   32|     2048|
    |C_stream_94_U   |        0|   118|   0|    -|    64|   32|     2048|
    |C_stream_95_U   |        0|   118|   0|    -|    64|   32|     2048|
    |C_stream_96_U   |        0|   118|   0|    -|    64|   32|     2048|
    |C_stream_97_U   |        0|   118|   0|    -|    64|   32|     2048|
    |C_stream_98_U   |        0|   118|   0|    -|    64|   32|     2048|
    |C_stream_99_U   |        0|   118|   0|    -|    64|   32|     2048|
    |C_stream_9_U    |        0|   118|   0|    -|    64|   32|     2048|
    |C_stream_U      |        0|   118|   0|    -|    64|   32|     2048|
    |tileA_i_c_U     |        0|    34|   0|    -|    35|    3|      105|
    |tileB_c_U       |        0|    34|   0|    -|    35|    3|      105|
    +----------------+---------+------+----+-----+------+-----+---------+
    |Total           |        0|143428|   0|    0| 50246|40966|  1605842|
    +----------------+---------+------+----+-----+------+-----+---------+

    * Expression: 
    +-----------------------------------------+----------+----+---+----+------------+------------+
    |              Variable Name              | Operation| DSP| FF| LUT| Bitwidth P0| Bitwidth P1|
    +-----------------------------------------+----------+----+---+----+------------+------------+
    |B_Buf_to_stream5282_U0_ap_start          |       and|   0|  0|   2|           1|           1|
    |B_Buf_to_stream5282_U0_start_full_n      |       and|   0|  0|   2|           1|           1|
    |ap_channel_done_A_TILE                   |       and|   0|  0|   2|           1|           1|
    |ap_channel_done_A_TILE511                |       and|   0|  0|   2|           1|           1|
    |ap_channel_done_A_TILE_1                 |       and|   0|  0|   2|           1|           1|
    |ap_channel_done_A_TILE_10                |       and|   0|  0|   2|           1|           1|
    |ap_channel_done_A_TILE_100               |       and|   0|  0|   2|           1|           1|
    |ap_channel_done_A_TILE_101               |       and|   0|  0|   2|           1|           1|
    |ap_channel_done_A_TILE_102               |       and|   0|  0|   2|           1|           1|
    |ap_channel_done_A_TILE_103               |       and|   0|  0|   2|           1|           1|
    |ap_channel_done_A_TILE_104               |       and|   0|  0|   2|           1|           1|
    |ap_channel_done_A_TILE_105               |       and|   0|  0|   2|           1|           1|
    |ap_channel_done_A_TILE_106               |       and|   0|  0|   2|           1|           1|
    |ap_channel_done_A_TILE_107               |       and|   0|  0|   2|           1|           1|
    |ap_channel_done_A_TILE_108               |       and|   0|  0|   2|           1|           1|
    |ap_channel_done_A_TILE_109               |       and|   0|  0|   2|           1|           1|
    |ap_channel_done_A_TILE_11                |       and|   0|  0|   2|           1|           1|
    |ap_channel_done_A_TILE_110               |       and|   0|  0|   2|           1|           1|
    |ap_channel_done_A_TILE_111               |       and|   0|  0|   2|           1|           1|
    |ap_channel_done_A_TILE_112               |       and|   0|  0|   2|           1|           1|
    |ap_channel_done_A_TILE_113               |       and|   0|  0|   2|           1|           1|
    |ap_channel_done_A_TILE_114               |       and|   0|  0|   2|           1|           1|
    |ap_channel_done_A_TILE_115               |       and|   0|  0|   2|           1|           1|
    |ap_channel_done_A_TILE_116               |       and|   0|  0|   2|           1|           1|
    |ap_channel_done_A_TILE_117               |       and|   0|  0|   2|           1|           1|
    |ap_channel_done_A_TILE_118               |       and|   0|  0|   2|           1|           1|
    |ap_channel_done_A_TILE_119               |       and|   0|  0|   2|           1|           1|
    |ap_channel_done_A_TILE_12                |       and|   0|  0|   2|           1|           1|
    |ap_channel_done_A_TILE_120               |       and|   0|  0|   2|           1|           1|
    |ap_channel_done_A_TILE_121               |       and|   0|  0|   2|           1|           1|
    |ap_channel_done_A_TILE_122               |       and|   0|  0|   2|           1|           1|
    |ap_channel_done_A_TILE_123               |       and|   0|  0|   2|           1|           1|
    |ap_channel_done_A_TILE_124               |       and|   0|  0|   2|           1|           1|
    |ap_channel_done_A_TILE_125               |       and|   0|  0|   2|           1|           1|
    |ap_channel_done_A_TILE_126               |       and|   0|  0|   2|           1|           1|
    |ap_channel_done_A_TILE_127               |       and|   0|  0|   2|           1|           1|
    |ap_channel_done_A_TILE_128               |       and|   0|  0|   2|           1|           1|
    |ap_channel_done_A_TILE_129               |       and|   0|  0|   2|           1|           1|
    |ap_channel_done_A_TILE_13                |       and|   0|  0|   2|           1|           1|
    |ap_channel_done_A_TILE_130               |       and|   0|  0|   2|           1|           1|
    |ap_channel_done_A_TILE_131               |       and|   0|  0|   2|           1|           1|
    |ap_channel_done_A_TILE_132               |       and|   0|  0|   2|           1|           1|
    |ap_channel_done_A_TILE_133               |       and|   0|  0|   2|           1|           1|
    |ap_channel_done_A_TILE_134               |       and|   0|  0|   2|           1|           1|
    |ap_channel_done_A_TILE_135               |       and|   0|  0|   2|           1|           1|
    |ap_channel_done_A_TILE_136               |       and|   0|  0|   2|           1|           1|
    |ap_channel_done_A_TILE_137               |       and|   0|  0|   2|           1|           1|
    |ap_channel_done_A_TILE_138               |       and|   0|  0|   2|           1|           1|
    |ap_channel_done_A_TILE_139               |       and|   0|  0|   2|           1|           1|
    |ap_channel_done_A_TILE_14                |       and|   0|  0|   2|           1|           1|
    |ap_channel_done_A_TILE_140               |       and|   0|  0|   2|           1|           1|
    |ap_channel_done_A_TILE_141               |       and|   0|  0|   2|           1|           1|
    |ap_channel_done_A_TILE_142               |       and|   0|  0|   2|           1|           1|
    |ap_channel_done_A_TILE_143               |       and|   0|  0|   2|           1|           1|
    |ap_channel_done_A_TILE_144               |       and|   0|  0|   2|           1|           1|
    |ap_channel_done_A_TILE_145               |       and|   0|  0|   2|           1|           1|
    |ap_channel_done_A_TILE_146               |       and|   0|  0|   2|           1|           1|
    |ap_channel_done_A_TILE_147               |       and|   0|  0|   2|           1|           1|
    |ap_channel_done_A_TILE_148               |       and|   0|  0|   2|           1|           1|
    |ap_channel_done_A_TILE_149               |       and|   0|  0|   2|           1|           1|
    |ap_channel_done_A_TILE_15                |       and|   0|  0|   2|           1|           1|
    |ap_channel_done_A_TILE_150               |       and|   0|  0|   2|           1|           1|
    |ap_channel_done_A_TILE_151               |       and|   0|  0|   2|           1|           1|
    |ap_channel_done_A_TILE_152               |       and|   0|  0|   2|           1|           1|
    |ap_channel_done_A_TILE_153               |       and|   0|  0|   2|           1|           1|
    |ap_channel_done_A_TILE_154               |       and|   0|  0|   2|           1|           1|
    |ap_channel_done_A_TILE_155               |       and|   0|  0|   2|           1|           1|
    |ap_channel_done_A_TILE_156               |       and|   0|  0|   2|           1|           1|
    |ap_channel_done_A_TILE_157               |       and|   0|  0|   2|           1|           1|
    |ap_channel_done_A_TILE_158               |       and|   0|  0|   2|           1|           1|
    |ap_channel_done_A_TILE_159               |       and|   0|  0|   2|           1|           1|
    |ap_channel_done_A_TILE_16                |       and|   0|  0|   2|           1|           1|
    |ap_channel_done_A_TILE_160               |       and|   0|  0|   2|           1|           1|
    |ap_channel_done_A_TILE_161               |       and|   0|  0|   2|           1|           1|
    |ap_channel_done_A_TILE_162               |       and|   0|  0|   2|           1|           1|
    |ap_channel_done_A_TILE_163               |       and|   0|  0|   2|           1|           1|
    |ap_channel_done_A_TILE_164               |       and|   0|  0|   2|           1|           1|
    |ap_channel_done_A_TILE_165               |       and|   0|  0|   2|           1|           1|
    |ap_channel_done_A_TILE_166               |       and|   0|  0|   2|           1|           1|
    |ap_channel_done_A_TILE_167               |       and|   0|  0|   2|           1|           1|
    |ap_channel_done_A_TILE_168               |       and|   0|  0|   2|           1|           1|
    |ap_channel_done_A_TILE_169               |       and|   0|  0|   2|           1|           1|
    |ap_channel_done_A_TILE_17                |       and|   0|  0|   2|           1|           1|
    |ap_channel_done_A_TILE_170               |       and|   0|  0|   2|           1|           1|
    |ap_channel_done_A_TILE_171               |       and|   0|  0|   2|           1|           1|
    |ap_channel_done_A_TILE_172               |       and|   0|  0|   2|           1|           1|
    |ap_channel_done_A_TILE_173               |       and|   0|  0|   2|           1|           1|
    |ap_channel_done_A_TILE_174               |       and|   0|  0|   2|           1|           1|
    |ap_channel_done_A_TILE_175               |       and|   0|  0|   2|           1|           1|
    |ap_channel_done_A_TILE_176               |       and|   0|  0|   2|           1|           1|
    |ap_channel_done_A_TILE_177               |       and|   0|  0|   2|           1|           1|
    |ap_channel_done_A_TILE_178               |       and|   0|  0|   2|           1|           1|
    |ap_channel_done_A_TILE_179               |       and|   0|  0|   2|           1|           1|
    |ap_channel_done_A_TILE_18                |       and|   0|  0|   2|           1|           1|
    |ap_channel_done_A_TILE_180               |       and|   0|  0|   2|           1|           1|
    |ap_channel_done_A_TILE_181               |       and|   0|  0|   2|           1|           1|
    |ap_channel_done_A_TILE_182               |       and|   0|  0|   2|           1|           1|
    |ap_channel_done_A_TILE_183               |       and|   0|  0|   2|           1|           1|
    |ap_channel_done_A_TILE_184               |       and|   0|  0|   2|           1|           1|
    |ap_channel_done_A_TILE_185               |       and|   0|  0|   2|           1|           1|
    |ap_channel_done_A_TILE_186               |       and|   0|  0|   2|           1|           1|
    |ap_channel_done_A_TILE_187               |       and|   0|  0|   2|           1|           1|
    |ap_channel_done_A_TILE_188               |       and|   0|  0|   2|           1|           1|
    |ap_channel_done_A_TILE_189               |       and|   0|  0|   2|           1|           1|
    |ap_channel_done_A_TILE_19                |       and|   0|  0|   2|           1|           1|
    |ap_channel_done_A_TILE_190               |       and|   0|  0|   2|           1|           1|
    |ap_channel_done_A_TILE_191               |       and|   0|  0|   2|           1|           1|
    |ap_channel_done_A_TILE_192               |       and|   0|  0|   2|           1|           1|
    |ap_channel_done_A_TILE_193               |       and|   0|  0|   2|           1|           1|
    |ap_channel_done_A_TILE_194               |       and|   0|  0|   2|           1|           1|
    |ap_channel_done_A_TILE_195               |       and|   0|  0|   2|           1|           1|
    |ap_channel_done_A_TILE_196               |       and|   0|  0|   2|           1|           1|
    |ap_channel_done_A_TILE_197               |       and|   0|  0|   2|           1|           1|
    |ap_channel_done_A_TILE_198               |       and|   0|  0|   2|           1|           1|
    |ap_channel_done_A_TILE_199               |       and|   0|  0|   2|           1|           1|
    |ap_channel_done_A_TILE_2                 |       and|   0|  0|   2|           1|           1|
    |ap_channel_done_A_TILE_20                |       and|   0|  0|   2|           1|           1|
    |ap_channel_done_A_TILE_200               |       and|   0|  0|   2|           1|           1|
    |ap_channel_done_A_TILE_201               |       and|   0|  0|   2|           1|           1|
    |ap_channel_done_A_TILE_202               |       and|   0|  0|   2|           1|           1|
    |ap_channel_done_A_TILE_203               |       and|   0|  0|   2|           1|           1|
    |ap_channel_done_A_TILE_204               |       and|   0|  0|   2|           1|           1|
    |ap_channel_done_A_TILE_205               |       and|   0|  0|   2|           1|           1|
    |ap_channel_done_A_TILE_206               |       and|   0|  0|   2|           1|           1|
    |ap_channel_done_A_TILE_207               |       and|   0|  0|   2|           1|           1|
    |ap_channel_done_A_TILE_208               |       and|   0|  0|   2|           1|           1|
    |ap_channel_done_A_TILE_209               |       and|   0|  0|   2|           1|           1|
    |ap_channel_done_A_TILE_21                |       and|   0|  0|   2|           1|           1|
    |ap_channel_done_A_TILE_210               |       and|   0|  0|   2|           1|           1|
    |ap_channel_done_A_TILE_211               |       and|   0|  0|   2|           1|           1|
    |ap_channel_done_A_TILE_212               |       and|   0|  0|   2|           1|           1|
    |ap_channel_done_A_TILE_213               |       and|   0|  0|   2|           1|           1|
    |ap_channel_done_A_TILE_214               |       and|   0|  0|   2|           1|           1|
    |ap_channel_done_A_TILE_215               |       and|   0|  0|   2|           1|           1|
    |ap_channel_done_A_TILE_216               |       and|   0|  0|   2|           1|           1|
    |ap_channel_done_A_TILE_217               |       and|   0|  0|   2|           1|           1|
    |ap_channel_done_A_TILE_218               |       and|   0|  0|   2|           1|           1|
    |ap_channel_done_A_TILE_219               |       and|   0|  0|   2|           1|           1|
    |ap_channel_done_A_TILE_22                |       and|   0|  0|   2|           1|           1|
    |ap_channel_done_A_TILE_220               |       and|   0|  0|   2|           1|           1|
    |ap_channel_done_A_TILE_221               |       and|   0|  0|   2|           1|           1|
    |ap_channel_done_A_TILE_222               |       and|   0|  0|   2|           1|           1|
    |ap_channel_done_A_TILE_223               |       and|   0|  0|   2|           1|           1|
    |ap_channel_done_A_TILE_224               |       and|   0|  0|   2|           1|           1|
    |ap_channel_done_A_TILE_225               |       and|   0|  0|   2|           1|           1|
    |ap_channel_done_A_TILE_226               |       and|   0|  0|   2|           1|           1|
    |ap_channel_done_A_TILE_227               |       and|   0|  0|   2|           1|           1|
    |ap_channel_done_A_TILE_228               |       and|   0|  0|   2|           1|           1|
    |ap_channel_done_A_TILE_229               |       and|   0|  0|   2|           1|           1|
    |ap_channel_done_A_TILE_23                |       and|   0|  0|   2|           1|           1|
    |ap_channel_done_A_TILE_230               |       and|   0|  0|   2|           1|           1|
    |ap_channel_done_A_TILE_231               |       and|   0|  0|   2|           1|           1|
    |ap_channel_done_A_TILE_232               |       and|   0|  0|   2|           1|           1|
    |ap_channel_done_A_TILE_233               |       and|   0|  0|   2|           1|           1|
    |ap_channel_done_A_TILE_234               |       and|   0|  0|   2|           1|           1|
    |ap_channel_done_A_TILE_235               |       and|   0|  0|   2|           1|           1|
    |ap_channel_done_A_TILE_236               |       and|   0|  0|   2|           1|           1|
    |ap_channel_done_A_TILE_237               |       and|   0|  0|   2|           1|           1|
    |ap_channel_done_A_TILE_238               |       and|   0|  0|   2|           1|           1|
    |ap_channel_done_A_TILE_239               |       and|   0|  0|   2|           1|           1|
    |ap_channel_done_A_TILE_24                |       and|   0|  0|   2|           1|           1|
    |ap_channel_done_A_TILE_240               |       and|   0|  0|   2|           1|           1|
    |ap_channel_done_A_TILE_241               |       and|   0|  0|   2|           1|           1|
    |ap_channel_done_A_TILE_242               |       and|   0|  0|   2|           1|           1|
    |ap_channel_done_A_TILE_243               |       and|   0|  0|   2|           1|           1|
    |ap_channel_done_A_TILE_244               |       and|   0|  0|   2|           1|           1|
    |ap_channel_done_A_TILE_245               |       and|   0|  0|   2|           1|           1|
    |ap_channel_done_A_TILE_246               |       and|   0|  0|   2|           1|           1|
    |ap_channel_done_A_TILE_247               |       and|   0|  0|   2|           1|           1|
    |ap_channel_done_A_TILE_248               |       and|   0|  0|   2|           1|           1|
    |ap_channel_done_A_TILE_249               |       and|   0|  0|   2|           1|           1|
    |ap_channel_done_A_TILE_25                |       and|   0|  0|   2|           1|           1|
    |ap_channel_done_A_TILE_250               |       and|   0|  0|   2|           1|           1|
    |ap_channel_done_A_TILE_251               |       and|   0|  0|   2|           1|           1|
    |ap_channel_done_A_TILE_252               |       and|   0|  0|   2|           1|           1|
    |ap_channel_done_A_TILE_253               |       and|   0|  0|   2|           1|           1|
    |ap_channel_done_A_TILE_254               |       and|   0|  0|   2|           1|           1|
    |ap_channel_done_A_TILE_255               |       and|   0|  0|   2|           1|           1|
    |ap_channel_done_A_TILE_256               |       and|   0|  0|   2|           1|           1|
    |ap_channel_done_A_TILE_257               |       and|   0|  0|   2|           1|           1|
    |ap_channel_done_A_TILE_258               |       and|   0|  0|   2|           1|           1|
    |ap_channel_done_A_TILE_259               |       and|   0|  0|   2|           1|           1|
    |ap_channel_done_A_TILE_26                |       and|   0|  0|   2|           1|           1|
    |ap_channel_done_A_TILE_260               |       and|   0|  0|   2|           1|           1|
    |ap_channel_done_A_TILE_261               |       and|   0|  0|   2|           1|           1|
    |ap_channel_done_A_TILE_262               |       and|   0|  0|   2|           1|           1|
    |ap_channel_done_A_TILE_263               |       and|   0|  0|   2|           1|           1|
    |ap_channel_done_A_TILE_264               |       and|   0|  0|   2|           1|           1|
    |ap_channel_done_A_TILE_265               |       and|   0|  0|   2|           1|           1|
    |ap_channel_done_A_TILE_266               |       and|   0|  0|   2|           1|           1|
    |ap_channel_done_A_TILE_267               |       and|   0|  0|   2|           1|           1|
    |ap_channel_done_A_TILE_268               |       and|   0|  0|   2|           1|           1|
    |ap_channel_done_A_TILE_269               |       and|   0|  0|   2|           1|           1|
    |ap_channel_done_A_TILE_27                |       and|   0|  0|   2|           1|           1|
    |ap_channel_done_A_TILE_270               |       and|   0|  0|   2|           1|           1|
    |ap_channel_done_A_TILE_271               |       and|   0|  0|   2|           1|           1|
    |ap_channel_done_A_TILE_272               |       and|   0|  0|   2|           1|           1|
    |ap_channel_done_A_TILE_273               |       and|   0|  0|   2|           1|           1|
    |ap_channel_done_A_TILE_274               |       and|   0|  0|   2|           1|           1|
    |ap_channel_done_A_TILE_275               |       and|   0|  0|   2|           1|           1|
    |ap_channel_done_A_TILE_276               |       and|   0|  0|   2|           1|           1|
    |ap_channel_done_A_TILE_277               |       and|   0|  0|   2|           1|           1|
    |ap_channel_done_A_TILE_278               |       and|   0|  0|   2|           1|           1|
    |ap_channel_done_A_TILE_279               |       and|   0|  0|   2|           1|           1|
    |ap_channel_done_A_TILE_28                |       and|   0|  0|   2|           1|           1|
    |ap_channel_done_A_TILE_280               |       and|   0|  0|   2|           1|           1|
    |ap_channel_done_A_TILE_281               |       and|   0|  0|   2|           1|           1|
    |ap_channel_done_A_TILE_282               |       and|   0|  0|   2|           1|           1|
    |ap_channel_done_A_TILE_283               |       and|   0|  0|   2|           1|           1|
    |ap_channel_done_A_TILE_284               |       and|   0|  0|   2|           1|           1|
    |ap_channel_done_A_TILE_285               |       and|   0|  0|   2|           1|           1|
    |ap_channel_done_A_TILE_286               |       and|   0|  0|   2|           1|           1|
    |ap_channel_done_A_TILE_287               |       and|   0|  0|   2|           1|           1|
    |ap_channel_done_A_TILE_288               |       and|   0|  0|   2|           1|           1|
    |ap_channel_done_A_TILE_289               |       and|   0|  0|   2|           1|           1|
    |ap_channel_done_A_TILE_29                |       and|   0|  0|   2|           1|           1|
    |ap_channel_done_A_TILE_290               |       and|   0|  0|   2|           1|           1|
    |ap_channel_done_A_TILE_291               |       and|   0|  0|   2|           1|           1|
    |ap_channel_done_A_TILE_292               |       and|   0|  0|   2|           1|           1|
    |ap_channel_done_A_TILE_293               |       and|   0|  0|   2|           1|           1|
    |ap_channel_done_A_TILE_294               |       and|   0|  0|   2|           1|           1|
    |ap_channel_done_A_TILE_295               |       and|   0|  0|   2|           1|           1|
    |ap_channel_done_A_TILE_296               |       and|   0|  0|   2|           1|           1|
    |ap_channel_done_A_TILE_297               |       and|   0|  0|   2|           1|           1|
    |ap_channel_done_A_TILE_298               |       and|   0|  0|   2|           1|           1|
    |ap_channel_done_A_TILE_299               |       and|   0|  0|   2|           1|           1|
    |ap_channel_done_A_TILE_3                 |       and|   0|  0|   2|           1|           1|
    |ap_channel_done_A_TILE_30                |       and|   0|  0|   2|           1|           1|
    |ap_channel_done_A_TILE_300               |       and|   0|  0|   2|           1|           1|
    |ap_channel_done_A_TILE_301               |       and|   0|  0|   2|           1|           1|
    |ap_channel_done_A_TILE_302               |       and|   0|  0|   2|           1|           1|
    |ap_channel_done_A_TILE_303               |       and|   0|  0|   2|           1|           1|
    |ap_channel_done_A_TILE_304               |       and|   0|  0|   2|           1|           1|
    |ap_channel_done_A_TILE_305               |       and|   0|  0|   2|           1|           1|
    |ap_channel_done_A_TILE_306               |       and|   0|  0|   2|           1|           1|
    |ap_channel_done_A_TILE_307               |       and|   0|  0|   2|           1|           1|
    |ap_channel_done_A_TILE_308               |       and|   0|  0|   2|           1|           1|
    |ap_channel_done_A_TILE_309               |       and|   0|  0|   2|           1|           1|
    |ap_channel_done_A_TILE_31                |       and|   0|  0|   2|           1|           1|
    |ap_channel_done_A_TILE_310               |       and|   0|  0|   2|           1|           1|
    |ap_channel_done_A_TILE_311               |       and|   0|  0|   2|           1|           1|
    |ap_channel_done_A_TILE_312               |       and|   0|  0|   2|           1|           1|
    |ap_channel_done_A_TILE_313               |       and|   0|  0|   2|           1|           1|
    |ap_channel_done_A_TILE_314               |       and|   0|  0|   2|           1|           1|
    |ap_channel_done_A_TILE_315               |       and|   0|  0|   2|           1|           1|
    |ap_channel_done_A_TILE_316               |       and|   0|  0|   2|           1|           1|
    |ap_channel_done_A_TILE_317               |       and|   0|  0|   2|           1|           1|
    |ap_channel_done_A_TILE_318               |       and|   0|  0|   2|           1|           1|
    |ap_channel_done_A_TILE_319               |       and|   0|  0|   2|           1|           1|
    |ap_channel_done_A_TILE_32                |       and|   0|  0|   2|           1|           1|
    |ap_channel_done_A_TILE_320               |       and|   0|  0|   2|           1|           1|
    |ap_channel_done_A_TILE_321               |       and|   0|  0|   2|           1|           1|
    |ap_channel_done_A_TILE_322               |       and|   0|  0|   2|           1|           1|
    |ap_channel_done_A_TILE_323               |       and|   0|  0|   2|           1|           1|
    |ap_channel_done_A_TILE_324               |       and|   0|  0|   2|           1|           1|
    |ap_channel_done_A_TILE_325               |       and|   0|  0|   2|           1|           1|
    |ap_channel_done_A_TILE_326               |       and|   0|  0|   2|           1|           1|
    |ap_channel_done_A_TILE_327               |       and|   0|  0|   2|           1|           1|
    |ap_channel_done_A_TILE_328               |       and|   0|  0|   2|           1|           1|
    |ap_channel_done_A_TILE_329               |       and|   0|  0|   2|           1|           1|
    |ap_channel_done_A_TILE_33                |       and|   0|  0|   2|           1|           1|
    |ap_channel_done_A_TILE_330               |       and|   0|  0|   2|           1|           1|
    |ap_channel_done_A_TILE_331               |       and|   0|  0|   2|           1|           1|
    |ap_channel_done_A_TILE_332               |       and|   0|  0|   2|           1|           1|
    |ap_channel_done_A_TILE_333               |       and|   0|  0|   2|           1|           1|
    |ap_channel_done_A_TILE_334               |       and|   0|  0|   2|           1|           1|
    |ap_channel_done_A_TILE_335               |       and|   0|  0|   2|           1|           1|
    |ap_channel_done_A_TILE_336               |       and|   0|  0|   2|           1|           1|
    |ap_channel_done_A_TILE_337               |       and|   0|  0|   2|           1|           1|
    |ap_channel_done_A_TILE_338               |       and|   0|  0|   2|           1|           1|
    |ap_channel_done_A_TILE_339               |       and|   0|  0|   2|           1|           1|
    |ap_channel_done_A_TILE_34                |       and|   0|  0|   2|           1|           1|
    |ap_channel_done_A_TILE_340               |       and|   0|  0|   2|           1|           1|
    |ap_channel_done_A_TILE_341               |       and|   0|  0|   2|           1|           1|
    |ap_channel_done_A_TILE_342               |       and|   0|  0|   2|           1|           1|
    |ap_channel_done_A_TILE_343               |       and|   0|  0|   2|           1|           1|
    |ap_channel_done_A_TILE_344               |       and|   0|  0|   2|           1|           1|
    |ap_channel_done_A_TILE_345               |       and|   0|  0|   2|           1|           1|
    |ap_channel_done_A_TILE_346               |       and|   0|  0|   2|           1|           1|
    |ap_channel_done_A_TILE_347               |       and|   0|  0|   2|           1|           1|
    |ap_channel_done_A_TILE_348               |       and|   0|  0|   2|           1|           1|
    |ap_channel_done_A_TILE_349               |       and|   0|  0|   2|           1|           1|
    |ap_channel_done_A_TILE_35                |       and|   0|  0|   2|           1|           1|
    |ap_channel_done_A_TILE_350               |       and|   0|  0|   2|           1|           1|
    |ap_channel_done_A_TILE_351               |       and|   0|  0|   2|           1|           1|
    |ap_channel_done_A_TILE_352               |       and|   0|  0|   2|           1|           1|
    |ap_channel_done_A_TILE_353               |       and|   0|  0|   2|           1|           1|
    |ap_channel_done_A_TILE_354               |       and|   0|  0|   2|           1|           1|
    |ap_channel_done_A_TILE_355               |       and|   0|  0|   2|           1|           1|
    |ap_channel_done_A_TILE_356               |       and|   0|  0|   2|           1|           1|
    |ap_channel_done_A_TILE_357               |       and|   0|  0|   2|           1|           1|
    |ap_channel_done_A_TILE_358               |       and|   0|  0|   2|           1|           1|
    |ap_channel_done_A_TILE_359               |       and|   0|  0|   2|           1|           1|
    |ap_channel_done_A_TILE_36                |       and|   0|  0|   2|           1|           1|
    |ap_channel_done_A_TILE_360               |       and|   0|  0|   2|           1|           1|
    |ap_channel_done_A_TILE_361               |       and|   0|  0|   2|           1|           1|
    |ap_channel_done_A_TILE_362               |       and|   0|  0|   2|           1|           1|
    |ap_channel_done_A_TILE_363               |       and|   0|  0|   2|           1|           1|
    |ap_channel_done_A_TILE_364               |       and|   0|  0|   2|           1|           1|
    |ap_channel_done_A_TILE_365               |       and|   0|  0|   2|           1|           1|
    |ap_channel_done_A_TILE_366               |       and|   0|  0|   2|           1|           1|
    |ap_channel_done_A_TILE_367               |       and|   0|  0|   2|           1|           1|
    |ap_channel_done_A_TILE_368               |       and|   0|  0|   2|           1|           1|
    |ap_channel_done_A_TILE_369               |       and|   0|  0|   2|           1|           1|
    |ap_channel_done_A_TILE_37                |       and|   0|  0|   2|           1|           1|
    |ap_channel_done_A_TILE_370               |       and|   0|  0|   2|           1|           1|
    |ap_channel_done_A_TILE_371               |       and|   0|  0|   2|           1|           1|
    |ap_channel_done_A_TILE_372               |       and|   0|  0|   2|           1|           1|
    |ap_channel_done_A_TILE_373               |       and|   0|  0|   2|           1|           1|
    |ap_channel_done_A_TILE_374               |       and|   0|  0|   2|           1|           1|
    |ap_channel_done_A_TILE_375               |       and|   0|  0|   2|           1|           1|
    |ap_channel_done_A_TILE_376               |       and|   0|  0|   2|           1|           1|
    |ap_channel_done_A_TILE_377               |       and|   0|  0|   2|           1|           1|
    |ap_channel_done_A_TILE_378               |       and|   0|  0|   2|           1|           1|
    |ap_channel_done_A_TILE_379               |       and|   0|  0|   2|           1|           1|
    |ap_channel_done_A_TILE_38                |       and|   0|  0|   2|           1|           1|
    |ap_channel_done_A_TILE_380               |       and|   0|  0|   2|           1|           1|
    |ap_channel_done_A_TILE_381               |       and|   0|  0|   2|           1|           1|
    |ap_channel_done_A_TILE_382               |       and|   0|  0|   2|           1|           1|
    |ap_channel_done_A_TILE_383               |       and|   0|  0|   2|           1|           1|
    |ap_channel_done_A_TILE_384               |       and|   0|  0|   2|           1|           1|
    |ap_channel_done_A_TILE_385               |       and|   0|  0|   2|           1|           1|
    |ap_channel_done_A_TILE_386               |       and|   0|  0|   2|           1|           1|
    |ap_channel_done_A_TILE_387               |       and|   0|  0|   2|           1|           1|
    |ap_channel_done_A_TILE_388               |       and|   0|  0|   2|           1|           1|
    |ap_channel_done_A_TILE_389               |       and|   0|  0|   2|           1|           1|
    |ap_channel_done_A_TILE_39                |       and|   0|  0|   2|           1|           1|
    |ap_channel_done_A_TILE_390               |       and|   0|  0|   2|           1|           1|
    |ap_channel_done_A_TILE_391               |       and|   0|  0|   2|           1|           1|
    |ap_channel_done_A_TILE_392               |       and|   0|  0|   2|           1|           1|
    |ap_channel_done_A_TILE_393               |       and|   0|  0|   2|           1|           1|
    |ap_channel_done_A_TILE_394               |       and|   0|  0|   2|           1|           1|
    |ap_channel_done_A_TILE_395               |       and|   0|  0|   2|           1|           1|
    |ap_channel_done_A_TILE_396               |       and|   0|  0|   2|           1|           1|
    |ap_channel_done_A_TILE_397               |       and|   0|  0|   2|           1|           1|
    |ap_channel_done_A_TILE_398               |       and|   0|  0|   2|           1|           1|
    |ap_channel_done_A_TILE_399               |       and|   0|  0|   2|           1|           1|
    |ap_channel_done_A_TILE_4                 |       and|   0|  0|   2|           1|           1|
    |ap_channel_done_A_TILE_40                |       and|   0|  0|   2|           1|           1|
    |ap_channel_done_A_TILE_400               |       and|   0|  0|   2|           1|           1|
    |ap_channel_done_A_TILE_401               |       and|   0|  0|   2|           1|           1|
    |ap_channel_done_A_TILE_402               |       and|   0|  0|   2|           1|           1|
    |ap_channel_done_A_TILE_403               |       and|   0|  0|   2|           1|           1|
    |ap_channel_done_A_TILE_404               |       and|   0|  0|   2|           1|           1|
    |ap_channel_done_A_TILE_405               |       and|   0|  0|   2|           1|           1|
    |ap_channel_done_A_TILE_406               |       and|   0|  0|   2|           1|           1|
    |ap_channel_done_A_TILE_407               |       and|   0|  0|   2|           1|           1|
    |ap_channel_done_A_TILE_408               |       and|   0|  0|   2|           1|           1|
    |ap_channel_done_A_TILE_409               |       and|   0|  0|   2|           1|           1|
    |ap_channel_done_A_TILE_41                |       and|   0|  0|   2|           1|           1|
    |ap_channel_done_A_TILE_410               |       and|   0|  0|   2|           1|           1|
    |ap_channel_done_A_TILE_411               |       and|   0|  0|   2|           1|           1|
    |ap_channel_done_A_TILE_412               |       and|   0|  0|   2|           1|           1|
    |ap_channel_done_A_TILE_413               |       and|   0|  0|   2|           1|           1|
    |ap_channel_done_A_TILE_414               |       and|   0|  0|   2|           1|           1|
    |ap_channel_done_A_TILE_415               |       and|   0|  0|   2|           1|           1|
    |ap_channel_done_A_TILE_416               |       and|   0|  0|   2|           1|           1|
    |ap_channel_done_A_TILE_417               |       and|   0|  0|   2|           1|           1|
    |ap_channel_done_A_TILE_418               |       and|   0|  0|   2|           1|           1|
    |ap_channel_done_A_TILE_419               |       and|   0|  0|   2|           1|           1|
    |ap_channel_done_A_TILE_42                |       and|   0|  0|   2|           1|           1|
    |ap_channel_done_A_TILE_420               |       and|   0|  0|   2|           1|           1|
    |ap_channel_done_A_TILE_421               |       and|   0|  0|   2|           1|           1|
    |ap_channel_done_A_TILE_422               |       and|   0|  0|   2|           1|           1|
    |ap_channel_done_A_TILE_423               |       and|   0|  0|   2|           1|           1|
    |ap_channel_done_A_TILE_424               |       and|   0|  0|   2|           1|           1|
    |ap_channel_done_A_TILE_425               |       and|   0|  0|   2|           1|           1|
    |ap_channel_done_A_TILE_426               |       and|   0|  0|   2|           1|           1|
    |ap_channel_done_A_TILE_427               |       and|   0|  0|   2|           1|           1|
    |ap_channel_done_A_TILE_428               |       and|   0|  0|   2|           1|           1|
    |ap_channel_done_A_TILE_429               |       and|   0|  0|   2|           1|           1|
    |ap_channel_done_A_TILE_43                |       and|   0|  0|   2|           1|           1|
    |ap_channel_done_A_TILE_430               |       and|   0|  0|   2|           1|           1|
    |ap_channel_done_A_TILE_431               |       and|   0|  0|   2|           1|           1|
    |ap_channel_done_A_TILE_432               |       and|   0|  0|   2|           1|           1|
    |ap_channel_done_A_TILE_433               |       and|   0|  0|   2|           1|           1|
    |ap_channel_done_A_TILE_434               |       and|   0|  0|   2|           1|           1|
    |ap_channel_done_A_TILE_435               |       and|   0|  0|   2|           1|           1|
    |ap_channel_done_A_TILE_436               |       and|   0|  0|   2|           1|           1|
    |ap_channel_done_A_TILE_437               |       and|   0|  0|   2|           1|           1|
    |ap_channel_done_A_TILE_438               |       and|   0|  0|   2|           1|           1|
    |ap_channel_done_A_TILE_439               |       and|   0|  0|   2|           1|           1|
    |ap_channel_done_A_TILE_44                |       and|   0|  0|   2|           1|           1|
    |ap_channel_done_A_TILE_440               |       and|   0|  0|   2|           1|           1|
    |ap_channel_done_A_TILE_441               |       and|   0|  0|   2|           1|           1|
    |ap_channel_done_A_TILE_442               |       and|   0|  0|   2|           1|           1|
    |ap_channel_done_A_TILE_443               |       and|   0|  0|   2|           1|           1|
    |ap_channel_done_A_TILE_444               |       and|   0|  0|   2|           1|           1|
    |ap_channel_done_A_TILE_445               |       and|   0|  0|   2|           1|           1|
    |ap_channel_done_A_TILE_446               |       and|   0|  0|   2|           1|           1|
    |ap_channel_done_A_TILE_447               |       and|   0|  0|   2|           1|           1|
    |ap_channel_done_A_TILE_448               |       and|   0|  0|   2|           1|           1|
    |ap_channel_done_A_TILE_449               |       and|   0|  0|   2|           1|           1|
    |ap_channel_done_A_TILE_45                |       and|   0|  0|   2|           1|           1|
    |ap_channel_done_A_TILE_450               |       and|   0|  0|   2|           1|           1|
    |ap_channel_done_A_TILE_451               |       and|   0|  0|   2|           1|           1|
    |ap_channel_done_A_TILE_452               |       and|   0|  0|   2|           1|           1|
    |ap_channel_done_A_TILE_453               |       and|   0|  0|   2|           1|           1|
    |ap_channel_done_A_TILE_454               |       and|   0|  0|   2|           1|           1|
    |ap_channel_done_A_TILE_455               |       and|   0|  0|   2|           1|           1|
    |ap_channel_done_A_TILE_456               |       and|   0|  0|   2|           1|           1|
    |ap_channel_done_A_TILE_457               |       and|   0|  0|   2|           1|           1|
    |ap_channel_done_A_TILE_458               |       and|   0|  0|   2|           1|           1|
    |ap_channel_done_A_TILE_459               |       and|   0|  0|   2|           1|           1|
    |ap_channel_done_A_TILE_46                |       and|   0|  0|   2|           1|           1|
    |ap_channel_done_A_TILE_460               |       and|   0|  0|   2|           1|           1|
    |ap_channel_done_A_TILE_461               |       and|   0|  0|   2|           1|           1|
    |ap_channel_done_A_TILE_462               |       and|   0|  0|   2|           1|           1|
    |ap_channel_done_A_TILE_463               |       and|   0|  0|   2|           1|           1|
    |ap_channel_done_A_TILE_464               |       and|   0|  0|   2|           1|           1|
    |ap_channel_done_A_TILE_465               |       and|   0|  0|   2|           1|           1|
    |ap_channel_done_A_TILE_466               |       and|   0|  0|   2|           1|           1|
    |ap_channel_done_A_TILE_467               |       and|   0|  0|   2|           1|           1|
    |ap_channel_done_A_TILE_468               |       and|   0|  0|   2|           1|           1|
    |ap_channel_done_A_TILE_469               |       and|   0|  0|   2|           1|           1|
    |ap_channel_done_A_TILE_47                |       and|   0|  0|   2|           1|           1|
    |ap_channel_done_A_TILE_470               |       and|   0|  0|   2|           1|           1|
    |ap_channel_done_A_TILE_471               |       and|   0|  0|   2|           1|           1|
    |ap_channel_done_A_TILE_472               |       and|   0|  0|   2|           1|           1|
    |ap_channel_done_A_TILE_473               |       and|   0|  0|   2|           1|           1|
    |ap_channel_done_A_TILE_474               |       and|   0|  0|   2|           1|           1|
    |ap_channel_done_A_TILE_475               |       and|   0|  0|   2|           1|           1|
    |ap_channel_done_A_TILE_476               |       and|   0|  0|   2|           1|           1|
    |ap_channel_done_A_TILE_477               |       and|   0|  0|   2|           1|           1|
    |ap_channel_done_A_TILE_478               |       and|   0|  0|   2|           1|           1|
    |ap_channel_done_A_TILE_479               |       and|   0|  0|   2|           1|           1|
    |ap_channel_done_A_TILE_48                |       and|   0|  0|   2|           1|           1|
    |ap_channel_done_A_TILE_480               |       and|   0|  0|   2|           1|           1|
    |ap_channel_done_A_TILE_481               |       and|   0|  0|   2|           1|           1|
    |ap_channel_done_A_TILE_482               |       and|   0|  0|   2|           1|           1|
    |ap_channel_done_A_TILE_483               |       and|   0|  0|   2|           1|           1|
    |ap_channel_done_A_TILE_484               |       and|   0|  0|   2|           1|           1|
    |ap_channel_done_A_TILE_485               |       and|   0|  0|   2|           1|           1|
    |ap_channel_done_A_TILE_486               |       and|   0|  0|   2|           1|           1|
    |ap_channel_done_A_TILE_487               |       and|   0|  0|   2|           1|           1|
    |ap_channel_done_A_TILE_488               |       and|   0|  0|   2|           1|           1|
    |ap_channel_done_A_TILE_489               |       and|   0|  0|   2|           1|           1|
    |ap_channel_done_A_TILE_49                |       and|   0|  0|   2|           1|           1|
    |ap_channel_done_A_TILE_490               |       and|   0|  0|   2|           1|           1|
    |ap_channel_done_A_TILE_491               |       and|   0|  0|   2|           1|           1|
    |ap_channel_done_A_TILE_492               |       and|   0|  0|   2|           1|           1|
    |ap_channel_done_A_TILE_493               |       and|   0|  0|   2|           1|           1|
    |ap_channel_done_A_TILE_494               |       and|   0|  0|   2|           1|           1|
    |ap_channel_done_A_TILE_495               |       and|   0|  0|   2|           1|           1|
    |ap_channel_done_A_TILE_496               |       and|   0|  0|   2|           1|           1|
    |ap_channel_done_A_TILE_497               |       and|   0|  0|   2|           1|           1|
    |ap_channel_done_A_TILE_498               |       and|   0|  0|   2|           1|           1|
    |ap_channel_done_A_TILE_499               |       and|   0|  0|   2|           1|           1|
    |ap_channel_done_A_TILE_5                 |       and|   0|  0|   2|           1|           1|
    |ap_channel_done_A_TILE_50                |       and|   0|  0|   2|           1|           1|
    |ap_channel_done_A_TILE_500               |       and|   0|  0|   2|           1|           1|
    |ap_channel_done_A_TILE_501               |       and|   0|  0|   2|           1|           1|
    |ap_channel_done_A_TILE_502               |       and|   0|  0|   2|           1|           1|
    |ap_channel_done_A_TILE_503               |       and|   0|  0|   2|           1|           1|
    |ap_channel_done_A_TILE_504               |       and|   0|  0|   2|           1|           1|
    |ap_channel_done_A_TILE_505               |       and|   0|  0|   2|           1|           1|
    |ap_channel_done_A_TILE_506               |       and|   0|  0|   2|           1|           1|
    |ap_channel_done_A_TILE_507               |       and|   0|  0|   2|           1|           1|
    |ap_channel_done_A_TILE_508               |       and|   0|  0|   2|           1|           1|
    |ap_channel_done_A_TILE_509               |       and|   0|  0|   2|           1|           1|
    |ap_channel_done_A_TILE_51                |       and|   0|  0|   2|           1|           1|
    |ap_channel_done_A_TILE_510               |       and|   0|  0|   2|           1|           1|
    |ap_channel_done_A_TILE_52                |       and|   0|  0|   2|           1|           1|
    |ap_channel_done_A_TILE_53                |       and|   0|  0|   2|           1|           1|
    |ap_channel_done_A_TILE_54                |       and|   0|  0|   2|           1|           1|
    |ap_channel_done_A_TILE_55                |       and|   0|  0|   2|           1|           1|
    |ap_channel_done_A_TILE_56                |       and|   0|  0|   2|           1|           1|
    |ap_channel_done_A_TILE_57                |       and|   0|  0|   2|           1|           1|
    |ap_channel_done_A_TILE_58                |       and|   0|  0|   2|           1|           1|
    |ap_channel_done_A_TILE_59                |       and|   0|  0|   2|           1|           1|
    |ap_channel_done_A_TILE_6                 |       and|   0|  0|   2|           1|           1|
    |ap_channel_done_A_TILE_60                |       and|   0|  0|   2|           1|           1|
    |ap_channel_done_A_TILE_61                |       and|   0|  0|   2|           1|           1|
    |ap_channel_done_A_TILE_62                |       and|   0|  0|   2|           1|           1|
    |ap_channel_done_A_TILE_63                |       and|   0|  0|   2|           1|           1|
    |ap_channel_done_A_TILE_64                |       and|   0|  0|   2|           1|           1|
    |ap_channel_done_A_TILE_65                |       and|   0|  0|   2|           1|           1|
    |ap_channel_done_A_TILE_66                |       and|   0|  0|   2|           1|           1|
    |ap_channel_done_A_TILE_67                |       and|   0|  0|   2|           1|           1|
    |ap_channel_done_A_TILE_68                |       and|   0|  0|   2|           1|           1|
    |ap_channel_done_A_TILE_69                |       and|   0|  0|   2|           1|           1|
    |ap_channel_done_A_TILE_7                 |       and|   0|  0|   2|           1|           1|
    |ap_channel_done_A_TILE_70                |       and|   0|  0|   2|           1|           1|
    |ap_channel_done_A_TILE_71                |       and|   0|  0|   2|           1|           1|
    |ap_channel_done_A_TILE_72                |       and|   0|  0|   2|           1|           1|
    |ap_channel_done_A_TILE_73                |       and|   0|  0|   2|           1|           1|
    |ap_channel_done_A_TILE_74                |       and|   0|  0|   2|           1|           1|
    |ap_channel_done_A_TILE_75                |       and|   0|  0|   2|           1|           1|
    |ap_channel_done_A_TILE_76                |       and|   0|  0|   2|           1|           1|
    |ap_channel_done_A_TILE_77                |       and|   0|  0|   2|           1|           1|
    |ap_channel_done_A_TILE_78                |       and|   0|  0|   2|           1|           1|
    |ap_channel_done_A_TILE_79                |       and|   0|  0|   2|           1|           1|
    |ap_channel_done_A_TILE_8                 |       and|   0|  0|   2|           1|           1|
    |ap_channel_done_A_TILE_80                |       and|   0|  0|   2|           1|           1|
    |ap_channel_done_A_TILE_81                |       and|   0|  0|   2|           1|           1|
    |ap_channel_done_A_TILE_82                |       and|   0|  0|   2|           1|           1|
    |ap_channel_done_A_TILE_83                |       and|   0|  0|   2|           1|           1|
    |ap_channel_done_A_TILE_84                |       and|   0|  0|   2|           1|           1|
    |ap_channel_done_A_TILE_85                |       and|   0|  0|   2|           1|           1|
    |ap_channel_done_A_TILE_86                |       and|   0|  0|   2|           1|           1|
    |ap_channel_done_A_TILE_87                |       and|   0|  0|   2|           1|           1|
    |ap_channel_done_A_TILE_88                |       and|   0|  0|   2|           1|           1|
    |ap_channel_done_A_TILE_89                |       and|   0|  0|   2|           1|           1|
    |ap_channel_done_A_TILE_9                 |       and|   0|  0|   2|           1|           1|
    |ap_channel_done_A_TILE_90                |       and|   0|  0|   2|           1|           1|
    |ap_channel_done_A_TILE_91                |       and|   0|  0|   2|           1|           1|
    |ap_channel_done_A_TILE_92                |       and|   0|  0|   2|           1|           1|
    |ap_channel_done_A_TILE_93                |       and|   0|  0|   2|           1|           1|
    |ap_channel_done_A_TILE_94                |       and|   0|  0|   2|           1|           1|
    |ap_channel_done_A_TILE_95                |       and|   0|  0|   2|           1|           1|
    |ap_channel_done_A_TILE_96                |       and|   0|  0|   2|           1|           1|
    |ap_channel_done_A_TILE_97                |       and|   0|  0|   2|           1|           1|
    |ap_channel_done_A_TILE_98                |       and|   0|  0|   2|           1|           1|
    |ap_channel_done_A_TILE_99                |       and|   0|  0|   2|           1|           1|
    |ap_idle                                  |       and|   0|  0|   2|           1|           1|
    |ap_sync_ready                            |       and|   0|  0|   2|           1|           1|
    |entry_proc_U0_ap_start                   |       and|   0|  0|   2|           1|           1|
    |load_tile_A3280_U0_ap_continue           |       and|   0|  0|   2|           1|           1|
    |load_tile_A3280_U0_ap_start              |       and|   0|  0|   2|           1|           1|
    |tile_A_to_stream4281_U0_ap_start         |       and|   0|  0|   2|           1|           1|
    |tile_A_to_stream4281_U0_start_full_n     |       and|   0|  0|   2|           1|           1|
    |ap_sync_B_Buf_to_stream5282_U0_ap_ready  |        or|   0|  0|   2|           1|           1|
    |ap_sync_channel_write_A_TILE             |        or|   0|  0|   2|           1|           1|
    |ap_sync_channel_write_A_TILE511          |        or|   0|  0|   2|           1|           1|
    |ap_sync_channel_write_A_TILE_1           |        or|   0|  0|   2|           1|           1|
    |ap_sync_channel_write_A_TILE_10          |        or|   0|  0|   2|           1|           1|
    |ap_sync_channel_write_A_TILE_100         |        or|   0|  0|   2|           1|           1|
    |ap_sync_channel_write_A_TILE_101         |        or|   0|  0|   2|           1|           1|
    |ap_sync_channel_write_A_TILE_102         |        or|   0|  0|   2|           1|           1|
    |ap_sync_channel_write_A_TILE_103         |        or|   0|  0|   2|           1|           1|
    |ap_sync_channel_write_A_TILE_104         |        or|   0|  0|   2|           1|           1|
    |ap_sync_channel_write_A_TILE_105         |        or|   0|  0|   2|           1|           1|
    |ap_sync_channel_write_A_TILE_106         |        or|   0|  0|   2|           1|           1|
    |ap_sync_channel_write_A_TILE_107         |        or|   0|  0|   2|           1|           1|
    |ap_sync_channel_write_A_TILE_108         |        or|   0|  0|   2|           1|           1|
    |ap_sync_channel_write_A_TILE_109         |        or|   0|  0|   2|           1|           1|
    |ap_sync_channel_write_A_TILE_11          |        or|   0|  0|   2|           1|           1|
    |ap_sync_channel_write_A_TILE_110         |        or|   0|  0|   2|           1|           1|
    |ap_sync_channel_write_A_TILE_111         |        or|   0|  0|   2|           1|           1|
    |ap_sync_channel_write_A_TILE_112         |        or|   0|  0|   2|           1|           1|
    |ap_sync_channel_write_A_TILE_113         |        or|   0|  0|   2|           1|           1|
    |ap_sync_channel_write_A_TILE_114         |        or|   0|  0|   2|           1|           1|
    |ap_sync_channel_write_A_TILE_115         |        or|   0|  0|   2|           1|           1|
    |ap_sync_channel_write_A_TILE_116         |        or|   0|  0|   2|           1|           1|
    |ap_sync_channel_write_A_TILE_117         |        or|   0|  0|   2|           1|           1|
    |ap_sync_channel_write_A_TILE_118         |        or|   0|  0|   2|           1|           1|
    |ap_sync_channel_write_A_TILE_119         |        or|   0|  0|   2|           1|           1|
    |ap_sync_channel_write_A_TILE_12          |        or|   0|  0|   2|           1|           1|
    |ap_sync_channel_write_A_TILE_120         |        or|   0|  0|   2|           1|           1|
    |ap_sync_channel_write_A_TILE_121         |        or|   0|  0|   2|           1|           1|
    |ap_sync_channel_write_A_TILE_122         |        or|   0|  0|   2|           1|           1|
    |ap_sync_channel_write_A_TILE_123         |        or|   0|  0|   2|           1|           1|
    |ap_sync_channel_write_A_TILE_124         |        or|   0|  0|   2|           1|           1|
    |ap_sync_channel_write_A_TILE_125         |        or|   0|  0|   2|           1|           1|
    |ap_sync_channel_write_A_TILE_126         |        or|   0|  0|   2|           1|           1|
    |ap_sync_channel_write_A_TILE_127         |        or|   0|  0|   2|           1|           1|
    |ap_sync_channel_write_A_TILE_128         |        or|   0|  0|   2|           1|           1|
    |ap_sync_channel_write_A_TILE_129         |        or|   0|  0|   2|           1|           1|
    |ap_sync_channel_write_A_TILE_13          |        or|   0|  0|   2|           1|           1|
    |ap_sync_channel_write_A_TILE_130         |        or|   0|  0|   2|           1|           1|
    |ap_sync_channel_write_A_TILE_131         |        or|   0|  0|   2|           1|           1|
    |ap_sync_channel_write_A_TILE_132         |        or|   0|  0|   2|           1|           1|
    |ap_sync_channel_write_A_TILE_133         |        or|   0|  0|   2|           1|           1|
    |ap_sync_channel_write_A_TILE_134         |        or|   0|  0|   2|           1|           1|
    |ap_sync_channel_write_A_TILE_135         |        or|   0|  0|   2|           1|           1|
    |ap_sync_channel_write_A_TILE_136         |        or|   0|  0|   2|           1|           1|
    |ap_sync_channel_write_A_TILE_137         |        or|   0|  0|   2|           1|           1|
    |ap_sync_channel_write_A_TILE_138         |        or|   0|  0|   2|           1|           1|
    |ap_sync_channel_write_A_TILE_139         |        or|   0|  0|   2|           1|           1|
    |ap_sync_channel_write_A_TILE_14          |        or|   0|  0|   2|           1|           1|
    |ap_sync_channel_write_A_TILE_140         |        or|   0|  0|   2|           1|           1|
    |ap_sync_channel_write_A_TILE_141         |        or|   0|  0|   2|           1|           1|
    |ap_sync_channel_write_A_TILE_142         |        or|   0|  0|   2|           1|           1|
    |ap_sync_channel_write_A_TILE_143         |        or|   0|  0|   2|           1|           1|
    |ap_sync_channel_write_A_TILE_144         |        or|   0|  0|   2|           1|           1|
    |ap_sync_channel_write_A_TILE_145         |        or|   0|  0|   2|           1|           1|
    |ap_sync_channel_write_A_TILE_146         |        or|   0|  0|   2|           1|           1|
    |ap_sync_channel_write_A_TILE_147         |        or|   0|  0|   2|           1|           1|
    |ap_sync_channel_write_A_TILE_148         |        or|   0|  0|   2|           1|           1|
    |ap_sync_channel_write_A_TILE_149         |        or|   0|  0|   2|           1|           1|
    |ap_sync_channel_write_A_TILE_15          |        or|   0|  0|   2|           1|           1|
    |ap_sync_channel_write_A_TILE_150         |        or|   0|  0|   2|           1|           1|
    |ap_sync_channel_write_A_TILE_151         |        or|   0|  0|   2|           1|           1|
    |ap_sync_channel_write_A_TILE_152         |        or|   0|  0|   2|           1|           1|
    |ap_sync_channel_write_A_TILE_153         |        or|   0|  0|   2|           1|           1|
    |ap_sync_channel_write_A_TILE_154         |        or|   0|  0|   2|           1|           1|
    |ap_sync_channel_write_A_TILE_155         |        or|   0|  0|   2|           1|           1|
    |ap_sync_channel_write_A_TILE_156         |        or|   0|  0|   2|           1|           1|
    |ap_sync_channel_write_A_TILE_157         |        or|   0|  0|   2|           1|           1|
    |ap_sync_channel_write_A_TILE_158         |        or|   0|  0|   2|           1|           1|
    |ap_sync_channel_write_A_TILE_159         |        or|   0|  0|   2|           1|           1|
    |ap_sync_channel_write_A_TILE_16          |        or|   0|  0|   2|           1|           1|
    |ap_sync_channel_write_A_TILE_160         |        or|   0|  0|   2|           1|           1|
    |ap_sync_channel_write_A_TILE_161         |        or|   0|  0|   2|           1|           1|
    |ap_sync_channel_write_A_TILE_162         |        or|   0|  0|   2|           1|           1|
    |ap_sync_channel_write_A_TILE_163         |        or|   0|  0|   2|           1|           1|
    |ap_sync_channel_write_A_TILE_164         |        or|   0|  0|   2|           1|           1|
    |ap_sync_channel_write_A_TILE_165         |        or|   0|  0|   2|           1|           1|
    |ap_sync_channel_write_A_TILE_166         |        or|   0|  0|   2|           1|           1|
    |ap_sync_channel_write_A_TILE_167         |        or|   0|  0|   2|           1|           1|
    |ap_sync_channel_write_A_TILE_168         |        or|   0|  0|   2|           1|           1|
    |ap_sync_channel_write_A_TILE_169         |        or|   0|  0|   2|           1|           1|
    |ap_sync_channel_write_A_TILE_17          |        or|   0|  0|   2|           1|           1|
    |ap_sync_channel_write_A_TILE_170         |        or|   0|  0|   2|           1|           1|
    |ap_sync_channel_write_A_TILE_171         |        or|   0|  0|   2|           1|           1|
    |ap_sync_channel_write_A_TILE_172         |        or|   0|  0|   2|           1|           1|
    |ap_sync_channel_write_A_TILE_173         |        or|   0|  0|   2|           1|           1|
    |ap_sync_channel_write_A_TILE_174         |        or|   0|  0|   2|           1|           1|
    |ap_sync_channel_write_A_TILE_175         |        or|   0|  0|   2|           1|           1|
    |ap_sync_channel_write_A_TILE_176         |        or|   0|  0|   2|           1|           1|
    |ap_sync_channel_write_A_TILE_177         |        or|   0|  0|   2|           1|           1|
    |ap_sync_channel_write_A_TILE_178         |        or|   0|  0|   2|           1|           1|
    |ap_sync_channel_write_A_TILE_179         |        or|   0|  0|   2|           1|           1|
    |ap_sync_channel_write_A_TILE_18          |        or|   0|  0|   2|           1|           1|
    |ap_sync_channel_write_A_TILE_180         |        or|   0|  0|   2|           1|           1|
    |ap_sync_channel_write_A_TILE_181         |        or|   0|  0|   2|           1|           1|
    |ap_sync_channel_write_A_TILE_182         |        or|   0|  0|   2|           1|           1|
    |ap_sync_channel_write_A_TILE_183         |        or|   0|  0|   2|           1|           1|
    |ap_sync_channel_write_A_TILE_184         |        or|   0|  0|   2|           1|           1|
    |ap_sync_channel_write_A_TILE_185         |        or|   0|  0|   2|           1|           1|
    |ap_sync_channel_write_A_TILE_186         |        or|   0|  0|   2|           1|           1|
    |ap_sync_channel_write_A_TILE_187         |        or|   0|  0|   2|           1|           1|
    |ap_sync_channel_write_A_TILE_188         |        or|   0|  0|   2|           1|           1|
    |ap_sync_channel_write_A_TILE_189         |        or|   0|  0|   2|           1|           1|
    |ap_sync_channel_write_A_TILE_19          |        or|   0|  0|   2|           1|           1|
    |ap_sync_channel_write_A_TILE_190         |        or|   0|  0|   2|           1|           1|
    |ap_sync_channel_write_A_TILE_191         |        or|   0|  0|   2|           1|           1|
    |ap_sync_channel_write_A_TILE_192         |        or|   0|  0|   2|           1|           1|
    |ap_sync_channel_write_A_TILE_193         |        or|   0|  0|   2|           1|           1|
    |ap_sync_channel_write_A_TILE_194         |        or|   0|  0|   2|           1|           1|
    |ap_sync_channel_write_A_TILE_195         |        or|   0|  0|   2|           1|           1|
    |ap_sync_channel_write_A_TILE_196         |        or|   0|  0|   2|           1|           1|
    |ap_sync_channel_write_A_TILE_197         |        or|   0|  0|   2|           1|           1|
    |ap_sync_channel_write_A_TILE_198         |        or|   0|  0|   2|           1|           1|
    |ap_sync_channel_write_A_TILE_199         |        or|   0|  0|   2|           1|           1|
    |ap_sync_channel_write_A_TILE_2           |        or|   0|  0|   2|           1|           1|
    |ap_sync_channel_write_A_TILE_20          |        or|   0|  0|   2|           1|           1|
    |ap_sync_channel_write_A_TILE_200         |        or|   0|  0|   2|           1|           1|
    |ap_sync_channel_write_A_TILE_201         |        or|   0|  0|   2|           1|           1|
    |ap_sync_channel_write_A_TILE_202         |        or|   0|  0|   2|           1|           1|
    |ap_sync_channel_write_A_TILE_203         |        or|   0|  0|   2|           1|           1|
    |ap_sync_channel_write_A_TILE_204         |        or|   0|  0|   2|           1|           1|
    |ap_sync_channel_write_A_TILE_205         |        or|   0|  0|   2|           1|           1|
    |ap_sync_channel_write_A_TILE_206         |        or|   0|  0|   2|           1|           1|
    |ap_sync_channel_write_A_TILE_207         |        or|   0|  0|   2|           1|           1|
    |ap_sync_channel_write_A_TILE_208         |        or|   0|  0|   2|           1|           1|
    |ap_sync_channel_write_A_TILE_209         |        or|   0|  0|   2|           1|           1|
    |ap_sync_channel_write_A_TILE_21          |        or|   0|  0|   2|           1|           1|
    |ap_sync_channel_write_A_TILE_210         |        or|   0|  0|   2|           1|           1|
    |ap_sync_channel_write_A_TILE_211         |        or|   0|  0|   2|           1|           1|
    |ap_sync_channel_write_A_TILE_212         |        or|   0|  0|   2|           1|           1|
    |ap_sync_channel_write_A_TILE_213         |        or|   0|  0|   2|           1|           1|
    |ap_sync_channel_write_A_TILE_214         |        or|   0|  0|   2|           1|           1|
    |ap_sync_channel_write_A_TILE_215         |        or|   0|  0|   2|           1|           1|
    |ap_sync_channel_write_A_TILE_216         |        or|   0|  0|   2|           1|           1|
    |ap_sync_channel_write_A_TILE_217         |        or|   0|  0|   2|           1|           1|
    |ap_sync_channel_write_A_TILE_218         |        or|   0|  0|   2|           1|           1|
    |ap_sync_channel_write_A_TILE_219         |        or|   0|  0|   2|           1|           1|
    |ap_sync_channel_write_A_TILE_22          |        or|   0|  0|   2|           1|           1|
    |ap_sync_channel_write_A_TILE_220         |        or|   0|  0|   2|           1|           1|
    |ap_sync_channel_write_A_TILE_221         |        or|   0|  0|   2|           1|           1|
    |ap_sync_channel_write_A_TILE_222         |        or|   0|  0|   2|           1|           1|
    |ap_sync_channel_write_A_TILE_223         |        or|   0|  0|   2|           1|           1|
    |ap_sync_channel_write_A_TILE_224         |        or|   0|  0|   2|           1|           1|
    |ap_sync_channel_write_A_TILE_225         |        or|   0|  0|   2|           1|           1|
    |ap_sync_channel_write_A_TILE_226         |        or|   0|  0|   2|           1|           1|
    |ap_sync_channel_write_A_TILE_227         |        or|   0|  0|   2|           1|           1|
    |ap_sync_channel_write_A_TILE_228         |        or|   0|  0|   2|           1|           1|
    |ap_sync_channel_write_A_TILE_229         |        or|   0|  0|   2|           1|           1|
    |ap_sync_channel_write_A_TILE_23          |        or|   0|  0|   2|           1|           1|
    |ap_sync_channel_write_A_TILE_230         |        or|   0|  0|   2|           1|           1|
    |ap_sync_channel_write_A_TILE_231         |        or|   0|  0|   2|           1|           1|
    |ap_sync_channel_write_A_TILE_232         |        or|   0|  0|   2|           1|           1|
    |ap_sync_channel_write_A_TILE_233         |        or|   0|  0|   2|           1|           1|
    |ap_sync_channel_write_A_TILE_234         |        or|   0|  0|   2|           1|           1|
    |ap_sync_channel_write_A_TILE_235         |        or|   0|  0|   2|           1|           1|
    |ap_sync_channel_write_A_TILE_236         |        or|   0|  0|   2|           1|           1|
    |ap_sync_channel_write_A_TILE_237         |        or|   0|  0|   2|           1|           1|
    |ap_sync_channel_write_A_TILE_238         |        or|   0|  0|   2|           1|           1|
    |ap_sync_channel_write_A_TILE_239         |        or|   0|  0|   2|           1|           1|
    |ap_sync_channel_write_A_TILE_24          |        or|   0|  0|   2|           1|           1|
    |ap_sync_channel_write_A_TILE_240         |        or|   0|  0|   2|           1|           1|
    |ap_sync_channel_write_A_TILE_241         |        or|   0|  0|   2|           1|           1|
    |ap_sync_channel_write_A_TILE_242         |        or|   0|  0|   2|           1|           1|
    |ap_sync_channel_write_A_TILE_243         |        or|   0|  0|   2|           1|           1|
    |ap_sync_channel_write_A_TILE_244         |        or|   0|  0|   2|           1|           1|
    |ap_sync_channel_write_A_TILE_245         |        or|   0|  0|   2|           1|           1|
    |ap_sync_channel_write_A_TILE_246         |        or|   0|  0|   2|           1|           1|
    |ap_sync_channel_write_A_TILE_247         |        or|   0|  0|   2|           1|           1|
    |ap_sync_channel_write_A_TILE_248         |        or|   0|  0|   2|           1|           1|
    |ap_sync_channel_write_A_TILE_249         |        or|   0|  0|   2|           1|           1|
    |ap_sync_channel_write_A_TILE_25          |        or|   0|  0|   2|           1|           1|
    |ap_sync_channel_write_A_TILE_250         |        or|   0|  0|   2|           1|           1|
    |ap_sync_channel_write_A_TILE_251         |        or|   0|  0|   2|           1|           1|
    |ap_sync_channel_write_A_TILE_252         |        or|   0|  0|   2|           1|           1|
    |ap_sync_channel_write_A_TILE_253         |        or|   0|  0|   2|           1|           1|
    |ap_sync_channel_write_A_TILE_254         |        or|   0|  0|   2|           1|           1|
    |ap_sync_channel_write_A_TILE_255         |        or|   0|  0|   2|           1|           1|
    |ap_sync_channel_write_A_TILE_256         |        or|   0|  0|   2|           1|           1|
    |ap_sync_channel_write_A_TILE_257         |        or|   0|  0|   2|           1|           1|
    |ap_sync_channel_write_A_TILE_258         |        or|   0|  0|   2|           1|           1|
    |ap_sync_channel_write_A_TILE_259         |        or|   0|  0|   2|           1|           1|
    |ap_sync_channel_write_A_TILE_26          |        or|   0|  0|   2|           1|           1|
    |ap_sync_channel_write_A_TILE_260         |        or|   0|  0|   2|           1|           1|
    |ap_sync_channel_write_A_TILE_261         |        or|   0|  0|   2|           1|           1|
    |ap_sync_channel_write_A_TILE_262         |        or|   0|  0|   2|           1|           1|
    |ap_sync_channel_write_A_TILE_263         |        or|   0|  0|   2|           1|           1|
    |ap_sync_channel_write_A_TILE_264         |        or|   0|  0|   2|           1|           1|
    |ap_sync_channel_write_A_TILE_265         |        or|   0|  0|   2|           1|           1|
    |ap_sync_channel_write_A_TILE_266         |        or|   0|  0|   2|           1|           1|
    |ap_sync_channel_write_A_TILE_267         |        or|   0|  0|   2|           1|           1|
    |ap_sync_channel_write_A_TILE_268         |        or|   0|  0|   2|           1|           1|
    |ap_sync_channel_write_A_TILE_269         |        or|   0|  0|   2|           1|           1|
    |ap_sync_channel_write_A_TILE_27          |        or|   0|  0|   2|           1|           1|
    |ap_sync_channel_write_A_TILE_270         |        or|   0|  0|   2|           1|           1|
    |ap_sync_channel_write_A_TILE_271         |        or|   0|  0|   2|           1|           1|
    |ap_sync_channel_write_A_TILE_272         |        or|   0|  0|   2|           1|           1|
    |ap_sync_channel_write_A_TILE_273         |        or|   0|  0|   2|           1|           1|
    |ap_sync_channel_write_A_TILE_274         |        or|   0|  0|   2|           1|           1|
    |ap_sync_channel_write_A_TILE_275         |        or|   0|  0|   2|           1|           1|
    |ap_sync_channel_write_A_TILE_276         |        or|   0|  0|   2|           1|           1|
    |ap_sync_channel_write_A_TILE_277         |        or|   0|  0|   2|           1|           1|
    |ap_sync_channel_write_A_TILE_278         |        or|   0|  0|   2|           1|           1|
    |ap_sync_channel_write_A_TILE_279         |        or|   0|  0|   2|           1|           1|
    |ap_sync_channel_write_A_TILE_28          |        or|   0|  0|   2|           1|           1|
    |ap_sync_channel_write_A_TILE_280         |        or|   0|  0|   2|           1|           1|
    |ap_sync_channel_write_A_TILE_281         |        or|   0|  0|   2|           1|           1|
    |ap_sync_channel_write_A_TILE_282         |        or|   0|  0|   2|           1|           1|
    |ap_sync_channel_write_A_TILE_283         |        or|   0|  0|   2|           1|           1|
    |ap_sync_channel_write_A_TILE_284         |        or|   0|  0|   2|           1|           1|
    |ap_sync_channel_write_A_TILE_285         |        or|   0|  0|   2|           1|           1|
    |ap_sync_channel_write_A_TILE_286         |        or|   0|  0|   2|           1|           1|
    |ap_sync_channel_write_A_TILE_287         |        or|   0|  0|   2|           1|           1|
    |ap_sync_channel_write_A_TILE_288         |        or|   0|  0|   2|           1|           1|
    |ap_sync_channel_write_A_TILE_289         |        or|   0|  0|   2|           1|           1|
    |ap_sync_channel_write_A_TILE_29          |        or|   0|  0|   2|           1|           1|
    |ap_sync_channel_write_A_TILE_290         |        or|   0|  0|   2|           1|           1|
    |ap_sync_channel_write_A_TILE_291         |        or|   0|  0|   2|           1|           1|
    |ap_sync_channel_write_A_TILE_292         |        or|   0|  0|   2|           1|           1|
    |ap_sync_channel_write_A_TILE_293         |        or|   0|  0|   2|           1|           1|
    |ap_sync_channel_write_A_TILE_294         |        or|   0|  0|   2|           1|           1|
    |ap_sync_channel_write_A_TILE_295         |        or|   0|  0|   2|           1|           1|
    |ap_sync_channel_write_A_TILE_296         |        or|   0|  0|   2|           1|           1|
    |ap_sync_channel_write_A_TILE_297         |        or|   0|  0|   2|           1|           1|
    |ap_sync_channel_write_A_TILE_298         |        or|   0|  0|   2|           1|           1|
    |ap_sync_channel_write_A_TILE_299         |        or|   0|  0|   2|           1|           1|
    |ap_sync_channel_write_A_TILE_3           |        or|   0|  0|   2|           1|           1|
    |ap_sync_channel_write_A_TILE_30          |        or|   0|  0|   2|           1|           1|
    |ap_sync_channel_write_A_TILE_300         |        or|   0|  0|   2|           1|           1|
    |ap_sync_channel_write_A_TILE_301         |        or|   0|  0|   2|           1|           1|
    |ap_sync_channel_write_A_TILE_302         |        or|   0|  0|   2|           1|           1|
    |ap_sync_channel_write_A_TILE_303         |        or|   0|  0|   2|           1|           1|
    |ap_sync_channel_write_A_TILE_304         |        or|   0|  0|   2|           1|           1|
    |ap_sync_channel_write_A_TILE_305         |        or|   0|  0|   2|           1|           1|
    |ap_sync_channel_write_A_TILE_306         |        or|   0|  0|   2|           1|           1|
    |ap_sync_channel_write_A_TILE_307         |        or|   0|  0|   2|           1|           1|
    |ap_sync_channel_write_A_TILE_308         |        or|   0|  0|   2|           1|           1|
    |ap_sync_channel_write_A_TILE_309         |        or|   0|  0|   2|           1|           1|
    |ap_sync_channel_write_A_TILE_31          |        or|   0|  0|   2|           1|           1|
    |ap_sync_channel_write_A_TILE_310         |        or|   0|  0|   2|           1|           1|
    |ap_sync_channel_write_A_TILE_311         |        or|   0|  0|   2|           1|           1|
    |ap_sync_channel_write_A_TILE_312         |        or|   0|  0|   2|           1|           1|
    |ap_sync_channel_write_A_TILE_313         |        or|   0|  0|   2|           1|           1|
    |ap_sync_channel_write_A_TILE_314         |        or|   0|  0|   2|           1|           1|
    |ap_sync_channel_write_A_TILE_315         |        or|   0|  0|   2|           1|           1|
    |ap_sync_channel_write_A_TILE_316         |        or|   0|  0|   2|           1|           1|
    |ap_sync_channel_write_A_TILE_317         |        or|   0|  0|   2|           1|           1|
    |ap_sync_channel_write_A_TILE_318         |        or|   0|  0|   2|           1|           1|
    |ap_sync_channel_write_A_TILE_319         |        or|   0|  0|   2|           1|           1|
    |ap_sync_channel_write_A_TILE_32          |        or|   0|  0|   2|           1|           1|
    |ap_sync_channel_write_A_TILE_320         |        or|   0|  0|   2|           1|           1|
    |ap_sync_channel_write_A_TILE_321         |        or|   0|  0|   2|           1|           1|
    |ap_sync_channel_write_A_TILE_322         |        or|   0|  0|   2|           1|           1|
    |ap_sync_channel_write_A_TILE_323         |        or|   0|  0|   2|           1|           1|
    |ap_sync_channel_write_A_TILE_324         |        or|   0|  0|   2|           1|           1|
    |ap_sync_channel_write_A_TILE_325         |        or|   0|  0|   2|           1|           1|
    |ap_sync_channel_write_A_TILE_326         |        or|   0|  0|   2|           1|           1|
    |ap_sync_channel_write_A_TILE_327         |        or|   0|  0|   2|           1|           1|
    |ap_sync_channel_write_A_TILE_328         |        or|   0|  0|   2|           1|           1|
    |ap_sync_channel_write_A_TILE_329         |        or|   0|  0|   2|           1|           1|
    |ap_sync_channel_write_A_TILE_33          |        or|   0|  0|   2|           1|           1|
    |ap_sync_channel_write_A_TILE_330         |        or|   0|  0|   2|           1|           1|
    |ap_sync_channel_write_A_TILE_331         |        or|   0|  0|   2|           1|           1|
    |ap_sync_channel_write_A_TILE_332         |        or|   0|  0|   2|           1|           1|
    |ap_sync_channel_write_A_TILE_333         |        or|   0|  0|   2|           1|           1|
    |ap_sync_channel_write_A_TILE_334         |        or|   0|  0|   2|           1|           1|
    |ap_sync_channel_write_A_TILE_335         |        or|   0|  0|   2|           1|           1|
    |ap_sync_channel_write_A_TILE_336         |        or|   0|  0|   2|           1|           1|
    |ap_sync_channel_write_A_TILE_337         |        or|   0|  0|   2|           1|           1|
    |ap_sync_channel_write_A_TILE_338         |        or|   0|  0|   2|           1|           1|
    |ap_sync_channel_write_A_TILE_339         |        or|   0|  0|   2|           1|           1|
    |ap_sync_channel_write_A_TILE_34          |        or|   0|  0|   2|           1|           1|
    |ap_sync_channel_write_A_TILE_340         |        or|   0|  0|   2|           1|           1|
    |ap_sync_channel_write_A_TILE_341         |        or|   0|  0|   2|           1|           1|
    |ap_sync_channel_write_A_TILE_342         |        or|   0|  0|   2|           1|           1|
    |ap_sync_channel_write_A_TILE_343         |        or|   0|  0|   2|           1|           1|
    |ap_sync_channel_write_A_TILE_344         |        or|   0|  0|   2|           1|           1|
    |ap_sync_channel_write_A_TILE_345         |        or|   0|  0|   2|           1|           1|
    |ap_sync_channel_write_A_TILE_346         |        or|   0|  0|   2|           1|           1|
    |ap_sync_channel_write_A_TILE_347         |        or|   0|  0|   2|           1|           1|
    |ap_sync_channel_write_A_TILE_348         |        or|   0|  0|   2|           1|           1|
    |ap_sync_channel_write_A_TILE_349         |        or|   0|  0|   2|           1|           1|
    |ap_sync_channel_write_A_TILE_35          |        or|   0|  0|   2|           1|           1|
    |ap_sync_channel_write_A_TILE_350         |        or|   0|  0|   2|           1|           1|
    |ap_sync_channel_write_A_TILE_351         |        or|   0|  0|   2|           1|           1|
    |ap_sync_channel_write_A_TILE_352         |        or|   0|  0|   2|           1|           1|
    |ap_sync_channel_write_A_TILE_353         |        or|   0|  0|   2|           1|           1|
    |ap_sync_channel_write_A_TILE_354         |        or|   0|  0|   2|           1|           1|
    |ap_sync_channel_write_A_TILE_355         |        or|   0|  0|   2|           1|           1|
    |ap_sync_channel_write_A_TILE_356         |        or|   0|  0|   2|           1|           1|
    |ap_sync_channel_write_A_TILE_357         |        or|   0|  0|   2|           1|           1|
    |ap_sync_channel_write_A_TILE_358         |        or|   0|  0|   2|           1|           1|
    |ap_sync_channel_write_A_TILE_359         |        or|   0|  0|   2|           1|           1|
    |ap_sync_channel_write_A_TILE_36          |        or|   0|  0|   2|           1|           1|
    |ap_sync_channel_write_A_TILE_360         |        or|   0|  0|   2|           1|           1|
    |ap_sync_channel_write_A_TILE_361         |        or|   0|  0|   2|           1|           1|
    |ap_sync_channel_write_A_TILE_362         |        or|   0|  0|   2|           1|           1|
    |ap_sync_channel_write_A_TILE_363         |        or|   0|  0|   2|           1|           1|
    |ap_sync_channel_write_A_TILE_364         |        or|   0|  0|   2|           1|           1|
    |ap_sync_channel_write_A_TILE_365         |        or|   0|  0|   2|           1|           1|
    |ap_sync_channel_write_A_TILE_366         |        or|   0|  0|   2|           1|           1|
    |ap_sync_channel_write_A_TILE_367         |        or|   0|  0|   2|           1|           1|
    |ap_sync_channel_write_A_TILE_368         |        or|   0|  0|   2|           1|           1|
    |ap_sync_channel_write_A_TILE_369         |        or|   0|  0|   2|           1|           1|
    |ap_sync_channel_write_A_TILE_37          |        or|   0|  0|   2|           1|           1|
    |ap_sync_channel_write_A_TILE_370         |        or|   0|  0|   2|           1|           1|
    |ap_sync_channel_write_A_TILE_371         |        or|   0|  0|   2|           1|           1|
    |ap_sync_channel_write_A_TILE_372         |        or|   0|  0|   2|           1|           1|
    |ap_sync_channel_write_A_TILE_373         |        or|   0|  0|   2|           1|           1|
    |ap_sync_channel_write_A_TILE_374         |        or|   0|  0|   2|           1|           1|
    |ap_sync_channel_write_A_TILE_375         |        or|   0|  0|   2|           1|           1|
    |ap_sync_channel_write_A_TILE_376         |        or|   0|  0|   2|           1|           1|
    |ap_sync_channel_write_A_TILE_377         |        or|   0|  0|   2|           1|           1|
    |ap_sync_channel_write_A_TILE_378         |        or|   0|  0|   2|           1|           1|
    |ap_sync_channel_write_A_TILE_379         |        or|   0|  0|   2|           1|           1|
    |ap_sync_channel_write_A_TILE_38          |        or|   0|  0|   2|           1|           1|
    |ap_sync_channel_write_A_TILE_380         |        or|   0|  0|   2|           1|           1|
    |ap_sync_channel_write_A_TILE_381         |        or|   0|  0|   2|           1|           1|
    |ap_sync_channel_write_A_TILE_382         |        or|   0|  0|   2|           1|           1|
    |ap_sync_channel_write_A_TILE_383         |        or|   0|  0|   2|           1|           1|
    |ap_sync_channel_write_A_TILE_384         |        or|   0|  0|   2|           1|           1|
    |ap_sync_channel_write_A_TILE_385         |        or|   0|  0|   2|           1|           1|
    |ap_sync_channel_write_A_TILE_386         |        or|   0|  0|   2|           1|           1|
    |ap_sync_channel_write_A_TILE_387         |        or|   0|  0|   2|           1|           1|
    |ap_sync_channel_write_A_TILE_388         |        or|   0|  0|   2|           1|           1|
    |ap_sync_channel_write_A_TILE_389         |        or|   0|  0|   2|           1|           1|
    |ap_sync_channel_write_A_TILE_39          |        or|   0|  0|   2|           1|           1|
    |ap_sync_channel_write_A_TILE_390         |        or|   0|  0|   2|           1|           1|
    |ap_sync_channel_write_A_TILE_391         |        or|   0|  0|   2|           1|           1|
    |ap_sync_channel_write_A_TILE_392         |        or|   0|  0|   2|           1|           1|
    |ap_sync_channel_write_A_TILE_393         |        or|   0|  0|   2|           1|           1|
    |ap_sync_channel_write_A_TILE_394         |        or|   0|  0|   2|           1|           1|
    |ap_sync_channel_write_A_TILE_395         |        or|   0|  0|   2|           1|           1|
    |ap_sync_channel_write_A_TILE_396         |        or|   0|  0|   2|           1|           1|
    |ap_sync_channel_write_A_TILE_397         |        or|   0|  0|   2|           1|           1|
    |ap_sync_channel_write_A_TILE_398         |        or|   0|  0|   2|           1|           1|
    |ap_sync_channel_write_A_TILE_399         |        or|   0|  0|   2|           1|           1|
    |ap_sync_channel_write_A_TILE_4           |        or|   0|  0|   2|           1|           1|
    |ap_sync_channel_write_A_TILE_40          |        or|   0|  0|   2|           1|           1|
    |ap_sync_channel_write_A_TILE_400         |        or|   0|  0|   2|           1|           1|
    |ap_sync_channel_write_A_TILE_401         |        or|   0|  0|   2|           1|           1|
    |ap_sync_channel_write_A_TILE_402         |        or|   0|  0|   2|           1|           1|
    |ap_sync_channel_write_A_TILE_403         |        or|   0|  0|   2|           1|           1|
    |ap_sync_channel_write_A_TILE_404         |        or|   0|  0|   2|           1|           1|
    |ap_sync_channel_write_A_TILE_405         |        or|   0|  0|   2|           1|           1|
    |ap_sync_channel_write_A_TILE_406         |        or|   0|  0|   2|           1|           1|
    |ap_sync_channel_write_A_TILE_407         |        or|   0|  0|   2|           1|           1|
    |ap_sync_channel_write_A_TILE_408         |        or|   0|  0|   2|           1|           1|
    |ap_sync_channel_write_A_TILE_409         |        or|   0|  0|   2|           1|           1|
    |ap_sync_channel_write_A_TILE_41          |        or|   0|  0|   2|           1|           1|
    |ap_sync_channel_write_A_TILE_410         |        or|   0|  0|   2|           1|           1|
    |ap_sync_channel_write_A_TILE_411         |        or|   0|  0|   2|           1|           1|
    |ap_sync_channel_write_A_TILE_412         |        or|   0|  0|   2|           1|           1|
    |ap_sync_channel_write_A_TILE_413         |        or|   0|  0|   2|           1|           1|
    |ap_sync_channel_write_A_TILE_414         |        or|   0|  0|   2|           1|           1|
    |ap_sync_channel_write_A_TILE_415         |        or|   0|  0|   2|           1|           1|
    |ap_sync_channel_write_A_TILE_416         |        or|   0|  0|   2|           1|           1|
    |ap_sync_channel_write_A_TILE_417         |        or|   0|  0|   2|           1|           1|
    |ap_sync_channel_write_A_TILE_418         |        or|   0|  0|   2|           1|           1|
    |ap_sync_channel_write_A_TILE_419         |        or|   0|  0|   2|           1|           1|
    |ap_sync_channel_write_A_TILE_42          |        or|   0|  0|   2|           1|           1|
    |ap_sync_channel_write_A_TILE_420         |        or|   0|  0|   2|           1|           1|
    |ap_sync_channel_write_A_TILE_421         |        or|   0|  0|   2|           1|           1|
    |ap_sync_channel_write_A_TILE_422         |        or|   0|  0|   2|           1|           1|
    |ap_sync_channel_write_A_TILE_423         |        or|   0|  0|   2|           1|           1|
    |ap_sync_channel_write_A_TILE_424         |        or|   0|  0|   2|           1|           1|
    |ap_sync_channel_write_A_TILE_425         |        or|   0|  0|   2|           1|           1|
    |ap_sync_channel_write_A_TILE_426         |        or|   0|  0|   2|           1|           1|
    |ap_sync_channel_write_A_TILE_427         |        or|   0|  0|   2|           1|           1|
    |ap_sync_channel_write_A_TILE_428         |        or|   0|  0|   2|           1|           1|
    |ap_sync_channel_write_A_TILE_429         |        or|   0|  0|   2|           1|           1|
    |ap_sync_channel_write_A_TILE_43          |        or|   0|  0|   2|           1|           1|
    |ap_sync_channel_write_A_TILE_430         |        or|   0|  0|   2|           1|           1|
    |ap_sync_channel_write_A_TILE_431         |        or|   0|  0|   2|           1|           1|
    |ap_sync_channel_write_A_TILE_432         |        or|   0|  0|   2|           1|           1|
    |ap_sync_channel_write_A_TILE_433         |        or|   0|  0|   2|           1|           1|
    |ap_sync_channel_write_A_TILE_434         |        or|   0|  0|   2|           1|           1|
    |ap_sync_channel_write_A_TILE_435         |        or|   0|  0|   2|           1|           1|
    |ap_sync_channel_write_A_TILE_436         |        or|   0|  0|   2|           1|           1|
    |ap_sync_channel_write_A_TILE_437         |        or|   0|  0|   2|           1|           1|
    |ap_sync_channel_write_A_TILE_438         |        or|   0|  0|   2|           1|           1|
    |ap_sync_channel_write_A_TILE_439         |        or|   0|  0|   2|           1|           1|
    |ap_sync_channel_write_A_TILE_44          |        or|   0|  0|   2|           1|           1|
    |ap_sync_channel_write_A_TILE_440         |        or|   0|  0|   2|           1|           1|
    |ap_sync_channel_write_A_TILE_441         |        or|   0|  0|   2|           1|           1|
    |ap_sync_channel_write_A_TILE_442         |        or|   0|  0|   2|           1|           1|
    |ap_sync_channel_write_A_TILE_443         |        or|   0|  0|   2|           1|           1|
    |ap_sync_channel_write_A_TILE_444         |        or|   0|  0|   2|           1|           1|
    |ap_sync_channel_write_A_TILE_445         |        or|   0|  0|   2|           1|           1|
    |ap_sync_channel_write_A_TILE_446         |        or|   0|  0|   2|           1|           1|
    |ap_sync_channel_write_A_TILE_447         |        or|   0|  0|   2|           1|           1|
    |ap_sync_channel_write_A_TILE_448         |        or|   0|  0|   2|           1|           1|
    |ap_sync_channel_write_A_TILE_449         |        or|   0|  0|   2|           1|           1|
    |ap_sync_channel_write_A_TILE_45          |        or|   0|  0|   2|           1|           1|
    |ap_sync_channel_write_A_TILE_450         |        or|   0|  0|   2|           1|           1|
    |ap_sync_channel_write_A_TILE_451         |        or|   0|  0|   2|           1|           1|
    |ap_sync_channel_write_A_TILE_452         |        or|   0|  0|   2|           1|           1|
    |ap_sync_channel_write_A_TILE_453         |        or|   0|  0|   2|           1|           1|
    |ap_sync_channel_write_A_TILE_454         |        or|   0|  0|   2|           1|           1|
    |ap_sync_channel_write_A_TILE_455         |        or|   0|  0|   2|           1|           1|
    |ap_sync_channel_write_A_TILE_456         |        or|   0|  0|   2|           1|           1|
    |ap_sync_channel_write_A_TILE_457         |        or|   0|  0|   2|           1|           1|
    |ap_sync_channel_write_A_TILE_458         |        or|   0|  0|   2|           1|           1|
    |ap_sync_channel_write_A_TILE_459         |        or|   0|  0|   2|           1|           1|
    |ap_sync_channel_write_A_TILE_46          |        or|   0|  0|   2|           1|           1|
    |ap_sync_channel_write_A_TILE_460         |        or|   0|  0|   2|           1|           1|
    |ap_sync_channel_write_A_TILE_461         |        or|   0|  0|   2|           1|           1|
    |ap_sync_channel_write_A_TILE_462         |        or|   0|  0|   2|           1|           1|
    |ap_sync_channel_write_A_TILE_463         |        or|   0|  0|   2|           1|           1|
    |ap_sync_channel_write_A_TILE_464         |        or|   0|  0|   2|           1|           1|
    |ap_sync_channel_write_A_TILE_465         |        or|   0|  0|   2|           1|           1|
    |ap_sync_channel_write_A_TILE_466         |        or|   0|  0|   2|           1|           1|
    |ap_sync_channel_write_A_TILE_467         |        or|   0|  0|   2|           1|           1|
    |ap_sync_channel_write_A_TILE_468         |        or|   0|  0|   2|           1|           1|
    |ap_sync_channel_write_A_TILE_469         |        or|   0|  0|   2|           1|           1|
    |ap_sync_channel_write_A_TILE_47          |        or|   0|  0|   2|           1|           1|
    |ap_sync_channel_write_A_TILE_470         |        or|   0|  0|   2|           1|           1|
    |ap_sync_channel_write_A_TILE_471         |        or|   0|  0|   2|           1|           1|
    |ap_sync_channel_write_A_TILE_472         |        or|   0|  0|   2|           1|           1|
    |ap_sync_channel_write_A_TILE_473         |        or|   0|  0|   2|           1|           1|
    |ap_sync_channel_write_A_TILE_474         |        or|   0|  0|   2|           1|           1|
    |ap_sync_channel_write_A_TILE_475         |        or|   0|  0|   2|           1|           1|
    |ap_sync_channel_write_A_TILE_476         |        or|   0|  0|   2|           1|           1|
    |ap_sync_channel_write_A_TILE_477         |        or|   0|  0|   2|           1|           1|
    |ap_sync_channel_write_A_TILE_478         |        or|   0|  0|   2|           1|           1|
    |ap_sync_channel_write_A_TILE_479         |        or|   0|  0|   2|           1|           1|
    |ap_sync_channel_write_A_TILE_48          |        or|   0|  0|   2|           1|           1|
    |ap_sync_channel_write_A_TILE_480         |        or|   0|  0|   2|           1|           1|
    |ap_sync_channel_write_A_TILE_481         |        or|   0|  0|   2|           1|           1|
    |ap_sync_channel_write_A_TILE_482         |        or|   0|  0|   2|           1|           1|
    |ap_sync_channel_write_A_TILE_483         |        or|   0|  0|   2|           1|           1|
    |ap_sync_channel_write_A_TILE_484         |        or|   0|  0|   2|           1|           1|
    |ap_sync_channel_write_A_TILE_485         |        or|   0|  0|   2|           1|           1|
    |ap_sync_channel_write_A_TILE_486         |        or|   0|  0|   2|           1|           1|
    |ap_sync_channel_write_A_TILE_487         |        or|   0|  0|   2|           1|           1|
    |ap_sync_channel_write_A_TILE_488         |        or|   0|  0|   2|           1|           1|
    |ap_sync_channel_write_A_TILE_489         |        or|   0|  0|   2|           1|           1|
    |ap_sync_channel_write_A_TILE_49          |        or|   0|  0|   2|           1|           1|
    |ap_sync_channel_write_A_TILE_490         |        or|   0|  0|   2|           1|           1|
    |ap_sync_channel_write_A_TILE_491         |        or|   0|  0|   2|           1|           1|
    |ap_sync_channel_write_A_TILE_492         |        or|   0|  0|   2|           1|           1|
    |ap_sync_channel_write_A_TILE_493         |        or|   0|  0|   2|           1|           1|
    |ap_sync_channel_write_A_TILE_494         |        or|   0|  0|   2|           1|           1|
    |ap_sync_channel_write_A_TILE_495         |        or|   0|  0|   2|           1|           1|
    |ap_sync_channel_write_A_TILE_496         |        or|   0|  0|   2|           1|           1|
    |ap_sync_channel_write_A_TILE_497         |        or|   0|  0|   2|           1|           1|
    |ap_sync_channel_write_A_TILE_498         |        or|   0|  0|   2|           1|           1|
    |ap_sync_channel_write_A_TILE_499         |        or|   0|  0|   2|           1|           1|
    |ap_sync_channel_write_A_TILE_5           |        or|   0|  0|   2|           1|           1|
    |ap_sync_channel_write_A_TILE_50          |        or|   0|  0|   2|           1|           1|
    |ap_sync_channel_write_A_TILE_500         |        or|   0|  0|   2|           1|           1|
    |ap_sync_channel_write_A_TILE_501         |        or|   0|  0|   2|           1|           1|
    |ap_sync_channel_write_A_TILE_502         |        or|   0|  0|   2|           1|           1|
    |ap_sync_channel_write_A_TILE_503         |        or|   0|  0|   2|           1|           1|
    |ap_sync_channel_write_A_TILE_504         |        or|   0|  0|   2|           1|           1|
    |ap_sync_channel_write_A_TILE_505         |        or|   0|  0|   2|           1|           1|
    |ap_sync_channel_write_A_TILE_506         |        or|   0|  0|   2|           1|           1|
    |ap_sync_channel_write_A_TILE_507         |        or|   0|  0|   2|           1|           1|
    |ap_sync_channel_write_A_TILE_508         |        or|   0|  0|   2|           1|           1|
    |ap_sync_channel_write_A_TILE_509         |        or|   0|  0|   2|           1|           1|
    |ap_sync_channel_write_A_TILE_51          |        or|   0|  0|   2|           1|           1|
    |ap_sync_channel_write_A_TILE_510         |        or|   0|  0|   2|           1|           1|
    |ap_sync_channel_write_A_TILE_52          |        or|   0|  0|   2|           1|           1|
    |ap_sync_channel_write_A_TILE_53          |        or|   0|  0|   2|           1|           1|
    |ap_sync_channel_write_A_TILE_54          |        or|   0|  0|   2|           1|           1|
    |ap_sync_channel_write_A_TILE_55          |        or|   0|  0|   2|           1|           1|
    |ap_sync_channel_write_A_TILE_56          |        or|   0|  0|   2|           1|           1|
    |ap_sync_channel_write_A_TILE_57          |        or|   0|  0|   2|           1|           1|
    |ap_sync_channel_write_A_TILE_58          |        or|   0|  0|   2|           1|           1|
    |ap_sync_channel_write_A_TILE_59          |        or|   0|  0|   2|           1|           1|
    |ap_sync_channel_write_A_TILE_6           |        or|   0|  0|   2|           1|           1|
    |ap_sync_channel_write_A_TILE_60          |        or|   0|  0|   2|           1|           1|
    |ap_sync_channel_write_A_TILE_61          |        or|   0|  0|   2|           1|           1|
    |ap_sync_channel_write_A_TILE_62          |        or|   0|  0|   2|           1|           1|
    |ap_sync_channel_write_A_TILE_63          |        or|   0|  0|   2|           1|           1|
    |ap_sync_channel_write_A_TILE_64          |        or|   0|  0|   2|           1|           1|
    |ap_sync_channel_write_A_TILE_65          |        or|   0|  0|   2|           1|           1|
    |ap_sync_channel_write_A_TILE_66          |        or|   0|  0|   2|           1|           1|
    |ap_sync_channel_write_A_TILE_67          |        or|   0|  0|   2|           1|           1|
    |ap_sync_channel_write_A_TILE_68          |        or|   0|  0|   2|           1|           1|
    |ap_sync_channel_write_A_TILE_69          |        or|   0|  0|   2|           1|           1|
    |ap_sync_channel_write_A_TILE_7           |        or|   0|  0|   2|           1|           1|
    |ap_sync_channel_write_A_TILE_70          |        or|   0|  0|   2|           1|           1|
    |ap_sync_channel_write_A_TILE_71          |        or|   0|  0|   2|           1|           1|
    |ap_sync_channel_write_A_TILE_72          |        or|   0|  0|   2|           1|           1|
    |ap_sync_channel_write_A_TILE_73          |        or|   0|  0|   2|           1|           1|
    |ap_sync_channel_write_A_TILE_74          |        or|   0|  0|   2|           1|           1|
    |ap_sync_channel_write_A_TILE_75          |        or|   0|  0|   2|           1|           1|
    |ap_sync_channel_write_A_TILE_76          |        or|   0|  0|   2|           1|           1|
    |ap_sync_channel_write_A_TILE_77          |        or|   0|  0|   2|           1|           1|
    |ap_sync_channel_write_A_TILE_78          |        or|   0|  0|   2|           1|           1|
    |ap_sync_channel_write_A_TILE_79          |        or|   0|  0|   2|           1|           1|
    |ap_sync_channel_write_A_TILE_8           |        or|   0|  0|   2|           1|           1|
    |ap_sync_channel_write_A_TILE_80          |        or|   0|  0|   2|           1|           1|
    |ap_sync_channel_write_A_TILE_81          |        or|   0|  0|   2|           1|           1|
    |ap_sync_channel_write_A_TILE_82          |        or|   0|  0|   2|           1|           1|
    |ap_sync_channel_write_A_TILE_83          |        or|   0|  0|   2|           1|           1|
    |ap_sync_channel_write_A_TILE_84          |        or|   0|  0|   2|           1|           1|
    |ap_sync_channel_write_A_TILE_85          |        or|   0|  0|   2|           1|           1|
    |ap_sync_channel_write_A_TILE_86          |        or|   0|  0|   2|           1|           1|
    |ap_sync_channel_write_A_TILE_87          |        or|   0|  0|   2|           1|           1|
    |ap_sync_channel_write_A_TILE_88          |        or|   0|  0|   2|           1|           1|
    |ap_sync_channel_write_A_TILE_89          |        or|   0|  0|   2|           1|           1|
    |ap_sync_channel_write_A_TILE_9           |        or|   0|  0|   2|           1|           1|
    |ap_sync_channel_write_A_TILE_90          |        or|   0|  0|   2|           1|           1|
    |ap_sync_channel_write_A_TILE_91          |        or|   0|  0|   2|           1|           1|
    |ap_sync_channel_write_A_TILE_92          |        or|   0|  0|   2|           1|           1|
    |ap_sync_channel_write_A_TILE_93          |        or|   0|  0|   2|           1|           1|
    |ap_sync_channel_write_A_TILE_94          |        or|   0|  0|   2|           1|           1|
    |ap_sync_channel_write_A_TILE_95          |        or|   0|  0|   2|           1|           1|
    |ap_sync_channel_write_A_TILE_96          |        or|   0|  0|   2|           1|           1|
    |ap_sync_channel_write_A_TILE_97          |        or|   0|  0|   2|           1|           1|
    |ap_sync_channel_write_A_TILE_98          |        or|   0|  0|   2|           1|           1|
    |ap_sync_channel_write_A_TILE_99          |        or|   0|  0|   2|           1|           1|
    |ap_sync_entry_proc_U0_ap_ready           |        or|   0|  0|   2|           1|           1|
    |ap_sync_load_tile_A3280_U0_ap_ready      |        or|   0|  0|   2|           1|           1|
    +-----------------------------------------+----------+----+---+----+------------+------------+
    |Total                                    |          |   0|  0|2072|        1036|        1036|
    +-----------------------------------------+----------+----+---+----+------------+------------+

    * Multiplexer: 
    +---------------------------------------------+----+-----------+-----+-----------+
    |                     Name                    | LUT| Input Size| Bits| Total Bits|
    +---------------------------------------------+----+-----------+-----+-----------+
    |ap_sync_reg_B_Buf_to_stream5282_U0_ap_ready  |   2|          2|    1|          2|
    |ap_sync_reg_channel_write_A_TILE             |   2|          2|    1|          2|
    |ap_sync_reg_channel_write_A_TILE511          |   2|          2|    1|          2|
    |ap_sync_reg_channel_write_A_TILE_1           |   2|          2|    1|          2|
    |ap_sync_reg_channel_write_A_TILE_10          |   2|          2|    1|          2|
    |ap_sync_reg_channel_write_A_TILE_100         |   2|          2|    1|          2|
    |ap_sync_reg_channel_write_A_TILE_101         |   2|          2|    1|          2|
    |ap_sync_reg_channel_write_A_TILE_102         |   2|          2|    1|          2|
    |ap_sync_reg_channel_write_A_TILE_103         |   2|          2|    1|          2|
    |ap_sync_reg_channel_write_A_TILE_104         |   2|          2|    1|          2|
    |ap_sync_reg_channel_write_A_TILE_105         |   2|          2|    1|          2|
    |ap_sync_reg_channel_write_A_TILE_106         |   2|          2|    1|          2|
    |ap_sync_reg_channel_write_A_TILE_107         |   2|          2|    1|          2|
    |ap_sync_reg_channel_write_A_TILE_108         |   2|          2|    1|          2|
    |ap_sync_reg_channel_write_A_TILE_109         |   2|          2|    1|          2|
    |ap_sync_reg_channel_write_A_TILE_11          |   2|          2|    1|          2|
    |ap_sync_reg_channel_write_A_TILE_110         |   2|          2|    1|          2|
    |ap_sync_reg_channel_write_A_TILE_111         |   2|          2|    1|          2|
    |ap_sync_reg_channel_write_A_TILE_112         |   2|          2|    1|          2|
    |ap_sync_reg_channel_write_A_TILE_113         |   2|          2|    1|          2|
    |ap_sync_reg_channel_write_A_TILE_114         |   2|          2|    1|          2|
    |ap_sync_reg_channel_write_A_TILE_115         |   2|          2|    1|          2|
    |ap_sync_reg_channel_write_A_TILE_116         |   2|          2|    1|          2|
    |ap_sync_reg_channel_write_A_TILE_117         |   2|          2|    1|          2|
    |ap_sync_reg_channel_write_A_TILE_118         |   2|          2|    1|          2|
    |ap_sync_reg_channel_write_A_TILE_119         |   2|          2|    1|          2|
    |ap_sync_reg_channel_write_A_TILE_12          |   2|          2|    1|          2|
    |ap_sync_reg_channel_write_A_TILE_120         |   2|          2|    1|          2|
    |ap_sync_reg_channel_write_A_TILE_121         |   2|          2|    1|          2|
    |ap_sync_reg_channel_write_A_TILE_122         |   2|          2|    1|          2|
    |ap_sync_reg_channel_write_A_TILE_123         |   2|          2|    1|          2|
    |ap_sync_reg_channel_write_A_TILE_124         |   2|          2|    1|          2|
    |ap_sync_reg_channel_write_A_TILE_125         |   2|          2|    1|          2|
    |ap_sync_reg_channel_write_A_TILE_126         |   2|          2|    1|          2|
    |ap_sync_reg_channel_write_A_TILE_127         |   2|          2|    1|          2|
    |ap_sync_reg_channel_write_A_TILE_128         |   2|          2|    1|          2|
    |ap_sync_reg_channel_write_A_TILE_129         |   2|          2|    1|          2|
    |ap_sync_reg_channel_write_A_TILE_13          |   2|          2|    1|          2|
    |ap_sync_reg_channel_write_A_TILE_130         |   2|          2|    1|          2|
    |ap_sync_reg_channel_write_A_TILE_131         |   2|          2|    1|          2|
    |ap_sync_reg_channel_write_A_TILE_132         |   2|          2|    1|          2|
    |ap_sync_reg_channel_write_A_TILE_133         |   2|          2|    1|          2|
    |ap_sync_reg_channel_write_A_TILE_134         |   2|          2|    1|          2|
    |ap_sync_reg_channel_write_A_TILE_135         |   2|          2|    1|          2|
    |ap_sync_reg_channel_write_A_TILE_136         |   2|          2|    1|          2|
    |ap_sync_reg_channel_write_A_TILE_137         |   2|          2|    1|          2|
    |ap_sync_reg_channel_write_A_TILE_138         |   2|          2|    1|          2|
    |ap_sync_reg_channel_write_A_TILE_139         |   2|          2|    1|          2|
    |ap_sync_reg_channel_write_A_TILE_14          |   2|          2|    1|          2|
    |ap_sync_reg_channel_write_A_TILE_140         |   2|          2|    1|          2|
    |ap_sync_reg_channel_write_A_TILE_141         |   2|          2|    1|          2|
    |ap_sync_reg_channel_write_A_TILE_142         |   2|          2|    1|          2|
    |ap_sync_reg_channel_write_A_TILE_143         |   2|          2|    1|          2|
    |ap_sync_reg_channel_write_A_TILE_144         |   2|          2|    1|          2|
    |ap_sync_reg_channel_write_A_TILE_145         |   2|          2|    1|          2|
    |ap_sync_reg_channel_write_A_TILE_146         |   2|          2|    1|          2|
    |ap_sync_reg_channel_write_A_TILE_147         |   2|          2|    1|          2|
    |ap_sync_reg_channel_write_A_TILE_148         |   2|          2|    1|          2|
    |ap_sync_reg_channel_write_A_TILE_149         |   2|          2|    1|          2|
    |ap_sync_reg_channel_write_A_TILE_15          |   2|          2|    1|          2|
    |ap_sync_reg_channel_write_A_TILE_150         |   2|          2|    1|          2|
    |ap_sync_reg_channel_write_A_TILE_151         |   2|          2|    1|          2|
    |ap_sync_reg_channel_write_A_TILE_152         |   2|          2|    1|          2|
    |ap_sync_reg_channel_write_A_TILE_153         |   2|          2|    1|          2|
    |ap_sync_reg_channel_write_A_TILE_154         |   2|          2|    1|          2|
    |ap_sync_reg_channel_write_A_TILE_155         |   2|          2|    1|          2|
    |ap_sync_reg_channel_write_A_TILE_156         |   2|          2|    1|          2|
    |ap_sync_reg_channel_write_A_TILE_157         |   2|          2|    1|          2|
    |ap_sync_reg_channel_write_A_TILE_158         |   2|          2|    1|          2|
    |ap_sync_reg_channel_write_A_TILE_159         |   2|          2|    1|          2|
    |ap_sync_reg_channel_write_A_TILE_16          |   2|          2|    1|          2|
    |ap_sync_reg_channel_write_A_TILE_160         |   2|          2|    1|          2|
    |ap_sync_reg_channel_write_A_TILE_161         |   2|          2|    1|          2|
    |ap_sync_reg_channel_write_A_TILE_162         |   2|          2|    1|          2|
    |ap_sync_reg_channel_write_A_TILE_163         |   2|          2|    1|          2|
    |ap_sync_reg_channel_write_A_TILE_164         |   2|          2|    1|          2|
    |ap_sync_reg_channel_write_A_TILE_165         |   2|          2|    1|          2|
    |ap_sync_reg_channel_write_A_TILE_166         |   2|          2|    1|          2|
    |ap_sync_reg_channel_write_A_TILE_167         |   2|          2|    1|          2|
    |ap_sync_reg_channel_write_A_TILE_168         |   2|          2|    1|          2|
    |ap_sync_reg_channel_write_A_TILE_169         |   2|          2|    1|          2|
    |ap_sync_reg_channel_write_A_TILE_17          |   2|          2|    1|          2|
    |ap_sync_reg_channel_write_A_TILE_170         |   2|          2|    1|          2|
    |ap_sync_reg_channel_write_A_TILE_171         |   2|          2|    1|          2|
    |ap_sync_reg_channel_write_A_TILE_172         |   2|          2|    1|          2|
    |ap_sync_reg_channel_write_A_TILE_173         |   2|          2|    1|          2|
    |ap_sync_reg_channel_write_A_TILE_174         |   2|          2|    1|          2|
    |ap_sync_reg_channel_write_A_TILE_175         |   2|          2|    1|          2|
    |ap_sync_reg_channel_write_A_TILE_176         |   2|          2|    1|          2|
    |ap_sync_reg_channel_write_A_TILE_177         |   2|          2|    1|          2|
    |ap_sync_reg_channel_write_A_TILE_178         |   2|          2|    1|          2|
    |ap_sync_reg_channel_write_A_TILE_179         |   2|          2|    1|          2|
    |ap_sync_reg_channel_write_A_TILE_18          |   2|          2|    1|          2|
    |ap_sync_reg_channel_write_A_TILE_180         |   2|          2|    1|          2|
    |ap_sync_reg_channel_write_A_TILE_181         |   2|          2|    1|          2|
    |ap_sync_reg_channel_write_A_TILE_182         |   2|          2|    1|          2|
    |ap_sync_reg_channel_write_A_TILE_183         |   2|          2|    1|          2|
    |ap_sync_reg_channel_write_A_TILE_184         |   2|          2|    1|          2|
    |ap_sync_reg_channel_write_A_TILE_185         |   2|          2|    1|          2|
    |ap_sync_reg_channel_write_A_TILE_186         |   2|          2|    1|          2|
    |ap_sync_reg_channel_write_A_TILE_187         |   2|          2|    1|          2|
    |ap_sync_reg_channel_write_A_TILE_188         |   2|          2|    1|          2|
    |ap_sync_reg_channel_write_A_TILE_189         |   2|          2|    1|          2|
    |ap_sync_reg_channel_write_A_TILE_19          |   2|          2|    1|          2|
    |ap_sync_reg_channel_write_A_TILE_190         |   2|          2|    1|          2|
    |ap_sync_reg_channel_write_A_TILE_191         |   2|          2|    1|          2|
    |ap_sync_reg_channel_write_A_TILE_192         |   2|          2|    1|          2|
    |ap_sync_reg_channel_write_A_TILE_193         |   2|          2|    1|          2|
    |ap_sync_reg_channel_write_A_TILE_194         |   2|          2|    1|          2|
    |ap_sync_reg_channel_write_A_TILE_195         |   2|          2|    1|          2|
    |ap_sync_reg_channel_write_A_TILE_196         |   2|          2|    1|          2|
    |ap_sync_reg_channel_write_A_TILE_197         |   2|          2|    1|          2|
    |ap_sync_reg_channel_write_A_TILE_198         |   2|          2|    1|          2|
    |ap_sync_reg_channel_write_A_TILE_199         |   2|          2|    1|          2|
    |ap_sync_reg_channel_write_A_TILE_2           |   2|          2|    1|          2|
    |ap_sync_reg_channel_write_A_TILE_20          |   2|          2|    1|          2|
    |ap_sync_reg_channel_write_A_TILE_200         |   2|          2|    1|          2|
    |ap_sync_reg_channel_write_A_TILE_201         |   2|          2|    1|          2|
    |ap_sync_reg_channel_write_A_TILE_202         |   2|          2|    1|          2|
    |ap_sync_reg_channel_write_A_TILE_203         |   2|          2|    1|          2|
    |ap_sync_reg_channel_write_A_TILE_204         |   2|          2|    1|          2|
    |ap_sync_reg_channel_write_A_TILE_205         |   2|          2|    1|          2|
    |ap_sync_reg_channel_write_A_TILE_206         |   2|          2|    1|          2|
    |ap_sync_reg_channel_write_A_TILE_207         |   2|          2|    1|          2|
    |ap_sync_reg_channel_write_A_TILE_208         |   2|          2|    1|          2|
    |ap_sync_reg_channel_write_A_TILE_209         |   2|          2|    1|          2|
    |ap_sync_reg_channel_write_A_TILE_21          |   2|          2|    1|          2|
    |ap_sync_reg_channel_write_A_TILE_210         |   2|          2|    1|          2|
    |ap_sync_reg_channel_write_A_TILE_211         |   2|          2|    1|          2|
    |ap_sync_reg_channel_write_A_TILE_212         |   2|          2|    1|          2|
    |ap_sync_reg_channel_write_A_TILE_213         |   2|          2|    1|          2|
    |ap_sync_reg_channel_write_A_TILE_214         |   2|          2|    1|          2|
    |ap_sync_reg_channel_write_A_TILE_215         |   2|          2|    1|          2|
    |ap_sync_reg_channel_write_A_TILE_216         |   2|          2|    1|          2|
    |ap_sync_reg_channel_write_A_TILE_217         |   2|          2|    1|          2|
    |ap_sync_reg_channel_write_A_TILE_218         |   2|          2|    1|          2|
    |ap_sync_reg_channel_write_A_TILE_219         |   2|          2|    1|          2|
    |ap_sync_reg_channel_write_A_TILE_22          |   2|          2|    1|          2|
    |ap_sync_reg_channel_write_A_TILE_220         |   2|          2|    1|          2|
    |ap_sync_reg_channel_write_A_TILE_221         |   2|          2|    1|          2|
    |ap_sync_reg_channel_write_A_TILE_222         |   2|          2|    1|          2|
    |ap_sync_reg_channel_write_A_TILE_223         |   2|          2|    1|          2|
    |ap_sync_reg_channel_write_A_TILE_224         |   2|          2|    1|          2|
    |ap_sync_reg_channel_write_A_TILE_225         |   2|          2|    1|          2|
    |ap_sync_reg_channel_write_A_TILE_226         |   2|          2|    1|          2|
    |ap_sync_reg_channel_write_A_TILE_227         |   2|          2|    1|          2|
    |ap_sync_reg_channel_write_A_TILE_228         |   2|          2|    1|          2|
    |ap_sync_reg_channel_write_A_TILE_229         |   2|          2|    1|          2|
    |ap_sync_reg_channel_write_A_TILE_23          |   2|          2|    1|          2|
    |ap_sync_reg_channel_write_A_TILE_230         |   2|          2|    1|          2|
    |ap_sync_reg_channel_write_A_TILE_231         |   2|          2|    1|          2|
    |ap_sync_reg_channel_write_A_TILE_232         |   2|          2|    1|          2|
    |ap_sync_reg_channel_write_A_TILE_233         |   2|          2|    1|          2|
    |ap_sync_reg_channel_write_A_TILE_234         |   2|          2|    1|          2|
    |ap_sync_reg_channel_write_A_TILE_235         |   2|          2|    1|          2|
    |ap_sync_reg_channel_write_A_TILE_236         |   2|          2|    1|          2|
    |ap_sync_reg_channel_write_A_TILE_237         |   2|          2|    1|          2|
    |ap_sync_reg_channel_write_A_TILE_238         |   2|          2|    1|          2|
    |ap_sync_reg_channel_write_A_TILE_239         |   2|          2|    1|          2|
    |ap_sync_reg_channel_write_A_TILE_24          |   2|          2|    1|          2|
    |ap_sync_reg_channel_write_A_TILE_240         |   2|          2|    1|          2|
    |ap_sync_reg_channel_write_A_TILE_241         |   2|          2|    1|          2|
    |ap_sync_reg_channel_write_A_TILE_242         |   2|          2|    1|          2|
    |ap_sync_reg_channel_write_A_TILE_243         |   2|          2|    1|          2|
    |ap_sync_reg_channel_write_A_TILE_244         |   2|          2|    1|          2|
    |ap_sync_reg_channel_write_A_TILE_245         |   2|          2|    1|          2|
    |ap_sync_reg_channel_write_A_TILE_246         |   2|          2|    1|          2|
    |ap_sync_reg_channel_write_A_TILE_247         |   2|          2|    1|          2|
    |ap_sync_reg_channel_write_A_TILE_248         |   2|          2|    1|          2|
    |ap_sync_reg_channel_write_A_TILE_249         |   2|          2|    1|          2|
    |ap_sync_reg_channel_write_A_TILE_25          |   2|          2|    1|          2|
    |ap_sync_reg_channel_write_A_TILE_250         |   2|          2|    1|          2|
    |ap_sync_reg_channel_write_A_TILE_251         |   2|          2|    1|          2|
    |ap_sync_reg_channel_write_A_TILE_252         |   2|          2|    1|          2|
    |ap_sync_reg_channel_write_A_TILE_253         |   2|          2|    1|          2|
    |ap_sync_reg_channel_write_A_TILE_254         |   2|          2|    1|          2|
    |ap_sync_reg_channel_write_A_TILE_255         |   2|          2|    1|          2|
    |ap_sync_reg_channel_write_A_TILE_256         |   2|          2|    1|          2|
    |ap_sync_reg_channel_write_A_TILE_257         |   2|          2|    1|          2|
    |ap_sync_reg_channel_write_A_TILE_258         |   2|          2|    1|          2|
    |ap_sync_reg_channel_write_A_TILE_259         |   2|          2|    1|          2|
    |ap_sync_reg_channel_write_A_TILE_26          |   2|          2|    1|          2|
    |ap_sync_reg_channel_write_A_TILE_260         |   2|          2|    1|          2|
    |ap_sync_reg_channel_write_A_TILE_261         |   2|          2|    1|          2|
    |ap_sync_reg_channel_write_A_TILE_262         |   2|          2|    1|          2|
    |ap_sync_reg_channel_write_A_TILE_263         |   2|          2|    1|          2|
    |ap_sync_reg_channel_write_A_TILE_264         |   2|          2|    1|          2|
    |ap_sync_reg_channel_write_A_TILE_265         |   2|          2|    1|          2|
    |ap_sync_reg_channel_write_A_TILE_266         |   2|          2|    1|          2|
    |ap_sync_reg_channel_write_A_TILE_267         |   2|          2|    1|          2|
    |ap_sync_reg_channel_write_A_TILE_268         |   2|          2|    1|          2|
    |ap_sync_reg_channel_write_A_TILE_269         |   2|          2|    1|          2|
    |ap_sync_reg_channel_write_A_TILE_27          |   2|          2|    1|          2|
    |ap_sync_reg_channel_write_A_TILE_270         |   2|          2|    1|          2|
    |ap_sync_reg_channel_write_A_TILE_271         |   2|          2|    1|          2|
    |ap_sync_reg_channel_write_A_TILE_272         |   2|          2|    1|          2|
    |ap_sync_reg_channel_write_A_TILE_273         |   2|          2|    1|          2|
    |ap_sync_reg_channel_write_A_TILE_274         |   2|          2|    1|          2|
    |ap_sync_reg_channel_write_A_TILE_275         |   2|          2|    1|          2|
    |ap_sync_reg_channel_write_A_TILE_276         |   2|          2|    1|          2|
    |ap_sync_reg_channel_write_A_TILE_277         |   2|          2|    1|          2|
    |ap_sync_reg_channel_write_A_TILE_278         |   2|          2|    1|          2|
    |ap_sync_reg_channel_write_A_TILE_279         |   2|          2|    1|          2|
    |ap_sync_reg_channel_write_A_TILE_28          |   2|          2|    1|          2|
    |ap_sync_reg_channel_write_A_TILE_280         |   2|          2|    1|          2|
    |ap_sync_reg_channel_write_A_TILE_281         |   2|          2|    1|          2|
    |ap_sync_reg_channel_write_A_TILE_282         |   2|          2|    1|          2|
    |ap_sync_reg_channel_write_A_TILE_283         |   2|          2|    1|          2|
    |ap_sync_reg_channel_write_A_TILE_284         |   2|          2|    1|          2|
    |ap_sync_reg_channel_write_A_TILE_285         |   2|          2|    1|          2|
    |ap_sync_reg_channel_write_A_TILE_286         |   2|          2|    1|          2|
    |ap_sync_reg_channel_write_A_TILE_287         |   2|          2|    1|          2|
    |ap_sync_reg_channel_write_A_TILE_288         |   2|          2|    1|          2|
    |ap_sync_reg_channel_write_A_TILE_289         |   2|          2|    1|          2|
    |ap_sync_reg_channel_write_A_TILE_29          |   2|          2|    1|          2|
    |ap_sync_reg_channel_write_A_TILE_290         |   2|          2|    1|          2|
    |ap_sync_reg_channel_write_A_TILE_291         |   2|          2|    1|          2|
    |ap_sync_reg_channel_write_A_TILE_292         |   2|          2|    1|          2|
    |ap_sync_reg_channel_write_A_TILE_293         |   2|          2|    1|          2|
    |ap_sync_reg_channel_write_A_TILE_294         |   2|          2|    1|          2|
    |ap_sync_reg_channel_write_A_TILE_295         |   2|          2|    1|          2|
    |ap_sync_reg_channel_write_A_TILE_296         |   2|          2|    1|          2|
    |ap_sync_reg_channel_write_A_TILE_297         |   2|          2|    1|          2|
    |ap_sync_reg_channel_write_A_TILE_298         |   2|          2|    1|          2|
    |ap_sync_reg_channel_write_A_TILE_299         |   2|          2|    1|          2|
    |ap_sync_reg_channel_write_A_TILE_3           |   2|          2|    1|          2|
    |ap_sync_reg_channel_write_A_TILE_30          |   2|          2|    1|          2|
    |ap_sync_reg_channel_write_A_TILE_300         |   2|          2|    1|          2|
    |ap_sync_reg_channel_write_A_TILE_301         |   2|          2|    1|          2|
    |ap_sync_reg_channel_write_A_TILE_302         |   2|          2|    1|          2|
    |ap_sync_reg_channel_write_A_TILE_303         |   2|          2|    1|          2|
    |ap_sync_reg_channel_write_A_TILE_304         |   2|          2|    1|          2|
    |ap_sync_reg_channel_write_A_TILE_305         |   2|          2|    1|          2|
    |ap_sync_reg_channel_write_A_TILE_306         |   2|          2|    1|          2|
    |ap_sync_reg_channel_write_A_TILE_307         |   2|          2|    1|          2|
    |ap_sync_reg_channel_write_A_TILE_308         |   2|          2|    1|          2|
    |ap_sync_reg_channel_write_A_TILE_309         |   2|          2|    1|          2|
    |ap_sync_reg_channel_write_A_TILE_31          |   2|          2|    1|          2|
    |ap_sync_reg_channel_write_A_TILE_310         |   2|          2|    1|          2|
    |ap_sync_reg_channel_write_A_TILE_311         |   2|          2|    1|          2|
    |ap_sync_reg_channel_write_A_TILE_312         |   2|          2|    1|          2|
    |ap_sync_reg_channel_write_A_TILE_313         |   2|          2|    1|          2|
    |ap_sync_reg_channel_write_A_TILE_314         |   2|          2|    1|          2|
    |ap_sync_reg_channel_write_A_TILE_315         |   2|          2|    1|          2|
    |ap_sync_reg_channel_write_A_TILE_316         |   2|          2|    1|          2|
    |ap_sync_reg_channel_write_A_TILE_317         |   2|          2|    1|          2|
    |ap_sync_reg_channel_write_A_TILE_318         |   2|          2|    1|          2|
    |ap_sync_reg_channel_write_A_TILE_319         |   2|          2|    1|          2|
    |ap_sync_reg_channel_write_A_TILE_32          |   2|          2|    1|          2|
    |ap_sync_reg_channel_write_A_TILE_320         |   2|          2|    1|          2|
    |ap_sync_reg_channel_write_A_TILE_321         |   2|          2|    1|          2|
    |ap_sync_reg_channel_write_A_TILE_322         |   2|          2|    1|          2|
    |ap_sync_reg_channel_write_A_TILE_323         |   2|          2|    1|          2|
    |ap_sync_reg_channel_write_A_TILE_324         |   2|          2|    1|          2|
    |ap_sync_reg_channel_write_A_TILE_325         |   2|          2|    1|          2|
    |ap_sync_reg_channel_write_A_TILE_326         |   2|          2|    1|          2|
    |ap_sync_reg_channel_write_A_TILE_327         |   2|          2|    1|          2|
    |ap_sync_reg_channel_write_A_TILE_328         |   2|          2|    1|          2|
    |ap_sync_reg_channel_write_A_TILE_329         |   2|          2|    1|          2|
    |ap_sync_reg_channel_write_A_TILE_33          |   2|          2|    1|          2|
    |ap_sync_reg_channel_write_A_TILE_330         |   2|          2|    1|          2|
    |ap_sync_reg_channel_write_A_TILE_331         |   2|          2|    1|          2|
    |ap_sync_reg_channel_write_A_TILE_332         |   2|          2|    1|          2|
    |ap_sync_reg_channel_write_A_TILE_333         |   2|          2|    1|          2|
    |ap_sync_reg_channel_write_A_TILE_334         |   2|          2|    1|          2|
    |ap_sync_reg_channel_write_A_TILE_335         |   2|          2|    1|          2|
    |ap_sync_reg_channel_write_A_TILE_336         |   2|          2|    1|          2|
    |ap_sync_reg_channel_write_A_TILE_337         |   2|          2|    1|          2|
    |ap_sync_reg_channel_write_A_TILE_338         |   2|          2|    1|          2|
    |ap_sync_reg_channel_write_A_TILE_339         |   2|          2|    1|          2|
    |ap_sync_reg_channel_write_A_TILE_34          |   2|          2|    1|          2|
    |ap_sync_reg_channel_write_A_TILE_340         |   2|          2|    1|          2|
    |ap_sync_reg_channel_write_A_TILE_341         |   2|          2|    1|          2|
    |ap_sync_reg_channel_write_A_TILE_342         |   2|          2|    1|          2|
    |ap_sync_reg_channel_write_A_TILE_343         |   2|          2|    1|          2|
    |ap_sync_reg_channel_write_A_TILE_344         |   2|          2|    1|          2|
    |ap_sync_reg_channel_write_A_TILE_345         |   2|          2|    1|          2|
    |ap_sync_reg_channel_write_A_TILE_346         |   2|          2|    1|          2|
    |ap_sync_reg_channel_write_A_TILE_347         |   2|          2|    1|          2|
    |ap_sync_reg_channel_write_A_TILE_348         |   2|          2|    1|          2|
    |ap_sync_reg_channel_write_A_TILE_349         |   2|          2|    1|          2|
    |ap_sync_reg_channel_write_A_TILE_35          |   2|          2|    1|          2|
    |ap_sync_reg_channel_write_A_TILE_350         |   2|          2|    1|          2|
    |ap_sync_reg_channel_write_A_TILE_351         |   2|          2|    1|          2|
    |ap_sync_reg_channel_write_A_TILE_352         |   2|          2|    1|          2|
    |ap_sync_reg_channel_write_A_TILE_353         |   2|          2|    1|          2|
    |ap_sync_reg_channel_write_A_TILE_354         |   2|          2|    1|          2|
    |ap_sync_reg_channel_write_A_TILE_355         |   2|          2|    1|          2|
    |ap_sync_reg_channel_write_A_TILE_356         |   2|          2|    1|          2|
    |ap_sync_reg_channel_write_A_TILE_357         |   2|          2|    1|          2|
    |ap_sync_reg_channel_write_A_TILE_358         |   2|          2|    1|          2|
    |ap_sync_reg_channel_write_A_TILE_359         |   2|          2|    1|          2|
    |ap_sync_reg_channel_write_A_TILE_36          |   2|          2|    1|          2|
    |ap_sync_reg_channel_write_A_TILE_360         |   2|          2|    1|          2|
    |ap_sync_reg_channel_write_A_TILE_361         |   2|          2|    1|          2|
    |ap_sync_reg_channel_write_A_TILE_362         |   2|          2|    1|          2|
    |ap_sync_reg_channel_write_A_TILE_363         |   2|          2|    1|          2|
    |ap_sync_reg_channel_write_A_TILE_364         |   2|          2|    1|          2|
    |ap_sync_reg_channel_write_A_TILE_365         |   2|          2|    1|          2|
    |ap_sync_reg_channel_write_A_TILE_366         |   2|          2|    1|          2|
    |ap_sync_reg_channel_write_A_TILE_367         |   2|          2|    1|          2|
    |ap_sync_reg_channel_write_A_TILE_368         |   2|          2|    1|          2|
    |ap_sync_reg_channel_write_A_TILE_369         |   2|          2|    1|          2|
    |ap_sync_reg_channel_write_A_TILE_37          |   2|          2|    1|          2|
    |ap_sync_reg_channel_write_A_TILE_370         |   2|          2|    1|          2|
    |ap_sync_reg_channel_write_A_TILE_371         |   2|          2|    1|          2|
    |ap_sync_reg_channel_write_A_TILE_372         |   2|          2|    1|          2|
    |ap_sync_reg_channel_write_A_TILE_373         |   2|          2|    1|          2|
    |ap_sync_reg_channel_write_A_TILE_374         |   2|          2|    1|          2|
    |ap_sync_reg_channel_write_A_TILE_375         |   2|          2|    1|          2|
    |ap_sync_reg_channel_write_A_TILE_376         |   2|          2|    1|          2|
    |ap_sync_reg_channel_write_A_TILE_377         |   2|          2|    1|          2|
    |ap_sync_reg_channel_write_A_TILE_378         |   2|          2|    1|          2|
    |ap_sync_reg_channel_write_A_TILE_379         |   2|          2|    1|          2|
    |ap_sync_reg_channel_write_A_TILE_38          |   2|          2|    1|          2|
    |ap_sync_reg_channel_write_A_TILE_380         |   2|          2|    1|          2|
    |ap_sync_reg_channel_write_A_TILE_381         |   2|          2|    1|          2|
    |ap_sync_reg_channel_write_A_TILE_382         |   2|          2|    1|          2|
    |ap_sync_reg_channel_write_A_TILE_383         |   2|          2|    1|          2|
    |ap_sync_reg_channel_write_A_TILE_384         |   2|          2|    1|          2|
    |ap_sync_reg_channel_write_A_TILE_385         |   2|          2|    1|          2|
    |ap_sync_reg_channel_write_A_TILE_386         |   2|          2|    1|          2|
    |ap_sync_reg_channel_write_A_TILE_387         |   2|          2|    1|          2|
    |ap_sync_reg_channel_write_A_TILE_388         |   2|          2|    1|          2|
    |ap_sync_reg_channel_write_A_TILE_389         |   2|          2|    1|          2|
    |ap_sync_reg_channel_write_A_TILE_39          |   2|          2|    1|          2|
    |ap_sync_reg_channel_write_A_TILE_390         |   2|          2|    1|          2|
    |ap_sync_reg_channel_write_A_TILE_391         |   2|          2|    1|          2|
    |ap_sync_reg_channel_write_A_TILE_392         |   2|          2|    1|          2|
    |ap_sync_reg_channel_write_A_TILE_393         |   2|          2|    1|          2|
    |ap_sync_reg_channel_write_A_TILE_394         |   2|          2|    1|          2|
    |ap_sync_reg_channel_write_A_TILE_395         |   2|          2|    1|          2|
    |ap_sync_reg_channel_write_A_TILE_396         |   2|          2|    1|          2|
    |ap_sync_reg_channel_write_A_TILE_397         |   2|          2|    1|          2|
    |ap_sync_reg_channel_write_A_TILE_398         |   2|          2|    1|          2|
    |ap_sync_reg_channel_write_A_TILE_399         |   2|          2|    1|          2|
    |ap_sync_reg_channel_write_A_TILE_4           |   2|          2|    1|          2|
    |ap_sync_reg_channel_write_A_TILE_40          |   2|          2|    1|          2|
    |ap_sync_reg_channel_write_A_TILE_400         |   2|          2|    1|          2|
    |ap_sync_reg_channel_write_A_TILE_401         |   2|          2|    1|          2|
    |ap_sync_reg_channel_write_A_TILE_402         |   2|          2|    1|          2|
    |ap_sync_reg_channel_write_A_TILE_403         |   2|          2|    1|          2|
    |ap_sync_reg_channel_write_A_TILE_404         |   2|          2|    1|          2|
    |ap_sync_reg_channel_write_A_TILE_405         |   2|          2|    1|          2|
    |ap_sync_reg_channel_write_A_TILE_406         |   2|          2|    1|          2|
    |ap_sync_reg_channel_write_A_TILE_407         |   2|          2|    1|          2|
    |ap_sync_reg_channel_write_A_TILE_408         |   2|          2|    1|          2|
    |ap_sync_reg_channel_write_A_TILE_409         |   2|          2|    1|          2|
    |ap_sync_reg_channel_write_A_TILE_41          |   2|          2|    1|          2|
    |ap_sync_reg_channel_write_A_TILE_410         |   2|          2|    1|          2|
    |ap_sync_reg_channel_write_A_TILE_411         |   2|          2|    1|          2|
    |ap_sync_reg_channel_write_A_TILE_412         |   2|          2|    1|          2|
    |ap_sync_reg_channel_write_A_TILE_413         |   2|          2|    1|          2|
    |ap_sync_reg_channel_write_A_TILE_414         |   2|          2|    1|          2|
    |ap_sync_reg_channel_write_A_TILE_415         |   2|          2|    1|          2|
    |ap_sync_reg_channel_write_A_TILE_416         |   2|          2|    1|          2|
    |ap_sync_reg_channel_write_A_TILE_417         |   2|          2|    1|          2|
    |ap_sync_reg_channel_write_A_TILE_418         |   2|          2|    1|          2|
    |ap_sync_reg_channel_write_A_TILE_419         |   2|          2|    1|          2|
    |ap_sync_reg_channel_write_A_TILE_42          |   2|          2|    1|          2|
    |ap_sync_reg_channel_write_A_TILE_420         |   2|          2|    1|          2|
    |ap_sync_reg_channel_write_A_TILE_421         |   2|          2|    1|          2|
    |ap_sync_reg_channel_write_A_TILE_422         |   2|          2|    1|          2|
    |ap_sync_reg_channel_write_A_TILE_423         |   2|          2|    1|          2|
    |ap_sync_reg_channel_write_A_TILE_424         |   2|          2|    1|          2|
    |ap_sync_reg_channel_write_A_TILE_425         |   2|          2|    1|          2|
    |ap_sync_reg_channel_write_A_TILE_426         |   2|          2|    1|          2|
    |ap_sync_reg_channel_write_A_TILE_427         |   2|          2|    1|          2|
    |ap_sync_reg_channel_write_A_TILE_428         |   2|          2|    1|          2|
    |ap_sync_reg_channel_write_A_TILE_429         |   2|          2|    1|          2|
    |ap_sync_reg_channel_write_A_TILE_43          |   2|          2|    1|          2|
    |ap_sync_reg_channel_write_A_TILE_430         |   2|          2|    1|          2|
    |ap_sync_reg_channel_write_A_TILE_431         |   2|          2|    1|          2|
    |ap_sync_reg_channel_write_A_TILE_432         |   2|          2|    1|          2|
    |ap_sync_reg_channel_write_A_TILE_433         |   2|          2|    1|          2|
    |ap_sync_reg_channel_write_A_TILE_434         |   2|          2|    1|          2|
    |ap_sync_reg_channel_write_A_TILE_435         |   2|          2|    1|          2|
    |ap_sync_reg_channel_write_A_TILE_436         |   2|          2|    1|          2|
    |ap_sync_reg_channel_write_A_TILE_437         |   2|          2|    1|          2|
    |ap_sync_reg_channel_write_A_TILE_438         |   2|          2|    1|          2|
    |ap_sync_reg_channel_write_A_TILE_439         |   2|          2|    1|          2|
    |ap_sync_reg_channel_write_A_TILE_44          |   2|          2|    1|          2|
    |ap_sync_reg_channel_write_A_TILE_440         |   2|          2|    1|          2|
    |ap_sync_reg_channel_write_A_TILE_441         |   2|          2|    1|          2|
    |ap_sync_reg_channel_write_A_TILE_442         |   2|          2|    1|          2|
    |ap_sync_reg_channel_write_A_TILE_443         |   2|          2|    1|          2|
    |ap_sync_reg_channel_write_A_TILE_444         |   2|          2|    1|          2|
    |ap_sync_reg_channel_write_A_TILE_445         |   2|          2|    1|          2|
    |ap_sync_reg_channel_write_A_TILE_446         |   2|          2|    1|          2|
    |ap_sync_reg_channel_write_A_TILE_447         |   2|          2|    1|          2|
    |ap_sync_reg_channel_write_A_TILE_448         |   2|          2|    1|          2|
    |ap_sync_reg_channel_write_A_TILE_449         |   2|          2|    1|          2|
    |ap_sync_reg_channel_write_A_TILE_45          |   2|          2|    1|          2|
    |ap_sync_reg_channel_write_A_TILE_450         |   2|          2|    1|          2|
    |ap_sync_reg_channel_write_A_TILE_451         |   2|          2|    1|          2|
    |ap_sync_reg_channel_write_A_TILE_452         |   2|          2|    1|          2|
    |ap_sync_reg_channel_write_A_TILE_453         |   2|          2|    1|          2|
    |ap_sync_reg_channel_write_A_TILE_454         |   2|          2|    1|          2|
    |ap_sync_reg_channel_write_A_TILE_455         |   2|          2|    1|          2|
    |ap_sync_reg_channel_write_A_TILE_456         |   2|          2|    1|          2|
    |ap_sync_reg_channel_write_A_TILE_457         |   2|          2|    1|          2|
    |ap_sync_reg_channel_write_A_TILE_458         |   2|          2|    1|          2|
    |ap_sync_reg_channel_write_A_TILE_459         |   2|          2|    1|          2|
    |ap_sync_reg_channel_write_A_TILE_46          |   2|          2|    1|          2|
    |ap_sync_reg_channel_write_A_TILE_460         |   2|          2|    1|          2|
    |ap_sync_reg_channel_write_A_TILE_461         |   2|          2|    1|          2|
    |ap_sync_reg_channel_write_A_TILE_462         |   2|          2|    1|          2|
    |ap_sync_reg_channel_write_A_TILE_463         |   2|          2|    1|          2|
    |ap_sync_reg_channel_write_A_TILE_464         |   2|          2|    1|          2|
    |ap_sync_reg_channel_write_A_TILE_465         |   2|          2|    1|          2|
    |ap_sync_reg_channel_write_A_TILE_466         |   2|          2|    1|          2|
    |ap_sync_reg_channel_write_A_TILE_467         |   2|          2|    1|          2|
    |ap_sync_reg_channel_write_A_TILE_468         |   2|          2|    1|          2|
    |ap_sync_reg_channel_write_A_TILE_469         |   2|          2|    1|          2|
    |ap_sync_reg_channel_write_A_TILE_47          |   2|          2|    1|          2|
    |ap_sync_reg_channel_write_A_TILE_470         |   2|          2|    1|          2|
    |ap_sync_reg_channel_write_A_TILE_471         |   2|          2|    1|          2|
    |ap_sync_reg_channel_write_A_TILE_472         |   2|          2|    1|          2|
    |ap_sync_reg_channel_write_A_TILE_473         |   2|          2|    1|          2|
    |ap_sync_reg_channel_write_A_TILE_474         |   2|          2|    1|          2|
    |ap_sync_reg_channel_write_A_TILE_475         |   2|          2|    1|          2|
    |ap_sync_reg_channel_write_A_TILE_476         |   2|          2|    1|          2|
    |ap_sync_reg_channel_write_A_TILE_477         |   2|          2|    1|          2|
    |ap_sync_reg_channel_write_A_TILE_478         |   2|          2|    1|          2|
    |ap_sync_reg_channel_write_A_TILE_479         |   2|          2|    1|          2|
    |ap_sync_reg_channel_write_A_TILE_48          |   2|          2|    1|          2|
    |ap_sync_reg_channel_write_A_TILE_480         |   2|          2|    1|          2|
    |ap_sync_reg_channel_write_A_TILE_481         |   2|          2|    1|          2|
    |ap_sync_reg_channel_write_A_TILE_482         |   2|          2|    1|          2|
    |ap_sync_reg_channel_write_A_TILE_483         |   2|          2|    1|          2|
    |ap_sync_reg_channel_write_A_TILE_484         |   2|          2|    1|          2|
    |ap_sync_reg_channel_write_A_TILE_485         |   2|          2|    1|          2|
    |ap_sync_reg_channel_write_A_TILE_486         |   2|          2|    1|          2|
    |ap_sync_reg_channel_write_A_TILE_487         |   2|          2|    1|          2|
    |ap_sync_reg_channel_write_A_TILE_488         |   2|          2|    1|          2|
    |ap_sync_reg_channel_write_A_TILE_489         |   2|          2|    1|          2|
    |ap_sync_reg_channel_write_A_TILE_49          |   2|          2|    1|          2|
    |ap_sync_reg_channel_write_A_TILE_490         |   2|          2|    1|          2|
    |ap_sync_reg_channel_write_A_TILE_491         |   2|          2|    1|          2|
    |ap_sync_reg_channel_write_A_TILE_492         |   2|          2|    1|          2|
    |ap_sync_reg_channel_write_A_TILE_493         |   2|          2|    1|          2|
    |ap_sync_reg_channel_write_A_TILE_494         |   2|          2|    1|          2|
    |ap_sync_reg_channel_write_A_TILE_495         |   2|          2|    1|          2|
    |ap_sync_reg_channel_write_A_TILE_496         |   2|          2|    1|          2|
    |ap_sync_reg_channel_write_A_TILE_497         |   2|          2|    1|          2|
    |ap_sync_reg_channel_write_A_TILE_498         |   2|          2|    1|          2|
    |ap_sync_reg_channel_write_A_TILE_499         |   2|          2|    1|          2|
    |ap_sync_reg_channel_write_A_TILE_5           |   2|          2|    1|          2|
    |ap_sync_reg_channel_write_A_TILE_50          |   2|          2|    1|          2|
    |ap_sync_reg_channel_write_A_TILE_500         |   2|          2|    1|          2|
    |ap_sync_reg_channel_write_A_TILE_501         |   2|          2|    1|          2|
    |ap_sync_reg_channel_write_A_TILE_502         |   2|          2|    1|          2|
    |ap_sync_reg_channel_write_A_TILE_503         |   2|          2|    1|          2|
    |ap_sync_reg_channel_write_A_TILE_504         |   2|          2|    1|          2|
    |ap_sync_reg_channel_write_A_TILE_505         |   2|          2|    1|          2|
    |ap_sync_reg_channel_write_A_TILE_506         |   2|          2|    1|          2|
    |ap_sync_reg_channel_write_A_TILE_507         |   2|          2|    1|          2|
    |ap_sync_reg_channel_write_A_TILE_508         |   2|          2|    1|          2|
    |ap_sync_reg_channel_write_A_TILE_509         |   2|          2|    1|          2|
    |ap_sync_reg_channel_write_A_TILE_51          |   2|          2|    1|          2|
    |ap_sync_reg_channel_write_A_TILE_510         |   2|          2|    1|          2|
    |ap_sync_reg_channel_write_A_TILE_52          |   2|          2|    1|          2|
    |ap_sync_reg_channel_write_A_TILE_53          |   2|          2|    1|          2|
    |ap_sync_reg_channel_write_A_TILE_54          |   2|          2|    1|          2|
    |ap_sync_reg_channel_write_A_TILE_55          |   2|          2|    1|          2|
    |ap_sync_reg_channel_write_A_TILE_56          |   2|          2|    1|          2|
    |ap_sync_reg_channel_write_A_TILE_57          |   2|          2|    1|          2|
    |ap_sync_reg_channel_write_A_TILE_58          |   2|          2|    1|          2|
    |ap_sync_reg_channel_write_A_TILE_59          |   2|          2|    1|          2|
    |ap_sync_reg_channel_write_A_TILE_6           |   2|          2|    1|          2|
    |ap_sync_reg_channel_write_A_TILE_60          |   2|          2|    1|          2|
    |ap_sync_reg_channel_write_A_TILE_61          |   2|          2|    1|          2|
    |ap_sync_reg_channel_write_A_TILE_62          |   2|          2|    1|          2|
    |ap_sync_reg_channel_write_A_TILE_63          |   2|          2|    1|          2|
    |ap_sync_reg_channel_write_A_TILE_64          |   2|          2|    1|          2|
    |ap_sync_reg_channel_write_A_TILE_65          |   2|          2|    1|          2|
    |ap_sync_reg_channel_write_A_TILE_66          |   2|          2|    1|          2|
    |ap_sync_reg_channel_write_A_TILE_67          |   2|          2|    1|          2|
    |ap_sync_reg_channel_write_A_TILE_68          |   2|          2|    1|          2|
    |ap_sync_reg_channel_write_A_TILE_69          |   2|          2|    1|          2|
    |ap_sync_reg_channel_write_A_TILE_7           |   2|          2|    1|          2|
    |ap_sync_reg_channel_write_A_TILE_70          |   2|          2|    1|          2|
    |ap_sync_reg_channel_write_A_TILE_71          |   2|          2|    1|          2|
    |ap_sync_reg_channel_write_A_TILE_72          |   2|          2|    1|          2|
    |ap_sync_reg_channel_write_A_TILE_73          |   2|          2|    1|          2|
    |ap_sync_reg_channel_write_A_TILE_74          |   2|          2|    1|          2|
    |ap_sync_reg_channel_write_A_TILE_75          |   2|          2|    1|          2|
    |ap_sync_reg_channel_write_A_TILE_76          |   2|          2|    1|          2|
    |ap_sync_reg_channel_write_A_TILE_77          |   2|          2|    1|          2|
    |ap_sync_reg_channel_write_A_TILE_78          |   2|          2|    1|          2|
    |ap_sync_reg_channel_write_A_TILE_79          |   2|          2|    1|          2|
    |ap_sync_reg_channel_write_A_TILE_8           |   2|          2|    1|          2|
    |ap_sync_reg_channel_write_A_TILE_80          |   2|          2|    1|          2|
    |ap_sync_reg_channel_write_A_TILE_81          |   2|          2|    1|          2|
    |ap_sync_reg_channel_write_A_TILE_82          |   2|          2|    1|          2|
    |ap_sync_reg_channel_write_A_TILE_83          |   2|          2|    1|          2|
    |ap_sync_reg_channel_write_A_TILE_84          |   2|          2|    1|          2|
    |ap_sync_reg_channel_write_A_TILE_85          |   2|          2|    1|          2|
    |ap_sync_reg_channel_write_A_TILE_86          |   2|          2|    1|          2|
    |ap_sync_reg_channel_write_A_TILE_87          |   2|          2|    1|          2|
    |ap_sync_reg_channel_write_A_TILE_88          |   2|          2|    1|          2|
    |ap_sync_reg_channel_write_A_TILE_89          |   2|          2|    1|          2|
    |ap_sync_reg_channel_write_A_TILE_9           |   2|          2|    1|          2|
    |ap_sync_reg_channel_write_A_TILE_90          |   2|          2|    1|          2|
    |ap_sync_reg_channel_write_A_TILE_91          |   2|          2|    1|          2|
    |ap_sync_reg_channel_write_A_TILE_92          |   2|          2|    1|          2|
    |ap_sync_reg_channel_write_A_TILE_93          |   2|          2|    1|          2|
    |ap_sync_reg_channel_write_A_TILE_94          |   2|          2|    1|          2|
    |ap_sync_reg_channel_write_A_TILE_95          |   2|          2|    1|          2|
    |ap_sync_reg_channel_write_A_TILE_96          |   2|          2|    1|          2|
    |ap_sync_reg_channel_write_A_TILE_97          |   2|          2|    1|          2|
    |ap_sync_reg_channel_write_A_TILE_98          |   2|          2|    1|          2|
    |ap_sync_reg_channel_write_A_TILE_99          |   2|          2|    1|          2|
    |ap_sync_reg_entry_proc_U0_ap_ready           |   2|          2|    1|          2|
    |ap_sync_reg_load_tile_A3280_U0_ap_ready      |   2|          2|    1|          2|
    +---------------------------------------------+----+-----------+-----+-----------+
    |Total                                        |1030|       1030|  515|       1030|
    +---------------------------------------------+----+-----------+-----+-----------+

    * Register: 
    +---------------------------------------------+---+----+-----+-----------+
    |                     Name                    | FF| LUT| Bits| Const Bits|
    +---------------------------------------------+---+----+-----+-----------+
    |ap_sync_reg_B_Buf_to_stream5282_U0_ap_ready  |  1|   0|    1|          0|
    |ap_sync_reg_channel_write_A_TILE             |  1|   0|    1|          0|
    |ap_sync_reg_channel_write_A_TILE511          |  1|   0|    1|          0|
    |ap_sync_reg_channel_write_A_TILE_1           |  1|   0|    1|          0|
    |ap_sync_reg_channel_write_A_TILE_10          |  1|   0|    1|          0|
    |ap_sync_reg_channel_write_A_TILE_100         |  1|   0|    1|          0|
    |ap_sync_reg_channel_write_A_TILE_101         |  1|   0|    1|          0|
    |ap_sync_reg_channel_write_A_TILE_102         |  1|   0|    1|          0|
    |ap_sync_reg_channel_write_A_TILE_103         |  1|   0|    1|          0|
    |ap_sync_reg_channel_write_A_TILE_104         |  1|   0|    1|          0|
    |ap_sync_reg_channel_write_A_TILE_105         |  1|   0|    1|          0|
    |ap_sync_reg_channel_write_A_TILE_106         |  1|   0|    1|          0|
    |ap_sync_reg_channel_write_A_TILE_107         |  1|   0|    1|          0|
    |ap_sync_reg_channel_write_A_TILE_108         |  1|   0|    1|          0|
    |ap_sync_reg_channel_write_A_TILE_109         |  1|   0|    1|          0|
    |ap_sync_reg_channel_write_A_TILE_11          |  1|   0|    1|          0|
    |ap_sync_reg_channel_write_A_TILE_110         |  1|   0|    1|          0|
    |ap_sync_reg_channel_write_A_TILE_111         |  1|   0|    1|          0|
    |ap_sync_reg_channel_write_A_TILE_112         |  1|   0|    1|          0|
    |ap_sync_reg_channel_write_A_TILE_113         |  1|   0|    1|          0|
    |ap_sync_reg_channel_write_A_TILE_114         |  1|   0|    1|          0|
    |ap_sync_reg_channel_write_A_TILE_115         |  1|   0|    1|          0|
    |ap_sync_reg_channel_write_A_TILE_116         |  1|   0|    1|          0|
    |ap_sync_reg_channel_write_A_TILE_117         |  1|   0|    1|          0|
    |ap_sync_reg_channel_write_A_TILE_118         |  1|   0|    1|          0|
    |ap_sync_reg_channel_write_A_TILE_119         |  1|   0|    1|          0|
    |ap_sync_reg_channel_write_A_TILE_12          |  1|   0|    1|          0|
    |ap_sync_reg_channel_write_A_TILE_120         |  1|   0|    1|          0|
    |ap_sync_reg_channel_write_A_TILE_121         |  1|   0|    1|          0|
    |ap_sync_reg_channel_write_A_TILE_122         |  1|   0|    1|          0|
    |ap_sync_reg_channel_write_A_TILE_123         |  1|   0|    1|          0|
    |ap_sync_reg_channel_write_A_TILE_124         |  1|   0|    1|          0|
    |ap_sync_reg_channel_write_A_TILE_125         |  1|   0|    1|          0|
    |ap_sync_reg_channel_write_A_TILE_126         |  1|   0|    1|          0|
    |ap_sync_reg_channel_write_A_TILE_127         |  1|   0|    1|          0|
    |ap_sync_reg_channel_write_A_TILE_128         |  1|   0|    1|          0|
    |ap_sync_reg_channel_write_A_TILE_129         |  1|   0|    1|          0|
    |ap_sync_reg_channel_write_A_TILE_13          |  1|   0|    1|          0|
    |ap_sync_reg_channel_write_A_TILE_130         |  1|   0|    1|          0|
    |ap_sync_reg_channel_write_A_TILE_131         |  1|   0|    1|          0|
    |ap_sync_reg_channel_write_A_TILE_132         |  1|   0|    1|          0|
    |ap_sync_reg_channel_write_A_TILE_133         |  1|   0|    1|          0|
    |ap_sync_reg_channel_write_A_TILE_134         |  1|   0|    1|          0|
    |ap_sync_reg_channel_write_A_TILE_135         |  1|   0|    1|          0|
    |ap_sync_reg_channel_write_A_TILE_136         |  1|   0|    1|          0|
    |ap_sync_reg_channel_write_A_TILE_137         |  1|   0|    1|          0|
    |ap_sync_reg_channel_write_A_TILE_138         |  1|   0|    1|          0|
    |ap_sync_reg_channel_write_A_TILE_139         |  1|   0|    1|          0|
    |ap_sync_reg_channel_write_A_TILE_14          |  1|   0|    1|          0|
    |ap_sync_reg_channel_write_A_TILE_140         |  1|   0|    1|          0|
    |ap_sync_reg_channel_write_A_TILE_141         |  1|   0|    1|          0|
    |ap_sync_reg_channel_write_A_TILE_142         |  1|   0|    1|          0|
    |ap_sync_reg_channel_write_A_TILE_143         |  1|   0|    1|          0|
    |ap_sync_reg_channel_write_A_TILE_144         |  1|   0|    1|          0|
    |ap_sync_reg_channel_write_A_TILE_145         |  1|   0|    1|          0|
    |ap_sync_reg_channel_write_A_TILE_146         |  1|   0|    1|          0|
    |ap_sync_reg_channel_write_A_TILE_147         |  1|   0|    1|          0|
    |ap_sync_reg_channel_write_A_TILE_148         |  1|   0|    1|          0|
    |ap_sync_reg_channel_write_A_TILE_149         |  1|   0|    1|          0|
    |ap_sync_reg_channel_write_A_TILE_15          |  1|   0|    1|          0|
    |ap_sync_reg_channel_write_A_TILE_150         |  1|   0|    1|          0|
    |ap_sync_reg_channel_write_A_TILE_151         |  1|   0|    1|          0|
    |ap_sync_reg_channel_write_A_TILE_152         |  1|   0|    1|          0|
    |ap_sync_reg_channel_write_A_TILE_153         |  1|   0|    1|          0|
    |ap_sync_reg_channel_write_A_TILE_154         |  1|   0|    1|          0|
    |ap_sync_reg_channel_write_A_TILE_155         |  1|   0|    1|          0|
    |ap_sync_reg_channel_write_A_TILE_156         |  1|   0|    1|          0|
    |ap_sync_reg_channel_write_A_TILE_157         |  1|   0|    1|          0|
    |ap_sync_reg_channel_write_A_TILE_158         |  1|   0|    1|          0|
    |ap_sync_reg_channel_write_A_TILE_159         |  1|   0|    1|          0|
    |ap_sync_reg_channel_write_A_TILE_16          |  1|   0|    1|          0|
    |ap_sync_reg_channel_write_A_TILE_160         |  1|   0|    1|          0|
    |ap_sync_reg_channel_write_A_TILE_161         |  1|   0|    1|          0|
    |ap_sync_reg_channel_write_A_TILE_162         |  1|   0|    1|          0|
    |ap_sync_reg_channel_write_A_TILE_163         |  1|   0|    1|          0|
    |ap_sync_reg_channel_write_A_TILE_164         |  1|   0|    1|          0|
    |ap_sync_reg_channel_write_A_TILE_165         |  1|   0|    1|          0|
    |ap_sync_reg_channel_write_A_TILE_166         |  1|   0|    1|          0|
    |ap_sync_reg_channel_write_A_TILE_167         |  1|   0|    1|          0|
    |ap_sync_reg_channel_write_A_TILE_168         |  1|   0|    1|          0|
    |ap_sync_reg_channel_write_A_TILE_169         |  1|   0|    1|          0|
    |ap_sync_reg_channel_write_A_TILE_17          |  1|   0|    1|          0|
    |ap_sync_reg_channel_write_A_TILE_170         |  1|   0|    1|          0|
    |ap_sync_reg_channel_write_A_TILE_171         |  1|   0|    1|          0|
    |ap_sync_reg_channel_write_A_TILE_172         |  1|   0|    1|          0|
    |ap_sync_reg_channel_write_A_TILE_173         |  1|   0|    1|          0|
    |ap_sync_reg_channel_write_A_TILE_174         |  1|   0|    1|          0|
    |ap_sync_reg_channel_write_A_TILE_175         |  1|   0|    1|          0|
    |ap_sync_reg_channel_write_A_TILE_176         |  1|   0|    1|          0|
    |ap_sync_reg_channel_write_A_TILE_177         |  1|   0|    1|          0|
    |ap_sync_reg_channel_write_A_TILE_178         |  1|   0|    1|          0|
    |ap_sync_reg_channel_write_A_TILE_179         |  1|   0|    1|          0|
    |ap_sync_reg_channel_write_A_TILE_18          |  1|   0|    1|          0|
    |ap_sync_reg_channel_write_A_TILE_180         |  1|   0|    1|          0|
    |ap_sync_reg_channel_write_A_TILE_181         |  1|   0|    1|          0|
    |ap_sync_reg_channel_write_A_TILE_182         |  1|   0|    1|          0|
    |ap_sync_reg_channel_write_A_TILE_183         |  1|   0|    1|          0|
    |ap_sync_reg_channel_write_A_TILE_184         |  1|   0|    1|          0|
    |ap_sync_reg_channel_write_A_TILE_185         |  1|   0|    1|          0|
    |ap_sync_reg_channel_write_A_TILE_186         |  1|   0|    1|          0|
    |ap_sync_reg_channel_write_A_TILE_187         |  1|   0|    1|          0|
    |ap_sync_reg_channel_write_A_TILE_188         |  1|   0|    1|          0|
    |ap_sync_reg_channel_write_A_TILE_189         |  1|   0|    1|          0|
    |ap_sync_reg_channel_write_A_TILE_19          |  1|   0|    1|          0|
    |ap_sync_reg_channel_write_A_TILE_190         |  1|   0|    1|          0|
    |ap_sync_reg_channel_write_A_TILE_191         |  1|   0|    1|          0|
    |ap_sync_reg_channel_write_A_TILE_192         |  1|   0|    1|          0|
    |ap_sync_reg_channel_write_A_TILE_193         |  1|   0|    1|          0|
    |ap_sync_reg_channel_write_A_TILE_194         |  1|   0|    1|          0|
    |ap_sync_reg_channel_write_A_TILE_195         |  1|   0|    1|          0|
    |ap_sync_reg_channel_write_A_TILE_196         |  1|   0|    1|          0|
    |ap_sync_reg_channel_write_A_TILE_197         |  1|   0|    1|          0|
    |ap_sync_reg_channel_write_A_TILE_198         |  1|   0|    1|          0|
    |ap_sync_reg_channel_write_A_TILE_199         |  1|   0|    1|          0|
    |ap_sync_reg_channel_write_A_TILE_2           |  1|   0|    1|          0|
    |ap_sync_reg_channel_write_A_TILE_20          |  1|   0|    1|          0|
    |ap_sync_reg_channel_write_A_TILE_200         |  1|   0|    1|          0|
    |ap_sync_reg_channel_write_A_TILE_201         |  1|   0|    1|          0|
    |ap_sync_reg_channel_write_A_TILE_202         |  1|   0|    1|          0|
    |ap_sync_reg_channel_write_A_TILE_203         |  1|   0|    1|          0|
    |ap_sync_reg_channel_write_A_TILE_204         |  1|   0|    1|          0|
    |ap_sync_reg_channel_write_A_TILE_205         |  1|   0|    1|          0|
    |ap_sync_reg_channel_write_A_TILE_206         |  1|   0|    1|          0|
    |ap_sync_reg_channel_write_A_TILE_207         |  1|   0|    1|          0|
    |ap_sync_reg_channel_write_A_TILE_208         |  1|   0|    1|          0|
    |ap_sync_reg_channel_write_A_TILE_209         |  1|   0|    1|          0|
    |ap_sync_reg_channel_write_A_TILE_21          |  1|   0|    1|          0|
    |ap_sync_reg_channel_write_A_TILE_210         |  1|   0|    1|          0|
    |ap_sync_reg_channel_write_A_TILE_211         |  1|   0|    1|          0|
    |ap_sync_reg_channel_write_A_TILE_212         |  1|   0|    1|          0|
    |ap_sync_reg_channel_write_A_TILE_213         |  1|   0|    1|          0|
    |ap_sync_reg_channel_write_A_TILE_214         |  1|   0|    1|          0|
    |ap_sync_reg_channel_write_A_TILE_215         |  1|   0|    1|          0|
    |ap_sync_reg_channel_write_A_TILE_216         |  1|   0|    1|          0|
    |ap_sync_reg_channel_write_A_TILE_217         |  1|   0|    1|          0|
    |ap_sync_reg_channel_write_A_TILE_218         |  1|   0|    1|          0|
    |ap_sync_reg_channel_write_A_TILE_219         |  1|   0|    1|          0|
    |ap_sync_reg_channel_write_A_TILE_22          |  1|   0|    1|          0|
    |ap_sync_reg_channel_write_A_TILE_220         |  1|   0|    1|          0|
    |ap_sync_reg_channel_write_A_TILE_221         |  1|   0|    1|          0|
    |ap_sync_reg_channel_write_A_TILE_222         |  1|   0|    1|          0|
    |ap_sync_reg_channel_write_A_TILE_223         |  1|   0|    1|          0|
    |ap_sync_reg_channel_write_A_TILE_224         |  1|   0|    1|          0|
    |ap_sync_reg_channel_write_A_TILE_225         |  1|   0|    1|          0|
    |ap_sync_reg_channel_write_A_TILE_226         |  1|   0|    1|          0|
    |ap_sync_reg_channel_write_A_TILE_227         |  1|   0|    1|          0|
    |ap_sync_reg_channel_write_A_TILE_228         |  1|   0|    1|          0|
    |ap_sync_reg_channel_write_A_TILE_229         |  1|   0|    1|          0|
    |ap_sync_reg_channel_write_A_TILE_23          |  1|   0|    1|          0|
    |ap_sync_reg_channel_write_A_TILE_230         |  1|   0|    1|          0|
    |ap_sync_reg_channel_write_A_TILE_231         |  1|   0|    1|          0|
    |ap_sync_reg_channel_write_A_TILE_232         |  1|   0|    1|          0|
    |ap_sync_reg_channel_write_A_TILE_233         |  1|   0|    1|          0|
    |ap_sync_reg_channel_write_A_TILE_234         |  1|   0|    1|          0|
    |ap_sync_reg_channel_write_A_TILE_235         |  1|   0|    1|          0|
    |ap_sync_reg_channel_write_A_TILE_236         |  1|   0|    1|          0|
    |ap_sync_reg_channel_write_A_TILE_237         |  1|   0|    1|          0|
    |ap_sync_reg_channel_write_A_TILE_238         |  1|   0|    1|          0|
    |ap_sync_reg_channel_write_A_TILE_239         |  1|   0|    1|          0|
    |ap_sync_reg_channel_write_A_TILE_24          |  1|   0|    1|          0|
    |ap_sync_reg_channel_write_A_TILE_240         |  1|   0|    1|          0|
    |ap_sync_reg_channel_write_A_TILE_241         |  1|   0|    1|          0|
    |ap_sync_reg_channel_write_A_TILE_242         |  1|   0|    1|          0|
    |ap_sync_reg_channel_write_A_TILE_243         |  1|   0|    1|          0|
    |ap_sync_reg_channel_write_A_TILE_244         |  1|   0|    1|          0|
    |ap_sync_reg_channel_write_A_TILE_245         |  1|   0|    1|          0|
    |ap_sync_reg_channel_write_A_TILE_246         |  1|   0|    1|          0|
    |ap_sync_reg_channel_write_A_TILE_247         |  1|   0|    1|          0|
    |ap_sync_reg_channel_write_A_TILE_248         |  1|   0|    1|          0|
    |ap_sync_reg_channel_write_A_TILE_249         |  1|   0|    1|          0|
    |ap_sync_reg_channel_write_A_TILE_25          |  1|   0|    1|          0|
    |ap_sync_reg_channel_write_A_TILE_250         |  1|   0|    1|          0|
    |ap_sync_reg_channel_write_A_TILE_251         |  1|   0|    1|          0|
    |ap_sync_reg_channel_write_A_TILE_252         |  1|   0|    1|          0|
    |ap_sync_reg_channel_write_A_TILE_253         |  1|   0|    1|          0|
    |ap_sync_reg_channel_write_A_TILE_254         |  1|   0|    1|          0|
    |ap_sync_reg_channel_write_A_TILE_255         |  1|   0|    1|          0|
    |ap_sync_reg_channel_write_A_TILE_256         |  1|   0|    1|          0|
    |ap_sync_reg_channel_write_A_TILE_257         |  1|   0|    1|          0|
    |ap_sync_reg_channel_write_A_TILE_258         |  1|   0|    1|          0|
    |ap_sync_reg_channel_write_A_TILE_259         |  1|   0|    1|          0|
    |ap_sync_reg_channel_write_A_TILE_26          |  1|   0|    1|          0|
    |ap_sync_reg_channel_write_A_TILE_260         |  1|   0|    1|          0|
    |ap_sync_reg_channel_write_A_TILE_261         |  1|   0|    1|          0|
    |ap_sync_reg_channel_write_A_TILE_262         |  1|   0|    1|          0|
    |ap_sync_reg_channel_write_A_TILE_263         |  1|   0|    1|          0|
    |ap_sync_reg_channel_write_A_TILE_264         |  1|   0|    1|          0|
    |ap_sync_reg_channel_write_A_TILE_265         |  1|   0|    1|          0|
    |ap_sync_reg_channel_write_A_TILE_266         |  1|   0|    1|          0|
    |ap_sync_reg_channel_write_A_TILE_267         |  1|   0|    1|          0|
    |ap_sync_reg_channel_write_A_TILE_268         |  1|   0|    1|          0|
    |ap_sync_reg_channel_write_A_TILE_269         |  1|   0|    1|          0|
    |ap_sync_reg_channel_write_A_TILE_27          |  1|   0|    1|          0|
    |ap_sync_reg_channel_write_A_TILE_270         |  1|   0|    1|          0|
    |ap_sync_reg_channel_write_A_TILE_271         |  1|   0|    1|          0|
    |ap_sync_reg_channel_write_A_TILE_272         |  1|   0|    1|          0|
    |ap_sync_reg_channel_write_A_TILE_273         |  1|   0|    1|          0|
    |ap_sync_reg_channel_write_A_TILE_274         |  1|   0|    1|          0|
    |ap_sync_reg_channel_write_A_TILE_275         |  1|   0|    1|          0|
    |ap_sync_reg_channel_write_A_TILE_276         |  1|   0|    1|          0|
    |ap_sync_reg_channel_write_A_TILE_277         |  1|   0|    1|          0|
    |ap_sync_reg_channel_write_A_TILE_278         |  1|   0|    1|          0|
    |ap_sync_reg_channel_write_A_TILE_279         |  1|   0|    1|          0|
    |ap_sync_reg_channel_write_A_TILE_28          |  1|   0|    1|          0|
    |ap_sync_reg_channel_write_A_TILE_280         |  1|   0|    1|          0|
    |ap_sync_reg_channel_write_A_TILE_281         |  1|   0|    1|          0|
    |ap_sync_reg_channel_write_A_TILE_282         |  1|   0|    1|          0|
    |ap_sync_reg_channel_write_A_TILE_283         |  1|   0|    1|          0|
    |ap_sync_reg_channel_write_A_TILE_284         |  1|   0|    1|          0|
    |ap_sync_reg_channel_write_A_TILE_285         |  1|   0|    1|          0|
    |ap_sync_reg_channel_write_A_TILE_286         |  1|   0|    1|          0|
    |ap_sync_reg_channel_write_A_TILE_287         |  1|   0|    1|          0|
    |ap_sync_reg_channel_write_A_TILE_288         |  1|   0|    1|          0|
    |ap_sync_reg_channel_write_A_TILE_289         |  1|   0|    1|          0|
    |ap_sync_reg_channel_write_A_TILE_29          |  1|   0|    1|          0|
    |ap_sync_reg_channel_write_A_TILE_290         |  1|   0|    1|          0|
    |ap_sync_reg_channel_write_A_TILE_291         |  1|   0|    1|          0|
    |ap_sync_reg_channel_write_A_TILE_292         |  1|   0|    1|          0|
    |ap_sync_reg_channel_write_A_TILE_293         |  1|   0|    1|          0|
    |ap_sync_reg_channel_write_A_TILE_294         |  1|   0|    1|          0|
    |ap_sync_reg_channel_write_A_TILE_295         |  1|   0|    1|          0|
    |ap_sync_reg_channel_write_A_TILE_296         |  1|   0|    1|          0|
    |ap_sync_reg_channel_write_A_TILE_297         |  1|   0|    1|          0|
    |ap_sync_reg_channel_write_A_TILE_298         |  1|   0|    1|          0|
    |ap_sync_reg_channel_write_A_TILE_299         |  1|   0|    1|          0|
    |ap_sync_reg_channel_write_A_TILE_3           |  1|   0|    1|          0|
    |ap_sync_reg_channel_write_A_TILE_30          |  1|   0|    1|          0|
    |ap_sync_reg_channel_write_A_TILE_300         |  1|   0|    1|          0|
    |ap_sync_reg_channel_write_A_TILE_301         |  1|   0|    1|          0|
    |ap_sync_reg_channel_write_A_TILE_302         |  1|   0|    1|          0|
    |ap_sync_reg_channel_write_A_TILE_303         |  1|   0|    1|          0|
    |ap_sync_reg_channel_write_A_TILE_304         |  1|   0|    1|          0|
    |ap_sync_reg_channel_write_A_TILE_305         |  1|   0|    1|          0|
    |ap_sync_reg_channel_write_A_TILE_306         |  1|   0|    1|          0|
    |ap_sync_reg_channel_write_A_TILE_307         |  1|   0|    1|          0|
    |ap_sync_reg_channel_write_A_TILE_308         |  1|   0|    1|          0|
    |ap_sync_reg_channel_write_A_TILE_309         |  1|   0|    1|          0|
    |ap_sync_reg_channel_write_A_TILE_31          |  1|   0|    1|          0|
    |ap_sync_reg_channel_write_A_TILE_310         |  1|   0|    1|          0|
    |ap_sync_reg_channel_write_A_TILE_311         |  1|   0|    1|          0|
    |ap_sync_reg_channel_write_A_TILE_312         |  1|   0|    1|          0|
    |ap_sync_reg_channel_write_A_TILE_313         |  1|   0|    1|          0|
    |ap_sync_reg_channel_write_A_TILE_314         |  1|   0|    1|          0|
    |ap_sync_reg_channel_write_A_TILE_315         |  1|   0|    1|          0|
    |ap_sync_reg_channel_write_A_TILE_316         |  1|   0|    1|          0|
    |ap_sync_reg_channel_write_A_TILE_317         |  1|   0|    1|          0|
    |ap_sync_reg_channel_write_A_TILE_318         |  1|   0|    1|          0|
    |ap_sync_reg_channel_write_A_TILE_319         |  1|   0|    1|          0|
    |ap_sync_reg_channel_write_A_TILE_32          |  1|   0|    1|          0|
    |ap_sync_reg_channel_write_A_TILE_320         |  1|   0|    1|          0|
    |ap_sync_reg_channel_write_A_TILE_321         |  1|   0|    1|          0|
    |ap_sync_reg_channel_write_A_TILE_322         |  1|   0|    1|          0|
    |ap_sync_reg_channel_write_A_TILE_323         |  1|   0|    1|          0|
    |ap_sync_reg_channel_write_A_TILE_324         |  1|   0|    1|          0|
    |ap_sync_reg_channel_write_A_TILE_325         |  1|   0|    1|          0|
    |ap_sync_reg_channel_write_A_TILE_326         |  1|   0|    1|          0|
    |ap_sync_reg_channel_write_A_TILE_327         |  1|   0|    1|          0|
    |ap_sync_reg_channel_write_A_TILE_328         |  1|   0|    1|          0|
    |ap_sync_reg_channel_write_A_TILE_329         |  1|   0|    1|          0|
    |ap_sync_reg_channel_write_A_TILE_33          |  1|   0|    1|          0|
    |ap_sync_reg_channel_write_A_TILE_330         |  1|   0|    1|          0|
    |ap_sync_reg_channel_write_A_TILE_331         |  1|   0|    1|          0|
    |ap_sync_reg_channel_write_A_TILE_332         |  1|   0|    1|          0|
    |ap_sync_reg_channel_write_A_TILE_333         |  1|   0|    1|          0|
    |ap_sync_reg_channel_write_A_TILE_334         |  1|   0|    1|          0|
    |ap_sync_reg_channel_write_A_TILE_335         |  1|   0|    1|          0|
    |ap_sync_reg_channel_write_A_TILE_336         |  1|   0|    1|          0|
    |ap_sync_reg_channel_write_A_TILE_337         |  1|   0|    1|          0|
    |ap_sync_reg_channel_write_A_TILE_338         |  1|   0|    1|          0|
    |ap_sync_reg_channel_write_A_TILE_339         |  1|   0|    1|          0|
    |ap_sync_reg_channel_write_A_TILE_34          |  1|   0|    1|          0|
    |ap_sync_reg_channel_write_A_TILE_340         |  1|   0|    1|          0|
    |ap_sync_reg_channel_write_A_TILE_341         |  1|   0|    1|          0|
    |ap_sync_reg_channel_write_A_TILE_342         |  1|   0|    1|          0|
    |ap_sync_reg_channel_write_A_TILE_343         |  1|   0|    1|          0|
    |ap_sync_reg_channel_write_A_TILE_344         |  1|   0|    1|          0|
    |ap_sync_reg_channel_write_A_TILE_345         |  1|   0|    1|          0|
    |ap_sync_reg_channel_write_A_TILE_346         |  1|   0|    1|          0|
    |ap_sync_reg_channel_write_A_TILE_347         |  1|   0|    1|          0|
    |ap_sync_reg_channel_write_A_TILE_348         |  1|   0|    1|          0|
    |ap_sync_reg_channel_write_A_TILE_349         |  1|   0|    1|          0|
    |ap_sync_reg_channel_write_A_TILE_35          |  1|   0|    1|          0|
    |ap_sync_reg_channel_write_A_TILE_350         |  1|   0|    1|          0|
    |ap_sync_reg_channel_write_A_TILE_351         |  1|   0|    1|          0|
    |ap_sync_reg_channel_write_A_TILE_352         |  1|   0|    1|          0|
    |ap_sync_reg_channel_write_A_TILE_353         |  1|   0|    1|          0|
    |ap_sync_reg_channel_write_A_TILE_354         |  1|   0|    1|          0|
    |ap_sync_reg_channel_write_A_TILE_355         |  1|   0|    1|          0|
    |ap_sync_reg_channel_write_A_TILE_356         |  1|   0|    1|          0|
    |ap_sync_reg_channel_write_A_TILE_357         |  1|   0|    1|          0|
    |ap_sync_reg_channel_write_A_TILE_358         |  1|   0|    1|          0|
    |ap_sync_reg_channel_write_A_TILE_359         |  1|   0|    1|          0|
    |ap_sync_reg_channel_write_A_TILE_36          |  1|   0|    1|          0|
    |ap_sync_reg_channel_write_A_TILE_360         |  1|   0|    1|          0|
    |ap_sync_reg_channel_write_A_TILE_361         |  1|   0|    1|          0|
    |ap_sync_reg_channel_write_A_TILE_362         |  1|   0|    1|          0|
    |ap_sync_reg_channel_write_A_TILE_363         |  1|   0|    1|          0|
    |ap_sync_reg_channel_write_A_TILE_364         |  1|   0|    1|          0|
    |ap_sync_reg_channel_write_A_TILE_365         |  1|   0|    1|          0|
    |ap_sync_reg_channel_write_A_TILE_366         |  1|   0|    1|          0|
    |ap_sync_reg_channel_write_A_TILE_367         |  1|   0|    1|          0|
    |ap_sync_reg_channel_write_A_TILE_368         |  1|   0|    1|          0|
    |ap_sync_reg_channel_write_A_TILE_369         |  1|   0|    1|          0|
    |ap_sync_reg_channel_write_A_TILE_37          |  1|   0|    1|          0|
    |ap_sync_reg_channel_write_A_TILE_370         |  1|   0|    1|          0|
    |ap_sync_reg_channel_write_A_TILE_371         |  1|   0|    1|          0|
    |ap_sync_reg_channel_write_A_TILE_372         |  1|   0|    1|          0|
    |ap_sync_reg_channel_write_A_TILE_373         |  1|   0|    1|          0|
    |ap_sync_reg_channel_write_A_TILE_374         |  1|   0|    1|          0|
    |ap_sync_reg_channel_write_A_TILE_375         |  1|   0|    1|          0|
    |ap_sync_reg_channel_write_A_TILE_376         |  1|   0|    1|          0|
    |ap_sync_reg_channel_write_A_TILE_377         |  1|   0|    1|          0|
    |ap_sync_reg_channel_write_A_TILE_378         |  1|   0|    1|          0|
    |ap_sync_reg_channel_write_A_TILE_379         |  1|   0|    1|          0|
    |ap_sync_reg_channel_write_A_TILE_38          |  1|   0|    1|          0|
    |ap_sync_reg_channel_write_A_TILE_380         |  1|   0|    1|          0|
    |ap_sync_reg_channel_write_A_TILE_381         |  1|   0|    1|          0|
    |ap_sync_reg_channel_write_A_TILE_382         |  1|   0|    1|          0|
    |ap_sync_reg_channel_write_A_TILE_383         |  1|   0|    1|          0|
    |ap_sync_reg_channel_write_A_TILE_384         |  1|   0|    1|          0|
    |ap_sync_reg_channel_write_A_TILE_385         |  1|   0|    1|          0|
    |ap_sync_reg_channel_write_A_TILE_386         |  1|   0|    1|          0|
    |ap_sync_reg_channel_write_A_TILE_387         |  1|   0|    1|          0|
    |ap_sync_reg_channel_write_A_TILE_388         |  1|   0|    1|          0|
    |ap_sync_reg_channel_write_A_TILE_389         |  1|   0|    1|          0|
    |ap_sync_reg_channel_write_A_TILE_39          |  1|   0|    1|          0|
    |ap_sync_reg_channel_write_A_TILE_390         |  1|   0|    1|          0|
    |ap_sync_reg_channel_write_A_TILE_391         |  1|   0|    1|          0|
    |ap_sync_reg_channel_write_A_TILE_392         |  1|   0|    1|          0|
    |ap_sync_reg_channel_write_A_TILE_393         |  1|   0|    1|          0|
    |ap_sync_reg_channel_write_A_TILE_394         |  1|   0|    1|          0|
    |ap_sync_reg_channel_write_A_TILE_395         |  1|   0|    1|          0|
    |ap_sync_reg_channel_write_A_TILE_396         |  1|   0|    1|          0|
    |ap_sync_reg_channel_write_A_TILE_397         |  1|   0|    1|          0|
    |ap_sync_reg_channel_write_A_TILE_398         |  1|   0|    1|          0|
    |ap_sync_reg_channel_write_A_TILE_399         |  1|   0|    1|          0|
    |ap_sync_reg_channel_write_A_TILE_4           |  1|   0|    1|          0|
    |ap_sync_reg_channel_write_A_TILE_40          |  1|   0|    1|          0|
    |ap_sync_reg_channel_write_A_TILE_400         |  1|   0|    1|          0|
    |ap_sync_reg_channel_write_A_TILE_401         |  1|   0|    1|          0|
    |ap_sync_reg_channel_write_A_TILE_402         |  1|   0|    1|          0|
    |ap_sync_reg_channel_write_A_TILE_403         |  1|   0|    1|          0|
    |ap_sync_reg_channel_write_A_TILE_404         |  1|   0|    1|          0|
    |ap_sync_reg_channel_write_A_TILE_405         |  1|   0|    1|          0|
    |ap_sync_reg_channel_write_A_TILE_406         |  1|   0|    1|          0|
    |ap_sync_reg_channel_write_A_TILE_407         |  1|   0|    1|          0|
    |ap_sync_reg_channel_write_A_TILE_408         |  1|   0|    1|          0|
    |ap_sync_reg_channel_write_A_TILE_409         |  1|   0|    1|          0|
    |ap_sync_reg_channel_write_A_TILE_41          |  1|   0|    1|          0|
    |ap_sync_reg_channel_write_A_TILE_410         |  1|   0|    1|          0|
    |ap_sync_reg_channel_write_A_TILE_411         |  1|   0|    1|          0|
    |ap_sync_reg_channel_write_A_TILE_412         |  1|   0|    1|          0|
    |ap_sync_reg_channel_write_A_TILE_413         |  1|   0|    1|          0|
    |ap_sync_reg_channel_write_A_TILE_414         |  1|   0|    1|          0|
    |ap_sync_reg_channel_write_A_TILE_415         |  1|   0|    1|          0|
    |ap_sync_reg_channel_write_A_TILE_416         |  1|   0|    1|          0|
    |ap_sync_reg_channel_write_A_TILE_417         |  1|   0|    1|          0|
    |ap_sync_reg_channel_write_A_TILE_418         |  1|   0|    1|          0|
    |ap_sync_reg_channel_write_A_TILE_419         |  1|   0|    1|          0|
    |ap_sync_reg_channel_write_A_TILE_42          |  1|   0|    1|          0|
    |ap_sync_reg_channel_write_A_TILE_420         |  1|   0|    1|          0|
    |ap_sync_reg_channel_write_A_TILE_421         |  1|   0|    1|          0|
    |ap_sync_reg_channel_write_A_TILE_422         |  1|   0|    1|          0|
    |ap_sync_reg_channel_write_A_TILE_423         |  1|   0|    1|          0|
    |ap_sync_reg_channel_write_A_TILE_424         |  1|   0|    1|          0|
    |ap_sync_reg_channel_write_A_TILE_425         |  1|   0|    1|          0|
    |ap_sync_reg_channel_write_A_TILE_426         |  1|   0|    1|          0|
    |ap_sync_reg_channel_write_A_TILE_427         |  1|   0|    1|          0|
    |ap_sync_reg_channel_write_A_TILE_428         |  1|   0|    1|          0|
    |ap_sync_reg_channel_write_A_TILE_429         |  1|   0|    1|          0|
    |ap_sync_reg_channel_write_A_TILE_43          |  1|   0|    1|          0|
    |ap_sync_reg_channel_write_A_TILE_430         |  1|   0|    1|          0|
    |ap_sync_reg_channel_write_A_TILE_431         |  1|   0|    1|          0|
    |ap_sync_reg_channel_write_A_TILE_432         |  1|   0|    1|          0|
    |ap_sync_reg_channel_write_A_TILE_433         |  1|   0|    1|          0|
    |ap_sync_reg_channel_write_A_TILE_434         |  1|   0|    1|          0|
    |ap_sync_reg_channel_write_A_TILE_435         |  1|   0|    1|          0|
    |ap_sync_reg_channel_write_A_TILE_436         |  1|   0|    1|          0|
    |ap_sync_reg_channel_write_A_TILE_437         |  1|   0|    1|          0|
    |ap_sync_reg_channel_write_A_TILE_438         |  1|   0|    1|          0|
    |ap_sync_reg_channel_write_A_TILE_439         |  1|   0|    1|          0|
    |ap_sync_reg_channel_write_A_TILE_44          |  1|   0|    1|          0|
    |ap_sync_reg_channel_write_A_TILE_440         |  1|   0|    1|          0|
    |ap_sync_reg_channel_write_A_TILE_441         |  1|   0|    1|          0|
    |ap_sync_reg_channel_write_A_TILE_442         |  1|   0|    1|          0|
    |ap_sync_reg_channel_write_A_TILE_443         |  1|   0|    1|          0|
    |ap_sync_reg_channel_write_A_TILE_444         |  1|   0|    1|          0|
    |ap_sync_reg_channel_write_A_TILE_445         |  1|   0|    1|          0|
    |ap_sync_reg_channel_write_A_TILE_446         |  1|   0|    1|          0|
    |ap_sync_reg_channel_write_A_TILE_447         |  1|   0|    1|          0|
    |ap_sync_reg_channel_write_A_TILE_448         |  1|   0|    1|          0|
    |ap_sync_reg_channel_write_A_TILE_449         |  1|   0|    1|          0|
    |ap_sync_reg_channel_write_A_TILE_45          |  1|   0|    1|          0|
    |ap_sync_reg_channel_write_A_TILE_450         |  1|   0|    1|          0|
    |ap_sync_reg_channel_write_A_TILE_451         |  1|   0|    1|          0|
    |ap_sync_reg_channel_write_A_TILE_452         |  1|   0|    1|          0|
    |ap_sync_reg_channel_write_A_TILE_453         |  1|   0|    1|          0|
    |ap_sync_reg_channel_write_A_TILE_454         |  1|   0|    1|          0|
    |ap_sync_reg_channel_write_A_TILE_455         |  1|   0|    1|          0|
    |ap_sync_reg_channel_write_A_TILE_456         |  1|   0|    1|          0|
    |ap_sync_reg_channel_write_A_TILE_457         |  1|   0|    1|          0|
    |ap_sync_reg_channel_write_A_TILE_458         |  1|   0|    1|          0|
    |ap_sync_reg_channel_write_A_TILE_459         |  1|   0|    1|          0|
    |ap_sync_reg_channel_write_A_TILE_46          |  1|   0|    1|          0|
    |ap_sync_reg_channel_write_A_TILE_460         |  1|   0|    1|          0|
    |ap_sync_reg_channel_write_A_TILE_461         |  1|   0|    1|          0|
    |ap_sync_reg_channel_write_A_TILE_462         |  1|   0|    1|          0|
    |ap_sync_reg_channel_write_A_TILE_463         |  1|   0|    1|          0|
    |ap_sync_reg_channel_write_A_TILE_464         |  1|   0|    1|          0|
    |ap_sync_reg_channel_write_A_TILE_465         |  1|   0|    1|          0|
    |ap_sync_reg_channel_write_A_TILE_466         |  1|   0|    1|          0|
    |ap_sync_reg_channel_write_A_TILE_467         |  1|   0|    1|          0|
    |ap_sync_reg_channel_write_A_TILE_468         |  1|   0|    1|          0|
    |ap_sync_reg_channel_write_A_TILE_469         |  1|   0|    1|          0|
    |ap_sync_reg_channel_write_A_TILE_47          |  1|   0|    1|          0|
    |ap_sync_reg_channel_write_A_TILE_470         |  1|   0|    1|          0|
    |ap_sync_reg_channel_write_A_TILE_471         |  1|   0|    1|          0|
    |ap_sync_reg_channel_write_A_TILE_472         |  1|   0|    1|          0|
    |ap_sync_reg_channel_write_A_TILE_473         |  1|   0|    1|          0|
    |ap_sync_reg_channel_write_A_TILE_474         |  1|   0|    1|          0|
    |ap_sync_reg_channel_write_A_TILE_475         |  1|   0|    1|          0|
    |ap_sync_reg_channel_write_A_TILE_476         |  1|   0|    1|          0|
    |ap_sync_reg_channel_write_A_TILE_477         |  1|   0|    1|          0|
    |ap_sync_reg_channel_write_A_TILE_478         |  1|   0|    1|          0|
    |ap_sync_reg_channel_write_A_TILE_479         |  1|   0|    1|          0|
    |ap_sync_reg_channel_write_A_TILE_48          |  1|   0|    1|          0|
    |ap_sync_reg_channel_write_A_TILE_480         |  1|   0|    1|          0|
    |ap_sync_reg_channel_write_A_TILE_481         |  1|   0|    1|          0|
    |ap_sync_reg_channel_write_A_TILE_482         |  1|   0|    1|          0|
    |ap_sync_reg_channel_write_A_TILE_483         |  1|   0|    1|          0|
    |ap_sync_reg_channel_write_A_TILE_484         |  1|   0|    1|          0|
    |ap_sync_reg_channel_write_A_TILE_485         |  1|   0|    1|          0|
    |ap_sync_reg_channel_write_A_TILE_486         |  1|   0|    1|          0|
    |ap_sync_reg_channel_write_A_TILE_487         |  1|   0|    1|          0|
    |ap_sync_reg_channel_write_A_TILE_488         |  1|   0|    1|          0|
    |ap_sync_reg_channel_write_A_TILE_489         |  1|   0|    1|          0|
    |ap_sync_reg_channel_write_A_TILE_49          |  1|   0|    1|          0|
    |ap_sync_reg_channel_write_A_TILE_490         |  1|   0|    1|          0|
    |ap_sync_reg_channel_write_A_TILE_491         |  1|   0|    1|          0|
    |ap_sync_reg_channel_write_A_TILE_492         |  1|   0|    1|          0|
    |ap_sync_reg_channel_write_A_TILE_493         |  1|   0|    1|          0|
    |ap_sync_reg_channel_write_A_TILE_494         |  1|   0|    1|          0|
    |ap_sync_reg_channel_write_A_TILE_495         |  1|   0|    1|          0|
    |ap_sync_reg_channel_write_A_TILE_496         |  1|   0|    1|          0|
    |ap_sync_reg_channel_write_A_TILE_497         |  1|   0|    1|          0|
    |ap_sync_reg_channel_write_A_TILE_498         |  1|   0|    1|          0|
    |ap_sync_reg_channel_write_A_TILE_499         |  1|   0|    1|          0|
    |ap_sync_reg_channel_write_A_TILE_5           |  1|   0|    1|          0|
    |ap_sync_reg_channel_write_A_TILE_50          |  1|   0|    1|          0|
    |ap_sync_reg_channel_write_A_TILE_500         |  1|   0|    1|          0|
    |ap_sync_reg_channel_write_A_TILE_501         |  1|   0|    1|          0|
    |ap_sync_reg_channel_write_A_TILE_502         |  1|   0|    1|          0|
    |ap_sync_reg_channel_write_A_TILE_503         |  1|   0|    1|          0|
    |ap_sync_reg_channel_write_A_TILE_504         |  1|   0|    1|          0|
    |ap_sync_reg_channel_write_A_TILE_505         |  1|   0|    1|          0|
    |ap_sync_reg_channel_write_A_TILE_506         |  1|   0|    1|          0|
    |ap_sync_reg_channel_write_A_TILE_507         |  1|   0|    1|          0|
    |ap_sync_reg_channel_write_A_TILE_508         |  1|   0|    1|          0|
    |ap_sync_reg_channel_write_A_TILE_509         |  1|   0|    1|          0|
    |ap_sync_reg_channel_write_A_TILE_51          |  1|   0|    1|          0|
    |ap_sync_reg_channel_write_A_TILE_510         |  1|   0|    1|          0|
    |ap_sync_reg_channel_write_A_TILE_52          |  1|   0|    1|          0|
    |ap_sync_reg_channel_write_A_TILE_53          |  1|   0|    1|          0|
    |ap_sync_reg_channel_write_A_TILE_54          |  1|   0|    1|          0|
    |ap_sync_reg_channel_write_A_TILE_55          |  1|   0|    1|          0|
    |ap_sync_reg_channel_write_A_TILE_56          |  1|   0|    1|          0|
    |ap_sync_reg_channel_write_A_TILE_57          |  1|   0|    1|          0|
    |ap_sync_reg_channel_write_A_TILE_58          |  1|   0|    1|          0|
    |ap_sync_reg_channel_write_A_TILE_59          |  1|   0|    1|          0|
    |ap_sync_reg_channel_write_A_TILE_6           |  1|   0|    1|          0|
    |ap_sync_reg_channel_write_A_TILE_60          |  1|   0|    1|          0|
    |ap_sync_reg_channel_write_A_TILE_61          |  1|   0|    1|          0|
    |ap_sync_reg_channel_write_A_TILE_62          |  1|   0|    1|          0|
    |ap_sync_reg_channel_write_A_TILE_63          |  1|   0|    1|          0|
    |ap_sync_reg_channel_write_A_TILE_64          |  1|   0|    1|          0|
    |ap_sync_reg_channel_write_A_TILE_65          |  1|   0|    1|          0|
    |ap_sync_reg_channel_write_A_TILE_66          |  1|   0|    1|          0|
    |ap_sync_reg_channel_write_A_TILE_67          |  1|   0|    1|          0|
    |ap_sync_reg_channel_write_A_TILE_68          |  1|   0|    1|          0|
    |ap_sync_reg_channel_write_A_TILE_69          |  1|   0|    1|          0|
    |ap_sync_reg_channel_write_A_TILE_7           |  1|   0|    1|          0|
    |ap_sync_reg_channel_write_A_TILE_70          |  1|   0|    1|          0|
    |ap_sync_reg_channel_write_A_TILE_71          |  1|   0|    1|          0|
    |ap_sync_reg_channel_write_A_TILE_72          |  1|   0|    1|          0|
    |ap_sync_reg_channel_write_A_TILE_73          |  1|   0|    1|          0|
    |ap_sync_reg_channel_write_A_TILE_74          |  1|   0|    1|          0|
    |ap_sync_reg_channel_write_A_TILE_75          |  1|   0|    1|          0|
    |ap_sync_reg_channel_write_A_TILE_76          |  1|   0|    1|          0|
    |ap_sync_reg_channel_write_A_TILE_77          |  1|   0|    1|          0|
    |ap_sync_reg_channel_write_A_TILE_78          |  1|   0|    1|          0|
    |ap_sync_reg_channel_write_A_TILE_79          |  1|   0|    1|          0|
    |ap_sync_reg_channel_write_A_TILE_8           |  1|   0|    1|          0|
    |ap_sync_reg_channel_write_A_TILE_80          |  1|   0|    1|          0|
    |ap_sync_reg_channel_write_A_TILE_81          |  1|   0|    1|          0|
    |ap_sync_reg_channel_write_A_TILE_82          |  1|   0|    1|          0|
    |ap_sync_reg_channel_write_A_TILE_83          |  1|   0|    1|          0|
    |ap_sync_reg_channel_write_A_TILE_84          |  1|   0|    1|          0|
    |ap_sync_reg_channel_write_A_TILE_85          |  1|   0|    1|          0|
    |ap_sync_reg_channel_write_A_TILE_86          |  1|   0|    1|          0|
    |ap_sync_reg_channel_write_A_TILE_87          |  1|   0|    1|          0|
    |ap_sync_reg_channel_write_A_TILE_88          |  1|   0|    1|          0|
    |ap_sync_reg_channel_write_A_TILE_89          |  1|   0|    1|          0|
    |ap_sync_reg_channel_write_A_TILE_9           |  1|   0|    1|          0|
    |ap_sync_reg_channel_write_A_TILE_90          |  1|   0|    1|          0|
    |ap_sync_reg_channel_write_A_TILE_91          |  1|   0|    1|          0|
    |ap_sync_reg_channel_write_A_TILE_92          |  1|   0|    1|          0|
    |ap_sync_reg_channel_write_A_TILE_93          |  1|   0|    1|          0|
    |ap_sync_reg_channel_write_A_TILE_94          |  1|   0|    1|          0|
    |ap_sync_reg_channel_write_A_TILE_95          |  1|   0|    1|          0|
    |ap_sync_reg_channel_write_A_TILE_96          |  1|   0|    1|          0|
    |ap_sync_reg_channel_write_A_TILE_97          |  1|   0|    1|          0|
    |ap_sync_reg_channel_write_A_TILE_98          |  1|   0|    1|          0|
    |ap_sync_reg_channel_write_A_TILE_99          |  1|   0|    1|          0|
    |ap_sync_reg_entry_proc_U0_ap_ready           |  1|   0|    1|          0|
    |ap_sync_reg_load_tile_A3280_U0_ap_ready      |  1|   0|    1|          0|
    +---------------------------------------------+---+----+-----+-----------+
    |Total                                        |515|   0|  515|          0|
    +---------------------------------------------+---+----+-----+-----------+



================================================================
== Interface
================================================================
* Summary: 
+---------------------+-----+------+------------+---------------------------------+--------------+
|      RTL Ports      | Dir | Bits |  Protocol  |          Source Object          |    C Type    |
+---------------------+-----+------+------------+---------------------------------+--------------+
|B_TILE_i             |   in|    32|     ap_none|                         B_TILE_i|       pointer|
|B_TILE_i_ap_vld      |   in|     1|     ap_none|                         B_TILE_i|       pointer|
|B_TILE_1_i           |   in|    32|     ap_none|                       B_TILE_1_i|       pointer|
|B_TILE_1_i_ap_vld    |   in|     1|     ap_none|                       B_TILE_1_i|       pointer|
|B_TILE_2_i           |   in|    32|     ap_none|                       B_TILE_2_i|       pointer|
|B_TILE_2_i_ap_vld    |   in|     1|     ap_none|                       B_TILE_2_i|       pointer|
|B_TILE_3_i           |   in|    32|     ap_none|                       B_TILE_3_i|       pointer|
|B_TILE_3_i_ap_vld    |   in|     1|     ap_none|                       B_TILE_3_i|       pointer|
|B_TILE_4_i           |   in|    32|     ap_none|                       B_TILE_4_i|       pointer|
|B_TILE_4_i_ap_vld    |   in|     1|     ap_none|                       B_TILE_4_i|       pointer|
|B_TILE_5_i           |   in|    32|     ap_none|                       B_TILE_5_i|       pointer|
|B_TILE_5_i_ap_vld    |   in|     1|     ap_none|                       B_TILE_5_i|       pointer|
|B_TILE_6_i           |   in|    32|     ap_none|                       B_TILE_6_i|       pointer|
|B_TILE_6_i_ap_vld    |   in|     1|     ap_none|                       B_TILE_6_i|       pointer|
|B_TILE_7_i           |   in|    32|     ap_none|                       B_TILE_7_i|       pointer|
|B_TILE_7_i_ap_vld    |   in|     1|     ap_none|                       B_TILE_7_i|       pointer|
|B_TILE_8_i           |   in|    32|     ap_none|                       B_TILE_8_i|       pointer|
|B_TILE_8_i_ap_vld    |   in|     1|     ap_none|                       B_TILE_8_i|       pointer|
|B_TILE_9_i           |   in|    32|     ap_none|                       B_TILE_9_i|       pointer|
|B_TILE_9_i_ap_vld    |   in|     1|     ap_none|                       B_TILE_9_i|       pointer|
|B_TILE_10_i          |   in|    32|     ap_none|                      B_TILE_10_i|       pointer|
|B_TILE_10_i_ap_vld   |   in|     1|     ap_none|                      B_TILE_10_i|       pointer|
|B_TILE_11_i          |   in|    32|     ap_none|                      B_TILE_11_i|       pointer|
|B_TILE_11_i_ap_vld   |   in|     1|     ap_none|                      B_TILE_11_i|       pointer|
|B_TILE_12_i          |   in|    32|     ap_none|                      B_TILE_12_i|       pointer|
|B_TILE_12_i_ap_vld   |   in|     1|     ap_none|                      B_TILE_12_i|       pointer|
|B_TILE_13_i          |   in|    32|     ap_none|                      B_TILE_13_i|       pointer|
|B_TILE_13_i_ap_vld   |   in|     1|     ap_none|                      B_TILE_13_i|       pointer|
|B_TILE_14_i          |   in|    32|     ap_none|                      B_TILE_14_i|       pointer|
|B_TILE_14_i_ap_vld   |   in|     1|     ap_none|                      B_TILE_14_i|       pointer|
|B_TILE_15_i          |   in|    32|     ap_none|                      B_TILE_15_i|       pointer|
|B_TILE_15_i_ap_vld   |   in|     1|     ap_none|                      B_TILE_15_i|       pointer|
|B_TILE_16_i          |   in|    32|     ap_none|                      B_TILE_16_i|       pointer|
|B_TILE_16_i_ap_vld   |   in|     1|     ap_none|                      B_TILE_16_i|       pointer|
|B_TILE_17_i          |   in|    32|     ap_none|                      B_TILE_17_i|       pointer|
|B_TILE_17_i_ap_vld   |   in|     1|     ap_none|                      B_TILE_17_i|       pointer|
|B_TILE_18_i          |   in|    32|     ap_none|                      B_TILE_18_i|       pointer|
|B_TILE_18_i_ap_vld   |   in|     1|     ap_none|                      B_TILE_18_i|       pointer|
|B_TILE_19_i          |   in|    32|     ap_none|                      B_TILE_19_i|       pointer|
|B_TILE_19_i_ap_vld   |   in|     1|     ap_none|                      B_TILE_19_i|       pointer|
|B_TILE_20_i          |   in|    32|     ap_none|                      B_TILE_20_i|       pointer|
|B_TILE_20_i_ap_vld   |   in|     1|     ap_none|                      B_TILE_20_i|       pointer|
|B_TILE_21_i          |   in|    32|     ap_none|                      B_TILE_21_i|       pointer|
|B_TILE_21_i_ap_vld   |   in|     1|     ap_none|                      B_TILE_21_i|       pointer|
|B_TILE_22_i          |   in|    32|     ap_none|                      B_TILE_22_i|       pointer|
|B_TILE_22_i_ap_vld   |   in|     1|     ap_none|                      B_TILE_22_i|       pointer|
|B_TILE_23_i          |   in|    32|     ap_none|                      B_TILE_23_i|       pointer|
|B_TILE_23_i_ap_vld   |   in|     1|     ap_none|                      B_TILE_23_i|       pointer|
|B_TILE_24_i          |   in|    32|     ap_none|                      B_TILE_24_i|       pointer|
|B_TILE_24_i_ap_vld   |   in|     1|     ap_none|                      B_TILE_24_i|       pointer|
|B_TILE_25_i          |   in|    32|     ap_none|                      B_TILE_25_i|       pointer|
|B_TILE_25_i_ap_vld   |   in|     1|     ap_none|                      B_TILE_25_i|       pointer|
|B_TILE_26_i          |   in|    32|     ap_none|                      B_TILE_26_i|       pointer|
|B_TILE_26_i_ap_vld   |   in|     1|     ap_none|                      B_TILE_26_i|       pointer|
|B_TILE_27_i          |   in|    32|     ap_none|                      B_TILE_27_i|       pointer|
|B_TILE_27_i_ap_vld   |   in|     1|     ap_none|                      B_TILE_27_i|       pointer|
|B_TILE_28_i          |   in|    32|     ap_none|                      B_TILE_28_i|       pointer|
|B_TILE_28_i_ap_vld   |   in|     1|     ap_none|                      B_TILE_28_i|       pointer|
|B_TILE_29_i          |   in|    32|     ap_none|                      B_TILE_29_i|       pointer|
|B_TILE_29_i_ap_vld   |   in|     1|     ap_none|                      B_TILE_29_i|       pointer|
|B_TILE_30_i          |   in|    32|     ap_none|                      B_TILE_30_i|       pointer|
|B_TILE_30_i_ap_vld   |   in|     1|     ap_none|                      B_TILE_30_i|       pointer|
|B_TILE_31_i          |   in|    32|     ap_none|                      B_TILE_31_i|       pointer|
|B_TILE_31_i_ap_vld   |   in|     1|     ap_none|                      B_TILE_31_i|       pointer|
|B_TILE_32_i          |   in|    32|     ap_none|                      B_TILE_32_i|       pointer|
|B_TILE_32_i_ap_vld   |   in|     1|     ap_none|                      B_TILE_32_i|       pointer|
|B_TILE_33_i          |   in|    32|     ap_none|                      B_TILE_33_i|       pointer|
|B_TILE_33_i_ap_vld   |   in|     1|     ap_none|                      B_TILE_33_i|       pointer|
|B_TILE_34_i          |   in|    32|     ap_none|                      B_TILE_34_i|       pointer|
|B_TILE_34_i_ap_vld   |   in|     1|     ap_none|                      B_TILE_34_i|       pointer|
|B_TILE_35_i          |   in|    32|     ap_none|                      B_TILE_35_i|       pointer|
|B_TILE_35_i_ap_vld   |   in|     1|     ap_none|                      B_TILE_35_i|       pointer|
|B_TILE_36_i          |   in|    32|     ap_none|                      B_TILE_36_i|       pointer|
|B_TILE_36_i_ap_vld   |   in|     1|     ap_none|                      B_TILE_36_i|       pointer|
|B_TILE_37_i          |   in|    32|     ap_none|                      B_TILE_37_i|       pointer|
|B_TILE_37_i_ap_vld   |   in|     1|     ap_none|                      B_TILE_37_i|       pointer|
|B_TILE_38_i          |   in|    32|     ap_none|                      B_TILE_38_i|       pointer|
|B_TILE_38_i_ap_vld   |   in|     1|     ap_none|                      B_TILE_38_i|       pointer|
|B_TILE_39_i          |   in|    32|     ap_none|                      B_TILE_39_i|       pointer|
|B_TILE_39_i_ap_vld   |   in|     1|     ap_none|                      B_TILE_39_i|       pointer|
|B_TILE_40_i          |   in|    32|     ap_none|                      B_TILE_40_i|       pointer|
|B_TILE_40_i_ap_vld   |   in|     1|     ap_none|                      B_TILE_40_i|       pointer|
|B_TILE_41_i          |   in|    32|     ap_none|                      B_TILE_41_i|       pointer|
|B_TILE_41_i_ap_vld   |   in|     1|     ap_none|                      B_TILE_41_i|       pointer|
|B_TILE_42_i          |   in|    32|     ap_none|                      B_TILE_42_i|       pointer|
|B_TILE_42_i_ap_vld   |   in|     1|     ap_none|                      B_TILE_42_i|       pointer|
|B_TILE_43_i          |   in|    32|     ap_none|                      B_TILE_43_i|       pointer|
|B_TILE_43_i_ap_vld   |   in|     1|     ap_none|                      B_TILE_43_i|       pointer|
|B_TILE_44_i          |   in|    32|     ap_none|                      B_TILE_44_i|       pointer|
|B_TILE_44_i_ap_vld   |   in|     1|     ap_none|                      B_TILE_44_i|       pointer|
|B_TILE_45_i          |   in|    32|     ap_none|                      B_TILE_45_i|       pointer|
|B_TILE_45_i_ap_vld   |   in|     1|     ap_none|                      B_TILE_45_i|       pointer|
|B_TILE_46_i          |   in|    32|     ap_none|                      B_TILE_46_i|       pointer|
|B_TILE_46_i_ap_vld   |   in|     1|     ap_none|                      B_TILE_46_i|       pointer|
|B_TILE_47_i          |   in|    32|     ap_none|                      B_TILE_47_i|       pointer|
|B_TILE_47_i_ap_vld   |   in|     1|     ap_none|                      B_TILE_47_i|       pointer|
|B_TILE_48_i          |   in|    32|     ap_none|                      B_TILE_48_i|       pointer|
|B_TILE_48_i_ap_vld   |   in|     1|     ap_none|                      B_TILE_48_i|       pointer|
|B_TILE_49_i          |   in|    32|     ap_none|                      B_TILE_49_i|       pointer|
|B_TILE_49_i_ap_vld   |   in|     1|     ap_none|                      B_TILE_49_i|       pointer|
|B_TILE_50_i          |   in|    32|     ap_none|                      B_TILE_50_i|       pointer|
|B_TILE_50_i_ap_vld   |   in|     1|     ap_none|                      B_TILE_50_i|       pointer|
|B_TILE_51_i          |   in|    32|     ap_none|                      B_TILE_51_i|       pointer|
|B_TILE_51_i_ap_vld   |   in|     1|     ap_none|                      B_TILE_51_i|       pointer|
|B_TILE_52_i          |   in|    32|     ap_none|                      B_TILE_52_i|       pointer|
|B_TILE_52_i_ap_vld   |   in|     1|     ap_none|                      B_TILE_52_i|       pointer|
|B_TILE_53_i          |   in|    32|     ap_none|                      B_TILE_53_i|       pointer|
|B_TILE_53_i_ap_vld   |   in|     1|     ap_none|                      B_TILE_53_i|       pointer|
|B_TILE_54_i          |   in|    32|     ap_none|                      B_TILE_54_i|       pointer|
|B_TILE_54_i_ap_vld   |   in|     1|     ap_none|                      B_TILE_54_i|       pointer|
|B_TILE_55_i          |   in|    32|     ap_none|                      B_TILE_55_i|       pointer|
|B_TILE_55_i_ap_vld   |   in|     1|     ap_none|                      B_TILE_55_i|       pointer|
|B_TILE_56_i          |   in|    32|     ap_none|                      B_TILE_56_i|       pointer|
|B_TILE_56_i_ap_vld   |   in|     1|     ap_none|                      B_TILE_56_i|       pointer|
|B_TILE_57_i          |   in|    32|     ap_none|                      B_TILE_57_i|       pointer|
|B_TILE_57_i_ap_vld   |   in|     1|     ap_none|                      B_TILE_57_i|       pointer|
|B_TILE_58_i          |   in|    32|     ap_none|                      B_TILE_58_i|       pointer|
|B_TILE_58_i_ap_vld   |   in|     1|     ap_none|                      B_TILE_58_i|       pointer|
|B_TILE_59_i          |   in|    32|     ap_none|                      B_TILE_59_i|       pointer|
|B_TILE_59_i_ap_vld   |   in|     1|     ap_none|                      B_TILE_59_i|       pointer|
|B_TILE_60_i          |   in|    32|     ap_none|                      B_TILE_60_i|       pointer|
|B_TILE_60_i_ap_vld   |   in|     1|     ap_none|                      B_TILE_60_i|       pointer|
|B_TILE_61_i          |   in|    32|     ap_none|                      B_TILE_61_i|       pointer|
|B_TILE_61_i_ap_vld   |   in|     1|     ap_none|                      B_TILE_61_i|       pointer|
|B_TILE_62_i          |   in|    32|     ap_none|                      B_TILE_62_i|       pointer|
|B_TILE_62_i_ap_vld   |   in|     1|     ap_none|                      B_TILE_62_i|       pointer|
|B_TILE_63_i          |   in|    32|     ap_none|                      B_TILE_63_i|       pointer|
|B_TILE_63_i_ap_vld   |   in|     1|     ap_none|                      B_TILE_63_i|       pointer|
|B_TILE_64_i          |   in|    32|     ap_none|                      B_TILE_64_i|       pointer|
|B_TILE_64_i_ap_vld   |   in|     1|     ap_none|                      B_TILE_64_i|       pointer|
|B_TILE_65_i          |   in|    32|     ap_none|                      B_TILE_65_i|       pointer|
|B_TILE_65_i_ap_vld   |   in|     1|     ap_none|                      B_TILE_65_i|       pointer|
|B_TILE_66_i          |   in|    32|     ap_none|                      B_TILE_66_i|       pointer|
|B_TILE_66_i_ap_vld   |   in|     1|     ap_none|                      B_TILE_66_i|       pointer|
|B_TILE_67_i          |   in|    32|     ap_none|                      B_TILE_67_i|       pointer|
|B_TILE_67_i_ap_vld   |   in|     1|     ap_none|                      B_TILE_67_i|       pointer|
|B_TILE_68_i          |   in|    32|     ap_none|                      B_TILE_68_i|       pointer|
|B_TILE_68_i_ap_vld   |   in|     1|     ap_none|                      B_TILE_68_i|       pointer|
|B_TILE_69_i          |   in|    32|     ap_none|                      B_TILE_69_i|       pointer|
|B_TILE_69_i_ap_vld   |   in|     1|     ap_none|                      B_TILE_69_i|       pointer|
|B_TILE_70_i          |   in|    32|     ap_none|                      B_TILE_70_i|       pointer|
|B_TILE_70_i_ap_vld   |   in|     1|     ap_none|                      B_TILE_70_i|       pointer|
|B_TILE_71_i          |   in|    32|     ap_none|                      B_TILE_71_i|       pointer|
|B_TILE_71_i_ap_vld   |   in|     1|     ap_none|                      B_TILE_71_i|       pointer|
|B_TILE_72_i          |   in|    32|     ap_none|                      B_TILE_72_i|       pointer|
|B_TILE_72_i_ap_vld   |   in|     1|     ap_none|                      B_TILE_72_i|       pointer|
|B_TILE_73_i          |   in|    32|     ap_none|                      B_TILE_73_i|       pointer|
|B_TILE_73_i_ap_vld   |   in|     1|     ap_none|                      B_TILE_73_i|       pointer|
|B_TILE_74_i          |   in|    32|     ap_none|                      B_TILE_74_i|       pointer|
|B_TILE_74_i_ap_vld   |   in|     1|     ap_none|                      B_TILE_74_i|       pointer|
|B_TILE_75_i          |   in|    32|     ap_none|                      B_TILE_75_i|       pointer|
|B_TILE_75_i_ap_vld   |   in|     1|     ap_none|                      B_TILE_75_i|       pointer|
|B_TILE_76_i          |   in|    32|     ap_none|                      B_TILE_76_i|       pointer|
|B_TILE_76_i_ap_vld   |   in|     1|     ap_none|                      B_TILE_76_i|       pointer|
|B_TILE_77_i          |   in|    32|     ap_none|                      B_TILE_77_i|       pointer|
|B_TILE_77_i_ap_vld   |   in|     1|     ap_none|                      B_TILE_77_i|       pointer|
|B_TILE_78_i          |   in|    32|     ap_none|                      B_TILE_78_i|       pointer|
|B_TILE_78_i_ap_vld   |   in|     1|     ap_none|                      B_TILE_78_i|       pointer|
|B_TILE_79_i          |   in|    32|     ap_none|                      B_TILE_79_i|       pointer|
|B_TILE_79_i_ap_vld   |   in|     1|     ap_none|                      B_TILE_79_i|       pointer|
|B_TILE_80_i          |   in|    32|     ap_none|                      B_TILE_80_i|       pointer|
|B_TILE_80_i_ap_vld   |   in|     1|     ap_none|                      B_TILE_80_i|       pointer|
|B_TILE_81_i          |   in|    32|     ap_none|                      B_TILE_81_i|       pointer|
|B_TILE_81_i_ap_vld   |   in|     1|     ap_none|                      B_TILE_81_i|       pointer|
|B_TILE_82_i          |   in|    32|     ap_none|                      B_TILE_82_i|       pointer|
|B_TILE_82_i_ap_vld   |   in|     1|     ap_none|                      B_TILE_82_i|       pointer|
|B_TILE_83_i          |   in|    32|     ap_none|                      B_TILE_83_i|       pointer|
|B_TILE_83_i_ap_vld   |   in|     1|     ap_none|                      B_TILE_83_i|       pointer|
|B_TILE_84_i          |   in|    32|     ap_none|                      B_TILE_84_i|       pointer|
|B_TILE_84_i_ap_vld   |   in|     1|     ap_none|                      B_TILE_84_i|       pointer|
|B_TILE_85_i          |   in|    32|     ap_none|                      B_TILE_85_i|       pointer|
|B_TILE_85_i_ap_vld   |   in|     1|     ap_none|                      B_TILE_85_i|       pointer|
|B_TILE_86_i          |   in|    32|     ap_none|                      B_TILE_86_i|       pointer|
|B_TILE_86_i_ap_vld   |   in|     1|     ap_none|                      B_TILE_86_i|       pointer|
|B_TILE_87_i          |   in|    32|     ap_none|                      B_TILE_87_i|       pointer|
|B_TILE_87_i_ap_vld   |   in|     1|     ap_none|                      B_TILE_87_i|       pointer|
|B_TILE_88_i          |   in|    32|     ap_none|                      B_TILE_88_i|       pointer|
|B_TILE_88_i_ap_vld   |   in|     1|     ap_none|                      B_TILE_88_i|       pointer|
|B_TILE_89_i          |   in|    32|     ap_none|                      B_TILE_89_i|       pointer|
|B_TILE_89_i_ap_vld   |   in|     1|     ap_none|                      B_TILE_89_i|       pointer|
|B_TILE_90_i          |   in|    32|     ap_none|                      B_TILE_90_i|       pointer|
|B_TILE_90_i_ap_vld   |   in|     1|     ap_none|                      B_TILE_90_i|       pointer|
|B_TILE_91_i          |   in|    32|     ap_none|                      B_TILE_91_i|       pointer|
|B_TILE_91_i_ap_vld   |   in|     1|     ap_none|                      B_TILE_91_i|       pointer|
|B_TILE_92_i          |   in|    32|     ap_none|                      B_TILE_92_i|       pointer|
|B_TILE_92_i_ap_vld   |   in|     1|     ap_none|                      B_TILE_92_i|       pointer|
|B_TILE_93_i          |   in|    32|     ap_none|                      B_TILE_93_i|       pointer|
|B_TILE_93_i_ap_vld   |   in|     1|     ap_none|                      B_TILE_93_i|       pointer|
|B_TILE_94_i          |   in|    32|     ap_none|                      B_TILE_94_i|       pointer|
|B_TILE_94_i_ap_vld   |   in|     1|     ap_none|                      B_TILE_94_i|       pointer|
|B_TILE_95_i          |   in|    32|     ap_none|                      B_TILE_95_i|       pointer|
|B_TILE_95_i_ap_vld   |   in|     1|     ap_none|                      B_TILE_95_i|       pointer|
|B_TILE_96_i          |   in|    32|     ap_none|                      B_TILE_96_i|       pointer|
|B_TILE_96_i_ap_vld   |   in|     1|     ap_none|                      B_TILE_96_i|       pointer|
|B_TILE_97_i          |   in|    32|     ap_none|                      B_TILE_97_i|       pointer|
|B_TILE_97_i_ap_vld   |   in|     1|     ap_none|                      B_TILE_97_i|       pointer|
|B_TILE_98_i          |   in|    32|     ap_none|                      B_TILE_98_i|       pointer|
|B_TILE_98_i_ap_vld   |   in|     1|     ap_none|                      B_TILE_98_i|       pointer|
|B_TILE_99_i          |   in|    32|     ap_none|                      B_TILE_99_i|       pointer|
|B_TILE_99_i_ap_vld   |   in|     1|     ap_none|                      B_TILE_99_i|       pointer|
|B_TILE_100_i         |   in|    32|     ap_none|                     B_TILE_100_i|       pointer|
|B_TILE_100_i_ap_vld  |   in|     1|     ap_none|                     B_TILE_100_i|       pointer|
|B_TILE_101_i         |   in|    32|     ap_none|                     B_TILE_101_i|       pointer|
|B_TILE_101_i_ap_vld  |   in|     1|     ap_none|                     B_TILE_101_i|       pointer|
|B_TILE_102_i         |   in|    32|     ap_none|                     B_TILE_102_i|       pointer|
|B_TILE_102_i_ap_vld  |   in|     1|     ap_none|                     B_TILE_102_i|       pointer|
|B_TILE_103_i         |   in|    32|     ap_none|                     B_TILE_103_i|       pointer|
|B_TILE_103_i_ap_vld  |   in|     1|     ap_none|                     B_TILE_103_i|       pointer|
|B_TILE_104_i         |   in|    32|     ap_none|                     B_TILE_104_i|       pointer|
|B_TILE_104_i_ap_vld  |   in|     1|     ap_none|                     B_TILE_104_i|       pointer|
|B_TILE_105_i         |   in|    32|     ap_none|                     B_TILE_105_i|       pointer|
|B_TILE_105_i_ap_vld  |   in|     1|     ap_none|                     B_TILE_105_i|       pointer|
|B_TILE_106_i         |   in|    32|     ap_none|                     B_TILE_106_i|       pointer|
|B_TILE_106_i_ap_vld  |   in|     1|     ap_none|                     B_TILE_106_i|       pointer|
|B_TILE_107_i         |   in|    32|     ap_none|                     B_TILE_107_i|       pointer|
|B_TILE_107_i_ap_vld  |   in|     1|     ap_none|                     B_TILE_107_i|       pointer|
|B_TILE_108_i         |   in|    32|     ap_none|                     B_TILE_108_i|       pointer|
|B_TILE_108_i_ap_vld  |   in|     1|     ap_none|                     B_TILE_108_i|       pointer|
|B_TILE_109_i         |   in|    32|     ap_none|                     B_TILE_109_i|       pointer|
|B_TILE_109_i_ap_vld  |   in|     1|     ap_none|                     B_TILE_109_i|       pointer|
|B_TILE_110_i         |   in|    32|     ap_none|                     B_TILE_110_i|       pointer|
|B_TILE_110_i_ap_vld  |   in|     1|     ap_none|                     B_TILE_110_i|       pointer|
|B_TILE_111_i         |   in|    32|     ap_none|                     B_TILE_111_i|       pointer|
|B_TILE_111_i_ap_vld  |   in|     1|     ap_none|                     B_TILE_111_i|       pointer|
|B_TILE_112_i         |   in|    32|     ap_none|                     B_TILE_112_i|       pointer|
|B_TILE_112_i_ap_vld  |   in|     1|     ap_none|                     B_TILE_112_i|       pointer|
|B_TILE_113_i         |   in|    32|     ap_none|                     B_TILE_113_i|       pointer|
|B_TILE_113_i_ap_vld  |   in|     1|     ap_none|                     B_TILE_113_i|       pointer|
|B_TILE_114_i         |   in|    32|     ap_none|                     B_TILE_114_i|       pointer|
|B_TILE_114_i_ap_vld  |   in|     1|     ap_none|                     B_TILE_114_i|       pointer|
|B_TILE_115_i         |   in|    32|     ap_none|                     B_TILE_115_i|       pointer|
|B_TILE_115_i_ap_vld  |   in|     1|     ap_none|                     B_TILE_115_i|       pointer|
|B_TILE_116_i         |   in|    32|     ap_none|                     B_TILE_116_i|       pointer|
|B_TILE_116_i_ap_vld  |   in|     1|     ap_none|                     B_TILE_116_i|       pointer|
|B_TILE_117_i         |   in|    32|     ap_none|                     B_TILE_117_i|       pointer|
|B_TILE_117_i_ap_vld  |   in|     1|     ap_none|                     B_TILE_117_i|       pointer|
|B_TILE_118_i         |   in|    32|     ap_none|                     B_TILE_118_i|       pointer|
|B_TILE_118_i_ap_vld  |   in|     1|     ap_none|                     B_TILE_118_i|       pointer|
|B_TILE_119_i         |   in|    32|     ap_none|                     B_TILE_119_i|       pointer|
|B_TILE_119_i_ap_vld  |   in|     1|     ap_none|                     B_TILE_119_i|       pointer|
|B_TILE_120_i         |   in|    32|     ap_none|                     B_TILE_120_i|       pointer|
|B_TILE_120_i_ap_vld  |   in|     1|     ap_none|                     B_TILE_120_i|       pointer|
|B_TILE_121_i         |   in|    32|     ap_none|                     B_TILE_121_i|       pointer|
|B_TILE_121_i_ap_vld  |   in|     1|     ap_none|                     B_TILE_121_i|       pointer|
|B_TILE_122_i         |   in|    32|     ap_none|                     B_TILE_122_i|       pointer|
|B_TILE_122_i_ap_vld  |   in|     1|     ap_none|                     B_TILE_122_i|       pointer|
|B_TILE_123_i         |   in|    32|     ap_none|                     B_TILE_123_i|       pointer|
|B_TILE_123_i_ap_vld  |   in|     1|     ap_none|                     B_TILE_123_i|       pointer|
|B_TILE_124_i         |   in|    32|     ap_none|                     B_TILE_124_i|       pointer|
|B_TILE_124_i_ap_vld  |   in|     1|     ap_none|                     B_TILE_124_i|       pointer|
|B_TILE_125_i         |   in|    32|     ap_none|                     B_TILE_125_i|       pointer|
|B_TILE_125_i_ap_vld  |   in|     1|     ap_none|                     B_TILE_125_i|       pointer|
|B_TILE_126_i         |   in|    32|     ap_none|                     B_TILE_126_i|       pointer|
|B_TILE_126_i_ap_vld  |   in|     1|     ap_none|                     B_TILE_126_i|       pointer|
|B_TILE_127_i         |   in|    32|     ap_none|                     B_TILE_127_i|       pointer|
|B_TILE_127_i_ap_vld  |   in|     1|     ap_none|                     B_TILE_127_i|       pointer|
|B_TILE_128_i         |   in|    32|     ap_none|                     B_TILE_128_i|       pointer|
|B_TILE_128_i_ap_vld  |   in|     1|     ap_none|                     B_TILE_128_i|       pointer|
|B_TILE_129_i         |   in|    32|     ap_none|                     B_TILE_129_i|       pointer|
|B_TILE_129_i_ap_vld  |   in|     1|     ap_none|                     B_TILE_129_i|       pointer|
|B_TILE_130_i         |   in|    32|     ap_none|                     B_TILE_130_i|       pointer|
|B_TILE_130_i_ap_vld  |   in|     1|     ap_none|                     B_TILE_130_i|       pointer|
|B_TILE_131_i         |   in|    32|     ap_none|                     B_TILE_131_i|       pointer|
|B_TILE_131_i_ap_vld  |   in|     1|     ap_none|                     B_TILE_131_i|       pointer|
|B_TILE_132_i         |   in|    32|     ap_none|                     B_TILE_132_i|       pointer|
|B_TILE_132_i_ap_vld  |   in|     1|     ap_none|                     B_TILE_132_i|       pointer|
|B_TILE_133_i         |   in|    32|     ap_none|                     B_TILE_133_i|       pointer|
|B_TILE_133_i_ap_vld  |   in|     1|     ap_none|                     B_TILE_133_i|       pointer|
|B_TILE_134_i         |   in|    32|     ap_none|                     B_TILE_134_i|       pointer|
|B_TILE_134_i_ap_vld  |   in|     1|     ap_none|                     B_TILE_134_i|       pointer|
|B_TILE_135_i         |   in|    32|     ap_none|                     B_TILE_135_i|       pointer|
|B_TILE_135_i_ap_vld  |   in|     1|     ap_none|                     B_TILE_135_i|       pointer|
|B_TILE_136_i         |   in|    32|     ap_none|                     B_TILE_136_i|       pointer|
|B_TILE_136_i_ap_vld  |   in|     1|     ap_none|                     B_TILE_136_i|       pointer|
|B_TILE_137_i         |   in|    32|     ap_none|                     B_TILE_137_i|       pointer|
|B_TILE_137_i_ap_vld  |   in|     1|     ap_none|                     B_TILE_137_i|       pointer|
|B_TILE_138_i         |   in|    32|     ap_none|                     B_TILE_138_i|       pointer|
|B_TILE_138_i_ap_vld  |   in|     1|     ap_none|                     B_TILE_138_i|       pointer|
|B_TILE_139_i         |   in|    32|     ap_none|                     B_TILE_139_i|       pointer|
|B_TILE_139_i_ap_vld  |   in|     1|     ap_none|                     B_TILE_139_i|       pointer|
|B_TILE_140_i         |   in|    32|     ap_none|                     B_TILE_140_i|       pointer|
|B_TILE_140_i_ap_vld  |   in|     1|     ap_none|                     B_TILE_140_i|       pointer|
|B_TILE_141_i         |   in|    32|     ap_none|                     B_TILE_141_i|       pointer|
|B_TILE_141_i_ap_vld  |   in|     1|     ap_none|                     B_TILE_141_i|       pointer|
|B_TILE_142_i         |   in|    32|     ap_none|                     B_TILE_142_i|       pointer|
|B_TILE_142_i_ap_vld  |   in|     1|     ap_none|                     B_TILE_142_i|       pointer|
|B_TILE_143_i         |   in|    32|     ap_none|                     B_TILE_143_i|       pointer|
|B_TILE_143_i_ap_vld  |   in|     1|     ap_none|                     B_TILE_143_i|       pointer|
|B_TILE_144_i         |   in|    32|     ap_none|                     B_TILE_144_i|       pointer|
|B_TILE_144_i_ap_vld  |   in|     1|     ap_none|                     B_TILE_144_i|       pointer|
|B_TILE_145_i         |   in|    32|     ap_none|                     B_TILE_145_i|       pointer|
|B_TILE_145_i_ap_vld  |   in|     1|     ap_none|                     B_TILE_145_i|       pointer|
|B_TILE_146_i         |   in|    32|     ap_none|                     B_TILE_146_i|       pointer|
|B_TILE_146_i_ap_vld  |   in|     1|     ap_none|                     B_TILE_146_i|       pointer|
|B_TILE_147_i         |   in|    32|     ap_none|                     B_TILE_147_i|       pointer|
|B_TILE_147_i_ap_vld  |   in|     1|     ap_none|                     B_TILE_147_i|       pointer|
|B_TILE_148_i         |   in|    32|     ap_none|                     B_TILE_148_i|       pointer|
|B_TILE_148_i_ap_vld  |   in|     1|     ap_none|                     B_TILE_148_i|       pointer|
|B_TILE_149_i         |   in|    32|     ap_none|                     B_TILE_149_i|       pointer|
|B_TILE_149_i_ap_vld  |   in|     1|     ap_none|                     B_TILE_149_i|       pointer|
|B_TILE_150_i         |   in|    32|     ap_none|                     B_TILE_150_i|       pointer|
|B_TILE_150_i_ap_vld  |   in|     1|     ap_none|                     B_TILE_150_i|       pointer|
|B_TILE_151_i         |   in|    32|     ap_none|                     B_TILE_151_i|       pointer|
|B_TILE_151_i_ap_vld  |   in|     1|     ap_none|                     B_TILE_151_i|       pointer|
|B_TILE_152_i         |   in|    32|     ap_none|                     B_TILE_152_i|       pointer|
|B_TILE_152_i_ap_vld  |   in|     1|     ap_none|                     B_TILE_152_i|       pointer|
|B_TILE_153_i         |   in|    32|     ap_none|                     B_TILE_153_i|       pointer|
|B_TILE_153_i_ap_vld  |   in|     1|     ap_none|                     B_TILE_153_i|       pointer|
|B_TILE_154_i         |   in|    32|     ap_none|                     B_TILE_154_i|       pointer|
|B_TILE_154_i_ap_vld  |   in|     1|     ap_none|                     B_TILE_154_i|       pointer|
|B_TILE_155_i         |   in|    32|     ap_none|                     B_TILE_155_i|       pointer|
|B_TILE_155_i_ap_vld  |   in|     1|     ap_none|                     B_TILE_155_i|       pointer|
|B_TILE_156_i         |   in|    32|     ap_none|                     B_TILE_156_i|       pointer|
|B_TILE_156_i_ap_vld  |   in|     1|     ap_none|                     B_TILE_156_i|       pointer|
|B_TILE_157_i         |   in|    32|     ap_none|                     B_TILE_157_i|       pointer|
|B_TILE_157_i_ap_vld  |   in|     1|     ap_none|                     B_TILE_157_i|       pointer|
|B_TILE_158_i         |   in|    32|     ap_none|                     B_TILE_158_i|       pointer|
|B_TILE_158_i_ap_vld  |   in|     1|     ap_none|                     B_TILE_158_i|       pointer|
|B_TILE_159_i         |   in|    32|     ap_none|                     B_TILE_159_i|       pointer|
|B_TILE_159_i_ap_vld  |   in|     1|     ap_none|                     B_TILE_159_i|       pointer|
|B_TILE_160_i         |   in|    32|     ap_none|                     B_TILE_160_i|       pointer|
|B_TILE_160_i_ap_vld  |   in|     1|     ap_none|                     B_TILE_160_i|       pointer|
|B_TILE_161_i         |   in|    32|     ap_none|                     B_TILE_161_i|       pointer|
|B_TILE_161_i_ap_vld  |   in|     1|     ap_none|                     B_TILE_161_i|       pointer|
|B_TILE_162_i         |   in|    32|     ap_none|                     B_TILE_162_i|       pointer|
|B_TILE_162_i_ap_vld  |   in|     1|     ap_none|                     B_TILE_162_i|       pointer|
|B_TILE_163_i         |   in|    32|     ap_none|                     B_TILE_163_i|       pointer|
|B_TILE_163_i_ap_vld  |   in|     1|     ap_none|                     B_TILE_163_i|       pointer|
|B_TILE_164_i         |   in|    32|     ap_none|                     B_TILE_164_i|       pointer|
|B_TILE_164_i_ap_vld  |   in|     1|     ap_none|                     B_TILE_164_i|       pointer|
|B_TILE_165_i         |   in|    32|     ap_none|                     B_TILE_165_i|       pointer|
|B_TILE_165_i_ap_vld  |   in|     1|     ap_none|                     B_TILE_165_i|       pointer|
|B_TILE_166_i         |   in|    32|     ap_none|                     B_TILE_166_i|       pointer|
|B_TILE_166_i_ap_vld  |   in|     1|     ap_none|                     B_TILE_166_i|       pointer|
|B_TILE_167_i         |   in|    32|     ap_none|                     B_TILE_167_i|       pointer|
|B_TILE_167_i_ap_vld  |   in|     1|     ap_none|                     B_TILE_167_i|       pointer|
|B_TILE_168_i         |   in|    32|     ap_none|                     B_TILE_168_i|       pointer|
|B_TILE_168_i_ap_vld  |   in|     1|     ap_none|                     B_TILE_168_i|       pointer|
|B_TILE_169_i         |   in|    32|     ap_none|                     B_TILE_169_i|       pointer|
|B_TILE_169_i_ap_vld  |   in|     1|     ap_none|                     B_TILE_169_i|       pointer|
|B_TILE_170_i         |   in|    32|     ap_none|                     B_TILE_170_i|       pointer|
|B_TILE_170_i_ap_vld  |   in|     1|     ap_none|                     B_TILE_170_i|       pointer|
|B_TILE_171_i         |   in|    32|     ap_none|                     B_TILE_171_i|       pointer|
|B_TILE_171_i_ap_vld  |   in|     1|     ap_none|                     B_TILE_171_i|       pointer|
|B_TILE_172_i         |   in|    32|     ap_none|                     B_TILE_172_i|       pointer|
|B_TILE_172_i_ap_vld  |   in|     1|     ap_none|                     B_TILE_172_i|       pointer|
|B_TILE_173_i         |   in|    32|     ap_none|                     B_TILE_173_i|       pointer|
|B_TILE_173_i_ap_vld  |   in|     1|     ap_none|                     B_TILE_173_i|       pointer|
|B_TILE_174_i         |   in|    32|     ap_none|                     B_TILE_174_i|       pointer|
|B_TILE_174_i_ap_vld  |   in|     1|     ap_none|                     B_TILE_174_i|       pointer|
|B_TILE_175_i         |   in|    32|     ap_none|                     B_TILE_175_i|       pointer|
|B_TILE_175_i_ap_vld  |   in|     1|     ap_none|                     B_TILE_175_i|       pointer|
|B_TILE_176_i         |   in|    32|     ap_none|                     B_TILE_176_i|       pointer|
|B_TILE_176_i_ap_vld  |   in|     1|     ap_none|                     B_TILE_176_i|       pointer|
|B_TILE_177_i         |   in|    32|     ap_none|                     B_TILE_177_i|       pointer|
|B_TILE_177_i_ap_vld  |   in|     1|     ap_none|                     B_TILE_177_i|       pointer|
|B_TILE_178_i         |   in|    32|     ap_none|                     B_TILE_178_i|       pointer|
|B_TILE_178_i_ap_vld  |   in|     1|     ap_none|                     B_TILE_178_i|       pointer|
|B_TILE_179_i         |   in|    32|     ap_none|                     B_TILE_179_i|       pointer|
|B_TILE_179_i_ap_vld  |   in|     1|     ap_none|                     B_TILE_179_i|       pointer|
|B_TILE_180_i         |   in|    32|     ap_none|                     B_TILE_180_i|       pointer|
|B_TILE_180_i_ap_vld  |   in|     1|     ap_none|                     B_TILE_180_i|       pointer|
|B_TILE_181_i         |   in|    32|     ap_none|                     B_TILE_181_i|       pointer|
|B_TILE_181_i_ap_vld  |   in|     1|     ap_none|                     B_TILE_181_i|       pointer|
|B_TILE_182_i         |   in|    32|     ap_none|                     B_TILE_182_i|       pointer|
|B_TILE_182_i_ap_vld  |   in|     1|     ap_none|                     B_TILE_182_i|       pointer|
|B_TILE_183_i         |   in|    32|     ap_none|                     B_TILE_183_i|       pointer|
|B_TILE_183_i_ap_vld  |   in|     1|     ap_none|                     B_TILE_183_i|       pointer|
|B_TILE_184_i         |   in|    32|     ap_none|                     B_TILE_184_i|       pointer|
|B_TILE_184_i_ap_vld  |   in|     1|     ap_none|                     B_TILE_184_i|       pointer|
|B_TILE_185_i         |   in|    32|     ap_none|                     B_TILE_185_i|       pointer|
|B_TILE_185_i_ap_vld  |   in|     1|     ap_none|                     B_TILE_185_i|       pointer|
|B_TILE_186_i         |   in|    32|     ap_none|                     B_TILE_186_i|       pointer|
|B_TILE_186_i_ap_vld  |   in|     1|     ap_none|                     B_TILE_186_i|       pointer|
|B_TILE_187_i         |   in|    32|     ap_none|                     B_TILE_187_i|       pointer|
|B_TILE_187_i_ap_vld  |   in|     1|     ap_none|                     B_TILE_187_i|       pointer|
|B_TILE_188_i         |   in|    32|     ap_none|                     B_TILE_188_i|       pointer|
|B_TILE_188_i_ap_vld  |   in|     1|     ap_none|                     B_TILE_188_i|       pointer|
|B_TILE_189_i         |   in|    32|     ap_none|                     B_TILE_189_i|       pointer|
|B_TILE_189_i_ap_vld  |   in|     1|     ap_none|                     B_TILE_189_i|       pointer|
|B_TILE_190_i         |   in|    32|     ap_none|                     B_TILE_190_i|       pointer|
|B_TILE_190_i_ap_vld  |   in|     1|     ap_none|                     B_TILE_190_i|       pointer|
|B_TILE_191_i         |   in|    32|     ap_none|                     B_TILE_191_i|       pointer|
|B_TILE_191_i_ap_vld  |   in|     1|     ap_none|                     B_TILE_191_i|       pointer|
|B_TILE_192_i         |   in|    32|     ap_none|                     B_TILE_192_i|       pointer|
|B_TILE_192_i_ap_vld  |   in|     1|     ap_none|                     B_TILE_192_i|       pointer|
|B_TILE_193_i         |   in|    32|     ap_none|                     B_TILE_193_i|       pointer|
|B_TILE_193_i_ap_vld  |   in|     1|     ap_none|                     B_TILE_193_i|       pointer|
|B_TILE_194_i         |   in|    32|     ap_none|                     B_TILE_194_i|       pointer|
|B_TILE_194_i_ap_vld  |   in|     1|     ap_none|                     B_TILE_194_i|       pointer|
|B_TILE_195_i         |   in|    32|     ap_none|                     B_TILE_195_i|       pointer|
|B_TILE_195_i_ap_vld  |   in|     1|     ap_none|                     B_TILE_195_i|       pointer|
|B_TILE_196_i         |   in|    32|     ap_none|                     B_TILE_196_i|       pointer|
|B_TILE_196_i_ap_vld  |   in|     1|     ap_none|                     B_TILE_196_i|       pointer|
|B_TILE_197_i         |   in|    32|     ap_none|                     B_TILE_197_i|       pointer|
|B_TILE_197_i_ap_vld  |   in|     1|     ap_none|                     B_TILE_197_i|       pointer|
|B_TILE_198_i         |   in|    32|     ap_none|                     B_TILE_198_i|       pointer|
|B_TILE_198_i_ap_vld  |   in|     1|     ap_none|                     B_TILE_198_i|       pointer|
|B_TILE_199_i         |   in|    32|     ap_none|                     B_TILE_199_i|       pointer|
|B_TILE_199_i_ap_vld  |   in|     1|     ap_none|                     B_TILE_199_i|       pointer|
|B_TILE_200_i         |   in|    32|     ap_none|                     B_TILE_200_i|       pointer|
|B_TILE_200_i_ap_vld  |   in|     1|     ap_none|                     B_TILE_200_i|       pointer|
|B_TILE_201_i         |   in|    32|     ap_none|                     B_TILE_201_i|       pointer|
|B_TILE_201_i_ap_vld  |   in|     1|     ap_none|                     B_TILE_201_i|       pointer|
|B_TILE_202_i         |   in|    32|     ap_none|                     B_TILE_202_i|       pointer|
|B_TILE_202_i_ap_vld  |   in|     1|     ap_none|                     B_TILE_202_i|       pointer|
|B_TILE_203_i         |   in|    32|     ap_none|                     B_TILE_203_i|       pointer|
|B_TILE_203_i_ap_vld  |   in|     1|     ap_none|                     B_TILE_203_i|       pointer|
|B_TILE_204_i         |   in|    32|     ap_none|                     B_TILE_204_i|       pointer|
|B_TILE_204_i_ap_vld  |   in|     1|     ap_none|                     B_TILE_204_i|       pointer|
|B_TILE_205_i         |   in|    32|     ap_none|                     B_TILE_205_i|       pointer|
|B_TILE_205_i_ap_vld  |   in|     1|     ap_none|                     B_TILE_205_i|       pointer|
|B_TILE_206_i         |   in|    32|     ap_none|                     B_TILE_206_i|       pointer|
|B_TILE_206_i_ap_vld  |   in|     1|     ap_none|                     B_TILE_206_i|       pointer|
|B_TILE_207_i         |   in|    32|     ap_none|                     B_TILE_207_i|       pointer|
|B_TILE_207_i_ap_vld  |   in|     1|     ap_none|                     B_TILE_207_i|       pointer|
|B_TILE_208_i         |   in|    32|     ap_none|                     B_TILE_208_i|       pointer|
|B_TILE_208_i_ap_vld  |   in|     1|     ap_none|                     B_TILE_208_i|       pointer|
|B_TILE_209_i         |   in|    32|     ap_none|                     B_TILE_209_i|       pointer|
|B_TILE_209_i_ap_vld  |   in|     1|     ap_none|                     B_TILE_209_i|       pointer|
|B_TILE_210_i         |   in|    32|     ap_none|                     B_TILE_210_i|       pointer|
|B_TILE_210_i_ap_vld  |   in|     1|     ap_none|                     B_TILE_210_i|       pointer|
|B_TILE_211_i         |   in|    32|     ap_none|                     B_TILE_211_i|       pointer|
|B_TILE_211_i_ap_vld  |   in|     1|     ap_none|                     B_TILE_211_i|       pointer|
|B_TILE_212_i         |   in|    32|     ap_none|                     B_TILE_212_i|       pointer|
|B_TILE_212_i_ap_vld  |   in|     1|     ap_none|                     B_TILE_212_i|       pointer|
|B_TILE_213_i         |   in|    32|     ap_none|                     B_TILE_213_i|       pointer|
|B_TILE_213_i_ap_vld  |   in|     1|     ap_none|                     B_TILE_213_i|       pointer|
|B_TILE_214_i         |   in|    32|     ap_none|                     B_TILE_214_i|       pointer|
|B_TILE_214_i_ap_vld  |   in|     1|     ap_none|                     B_TILE_214_i|       pointer|
|B_TILE_215_i         |   in|    32|     ap_none|                     B_TILE_215_i|       pointer|
|B_TILE_215_i_ap_vld  |   in|     1|     ap_none|                     B_TILE_215_i|       pointer|
|B_TILE_216_i         |   in|    32|     ap_none|                     B_TILE_216_i|       pointer|
|B_TILE_216_i_ap_vld  |   in|     1|     ap_none|                     B_TILE_216_i|       pointer|
|B_TILE_217_i         |   in|    32|     ap_none|                     B_TILE_217_i|       pointer|
|B_TILE_217_i_ap_vld  |   in|     1|     ap_none|                     B_TILE_217_i|       pointer|
|B_TILE_218_i         |   in|    32|     ap_none|                     B_TILE_218_i|       pointer|
|B_TILE_218_i_ap_vld  |   in|     1|     ap_none|                     B_TILE_218_i|       pointer|
|B_TILE_219_i         |   in|    32|     ap_none|                     B_TILE_219_i|       pointer|
|B_TILE_219_i_ap_vld  |   in|     1|     ap_none|                     B_TILE_219_i|       pointer|
|B_TILE_220_i         |   in|    32|     ap_none|                     B_TILE_220_i|       pointer|
|B_TILE_220_i_ap_vld  |   in|     1|     ap_none|                     B_TILE_220_i|       pointer|
|B_TILE_221_i         |   in|    32|     ap_none|                     B_TILE_221_i|       pointer|
|B_TILE_221_i_ap_vld  |   in|     1|     ap_none|                     B_TILE_221_i|       pointer|
|B_TILE_222_i         |   in|    32|     ap_none|                     B_TILE_222_i|       pointer|
|B_TILE_222_i_ap_vld  |   in|     1|     ap_none|                     B_TILE_222_i|       pointer|
|B_TILE_223_i         |   in|    32|     ap_none|                     B_TILE_223_i|       pointer|
|B_TILE_223_i_ap_vld  |   in|     1|     ap_none|                     B_TILE_223_i|       pointer|
|B_TILE_224_i         |   in|    32|     ap_none|                     B_TILE_224_i|       pointer|
|B_TILE_224_i_ap_vld  |   in|     1|     ap_none|                     B_TILE_224_i|       pointer|
|B_TILE_225_i         |   in|    32|     ap_none|                     B_TILE_225_i|       pointer|
|B_TILE_225_i_ap_vld  |   in|     1|     ap_none|                     B_TILE_225_i|       pointer|
|B_TILE_226_i         |   in|    32|     ap_none|                     B_TILE_226_i|       pointer|
|B_TILE_226_i_ap_vld  |   in|     1|     ap_none|                     B_TILE_226_i|       pointer|
|B_TILE_227_i         |   in|    32|     ap_none|                     B_TILE_227_i|       pointer|
|B_TILE_227_i_ap_vld  |   in|     1|     ap_none|                     B_TILE_227_i|       pointer|
|B_TILE_228_i         |   in|    32|     ap_none|                     B_TILE_228_i|       pointer|
|B_TILE_228_i_ap_vld  |   in|     1|     ap_none|                     B_TILE_228_i|       pointer|
|B_TILE_229_i         |   in|    32|     ap_none|                     B_TILE_229_i|       pointer|
|B_TILE_229_i_ap_vld  |   in|     1|     ap_none|                     B_TILE_229_i|       pointer|
|B_TILE_230_i         |   in|    32|     ap_none|                     B_TILE_230_i|       pointer|
|B_TILE_230_i_ap_vld  |   in|     1|     ap_none|                     B_TILE_230_i|       pointer|
|B_TILE_231_i         |   in|    32|     ap_none|                     B_TILE_231_i|       pointer|
|B_TILE_231_i_ap_vld  |   in|     1|     ap_none|                     B_TILE_231_i|       pointer|
|B_TILE_232_i         |   in|    32|     ap_none|                     B_TILE_232_i|       pointer|
|B_TILE_232_i_ap_vld  |   in|     1|     ap_none|                     B_TILE_232_i|       pointer|
|B_TILE_233_i         |   in|    32|     ap_none|                     B_TILE_233_i|       pointer|
|B_TILE_233_i_ap_vld  |   in|     1|     ap_none|                     B_TILE_233_i|       pointer|
|B_TILE_234_i         |   in|    32|     ap_none|                     B_TILE_234_i|       pointer|
|B_TILE_234_i_ap_vld  |   in|     1|     ap_none|                     B_TILE_234_i|       pointer|
|B_TILE_235_i         |   in|    32|     ap_none|                     B_TILE_235_i|       pointer|
|B_TILE_235_i_ap_vld  |   in|     1|     ap_none|                     B_TILE_235_i|       pointer|
|B_TILE_236_i         |   in|    32|     ap_none|                     B_TILE_236_i|       pointer|
|B_TILE_236_i_ap_vld  |   in|     1|     ap_none|                     B_TILE_236_i|       pointer|
|B_TILE_237_i         |   in|    32|     ap_none|                     B_TILE_237_i|       pointer|
|B_TILE_237_i_ap_vld  |   in|     1|     ap_none|                     B_TILE_237_i|       pointer|
|B_TILE_238_i         |   in|    32|     ap_none|                     B_TILE_238_i|       pointer|
|B_TILE_238_i_ap_vld  |   in|     1|     ap_none|                     B_TILE_238_i|       pointer|
|B_TILE_239_i         |   in|    32|     ap_none|                     B_TILE_239_i|       pointer|
|B_TILE_239_i_ap_vld  |   in|     1|     ap_none|                     B_TILE_239_i|       pointer|
|B_TILE_240_i         |   in|    32|     ap_none|                     B_TILE_240_i|       pointer|
|B_TILE_240_i_ap_vld  |   in|     1|     ap_none|                     B_TILE_240_i|       pointer|
|B_TILE_241_i         |   in|    32|     ap_none|                     B_TILE_241_i|       pointer|
|B_TILE_241_i_ap_vld  |   in|     1|     ap_none|                     B_TILE_241_i|       pointer|
|B_TILE_242_i         |   in|    32|     ap_none|                     B_TILE_242_i|       pointer|
|B_TILE_242_i_ap_vld  |   in|     1|     ap_none|                     B_TILE_242_i|       pointer|
|B_TILE_243_i         |   in|    32|     ap_none|                     B_TILE_243_i|       pointer|
|B_TILE_243_i_ap_vld  |   in|     1|     ap_none|                     B_TILE_243_i|       pointer|
|B_TILE_244_i         |   in|    32|     ap_none|                     B_TILE_244_i|       pointer|
|B_TILE_244_i_ap_vld  |   in|     1|     ap_none|                     B_TILE_244_i|       pointer|
|B_TILE_245_i         |   in|    32|     ap_none|                     B_TILE_245_i|       pointer|
|B_TILE_245_i_ap_vld  |   in|     1|     ap_none|                     B_TILE_245_i|       pointer|
|B_TILE_246_i         |   in|    32|     ap_none|                     B_TILE_246_i|       pointer|
|B_TILE_246_i_ap_vld  |   in|     1|     ap_none|                     B_TILE_246_i|       pointer|
|B_TILE_247_i         |   in|    32|     ap_none|                     B_TILE_247_i|       pointer|
|B_TILE_247_i_ap_vld  |   in|     1|     ap_none|                     B_TILE_247_i|       pointer|
|B_TILE_248_i         |   in|    32|     ap_none|                     B_TILE_248_i|       pointer|
|B_TILE_248_i_ap_vld  |   in|     1|     ap_none|                     B_TILE_248_i|       pointer|
|B_TILE_249_i         |   in|    32|     ap_none|                     B_TILE_249_i|       pointer|
|B_TILE_249_i_ap_vld  |   in|     1|     ap_none|                     B_TILE_249_i|       pointer|
|B_TILE_250_i         |   in|    32|     ap_none|                     B_TILE_250_i|       pointer|
|B_TILE_250_i_ap_vld  |   in|     1|     ap_none|                     B_TILE_250_i|       pointer|
|B_TILE_251_i         |   in|    32|     ap_none|                     B_TILE_251_i|       pointer|
|B_TILE_251_i_ap_vld  |   in|     1|     ap_none|                     B_TILE_251_i|       pointer|
|B_TILE_252_i         |   in|    32|     ap_none|                     B_TILE_252_i|       pointer|
|B_TILE_252_i_ap_vld  |   in|     1|     ap_none|                     B_TILE_252_i|       pointer|
|B_TILE_253_i         |   in|    32|     ap_none|                     B_TILE_253_i|       pointer|
|B_TILE_253_i_ap_vld  |   in|     1|     ap_none|                     B_TILE_253_i|       pointer|
|B_TILE_254_i         |   in|    32|     ap_none|                     B_TILE_254_i|       pointer|
|B_TILE_254_i_ap_vld  |   in|     1|     ap_none|                     B_TILE_254_i|       pointer|
|B_TILE_255_i         |   in|    32|     ap_none|                     B_TILE_255_i|       pointer|
|B_TILE_255_i_ap_vld  |   in|     1|     ap_none|                     B_TILE_255_i|       pointer|
|B_TILE_256_i         |   in|    32|     ap_none|                     B_TILE_256_i|       pointer|
|B_TILE_256_i_ap_vld  |   in|     1|     ap_none|                     B_TILE_256_i|       pointer|
|B_TILE_257_i         |   in|    32|     ap_none|                     B_TILE_257_i|       pointer|
|B_TILE_257_i_ap_vld  |   in|     1|     ap_none|                     B_TILE_257_i|       pointer|
|B_TILE_258_i         |   in|    32|     ap_none|                     B_TILE_258_i|       pointer|
|B_TILE_258_i_ap_vld  |   in|     1|     ap_none|                     B_TILE_258_i|       pointer|
|B_TILE_259_i         |   in|    32|     ap_none|                     B_TILE_259_i|       pointer|
|B_TILE_259_i_ap_vld  |   in|     1|     ap_none|                     B_TILE_259_i|       pointer|
|B_TILE_260_i         |   in|    32|     ap_none|                     B_TILE_260_i|       pointer|
|B_TILE_260_i_ap_vld  |   in|     1|     ap_none|                     B_TILE_260_i|       pointer|
|B_TILE_261_i         |   in|    32|     ap_none|                     B_TILE_261_i|       pointer|
|B_TILE_261_i_ap_vld  |   in|     1|     ap_none|                     B_TILE_261_i|       pointer|
|B_TILE_262_i         |   in|    32|     ap_none|                     B_TILE_262_i|       pointer|
|B_TILE_262_i_ap_vld  |   in|     1|     ap_none|                     B_TILE_262_i|       pointer|
|B_TILE_263_i         |   in|    32|     ap_none|                     B_TILE_263_i|       pointer|
|B_TILE_263_i_ap_vld  |   in|     1|     ap_none|                     B_TILE_263_i|       pointer|
|B_TILE_264_i         |   in|    32|     ap_none|                     B_TILE_264_i|       pointer|
|B_TILE_264_i_ap_vld  |   in|     1|     ap_none|                     B_TILE_264_i|       pointer|
|B_TILE_265_i         |   in|    32|     ap_none|                     B_TILE_265_i|       pointer|
|B_TILE_265_i_ap_vld  |   in|     1|     ap_none|                     B_TILE_265_i|       pointer|
|B_TILE_266_i         |   in|    32|     ap_none|                     B_TILE_266_i|       pointer|
|B_TILE_266_i_ap_vld  |   in|     1|     ap_none|                     B_TILE_266_i|       pointer|
|B_TILE_267_i         |   in|    32|     ap_none|                     B_TILE_267_i|       pointer|
|B_TILE_267_i_ap_vld  |   in|     1|     ap_none|                     B_TILE_267_i|       pointer|
|B_TILE_268_i         |   in|    32|     ap_none|                     B_TILE_268_i|       pointer|
|B_TILE_268_i_ap_vld  |   in|     1|     ap_none|                     B_TILE_268_i|       pointer|
|B_TILE_269_i         |   in|    32|     ap_none|                     B_TILE_269_i|       pointer|
|B_TILE_269_i_ap_vld  |   in|     1|     ap_none|                     B_TILE_269_i|       pointer|
|B_TILE_270_i         |   in|    32|     ap_none|                     B_TILE_270_i|       pointer|
|B_TILE_270_i_ap_vld  |   in|     1|     ap_none|                     B_TILE_270_i|       pointer|
|B_TILE_271_i         |   in|    32|     ap_none|                     B_TILE_271_i|       pointer|
|B_TILE_271_i_ap_vld  |   in|     1|     ap_none|                     B_TILE_271_i|       pointer|
|B_TILE_272_i         |   in|    32|     ap_none|                     B_TILE_272_i|       pointer|
|B_TILE_272_i_ap_vld  |   in|     1|     ap_none|                     B_TILE_272_i|       pointer|
|B_TILE_273_i         |   in|    32|     ap_none|                     B_TILE_273_i|       pointer|
|B_TILE_273_i_ap_vld  |   in|     1|     ap_none|                     B_TILE_273_i|       pointer|
|B_TILE_274_i         |   in|    32|     ap_none|                     B_TILE_274_i|       pointer|
|B_TILE_274_i_ap_vld  |   in|     1|     ap_none|                     B_TILE_274_i|       pointer|
|B_TILE_275_i         |   in|    32|     ap_none|                     B_TILE_275_i|       pointer|
|B_TILE_275_i_ap_vld  |   in|     1|     ap_none|                     B_TILE_275_i|       pointer|
|B_TILE_276_i         |   in|    32|     ap_none|                     B_TILE_276_i|       pointer|
|B_TILE_276_i_ap_vld  |   in|     1|     ap_none|                     B_TILE_276_i|       pointer|
|B_TILE_277_i         |   in|    32|     ap_none|                     B_TILE_277_i|       pointer|
|B_TILE_277_i_ap_vld  |   in|     1|     ap_none|                     B_TILE_277_i|       pointer|
|B_TILE_278_i         |   in|    32|     ap_none|                     B_TILE_278_i|       pointer|
|B_TILE_278_i_ap_vld  |   in|     1|     ap_none|                     B_TILE_278_i|       pointer|
|B_TILE_279_i         |   in|    32|     ap_none|                     B_TILE_279_i|       pointer|
|B_TILE_279_i_ap_vld  |   in|     1|     ap_none|                     B_TILE_279_i|       pointer|
|B_TILE_280_i         |   in|    32|     ap_none|                     B_TILE_280_i|       pointer|
|B_TILE_280_i_ap_vld  |   in|     1|     ap_none|                     B_TILE_280_i|       pointer|
|B_TILE_281_i         |   in|    32|     ap_none|                     B_TILE_281_i|       pointer|
|B_TILE_281_i_ap_vld  |   in|     1|     ap_none|                     B_TILE_281_i|       pointer|
|B_TILE_282_i         |   in|    32|     ap_none|                     B_TILE_282_i|       pointer|
|B_TILE_282_i_ap_vld  |   in|     1|     ap_none|                     B_TILE_282_i|       pointer|
|B_TILE_283_i         |   in|    32|     ap_none|                     B_TILE_283_i|       pointer|
|B_TILE_283_i_ap_vld  |   in|     1|     ap_none|                     B_TILE_283_i|       pointer|
|B_TILE_284_i         |   in|    32|     ap_none|                     B_TILE_284_i|       pointer|
|B_TILE_284_i_ap_vld  |   in|     1|     ap_none|                     B_TILE_284_i|       pointer|
|B_TILE_285_i         |   in|    32|     ap_none|                     B_TILE_285_i|       pointer|
|B_TILE_285_i_ap_vld  |   in|     1|     ap_none|                     B_TILE_285_i|       pointer|
|B_TILE_286_i         |   in|    32|     ap_none|                     B_TILE_286_i|       pointer|
|B_TILE_286_i_ap_vld  |   in|     1|     ap_none|                     B_TILE_286_i|       pointer|
|B_TILE_287_i         |   in|    32|     ap_none|                     B_TILE_287_i|       pointer|
|B_TILE_287_i_ap_vld  |   in|     1|     ap_none|                     B_TILE_287_i|       pointer|
|B_TILE_288_i         |   in|    32|     ap_none|                     B_TILE_288_i|       pointer|
|B_TILE_288_i_ap_vld  |   in|     1|     ap_none|                     B_TILE_288_i|       pointer|
|B_TILE_289_i         |   in|    32|     ap_none|                     B_TILE_289_i|       pointer|
|B_TILE_289_i_ap_vld  |   in|     1|     ap_none|                     B_TILE_289_i|       pointer|
|B_TILE_290_i         |   in|    32|     ap_none|                     B_TILE_290_i|       pointer|
|B_TILE_290_i_ap_vld  |   in|     1|     ap_none|                     B_TILE_290_i|       pointer|
|B_TILE_291_i         |   in|    32|     ap_none|                     B_TILE_291_i|       pointer|
|B_TILE_291_i_ap_vld  |   in|     1|     ap_none|                     B_TILE_291_i|       pointer|
|B_TILE_292_i         |   in|    32|     ap_none|                     B_TILE_292_i|       pointer|
|B_TILE_292_i_ap_vld  |   in|     1|     ap_none|                     B_TILE_292_i|       pointer|
|B_TILE_293_i         |   in|    32|     ap_none|                     B_TILE_293_i|       pointer|
|B_TILE_293_i_ap_vld  |   in|     1|     ap_none|                     B_TILE_293_i|       pointer|
|B_TILE_294_i         |   in|    32|     ap_none|                     B_TILE_294_i|       pointer|
|B_TILE_294_i_ap_vld  |   in|     1|     ap_none|                     B_TILE_294_i|       pointer|
|B_TILE_295_i         |   in|    32|     ap_none|                     B_TILE_295_i|       pointer|
|B_TILE_295_i_ap_vld  |   in|     1|     ap_none|                     B_TILE_295_i|       pointer|
|B_TILE_296_i         |   in|    32|     ap_none|                     B_TILE_296_i|       pointer|
|B_TILE_296_i_ap_vld  |   in|     1|     ap_none|                     B_TILE_296_i|       pointer|
|B_TILE_297_i         |   in|    32|     ap_none|                     B_TILE_297_i|       pointer|
|B_TILE_297_i_ap_vld  |   in|     1|     ap_none|                     B_TILE_297_i|       pointer|
|B_TILE_298_i         |   in|    32|     ap_none|                     B_TILE_298_i|       pointer|
|B_TILE_298_i_ap_vld  |   in|     1|     ap_none|                     B_TILE_298_i|       pointer|
|B_TILE_299_i         |   in|    32|     ap_none|                     B_TILE_299_i|       pointer|
|B_TILE_299_i_ap_vld  |   in|     1|     ap_none|                     B_TILE_299_i|       pointer|
|B_TILE_300_i         |   in|    32|     ap_none|                     B_TILE_300_i|       pointer|
|B_TILE_300_i_ap_vld  |   in|     1|     ap_none|                     B_TILE_300_i|       pointer|
|B_TILE_301_i         |   in|    32|     ap_none|                     B_TILE_301_i|       pointer|
|B_TILE_301_i_ap_vld  |   in|     1|     ap_none|                     B_TILE_301_i|       pointer|
|B_TILE_302_i         |   in|    32|     ap_none|                     B_TILE_302_i|       pointer|
|B_TILE_302_i_ap_vld  |   in|     1|     ap_none|                     B_TILE_302_i|       pointer|
|B_TILE_303_i         |   in|    32|     ap_none|                     B_TILE_303_i|       pointer|
|B_TILE_303_i_ap_vld  |   in|     1|     ap_none|                     B_TILE_303_i|       pointer|
|B_TILE_304_i         |   in|    32|     ap_none|                     B_TILE_304_i|       pointer|
|B_TILE_304_i_ap_vld  |   in|     1|     ap_none|                     B_TILE_304_i|       pointer|
|B_TILE_305_i         |   in|    32|     ap_none|                     B_TILE_305_i|       pointer|
|B_TILE_305_i_ap_vld  |   in|     1|     ap_none|                     B_TILE_305_i|       pointer|
|B_TILE_306_i         |   in|    32|     ap_none|                     B_TILE_306_i|       pointer|
|B_TILE_306_i_ap_vld  |   in|     1|     ap_none|                     B_TILE_306_i|       pointer|
|B_TILE_307_i         |   in|    32|     ap_none|                     B_TILE_307_i|       pointer|
|B_TILE_307_i_ap_vld  |   in|     1|     ap_none|                     B_TILE_307_i|       pointer|
|B_TILE_308_i         |   in|    32|     ap_none|                     B_TILE_308_i|       pointer|
|B_TILE_308_i_ap_vld  |   in|     1|     ap_none|                     B_TILE_308_i|       pointer|
|B_TILE_309_i         |   in|    32|     ap_none|                     B_TILE_309_i|       pointer|
|B_TILE_309_i_ap_vld  |   in|     1|     ap_none|                     B_TILE_309_i|       pointer|
|B_TILE_310_i         |   in|    32|     ap_none|                     B_TILE_310_i|       pointer|
|B_TILE_310_i_ap_vld  |   in|     1|     ap_none|                     B_TILE_310_i|       pointer|
|B_TILE_311_i         |   in|    32|     ap_none|                     B_TILE_311_i|       pointer|
|B_TILE_311_i_ap_vld  |   in|     1|     ap_none|                     B_TILE_311_i|       pointer|
|B_TILE_312_i         |   in|    32|     ap_none|                     B_TILE_312_i|       pointer|
|B_TILE_312_i_ap_vld  |   in|     1|     ap_none|                     B_TILE_312_i|       pointer|
|B_TILE_313_i         |   in|    32|     ap_none|                     B_TILE_313_i|       pointer|
|B_TILE_313_i_ap_vld  |   in|     1|     ap_none|                     B_TILE_313_i|       pointer|
|B_TILE_314_i         |   in|    32|     ap_none|                     B_TILE_314_i|       pointer|
|B_TILE_314_i_ap_vld  |   in|     1|     ap_none|                     B_TILE_314_i|       pointer|
|B_TILE_315_i         |   in|    32|     ap_none|                     B_TILE_315_i|       pointer|
|B_TILE_315_i_ap_vld  |   in|     1|     ap_none|                     B_TILE_315_i|       pointer|
|B_TILE_316_i         |   in|    32|     ap_none|                     B_TILE_316_i|       pointer|
|B_TILE_316_i_ap_vld  |   in|     1|     ap_none|                     B_TILE_316_i|       pointer|
|B_TILE_317_i         |   in|    32|     ap_none|                     B_TILE_317_i|       pointer|
|B_TILE_317_i_ap_vld  |   in|     1|     ap_none|                     B_TILE_317_i|       pointer|
|B_TILE_318_i         |   in|    32|     ap_none|                     B_TILE_318_i|       pointer|
|B_TILE_318_i_ap_vld  |   in|     1|     ap_none|                     B_TILE_318_i|       pointer|
|B_TILE_319_i         |   in|    32|     ap_none|                     B_TILE_319_i|       pointer|
|B_TILE_319_i_ap_vld  |   in|     1|     ap_none|                     B_TILE_319_i|       pointer|
|B_TILE_320_i         |   in|    32|     ap_none|                     B_TILE_320_i|       pointer|
|B_TILE_320_i_ap_vld  |   in|     1|     ap_none|                     B_TILE_320_i|       pointer|
|B_TILE_321_i         |   in|    32|     ap_none|                     B_TILE_321_i|       pointer|
|B_TILE_321_i_ap_vld  |   in|     1|     ap_none|                     B_TILE_321_i|       pointer|
|B_TILE_322_i         |   in|    32|     ap_none|                     B_TILE_322_i|       pointer|
|B_TILE_322_i_ap_vld  |   in|     1|     ap_none|                     B_TILE_322_i|       pointer|
|B_TILE_323_i         |   in|    32|     ap_none|                     B_TILE_323_i|       pointer|
|B_TILE_323_i_ap_vld  |   in|     1|     ap_none|                     B_TILE_323_i|       pointer|
|B_TILE_324_i         |   in|    32|     ap_none|                     B_TILE_324_i|       pointer|
|B_TILE_324_i_ap_vld  |   in|     1|     ap_none|                     B_TILE_324_i|       pointer|
|B_TILE_325_i         |   in|    32|     ap_none|                     B_TILE_325_i|       pointer|
|B_TILE_325_i_ap_vld  |   in|     1|     ap_none|                     B_TILE_325_i|       pointer|
|B_TILE_326_i         |   in|    32|     ap_none|                     B_TILE_326_i|       pointer|
|B_TILE_326_i_ap_vld  |   in|     1|     ap_none|                     B_TILE_326_i|       pointer|
|B_TILE_327_i         |   in|    32|     ap_none|                     B_TILE_327_i|       pointer|
|B_TILE_327_i_ap_vld  |   in|     1|     ap_none|                     B_TILE_327_i|       pointer|
|B_TILE_328_i         |   in|    32|     ap_none|                     B_TILE_328_i|       pointer|
|B_TILE_328_i_ap_vld  |   in|     1|     ap_none|                     B_TILE_328_i|       pointer|
|B_TILE_329_i         |   in|    32|     ap_none|                     B_TILE_329_i|       pointer|
|B_TILE_329_i_ap_vld  |   in|     1|     ap_none|                     B_TILE_329_i|       pointer|
|B_TILE_330_i         |   in|    32|     ap_none|                     B_TILE_330_i|       pointer|
|B_TILE_330_i_ap_vld  |   in|     1|     ap_none|                     B_TILE_330_i|       pointer|
|B_TILE_331_i         |   in|    32|     ap_none|                     B_TILE_331_i|       pointer|
|B_TILE_331_i_ap_vld  |   in|     1|     ap_none|                     B_TILE_331_i|       pointer|
|B_TILE_332_i         |   in|    32|     ap_none|                     B_TILE_332_i|       pointer|
|B_TILE_332_i_ap_vld  |   in|     1|     ap_none|                     B_TILE_332_i|       pointer|
|B_TILE_333_i         |   in|    32|     ap_none|                     B_TILE_333_i|       pointer|
|B_TILE_333_i_ap_vld  |   in|     1|     ap_none|                     B_TILE_333_i|       pointer|
|B_TILE_334_i         |   in|    32|     ap_none|                     B_TILE_334_i|       pointer|
|B_TILE_334_i_ap_vld  |   in|     1|     ap_none|                     B_TILE_334_i|       pointer|
|B_TILE_335_i         |   in|    32|     ap_none|                     B_TILE_335_i|       pointer|
|B_TILE_335_i_ap_vld  |   in|     1|     ap_none|                     B_TILE_335_i|       pointer|
|B_TILE_336_i         |   in|    32|     ap_none|                     B_TILE_336_i|       pointer|
|B_TILE_336_i_ap_vld  |   in|     1|     ap_none|                     B_TILE_336_i|       pointer|
|B_TILE_337_i         |   in|    32|     ap_none|                     B_TILE_337_i|       pointer|
|B_TILE_337_i_ap_vld  |   in|     1|     ap_none|                     B_TILE_337_i|       pointer|
|B_TILE_338_i         |   in|    32|     ap_none|                     B_TILE_338_i|       pointer|
|B_TILE_338_i_ap_vld  |   in|     1|     ap_none|                     B_TILE_338_i|       pointer|
|B_TILE_339_i         |   in|    32|     ap_none|                     B_TILE_339_i|       pointer|
|B_TILE_339_i_ap_vld  |   in|     1|     ap_none|                     B_TILE_339_i|       pointer|
|B_TILE_340_i         |   in|    32|     ap_none|                     B_TILE_340_i|       pointer|
|B_TILE_340_i_ap_vld  |   in|     1|     ap_none|                     B_TILE_340_i|       pointer|
|B_TILE_341_i         |   in|    32|     ap_none|                     B_TILE_341_i|       pointer|
|B_TILE_341_i_ap_vld  |   in|     1|     ap_none|                     B_TILE_341_i|       pointer|
|B_TILE_342_i         |   in|    32|     ap_none|                     B_TILE_342_i|       pointer|
|B_TILE_342_i_ap_vld  |   in|     1|     ap_none|                     B_TILE_342_i|       pointer|
|B_TILE_343_i         |   in|    32|     ap_none|                     B_TILE_343_i|       pointer|
|B_TILE_343_i_ap_vld  |   in|     1|     ap_none|                     B_TILE_343_i|       pointer|
|B_TILE_344_i         |   in|    32|     ap_none|                     B_TILE_344_i|       pointer|
|B_TILE_344_i_ap_vld  |   in|     1|     ap_none|                     B_TILE_344_i|       pointer|
|B_TILE_345_i         |   in|    32|     ap_none|                     B_TILE_345_i|       pointer|
|B_TILE_345_i_ap_vld  |   in|     1|     ap_none|                     B_TILE_345_i|       pointer|
|B_TILE_346_i         |   in|    32|     ap_none|                     B_TILE_346_i|       pointer|
|B_TILE_346_i_ap_vld  |   in|     1|     ap_none|                     B_TILE_346_i|       pointer|
|B_TILE_347_i         |   in|    32|     ap_none|                     B_TILE_347_i|       pointer|
|B_TILE_347_i_ap_vld  |   in|     1|     ap_none|                     B_TILE_347_i|       pointer|
|B_TILE_348_i         |   in|    32|     ap_none|                     B_TILE_348_i|       pointer|
|B_TILE_348_i_ap_vld  |   in|     1|     ap_none|                     B_TILE_348_i|       pointer|
|B_TILE_349_i         |   in|    32|     ap_none|                     B_TILE_349_i|       pointer|
|B_TILE_349_i_ap_vld  |   in|     1|     ap_none|                     B_TILE_349_i|       pointer|
|B_TILE_350_i         |   in|    32|     ap_none|                     B_TILE_350_i|       pointer|
|B_TILE_350_i_ap_vld  |   in|     1|     ap_none|                     B_TILE_350_i|       pointer|
|B_TILE_351_i         |   in|    32|     ap_none|                     B_TILE_351_i|       pointer|
|B_TILE_351_i_ap_vld  |   in|     1|     ap_none|                     B_TILE_351_i|       pointer|
|B_TILE_352_i         |   in|    32|     ap_none|                     B_TILE_352_i|       pointer|
|B_TILE_352_i_ap_vld  |   in|     1|     ap_none|                     B_TILE_352_i|       pointer|
|B_TILE_353_i         |   in|    32|     ap_none|                     B_TILE_353_i|       pointer|
|B_TILE_353_i_ap_vld  |   in|     1|     ap_none|                     B_TILE_353_i|       pointer|
|B_TILE_354_i         |   in|    32|     ap_none|                     B_TILE_354_i|       pointer|
|B_TILE_354_i_ap_vld  |   in|     1|     ap_none|                     B_TILE_354_i|       pointer|
|B_TILE_355_i         |   in|    32|     ap_none|                     B_TILE_355_i|       pointer|
|B_TILE_355_i_ap_vld  |   in|     1|     ap_none|                     B_TILE_355_i|       pointer|
|B_TILE_356_i         |   in|    32|     ap_none|                     B_TILE_356_i|       pointer|
|B_TILE_356_i_ap_vld  |   in|     1|     ap_none|                     B_TILE_356_i|       pointer|
|B_TILE_357_i         |   in|    32|     ap_none|                     B_TILE_357_i|       pointer|
|B_TILE_357_i_ap_vld  |   in|     1|     ap_none|                     B_TILE_357_i|       pointer|
|B_TILE_358_i         |   in|    32|     ap_none|                     B_TILE_358_i|       pointer|
|B_TILE_358_i_ap_vld  |   in|     1|     ap_none|                     B_TILE_358_i|       pointer|
|B_TILE_359_i         |   in|    32|     ap_none|                     B_TILE_359_i|       pointer|
|B_TILE_359_i_ap_vld  |   in|     1|     ap_none|                     B_TILE_359_i|       pointer|
|B_TILE_360_i         |   in|    32|     ap_none|                     B_TILE_360_i|       pointer|
|B_TILE_360_i_ap_vld  |   in|     1|     ap_none|                     B_TILE_360_i|       pointer|
|B_TILE_361_i         |   in|    32|     ap_none|                     B_TILE_361_i|       pointer|
|B_TILE_361_i_ap_vld  |   in|     1|     ap_none|                     B_TILE_361_i|       pointer|
|B_TILE_362_i         |   in|    32|     ap_none|                     B_TILE_362_i|       pointer|
|B_TILE_362_i_ap_vld  |   in|     1|     ap_none|                     B_TILE_362_i|       pointer|
|B_TILE_363_i         |   in|    32|     ap_none|                     B_TILE_363_i|       pointer|
|B_TILE_363_i_ap_vld  |   in|     1|     ap_none|                     B_TILE_363_i|       pointer|
|B_TILE_364_i         |   in|    32|     ap_none|                     B_TILE_364_i|       pointer|
|B_TILE_364_i_ap_vld  |   in|     1|     ap_none|                     B_TILE_364_i|       pointer|
|B_TILE_365_i         |   in|    32|     ap_none|                     B_TILE_365_i|       pointer|
|B_TILE_365_i_ap_vld  |   in|     1|     ap_none|                     B_TILE_365_i|       pointer|
|B_TILE_366_i         |   in|    32|     ap_none|                     B_TILE_366_i|       pointer|
|B_TILE_366_i_ap_vld  |   in|     1|     ap_none|                     B_TILE_366_i|       pointer|
|B_TILE_367_i         |   in|    32|     ap_none|                     B_TILE_367_i|       pointer|
|B_TILE_367_i_ap_vld  |   in|     1|     ap_none|                     B_TILE_367_i|       pointer|
|B_TILE_368_i         |   in|    32|     ap_none|                     B_TILE_368_i|       pointer|
|B_TILE_368_i_ap_vld  |   in|     1|     ap_none|                     B_TILE_368_i|       pointer|
|B_TILE_369_i         |   in|    32|     ap_none|                     B_TILE_369_i|       pointer|
|B_TILE_369_i_ap_vld  |   in|     1|     ap_none|                     B_TILE_369_i|       pointer|
|B_TILE_370_i         |   in|    32|     ap_none|                     B_TILE_370_i|       pointer|
|B_TILE_370_i_ap_vld  |   in|     1|     ap_none|                     B_TILE_370_i|       pointer|
|B_TILE_371_i         |   in|    32|     ap_none|                     B_TILE_371_i|       pointer|
|B_TILE_371_i_ap_vld  |   in|     1|     ap_none|                     B_TILE_371_i|       pointer|
|B_TILE_372_i         |   in|    32|     ap_none|                     B_TILE_372_i|       pointer|
|B_TILE_372_i_ap_vld  |   in|     1|     ap_none|                     B_TILE_372_i|       pointer|
|B_TILE_373_i         |   in|    32|     ap_none|                     B_TILE_373_i|       pointer|
|B_TILE_373_i_ap_vld  |   in|     1|     ap_none|                     B_TILE_373_i|       pointer|
|B_TILE_374_i         |   in|    32|     ap_none|                     B_TILE_374_i|       pointer|
|B_TILE_374_i_ap_vld  |   in|     1|     ap_none|                     B_TILE_374_i|       pointer|
|B_TILE_375_i         |   in|    32|     ap_none|                     B_TILE_375_i|       pointer|
|B_TILE_375_i_ap_vld  |   in|     1|     ap_none|                     B_TILE_375_i|       pointer|
|B_TILE_376_i         |   in|    32|     ap_none|                     B_TILE_376_i|       pointer|
|B_TILE_376_i_ap_vld  |   in|     1|     ap_none|                     B_TILE_376_i|       pointer|
|B_TILE_377_i         |   in|    32|     ap_none|                     B_TILE_377_i|       pointer|
|B_TILE_377_i_ap_vld  |   in|     1|     ap_none|                     B_TILE_377_i|       pointer|
|B_TILE_378_i         |   in|    32|     ap_none|                     B_TILE_378_i|       pointer|
|B_TILE_378_i_ap_vld  |   in|     1|     ap_none|                     B_TILE_378_i|       pointer|
|B_TILE_379_i         |   in|    32|     ap_none|                     B_TILE_379_i|       pointer|
|B_TILE_379_i_ap_vld  |   in|     1|     ap_none|                     B_TILE_379_i|       pointer|
|B_TILE_380_i         |   in|    32|     ap_none|                     B_TILE_380_i|       pointer|
|B_TILE_380_i_ap_vld  |   in|     1|     ap_none|                     B_TILE_380_i|       pointer|
|B_TILE_381_i         |   in|    32|     ap_none|                     B_TILE_381_i|       pointer|
|B_TILE_381_i_ap_vld  |   in|     1|     ap_none|                     B_TILE_381_i|       pointer|
|B_TILE_382_i         |   in|    32|     ap_none|                     B_TILE_382_i|       pointer|
|B_TILE_382_i_ap_vld  |   in|     1|     ap_none|                     B_TILE_382_i|       pointer|
|B_TILE_383_i         |   in|    32|     ap_none|                     B_TILE_383_i|       pointer|
|B_TILE_383_i_ap_vld  |   in|     1|     ap_none|                     B_TILE_383_i|       pointer|
|B_TILE_384_i         |   in|    32|     ap_none|                     B_TILE_384_i|       pointer|
|B_TILE_384_i_ap_vld  |   in|     1|     ap_none|                     B_TILE_384_i|       pointer|
|B_TILE_385_i         |   in|    32|     ap_none|                     B_TILE_385_i|       pointer|
|B_TILE_385_i_ap_vld  |   in|     1|     ap_none|                     B_TILE_385_i|       pointer|
|B_TILE_386_i         |   in|    32|     ap_none|                     B_TILE_386_i|       pointer|
|B_TILE_386_i_ap_vld  |   in|     1|     ap_none|                     B_TILE_386_i|       pointer|
|B_TILE_387_i         |   in|    32|     ap_none|                     B_TILE_387_i|       pointer|
|B_TILE_387_i_ap_vld  |   in|     1|     ap_none|                     B_TILE_387_i|       pointer|
|B_TILE_388_i         |   in|    32|     ap_none|                     B_TILE_388_i|       pointer|
|B_TILE_388_i_ap_vld  |   in|     1|     ap_none|                     B_TILE_388_i|       pointer|
|B_TILE_389_i         |   in|    32|     ap_none|                     B_TILE_389_i|       pointer|
|B_TILE_389_i_ap_vld  |   in|     1|     ap_none|                     B_TILE_389_i|       pointer|
|B_TILE_390_i         |   in|    32|     ap_none|                     B_TILE_390_i|       pointer|
|B_TILE_390_i_ap_vld  |   in|     1|     ap_none|                     B_TILE_390_i|       pointer|
|B_TILE_391_i         |   in|    32|     ap_none|                     B_TILE_391_i|       pointer|
|B_TILE_391_i_ap_vld  |   in|     1|     ap_none|                     B_TILE_391_i|       pointer|
|B_TILE_392_i         |   in|    32|     ap_none|                     B_TILE_392_i|       pointer|
|B_TILE_392_i_ap_vld  |   in|     1|     ap_none|                     B_TILE_392_i|       pointer|
|B_TILE_393_i         |   in|    32|     ap_none|                     B_TILE_393_i|       pointer|
|B_TILE_393_i_ap_vld  |   in|     1|     ap_none|                     B_TILE_393_i|       pointer|
|B_TILE_394_i         |   in|    32|     ap_none|                     B_TILE_394_i|       pointer|
|B_TILE_394_i_ap_vld  |   in|     1|     ap_none|                     B_TILE_394_i|       pointer|
|B_TILE_395_i         |   in|    32|     ap_none|                     B_TILE_395_i|       pointer|
|B_TILE_395_i_ap_vld  |   in|     1|     ap_none|                     B_TILE_395_i|       pointer|
|B_TILE_396_i         |   in|    32|     ap_none|                     B_TILE_396_i|       pointer|
|B_TILE_396_i_ap_vld  |   in|     1|     ap_none|                     B_TILE_396_i|       pointer|
|B_TILE_397_i         |   in|    32|     ap_none|                     B_TILE_397_i|       pointer|
|B_TILE_397_i_ap_vld  |   in|     1|     ap_none|                     B_TILE_397_i|       pointer|
|B_TILE_398_i         |   in|    32|     ap_none|                     B_TILE_398_i|       pointer|
|B_TILE_398_i_ap_vld  |   in|     1|     ap_none|                     B_TILE_398_i|       pointer|
|B_TILE_399_i         |   in|    32|     ap_none|                     B_TILE_399_i|       pointer|
|B_TILE_399_i_ap_vld  |   in|     1|     ap_none|                     B_TILE_399_i|       pointer|
|B_TILE_400_i         |   in|    32|     ap_none|                     B_TILE_400_i|       pointer|
|B_TILE_400_i_ap_vld  |   in|     1|     ap_none|                     B_TILE_400_i|       pointer|
|B_TILE_401_i         |   in|    32|     ap_none|                     B_TILE_401_i|       pointer|
|B_TILE_401_i_ap_vld  |   in|     1|     ap_none|                     B_TILE_401_i|       pointer|
|B_TILE_402_i         |   in|    32|     ap_none|                     B_TILE_402_i|       pointer|
|B_TILE_402_i_ap_vld  |   in|     1|     ap_none|                     B_TILE_402_i|       pointer|
|B_TILE_403_i         |   in|    32|     ap_none|                     B_TILE_403_i|       pointer|
|B_TILE_403_i_ap_vld  |   in|     1|     ap_none|                     B_TILE_403_i|       pointer|
|B_TILE_404_i         |   in|    32|     ap_none|                     B_TILE_404_i|       pointer|
|B_TILE_404_i_ap_vld  |   in|     1|     ap_none|                     B_TILE_404_i|       pointer|
|B_TILE_405_i         |   in|    32|     ap_none|                     B_TILE_405_i|       pointer|
|B_TILE_405_i_ap_vld  |   in|     1|     ap_none|                     B_TILE_405_i|       pointer|
|B_TILE_406_i         |   in|    32|     ap_none|                     B_TILE_406_i|       pointer|
|B_TILE_406_i_ap_vld  |   in|     1|     ap_none|                     B_TILE_406_i|       pointer|
|B_TILE_407_i         |   in|    32|     ap_none|                     B_TILE_407_i|       pointer|
|B_TILE_407_i_ap_vld  |   in|     1|     ap_none|                     B_TILE_407_i|       pointer|
|B_TILE_408_i         |   in|    32|     ap_none|                     B_TILE_408_i|       pointer|
|B_TILE_408_i_ap_vld  |   in|     1|     ap_none|                     B_TILE_408_i|       pointer|
|B_TILE_409_i         |   in|    32|     ap_none|                     B_TILE_409_i|       pointer|
|B_TILE_409_i_ap_vld  |   in|     1|     ap_none|                     B_TILE_409_i|       pointer|
|B_TILE_410_i         |   in|    32|     ap_none|                     B_TILE_410_i|       pointer|
|B_TILE_410_i_ap_vld  |   in|     1|     ap_none|                     B_TILE_410_i|       pointer|
|B_TILE_411_i         |   in|    32|     ap_none|                     B_TILE_411_i|       pointer|
|B_TILE_411_i_ap_vld  |   in|     1|     ap_none|                     B_TILE_411_i|       pointer|
|B_TILE_412_i         |   in|    32|     ap_none|                     B_TILE_412_i|       pointer|
|B_TILE_412_i_ap_vld  |   in|     1|     ap_none|                     B_TILE_412_i|       pointer|
|B_TILE_413_i         |   in|    32|     ap_none|                     B_TILE_413_i|       pointer|
|B_TILE_413_i_ap_vld  |   in|     1|     ap_none|                     B_TILE_413_i|       pointer|
|B_TILE_414_i         |   in|    32|     ap_none|                     B_TILE_414_i|       pointer|
|B_TILE_414_i_ap_vld  |   in|     1|     ap_none|                     B_TILE_414_i|       pointer|
|B_TILE_415_i         |   in|    32|     ap_none|                     B_TILE_415_i|       pointer|
|B_TILE_415_i_ap_vld  |   in|     1|     ap_none|                     B_TILE_415_i|       pointer|
|B_TILE_416_i         |   in|    32|     ap_none|                     B_TILE_416_i|       pointer|
|B_TILE_416_i_ap_vld  |   in|     1|     ap_none|                     B_TILE_416_i|       pointer|
|B_TILE_417_i         |   in|    32|     ap_none|                     B_TILE_417_i|       pointer|
|B_TILE_417_i_ap_vld  |   in|     1|     ap_none|                     B_TILE_417_i|       pointer|
|B_TILE_418_i         |   in|    32|     ap_none|                     B_TILE_418_i|       pointer|
|B_TILE_418_i_ap_vld  |   in|     1|     ap_none|                     B_TILE_418_i|       pointer|
|B_TILE_419_i         |   in|    32|     ap_none|                     B_TILE_419_i|       pointer|
|B_TILE_419_i_ap_vld  |   in|     1|     ap_none|                     B_TILE_419_i|       pointer|
|B_TILE_420_i         |   in|    32|     ap_none|                     B_TILE_420_i|       pointer|
|B_TILE_420_i_ap_vld  |   in|     1|     ap_none|                     B_TILE_420_i|       pointer|
|B_TILE_421_i         |   in|    32|     ap_none|                     B_TILE_421_i|       pointer|
|B_TILE_421_i_ap_vld  |   in|     1|     ap_none|                     B_TILE_421_i|       pointer|
|B_TILE_422_i         |   in|    32|     ap_none|                     B_TILE_422_i|       pointer|
|B_TILE_422_i_ap_vld  |   in|     1|     ap_none|                     B_TILE_422_i|       pointer|
|B_TILE_423_i         |   in|    32|     ap_none|                     B_TILE_423_i|       pointer|
|B_TILE_423_i_ap_vld  |   in|     1|     ap_none|                     B_TILE_423_i|       pointer|
|B_TILE_424_i         |   in|    32|     ap_none|                     B_TILE_424_i|       pointer|
|B_TILE_424_i_ap_vld  |   in|     1|     ap_none|                     B_TILE_424_i|       pointer|
|B_TILE_425_i         |   in|    32|     ap_none|                     B_TILE_425_i|       pointer|
|B_TILE_425_i_ap_vld  |   in|     1|     ap_none|                     B_TILE_425_i|       pointer|
|B_TILE_426_i         |   in|    32|     ap_none|                     B_TILE_426_i|       pointer|
|B_TILE_426_i_ap_vld  |   in|     1|     ap_none|                     B_TILE_426_i|       pointer|
|B_TILE_427_i         |   in|    32|     ap_none|                     B_TILE_427_i|       pointer|
|B_TILE_427_i_ap_vld  |   in|     1|     ap_none|                     B_TILE_427_i|       pointer|
|B_TILE_428_i         |   in|    32|     ap_none|                     B_TILE_428_i|       pointer|
|B_TILE_428_i_ap_vld  |   in|     1|     ap_none|                     B_TILE_428_i|       pointer|
|B_TILE_429_i         |   in|    32|     ap_none|                     B_TILE_429_i|       pointer|
|B_TILE_429_i_ap_vld  |   in|     1|     ap_none|                     B_TILE_429_i|       pointer|
|B_TILE_430_i         |   in|    32|     ap_none|                     B_TILE_430_i|       pointer|
|B_TILE_430_i_ap_vld  |   in|     1|     ap_none|                     B_TILE_430_i|       pointer|
|B_TILE_431_i         |   in|    32|     ap_none|                     B_TILE_431_i|       pointer|
|B_TILE_431_i_ap_vld  |   in|     1|     ap_none|                     B_TILE_431_i|       pointer|
|B_TILE_432_i         |   in|    32|     ap_none|                     B_TILE_432_i|       pointer|
|B_TILE_432_i_ap_vld  |   in|     1|     ap_none|                     B_TILE_432_i|       pointer|
|B_TILE_433_i         |   in|    32|     ap_none|                     B_TILE_433_i|       pointer|
|B_TILE_433_i_ap_vld  |   in|     1|     ap_none|                     B_TILE_433_i|       pointer|
|B_TILE_434_i         |   in|    32|     ap_none|                     B_TILE_434_i|       pointer|
|B_TILE_434_i_ap_vld  |   in|     1|     ap_none|                     B_TILE_434_i|       pointer|
|B_TILE_435_i         |   in|    32|     ap_none|                     B_TILE_435_i|       pointer|
|B_TILE_435_i_ap_vld  |   in|     1|     ap_none|                     B_TILE_435_i|       pointer|
|B_TILE_436_i         |   in|    32|     ap_none|                     B_TILE_436_i|       pointer|
|B_TILE_436_i_ap_vld  |   in|     1|     ap_none|                     B_TILE_436_i|       pointer|
|B_TILE_437_i         |   in|    32|     ap_none|                     B_TILE_437_i|       pointer|
|B_TILE_437_i_ap_vld  |   in|     1|     ap_none|                     B_TILE_437_i|       pointer|
|B_TILE_438_i         |   in|    32|     ap_none|                     B_TILE_438_i|       pointer|
|B_TILE_438_i_ap_vld  |   in|     1|     ap_none|                     B_TILE_438_i|       pointer|
|B_TILE_439_i         |   in|    32|     ap_none|                     B_TILE_439_i|       pointer|
|B_TILE_439_i_ap_vld  |   in|     1|     ap_none|                     B_TILE_439_i|       pointer|
|B_TILE_440_i         |   in|    32|     ap_none|                     B_TILE_440_i|       pointer|
|B_TILE_440_i_ap_vld  |   in|     1|     ap_none|                     B_TILE_440_i|       pointer|
|B_TILE_441_i         |   in|    32|     ap_none|                     B_TILE_441_i|       pointer|
|B_TILE_441_i_ap_vld  |   in|     1|     ap_none|                     B_TILE_441_i|       pointer|
|B_TILE_442_i         |   in|    32|     ap_none|                     B_TILE_442_i|       pointer|
|B_TILE_442_i_ap_vld  |   in|     1|     ap_none|                     B_TILE_442_i|       pointer|
|B_TILE_443_i         |   in|    32|     ap_none|                     B_TILE_443_i|       pointer|
|B_TILE_443_i_ap_vld  |   in|     1|     ap_none|                     B_TILE_443_i|       pointer|
|B_TILE_444_i         |   in|    32|     ap_none|                     B_TILE_444_i|       pointer|
|B_TILE_444_i_ap_vld  |   in|     1|     ap_none|                     B_TILE_444_i|       pointer|
|B_TILE_445_i         |   in|    32|     ap_none|                     B_TILE_445_i|       pointer|
|B_TILE_445_i_ap_vld  |   in|     1|     ap_none|                     B_TILE_445_i|       pointer|
|B_TILE_446_i         |   in|    32|     ap_none|                     B_TILE_446_i|       pointer|
|B_TILE_446_i_ap_vld  |   in|     1|     ap_none|                     B_TILE_446_i|       pointer|
|B_TILE_447_i         |   in|    32|     ap_none|                     B_TILE_447_i|       pointer|
|B_TILE_447_i_ap_vld  |   in|     1|     ap_none|                     B_TILE_447_i|       pointer|
|B_TILE_448_i         |   in|    32|     ap_none|                     B_TILE_448_i|       pointer|
|B_TILE_448_i_ap_vld  |   in|     1|     ap_none|                     B_TILE_448_i|       pointer|
|B_TILE_449_i         |   in|    32|     ap_none|                     B_TILE_449_i|       pointer|
|B_TILE_449_i_ap_vld  |   in|     1|     ap_none|                     B_TILE_449_i|       pointer|
|B_TILE_450_i         |   in|    32|     ap_none|                     B_TILE_450_i|       pointer|
|B_TILE_450_i_ap_vld  |   in|     1|     ap_none|                     B_TILE_450_i|       pointer|
|B_TILE_451_i         |   in|    32|     ap_none|                     B_TILE_451_i|       pointer|
|B_TILE_451_i_ap_vld  |   in|     1|     ap_none|                     B_TILE_451_i|       pointer|
|B_TILE_452_i         |   in|    32|     ap_none|                     B_TILE_452_i|       pointer|
|B_TILE_452_i_ap_vld  |   in|     1|     ap_none|                     B_TILE_452_i|       pointer|
|B_TILE_453_i         |   in|    32|     ap_none|                     B_TILE_453_i|       pointer|
|B_TILE_453_i_ap_vld  |   in|     1|     ap_none|                     B_TILE_453_i|       pointer|
|B_TILE_454_i         |   in|    32|     ap_none|                     B_TILE_454_i|       pointer|
|B_TILE_454_i_ap_vld  |   in|     1|     ap_none|                     B_TILE_454_i|       pointer|
|B_TILE_455_i         |   in|    32|     ap_none|                     B_TILE_455_i|       pointer|
|B_TILE_455_i_ap_vld  |   in|     1|     ap_none|                     B_TILE_455_i|       pointer|
|B_TILE_456_i         |   in|    32|     ap_none|                     B_TILE_456_i|       pointer|
|B_TILE_456_i_ap_vld  |   in|     1|     ap_none|                     B_TILE_456_i|       pointer|
|B_TILE_457_i         |   in|    32|     ap_none|                     B_TILE_457_i|       pointer|
|B_TILE_457_i_ap_vld  |   in|     1|     ap_none|                     B_TILE_457_i|       pointer|
|B_TILE_458_i         |   in|    32|     ap_none|                     B_TILE_458_i|       pointer|
|B_TILE_458_i_ap_vld  |   in|     1|     ap_none|                     B_TILE_458_i|       pointer|
|B_TILE_459_i         |   in|    32|     ap_none|                     B_TILE_459_i|       pointer|
|B_TILE_459_i_ap_vld  |   in|     1|     ap_none|                     B_TILE_459_i|       pointer|
|B_TILE_460_i         |   in|    32|     ap_none|                     B_TILE_460_i|       pointer|
|B_TILE_460_i_ap_vld  |   in|     1|     ap_none|                     B_TILE_460_i|       pointer|
|B_TILE_461_i         |   in|    32|     ap_none|                     B_TILE_461_i|       pointer|
|B_TILE_461_i_ap_vld  |   in|     1|     ap_none|                     B_TILE_461_i|       pointer|
|B_TILE_462_i         |   in|    32|     ap_none|                     B_TILE_462_i|       pointer|
|B_TILE_462_i_ap_vld  |   in|     1|     ap_none|                     B_TILE_462_i|       pointer|
|B_TILE_463_i         |   in|    32|     ap_none|                     B_TILE_463_i|       pointer|
|B_TILE_463_i_ap_vld  |   in|     1|     ap_none|                     B_TILE_463_i|       pointer|
|B_TILE_464_i         |   in|    32|     ap_none|                     B_TILE_464_i|       pointer|
|B_TILE_464_i_ap_vld  |   in|     1|     ap_none|                     B_TILE_464_i|       pointer|
|B_TILE_465_i         |   in|    32|     ap_none|                     B_TILE_465_i|       pointer|
|B_TILE_465_i_ap_vld  |   in|     1|     ap_none|                     B_TILE_465_i|       pointer|
|B_TILE_466_i         |   in|    32|     ap_none|                     B_TILE_466_i|       pointer|
|B_TILE_466_i_ap_vld  |   in|     1|     ap_none|                     B_TILE_466_i|       pointer|
|B_TILE_467_i         |   in|    32|     ap_none|                     B_TILE_467_i|       pointer|
|B_TILE_467_i_ap_vld  |   in|     1|     ap_none|                     B_TILE_467_i|       pointer|
|B_TILE_468_i         |   in|    32|     ap_none|                     B_TILE_468_i|       pointer|
|B_TILE_468_i_ap_vld  |   in|     1|     ap_none|                     B_TILE_468_i|       pointer|
|B_TILE_469_i         |   in|    32|     ap_none|                     B_TILE_469_i|       pointer|
|B_TILE_469_i_ap_vld  |   in|     1|     ap_none|                     B_TILE_469_i|       pointer|
|B_TILE_470_i         |   in|    32|     ap_none|                     B_TILE_470_i|       pointer|
|B_TILE_470_i_ap_vld  |   in|     1|     ap_none|                     B_TILE_470_i|       pointer|
|B_TILE_471_i         |   in|    32|     ap_none|                     B_TILE_471_i|       pointer|
|B_TILE_471_i_ap_vld  |   in|     1|     ap_none|                     B_TILE_471_i|       pointer|
|B_TILE_472_i         |   in|    32|     ap_none|                     B_TILE_472_i|       pointer|
|B_TILE_472_i_ap_vld  |   in|     1|     ap_none|                     B_TILE_472_i|       pointer|
|B_TILE_473_i         |   in|    32|     ap_none|                     B_TILE_473_i|       pointer|
|B_TILE_473_i_ap_vld  |   in|     1|     ap_none|                     B_TILE_473_i|       pointer|
|B_TILE_474_i         |   in|    32|     ap_none|                     B_TILE_474_i|       pointer|
|B_TILE_474_i_ap_vld  |   in|     1|     ap_none|                     B_TILE_474_i|       pointer|
|B_TILE_475_i         |   in|    32|     ap_none|                     B_TILE_475_i|       pointer|
|B_TILE_475_i_ap_vld  |   in|     1|     ap_none|                     B_TILE_475_i|       pointer|
|B_TILE_476_i         |   in|    32|     ap_none|                     B_TILE_476_i|       pointer|
|B_TILE_476_i_ap_vld  |   in|     1|     ap_none|                     B_TILE_476_i|       pointer|
|B_TILE_477_i         |   in|    32|     ap_none|                     B_TILE_477_i|       pointer|
|B_TILE_477_i_ap_vld  |   in|     1|     ap_none|                     B_TILE_477_i|       pointer|
|B_TILE_478_i         |   in|    32|     ap_none|                     B_TILE_478_i|       pointer|
|B_TILE_478_i_ap_vld  |   in|     1|     ap_none|                     B_TILE_478_i|       pointer|
|B_TILE_479_i         |   in|    32|     ap_none|                     B_TILE_479_i|       pointer|
|B_TILE_479_i_ap_vld  |   in|     1|     ap_none|                     B_TILE_479_i|       pointer|
|B_TILE_480_i         |   in|    32|     ap_none|                     B_TILE_480_i|       pointer|
|B_TILE_480_i_ap_vld  |   in|     1|     ap_none|                     B_TILE_480_i|       pointer|
|B_TILE_481_i         |   in|    32|     ap_none|                     B_TILE_481_i|       pointer|
|B_TILE_481_i_ap_vld  |   in|     1|     ap_none|                     B_TILE_481_i|       pointer|
|B_TILE_482_i         |   in|    32|     ap_none|                     B_TILE_482_i|       pointer|
|B_TILE_482_i_ap_vld  |   in|     1|     ap_none|                     B_TILE_482_i|       pointer|
|B_TILE_483_i         |   in|    32|     ap_none|                     B_TILE_483_i|       pointer|
|B_TILE_483_i_ap_vld  |   in|     1|     ap_none|                     B_TILE_483_i|       pointer|
|B_TILE_484_i         |   in|    32|     ap_none|                     B_TILE_484_i|       pointer|
|B_TILE_484_i_ap_vld  |   in|     1|     ap_none|                     B_TILE_484_i|       pointer|
|B_TILE_485_i         |   in|    32|     ap_none|                     B_TILE_485_i|       pointer|
|B_TILE_485_i_ap_vld  |   in|     1|     ap_none|                     B_TILE_485_i|       pointer|
|B_TILE_486_i         |   in|    32|     ap_none|                     B_TILE_486_i|       pointer|
|B_TILE_486_i_ap_vld  |   in|     1|     ap_none|                     B_TILE_486_i|       pointer|
|B_TILE_487_i         |   in|    32|     ap_none|                     B_TILE_487_i|       pointer|
|B_TILE_487_i_ap_vld  |   in|     1|     ap_none|                     B_TILE_487_i|       pointer|
|B_TILE_488_i         |   in|    32|     ap_none|                     B_TILE_488_i|       pointer|
|B_TILE_488_i_ap_vld  |   in|     1|     ap_none|                     B_TILE_488_i|       pointer|
|B_TILE_489_i         |   in|    32|     ap_none|                     B_TILE_489_i|       pointer|
|B_TILE_489_i_ap_vld  |   in|     1|     ap_none|                     B_TILE_489_i|       pointer|
|B_TILE_490_i         |   in|    32|     ap_none|                     B_TILE_490_i|       pointer|
|B_TILE_490_i_ap_vld  |   in|     1|     ap_none|                     B_TILE_490_i|       pointer|
|B_TILE_491_i         |   in|    32|     ap_none|                     B_TILE_491_i|       pointer|
|B_TILE_491_i_ap_vld  |   in|     1|     ap_none|                     B_TILE_491_i|       pointer|
|B_TILE_492_i         |   in|    32|     ap_none|                     B_TILE_492_i|       pointer|
|B_TILE_492_i_ap_vld  |   in|     1|     ap_none|                     B_TILE_492_i|       pointer|
|B_TILE_493_i         |   in|    32|     ap_none|                     B_TILE_493_i|       pointer|
|B_TILE_493_i_ap_vld  |   in|     1|     ap_none|                     B_TILE_493_i|       pointer|
|B_TILE_494_i         |   in|    32|     ap_none|                     B_TILE_494_i|       pointer|
|B_TILE_494_i_ap_vld  |   in|     1|     ap_none|                     B_TILE_494_i|       pointer|
|B_TILE_495_i         |   in|    32|     ap_none|                     B_TILE_495_i|       pointer|
|B_TILE_495_i_ap_vld  |   in|     1|     ap_none|                     B_TILE_495_i|       pointer|
|B_TILE_496_i         |   in|    32|     ap_none|                     B_TILE_496_i|       pointer|
|B_TILE_496_i_ap_vld  |   in|     1|     ap_none|                     B_TILE_496_i|       pointer|
|B_TILE_497_i         |   in|    32|     ap_none|                     B_TILE_497_i|       pointer|
|B_TILE_497_i_ap_vld  |   in|     1|     ap_none|                     B_TILE_497_i|       pointer|
|B_TILE_498_i         |   in|    32|     ap_none|                     B_TILE_498_i|       pointer|
|B_TILE_498_i_ap_vld  |   in|     1|     ap_none|                     B_TILE_498_i|       pointer|
|B_TILE_499_i         |   in|    32|     ap_none|                     B_TILE_499_i|       pointer|
|B_TILE_499_i_ap_vld  |   in|     1|     ap_none|                     B_TILE_499_i|       pointer|
|B_TILE_500_i         |   in|    32|     ap_none|                     B_TILE_500_i|       pointer|
|B_TILE_500_i_ap_vld  |   in|     1|     ap_none|                     B_TILE_500_i|       pointer|
|B_TILE_501_i         |   in|    32|     ap_none|                     B_TILE_501_i|       pointer|
|B_TILE_501_i_ap_vld  |   in|     1|     ap_none|                     B_TILE_501_i|       pointer|
|B_TILE_502_i         |   in|    32|     ap_none|                     B_TILE_502_i|       pointer|
|B_TILE_502_i_ap_vld  |   in|     1|     ap_none|                     B_TILE_502_i|       pointer|
|B_TILE_503_i         |   in|    32|     ap_none|                     B_TILE_503_i|       pointer|
|B_TILE_503_i_ap_vld  |   in|     1|     ap_none|                     B_TILE_503_i|       pointer|
|B_TILE_504_i         |   in|    32|     ap_none|                     B_TILE_504_i|       pointer|
|B_TILE_504_i_ap_vld  |   in|     1|     ap_none|                     B_TILE_504_i|       pointer|
|B_TILE_505_i         |   in|    32|     ap_none|                     B_TILE_505_i|       pointer|
|B_TILE_505_i_ap_vld  |   in|     1|     ap_none|                     B_TILE_505_i|       pointer|
|B_TILE_506_i         |   in|    32|     ap_none|                     B_TILE_506_i|       pointer|
|B_TILE_506_i_ap_vld  |   in|     1|     ap_none|                     B_TILE_506_i|       pointer|
|B_TILE_507_i         |   in|    32|     ap_none|                     B_TILE_507_i|       pointer|
|B_TILE_507_i_ap_vld  |   in|     1|     ap_none|                     B_TILE_507_i|       pointer|
|B_TILE_508_i         |   in|    32|     ap_none|                     B_TILE_508_i|       pointer|
|B_TILE_508_i_ap_vld  |   in|     1|     ap_none|                     B_TILE_508_i|       pointer|
|B_TILE_509_i         |   in|    32|     ap_none|                     B_TILE_509_i|       pointer|
|B_TILE_509_i_ap_vld  |   in|     1|     ap_none|                     B_TILE_509_i|       pointer|
|B_TILE_510_i         |   in|    32|     ap_none|                     B_TILE_510_i|       pointer|
|B_TILE_510_i_ap_vld  |   in|     1|     ap_none|                     B_TILE_510_i|       pointer|
|B_TILE_511_i         |   in|    32|     ap_none|                     B_TILE_511_i|       pointer|
|B_TILE_511_i_ap_vld  |   in|     1|     ap_none|                     B_TILE_511_i|       pointer|
|A_in_dout            |   in|  1024|     ap_fifo|                             A_in|       pointer|
|A_in_empty_n         |   in|     1|     ap_fifo|                             A_in|       pointer|
|A_in_read            |  out|     1|     ap_fifo|                             A_in|       pointer|
|tileA_i              |   in|     4|     ap_none|                          tileA_i|        scalar|
|tileA_i_ap_vld       |   in|     1|     ap_none|                          tileA_i|        scalar|
|tileB                |   in|     3|     ap_none|                            tileB|        scalar|
|tileB_ap_vld         |   in|     1|     ap_none|                            tileB|        scalar|
|C_out_6_6_din        |  out|   512|     ap_fifo|                        C_out_6_6|       pointer|
|C_out_6_6_full_n     |   in|     1|     ap_fifo|                        C_out_6_6|       pointer|
|C_out_6_6_write      |  out|     1|     ap_fifo|                        C_out_6_6|       pointer|
|C_out_6_5_din        |  out|   512|     ap_fifo|                        C_out_6_5|       pointer|
|C_out_6_5_full_n     |   in|     1|     ap_fifo|                        C_out_6_5|       pointer|
|C_out_6_5_write      |  out|     1|     ap_fifo|                        C_out_6_5|       pointer|
|C_out_6_4_din        |  out|   512|     ap_fifo|                        C_out_6_4|       pointer|
|C_out_6_4_full_n     |   in|     1|     ap_fifo|                        C_out_6_4|       pointer|
|C_out_6_4_write      |  out|     1|     ap_fifo|                        C_out_6_4|       pointer|
|C_out_6_3_din        |  out|   512|     ap_fifo|                        C_out_6_3|       pointer|
|C_out_6_3_full_n     |   in|     1|     ap_fifo|                        C_out_6_3|       pointer|
|C_out_6_3_write      |  out|     1|     ap_fifo|                        C_out_6_3|       pointer|
|C_out_6_2_din        |  out|   512|     ap_fifo|                        C_out_6_2|       pointer|
|C_out_6_2_full_n     |   in|     1|     ap_fifo|                        C_out_6_2|       pointer|
|C_out_6_2_write      |  out|     1|     ap_fifo|                        C_out_6_2|       pointer|
|C_out_6_1_din        |  out|   512|     ap_fifo|                        C_out_6_1|       pointer|
|C_out_6_1_full_n     |   in|     1|     ap_fifo|                        C_out_6_1|       pointer|
|C_out_6_1_write      |  out|     1|     ap_fifo|                        C_out_6_1|       pointer|
|C_out_6_0_din        |  out|   512|     ap_fifo|                        C_out_6_0|       pointer|
|C_out_6_0_full_n     |   in|     1|     ap_fifo|                        C_out_6_0|       pointer|
|C_out_6_0_write      |  out|     1|     ap_fifo|                        C_out_6_0|       pointer|
|C_out_6_7_din        |  out|   512|     ap_fifo|                        C_out_6_7|       pointer|
|C_out_6_7_full_n     |   in|     1|     ap_fifo|                        C_out_6_7|       pointer|
|C_out_6_7_write      |  out|     1|     ap_fifo|                        C_out_6_7|       pointer|
|C_out_5_6_din        |  out|   512|     ap_fifo|                        C_out_5_6|       pointer|
|C_out_5_6_full_n     |   in|     1|     ap_fifo|                        C_out_5_6|       pointer|
|C_out_5_6_write      |  out|     1|     ap_fifo|                        C_out_5_6|       pointer|
|C_out_5_5_din        |  out|   512|     ap_fifo|                        C_out_5_5|       pointer|
|C_out_5_5_full_n     |   in|     1|     ap_fifo|                        C_out_5_5|       pointer|
|C_out_5_5_write      |  out|     1|     ap_fifo|                        C_out_5_5|       pointer|
|C_out_5_4_din        |  out|   512|     ap_fifo|                        C_out_5_4|       pointer|
|C_out_5_4_full_n     |   in|     1|     ap_fifo|                        C_out_5_4|       pointer|
|C_out_5_4_write      |  out|     1|     ap_fifo|                        C_out_5_4|       pointer|
|C_out_5_3_din        |  out|   512|     ap_fifo|                        C_out_5_3|       pointer|
|C_out_5_3_full_n     |   in|     1|     ap_fifo|                        C_out_5_3|       pointer|
|C_out_5_3_write      |  out|     1|     ap_fifo|                        C_out_5_3|       pointer|
|C_out_5_2_din        |  out|   512|     ap_fifo|                        C_out_5_2|       pointer|
|C_out_5_2_full_n     |   in|     1|     ap_fifo|                        C_out_5_2|       pointer|
|C_out_5_2_write      |  out|     1|     ap_fifo|                        C_out_5_2|       pointer|
|C_out_5_1_din        |  out|   512|     ap_fifo|                        C_out_5_1|       pointer|
|C_out_5_1_full_n     |   in|     1|     ap_fifo|                        C_out_5_1|       pointer|
|C_out_5_1_write      |  out|     1|     ap_fifo|                        C_out_5_1|       pointer|
|C_out_5_0_din        |  out|   512|     ap_fifo|                        C_out_5_0|       pointer|
|C_out_5_0_full_n     |   in|     1|     ap_fifo|                        C_out_5_0|       pointer|
|C_out_5_0_write      |  out|     1|     ap_fifo|                        C_out_5_0|       pointer|
|C_out_5_7_din        |  out|   512|     ap_fifo|                        C_out_5_7|       pointer|
|C_out_5_7_full_n     |   in|     1|     ap_fifo|                        C_out_5_7|       pointer|
|C_out_5_7_write      |  out|     1|     ap_fifo|                        C_out_5_7|       pointer|
|C_out_4_6_din        |  out|   512|     ap_fifo|                        C_out_4_6|       pointer|
|C_out_4_6_full_n     |   in|     1|     ap_fifo|                        C_out_4_6|       pointer|
|C_out_4_6_write      |  out|     1|     ap_fifo|                        C_out_4_6|       pointer|
|C_out_4_5_din        |  out|   512|     ap_fifo|                        C_out_4_5|       pointer|
|C_out_4_5_full_n     |   in|     1|     ap_fifo|                        C_out_4_5|       pointer|
|C_out_4_5_write      |  out|     1|     ap_fifo|                        C_out_4_5|       pointer|
|C_out_4_4_din        |  out|   512|     ap_fifo|                        C_out_4_4|       pointer|
|C_out_4_4_full_n     |   in|     1|     ap_fifo|                        C_out_4_4|       pointer|
|C_out_4_4_write      |  out|     1|     ap_fifo|                        C_out_4_4|       pointer|
|C_out_4_3_din        |  out|   512|     ap_fifo|                        C_out_4_3|       pointer|
|C_out_4_3_full_n     |   in|     1|     ap_fifo|                        C_out_4_3|       pointer|
|C_out_4_3_write      |  out|     1|     ap_fifo|                        C_out_4_3|       pointer|
|C_out_4_2_din        |  out|   512|     ap_fifo|                        C_out_4_2|       pointer|
|C_out_4_2_full_n     |   in|     1|     ap_fifo|                        C_out_4_2|       pointer|
|C_out_4_2_write      |  out|     1|     ap_fifo|                        C_out_4_2|       pointer|
|C_out_4_1_din        |  out|   512|     ap_fifo|                        C_out_4_1|       pointer|
|C_out_4_1_full_n     |   in|     1|     ap_fifo|                        C_out_4_1|       pointer|
|C_out_4_1_write      |  out|     1|     ap_fifo|                        C_out_4_1|       pointer|
|C_out_4_0_din        |  out|   512|     ap_fifo|                        C_out_4_0|       pointer|
|C_out_4_0_full_n     |   in|     1|     ap_fifo|                        C_out_4_0|       pointer|
|C_out_4_0_write      |  out|     1|     ap_fifo|                        C_out_4_0|       pointer|
|C_out_4_7_din        |  out|   512|     ap_fifo|                        C_out_4_7|       pointer|
|C_out_4_7_full_n     |   in|     1|     ap_fifo|                        C_out_4_7|       pointer|
|C_out_4_7_write      |  out|     1|     ap_fifo|                        C_out_4_7|       pointer|
|C_out_3_6_din        |  out|   512|     ap_fifo|                        C_out_3_6|       pointer|
|C_out_3_6_full_n     |   in|     1|     ap_fifo|                        C_out_3_6|       pointer|
|C_out_3_6_write      |  out|     1|     ap_fifo|                        C_out_3_6|       pointer|
|C_out_3_5_din        |  out|   512|     ap_fifo|                        C_out_3_5|       pointer|
|C_out_3_5_full_n     |   in|     1|     ap_fifo|                        C_out_3_5|       pointer|
|C_out_3_5_write      |  out|     1|     ap_fifo|                        C_out_3_5|       pointer|
|C_out_3_4_din        |  out|   512|     ap_fifo|                        C_out_3_4|       pointer|
|C_out_3_4_full_n     |   in|     1|     ap_fifo|                        C_out_3_4|       pointer|
|C_out_3_4_write      |  out|     1|     ap_fifo|                        C_out_3_4|       pointer|
|C_out_3_3_din        |  out|   512|     ap_fifo|                        C_out_3_3|       pointer|
|C_out_3_3_full_n     |   in|     1|     ap_fifo|                        C_out_3_3|       pointer|
|C_out_3_3_write      |  out|     1|     ap_fifo|                        C_out_3_3|       pointer|
|C_out_3_2_din        |  out|   512|     ap_fifo|                        C_out_3_2|       pointer|
|C_out_3_2_full_n     |   in|     1|     ap_fifo|                        C_out_3_2|       pointer|
|C_out_3_2_write      |  out|     1|     ap_fifo|                        C_out_3_2|       pointer|
|C_out_3_1_din        |  out|   512|     ap_fifo|                        C_out_3_1|       pointer|
|C_out_3_1_full_n     |   in|     1|     ap_fifo|                        C_out_3_1|       pointer|
|C_out_3_1_write      |  out|     1|     ap_fifo|                        C_out_3_1|       pointer|
|C_out_3_0_din        |  out|   512|     ap_fifo|                        C_out_3_0|       pointer|
|C_out_3_0_full_n     |   in|     1|     ap_fifo|                        C_out_3_0|       pointer|
|C_out_3_0_write      |  out|     1|     ap_fifo|                        C_out_3_0|       pointer|
|C_out_3_7_din        |  out|   512|     ap_fifo|                        C_out_3_7|       pointer|
|C_out_3_7_full_n     |   in|     1|     ap_fifo|                        C_out_3_7|       pointer|
|C_out_3_7_write      |  out|     1|     ap_fifo|                        C_out_3_7|       pointer|
|C_out_2_6_din        |  out|   512|     ap_fifo|                        C_out_2_6|       pointer|
|C_out_2_6_full_n     |   in|     1|     ap_fifo|                        C_out_2_6|       pointer|
|C_out_2_6_write      |  out|     1|     ap_fifo|                        C_out_2_6|       pointer|
|C_out_2_5_din        |  out|   512|     ap_fifo|                        C_out_2_5|       pointer|
|C_out_2_5_full_n     |   in|     1|     ap_fifo|                        C_out_2_5|       pointer|
|C_out_2_5_write      |  out|     1|     ap_fifo|                        C_out_2_5|       pointer|
|C_out_2_4_din        |  out|   512|     ap_fifo|                        C_out_2_4|       pointer|
|C_out_2_4_full_n     |   in|     1|     ap_fifo|                        C_out_2_4|       pointer|
|C_out_2_4_write      |  out|     1|     ap_fifo|                        C_out_2_4|       pointer|
|C_out_2_3_din        |  out|   512|     ap_fifo|                        C_out_2_3|       pointer|
|C_out_2_3_full_n     |   in|     1|     ap_fifo|                        C_out_2_3|       pointer|
|C_out_2_3_write      |  out|     1|     ap_fifo|                        C_out_2_3|       pointer|
|C_out_2_2_din        |  out|   512|     ap_fifo|                        C_out_2_2|       pointer|
|C_out_2_2_full_n     |   in|     1|     ap_fifo|                        C_out_2_2|       pointer|
|C_out_2_2_write      |  out|     1|     ap_fifo|                        C_out_2_2|       pointer|
|C_out_2_1_din        |  out|   512|     ap_fifo|                        C_out_2_1|       pointer|
|C_out_2_1_full_n     |   in|     1|     ap_fifo|                        C_out_2_1|       pointer|
|C_out_2_1_write      |  out|     1|     ap_fifo|                        C_out_2_1|       pointer|
|C_out_2_0_din        |  out|   512|     ap_fifo|                        C_out_2_0|       pointer|
|C_out_2_0_full_n     |   in|     1|     ap_fifo|                        C_out_2_0|       pointer|
|C_out_2_0_write      |  out|     1|     ap_fifo|                        C_out_2_0|       pointer|
|C_out_2_7_din        |  out|   512|     ap_fifo|                        C_out_2_7|       pointer|
|C_out_2_7_full_n     |   in|     1|     ap_fifo|                        C_out_2_7|       pointer|
|C_out_2_7_write      |  out|     1|     ap_fifo|                        C_out_2_7|       pointer|
|C_out_1_6_din        |  out|   512|     ap_fifo|                        C_out_1_6|       pointer|
|C_out_1_6_full_n     |   in|     1|     ap_fifo|                        C_out_1_6|       pointer|
|C_out_1_6_write      |  out|     1|     ap_fifo|                        C_out_1_6|       pointer|
|C_out_1_5_din        |  out|   512|     ap_fifo|                        C_out_1_5|       pointer|
|C_out_1_5_full_n     |   in|     1|     ap_fifo|                        C_out_1_5|       pointer|
|C_out_1_5_write      |  out|     1|     ap_fifo|                        C_out_1_5|       pointer|
|C_out_1_4_din        |  out|   512|     ap_fifo|                        C_out_1_4|       pointer|
|C_out_1_4_full_n     |   in|     1|     ap_fifo|                        C_out_1_4|       pointer|
|C_out_1_4_write      |  out|     1|     ap_fifo|                        C_out_1_4|       pointer|
|C_out_1_3_din        |  out|   512|     ap_fifo|                        C_out_1_3|       pointer|
|C_out_1_3_full_n     |   in|     1|     ap_fifo|                        C_out_1_3|       pointer|
|C_out_1_3_write      |  out|     1|     ap_fifo|                        C_out_1_3|       pointer|
|C_out_1_2_din        |  out|   512|     ap_fifo|                        C_out_1_2|       pointer|
|C_out_1_2_full_n     |   in|     1|     ap_fifo|                        C_out_1_2|       pointer|
|C_out_1_2_write      |  out|     1|     ap_fifo|                        C_out_1_2|       pointer|
|C_out_1_1_din        |  out|   512|     ap_fifo|                        C_out_1_1|       pointer|
|C_out_1_1_full_n     |   in|     1|     ap_fifo|                        C_out_1_1|       pointer|
|C_out_1_1_write      |  out|     1|     ap_fifo|                        C_out_1_1|       pointer|
|C_out_1_0_din        |  out|   512|     ap_fifo|                        C_out_1_0|       pointer|
|C_out_1_0_full_n     |   in|     1|     ap_fifo|                        C_out_1_0|       pointer|
|C_out_1_0_write      |  out|     1|     ap_fifo|                        C_out_1_0|       pointer|
|C_out_1_7_din        |  out|   512|     ap_fifo|                        C_out_1_7|       pointer|
|C_out_1_7_full_n     |   in|     1|     ap_fifo|                        C_out_1_7|       pointer|
|C_out_1_7_write      |  out|     1|     ap_fifo|                        C_out_1_7|       pointer|
|C_out_0_6_din        |  out|   512|     ap_fifo|                        C_out_0_6|       pointer|
|C_out_0_6_full_n     |   in|     1|     ap_fifo|                        C_out_0_6|       pointer|
|C_out_0_6_write      |  out|     1|     ap_fifo|                        C_out_0_6|       pointer|
|C_out_0_5_din        |  out|   512|     ap_fifo|                        C_out_0_5|       pointer|
|C_out_0_5_full_n     |   in|     1|     ap_fifo|                        C_out_0_5|       pointer|
|C_out_0_5_write      |  out|     1|     ap_fifo|                        C_out_0_5|       pointer|
|C_out_0_4_din        |  out|   512|     ap_fifo|                        C_out_0_4|       pointer|
|C_out_0_4_full_n     |   in|     1|     ap_fifo|                        C_out_0_4|       pointer|
|C_out_0_4_write      |  out|     1|     ap_fifo|                        C_out_0_4|       pointer|
|C_out_0_3_din        |  out|   512|     ap_fifo|                        C_out_0_3|       pointer|
|C_out_0_3_full_n     |   in|     1|     ap_fifo|                        C_out_0_3|       pointer|
|C_out_0_3_write      |  out|     1|     ap_fifo|                        C_out_0_3|       pointer|
|C_out_0_2_din        |  out|   512|     ap_fifo|                        C_out_0_2|       pointer|
|C_out_0_2_full_n     |   in|     1|     ap_fifo|                        C_out_0_2|       pointer|
|C_out_0_2_write      |  out|     1|     ap_fifo|                        C_out_0_2|       pointer|
|C_out_0_1_din        |  out|   512|     ap_fifo|                        C_out_0_1|       pointer|
|C_out_0_1_full_n     |   in|     1|     ap_fifo|                        C_out_0_1|       pointer|
|C_out_0_1_write      |  out|     1|     ap_fifo|                        C_out_0_1|       pointer|
|C_out_0_0_din        |  out|   512|     ap_fifo|                        C_out_0_0|       pointer|
|C_out_0_0_full_n     |   in|     1|     ap_fifo|                        C_out_0_0|       pointer|
|C_out_0_0_write      |  out|     1|     ap_fifo|                        C_out_0_0|       pointer|
|C_out_0_7_din        |  out|   512|     ap_fifo|                        C_out_0_7|       pointer|
|C_out_0_7_full_n     |   in|     1|     ap_fifo|                        C_out_0_7|       pointer|
|C_out_0_7_write      |  out|     1|     ap_fifo|                        C_out_0_7|       pointer|
|C_out_7_6_din        |  out|   512|     ap_fifo|                        C_out_7_6|       pointer|
|C_out_7_6_full_n     |   in|     1|     ap_fifo|                        C_out_7_6|       pointer|
|C_out_7_6_write      |  out|     1|     ap_fifo|                        C_out_7_6|       pointer|
|C_out_7_5_din        |  out|   512|     ap_fifo|                        C_out_7_5|       pointer|
|C_out_7_5_full_n     |   in|     1|     ap_fifo|                        C_out_7_5|       pointer|
|C_out_7_5_write      |  out|     1|     ap_fifo|                        C_out_7_5|       pointer|
|C_out_7_4_din        |  out|   512|     ap_fifo|                        C_out_7_4|       pointer|
|C_out_7_4_full_n     |   in|     1|     ap_fifo|                        C_out_7_4|       pointer|
|C_out_7_4_write      |  out|     1|     ap_fifo|                        C_out_7_4|       pointer|
|C_out_7_3_din        |  out|   512|     ap_fifo|                        C_out_7_3|       pointer|
|C_out_7_3_full_n     |   in|     1|     ap_fifo|                        C_out_7_3|       pointer|
|C_out_7_3_write      |  out|     1|     ap_fifo|                        C_out_7_3|       pointer|
|C_out_7_2_din        |  out|   512|     ap_fifo|                        C_out_7_2|       pointer|
|C_out_7_2_full_n     |   in|     1|     ap_fifo|                        C_out_7_2|       pointer|
|C_out_7_2_write      |  out|     1|     ap_fifo|                        C_out_7_2|       pointer|
|C_out_7_1_din        |  out|   512|     ap_fifo|                        C_out_7_1|       pointer|
|C_out_7_1_full_n     |   in|     1|     ap_fifo|                        C_out_7_1|       pointer|
|C_out_7_1_write      |  out|     1|     ap_fifo|                        C_out_7_1|       pointer|
|C_out_7_0_din        |  out|   512|     ap_fifo|                        C_out_7_0|       pointer|
|C_out_7_0_full_n     |   in|     1|     ap_fifo|                        C_out_7_0|       pointer|
|C_out_7_0_write      |  out|     1|     ap_fifo|                        C_out_7_0|       pointer|
|C_out_7_7_din        |  out|   512|     ap_fifo|                        C_out_7_7|       pointer|
|C_out_7_7_full_n     |   in|     1|     ap_fifo|                        C_out_7_7|       pointer|
|C_out_7_7_write      |  out|     1|     ap_fifo|                        C_out_7_7|       pointer|
|ap_clk               |   in|     1|  ap_ctrl_hs|  dataflow_in_loop_tile_loop_A279|  return value|
|ap_rst               |   in|     1|  ap_ctrl_hs|  dataflow_in_loop_tile_loop_A279|  return value|
|ap_start             |   in|     1|  ap_ctrl_hs|  dataflow_in_loop_tile_loop_A279|  return value|
|ap_done              |  out|     1|  ap_ctrl_hs|  dataflow_in_loop_tile_loop_A279|  return value|
|ap_ready             |  out|     1|  ap_ctrl_hs|  dataflow_in_loop_tile_loop_A279|  return value|
|ap_idle              |  out|     1|  ap_ctrl_hs|  dataflow_in_loop_tile_loop_A279|  return value|
|ap_continue          |   in|     1|  ap_ctrl_hs|  dataflow_in_loop_tile_loop_A279|  return value|
+---------------------+-----+------+------------+---------------------------------+--------------+

