

================================================================
== Vitis HLS Report for 'load_tile_A3280'
================================================================
* Date:           Tue Sep  1 15:24:31 2026

* Version:        2023.2 (Build 4023990 on Oct 11 2023)
* Project:        hls_project
* Solution:       gemm2 (Vitis Kernel Flow Target)
* Product family: versalaicore
* Target device:  xcvc1902-vsva2197-2MP-e-S


================================================================
== Performance Estimates
================================================================
+ Timing: 
    * Summary: 
    +--------+---------+----------+------------+
    |  Clock |  Target | Estimated| Uncertainty|
    +--------+---------+----------+------------+
    |ap_clk  |  3.33 ns|  1.398 ns|     0.90 ns|
    +--------+---------+----------+------------+

+ Latency: 
    * Summary: 
    +---------+---------+-----------+-----------+-----+-----+---------+
    |  Latency (cycles) |   Latency (absolute)  |  Interval | Pipeline|
    |   min   |   max   |    min    |    max    | min | max |   Type  |
    +---------+---------+-----------+-----------+-----+-----+---------+
    |       15|       15|  49.995 ns|  49.995 ns|   15|   15|       no|
    +---------+---------+-----------+-----------+-----+-----+---------+

    + Detail: 
        * Instance: 
        N/A

        * Loop: 
        N/A



================================================================
== Utilization Estimates
================================================================
* Summary: 
+-----------------+---------+------+---------+--------+-----+
|       Name      | BRAM_18K|  DSP |    FF   |   LUT  | URAM|
+-----------------+---------+------+---------+--------+-----+
|DSP              |        -|     -|        -|       -|    -|
|Expression       |        -|     -|        0|       2|    -|
|FIFO             |        -|     -|        -|       -|    -|
|Instance         |        -|     -|        -|       -|    -|
|Memory           |        -|     -|        -|       -|    -|
|Multiplexer      |        -|     -|        -|   16410|    -|
|Register         |        -|     -|    31761|       -|    -|
+-----------------+---------+------+---------+--------+-----+
|Total            |        0|     0|    31761|   16412|    0|
+-----------------+---------+------+---------+--------+-----+
|Available        |     1934|  1968|  1799680|  899840|  463|
+-----------------+---------+------+---------+--------+-----+
|Utilization (%)  |        0|     0|        1|       1|    0|
+-----------------+---------+------+---------+--------+-----+

+ Detail: 
    * Instance: 
    N/A

    * DSP: 
    N/A

    * Memory: 
    N/A

    * FIFO: 
    N/A

    * Expression: 
    +-----------------+----------+----+---+----+------------+------------+
    |  Variable Name  | Operation| DSP| FF| LUT| Bitwidth P0| Bitwidth P1|
    +-----------------+----------+----+---+----+------------+------------+
    |ap_block_state1  |        or|   0|  0|   2|           1|           1|
    +-----------------+----------+----+---+----+------------+------------+
    |Total            |          |   0|  0|   2|           1|           1|
    +-----------------+----------+----+---+----+------------+------------+

    * Multiplexer: 
    +---------------+-----+-----------+-----+-----------+
    |      Name     | LUT | Input Size| Bits| Total Bits|
    +---------------+-----+-----------+-----+-----------+
    |A_in_blk_n     |    2|          2|    1|          2|
    |ap_NS_fsm      |   22|         17|    1|         17|
    |ap_done        |    2|          2|    1|          2|
    |ap_return_0    |   32|          2|   32|         64|
    |ap_return_1    |   32|          2|   32|         64|
    |ap_return_10   |   32|          2|   32|         64|
    |ap_return_100  |   32|          2|   32|         64|
    |ap_return_101  |   32|          2|   32|         64|
    |ap_return_102  |   32|          2|   32|         64|
    |ap_return_103  |   32|          2|   32|         64|
    |ap_return_104  |   32|          2|   32|         64|
    |ap_return_105  |   32|          2|   32|         64|
    |ap_return_106  |   32|          2|   32|         64|
    |ap_return_107  |   32|          2|   32|         64|
    |ap_return_108  |   32|          2|   32|         64|
    |ap_return_109  |   32|          2|   32|         64|
    |ap_return_11   |   32|          2|   32|         64|
    |ap_return_110  |   32|          2|   32|         64|
    |ap_return_111  |   32|          2|   32|         64|
    |ap_return_112  |   32|          2|   32|         64|
    |ap_return_113  |   32|          2|   32|         64|
    |ap_return_114  |   32|          2|   32|         64|
    |ap_return_115  |   32|          2|   32|         64|
    |ap_return_116  |   32|          2|   32|         64|
    |ap_return_117  |   32|          2|   32|         64|
    |ap_return_118  |   32|          2|   32|         64|
    |ap_return_119  |   32|          2|   32|         64|
    |ap_return_12   |   32|          2|   32|         64|
    |ap_return_120  |   32|          2|   32|         64|
    |ap_return_121  |   32|          2|   32|         64|
    |ap_return_122  |   32|          2|   32|         64|
    |ap_return_123  |   32|          2|   32|         64|
    |ap_return_124  |   32|          2|   32|         64|
    |ap_return_125  |   32|          2|   32|         64|
    |ap_return_126  |   32|          2|   32|         64|
    |ap_return_127  |   32|          2|   32|         64|
    |ap_return_128  |   32|          2|   32|         64|
    |ap_return_129  |   32|          2|   32|         64|
    |ap_return_13   |   32|          2|   32|         64|
    |ap_return_130  |   32|          2|   32|         64|
    |ap_return_131  |   32|          2|   32|         64|
    |ap_return_132  |   32|          2|   32|         64|
    |ap_return_133  |   32|          2|   32|         64|
    |ap_return_134  |   32|          2|   32|         64|
    |ap_return_135  |   32|          2|   32|         64|
    |ap_return_136  |   32|          2|   32|         64|
    |ap_return_137  |   32|          2|   32|         64|
    |ap_return_138  |   32|          2|   32|         64|
    |ap_return_139  |   32|          2|   32|         64|
    |ap_return_14   |   32|          2|   32|         64|
    |ap_return_140  |   32|          2|   32|         64|
    |ap_return_141  |   32|          2|   32|         64|
    |ap_return_142  |   32|          2|   32|         64|
    |ap_return_143  |   32|          2|   32|         64|
    |ap_return_144  |   32|          2|   32|         64|
    |ap_return_145  |   32|          2|   32|         64|
    |ap_return_146  |   32|          2|   32|         64|
    |ap_return_147  |   32|          2|   32|         64|
    |ap_return_148  |   32|          2|   32|         64|
    |ap_return_149  |   32|          2|   32|         64|
    |ap_return_15   |   32|          2|   32|         64|
    |ap_return_150  |   32|          2|   32|         64|
    |ap_return_151  |   32|          2|   32|         64|
    |ap_return_152  |   32|          2|   32|         64|
    |ap_return_153  |   32|          2|   32|         64|
    |ap_return_154  |   32|          2|   32|         64|
    |ap_return_155  |   32|          2|   32|         64|
    |ap_return_156  |   32|          2|   32|         64|
    |ap_return_157  |   32|          2|   32|         64|
    |ap_return_158  |   32|          2|   32|         64|
    |ap_return_159  |   32|          2|   32|         64|
    |ap_return_16   |   32|          2|   32|         64|
    |ap_return_160  |   32|          2|   32|         64|
    |ap_return_161  |   32|          2|   32|         64|
    |ap_return_162  |   32|          2|   32|         64|
    |ap_return_163  |   32|          2|   32|         64|
    |ap_return_164  |   32|          2|   32|         64|
    |ap_return_165  |   32|          2|   32|         64|
    |ap_return_166  |   32|          2|   32|         64|
    |ap_return_167  |   32|          2|   32|         64|
    |ap_return_168  |   32|          2|   32|         64|
    |ap_return_169  |   32|          2|   32|         64|
    |ap_return_17   |   32|          2|   32|         64|
    |ap_return_170  |   32|          2|   32|         64|
    |ap_return_171  |   32|          2|   32|         64|
    |ap_return_172  |   32|          2|   32|         64|
    |ap_return_173  |   32|          2|   32|         64|
    |ap_return_174  |   32|          2|   32|         64|
    |ap_return_175  |   32|          2|   32|         64|
    |ap_return_176  |   32|          2|   32|         64|
    |ap_return_177  |   32|          2|   32|         64|
    |ap_return_178  |   32|          2|   32|         64|
    |ap_return_179  |   32|          2|   32|         64|
    |ap_return_18   |   32|          2|   32|         64|
    |ap_return_180  |   32|          2|   32|         64|
    |ap_return_181  |   32|          2|   32|         64|
    |ap_return_182  |   32|          2|   32|         64|
    |ap_return_183  |   32|          2|   32|         64|
    |ap_return_184  |   32|          2|   32|         64|
    |ap_return_185  |   32|          2|   32|         64|
    |ap_return_186  |   32|          2|   32|         64|
    |ap_return_187  |   32|          2|   32|         64|
    |ap_return_188  |   32|          2|   32|         64|
    |ap_return_189  |   32|          2|   32|         64|
    |ap_return_19   |   32|          2|   32|         64|
    |ap_return_190  |   32|          2|   32|         64|
    |ap_return_191  |   32|          2|   32|         64|
    |ap_return_192  |   32|          2|   32|         64|
    |ap_return_193  |   32|          2|   32|         64|
    |ap_return_194  |   32|          2|   32|         64|
    |ap_return_195  |   32|          2|   32|         64|
    |ap_return_196  |   32|          2|   32|         64|
    |ap_return_197  |   32|          2|   32|         64|
    |ap_return_198  |   32|          2|   32|         64|
    |ap_return_199  |   32|          2|   32|         64|
    |ap_return_2    |   32|          2|   32|         64|
    |ap_return_20   |   32|          2|   32|         64|
    |ap_return_200  |   32|          2|   32|         64|
    |ap_return_201  |   32|          2|   32|         64|
    |ap_return_202  |   32|          2|   32|         64|
    |ap_return_203  |   32|          2|   32|         64|
    |ap_return_204  |   32|          2|   32|         64|
    |ap_return_205  |   32|          2|   32|         64|
    |ap_return_206  |   32|          2|   32|         64|
    |ap_return_207  |   32|          2|   32|         64|
    |ap_return_208  |   32|          2|   32|         64|
    |ap_return_209  |   32|          2|   32|         64|
    |ap_return_21   |   32|          2|   32|         64|
    |ap_return_210  |   32|          2|   32|         64|
    |ap_return_211  |   32|          2|   32|         64|
    |ap_return_212  |   32|          2|   32|         64|
    |ap_return_213  |   32|          2|   32|         64|
    |ap_return_214  |   32|          2|   32|         64|
    |ap_return_215  |   32|          2|   32|         64|
    |ap_return_216  |   32|          2|   32|         64|
    |ap_return_217  |   32|          2|   32|         64|
    |ap_return_218  |   32|          2|   32|         64|
    |ap_return_219  |   32|          2|   32|         64|
    |ap_return_22   |   32|          2|   32|         64|
    |ap_return_220  |   32|          2|   32|         64|
    |ap_return_221  |   32|          2|   32|         64|
    |ap_return_222  |   32|          2|   32|         64|
    |ap_return_223  |   32|          2|   32|         64|
    |ap_return_224  |   32|          2|   32|         64|
    |ap_return_225  |   32|          2|   32|         64|
    |ap_return_226  |   32|          2|   32|         64|
    |ap_return_227  |   32|          2|   32|         64|
    |ap_return_228  |   32|          2|   32|         64|
    |ap_return_229  |   32|          2|   32|         64|
    |ap_return_23   |   32|          2|   32|         64|
    |ap_return_230  |   32|          2|   32|         64|
    |ap_return_231  |   32|          2|   32|         64|
    |ap_return_232  |   32|          2|   32|         64|
    |ap_return_233  |   32|          2|   32|         64|
    |ap_return_234  |   32|          2|   32|         64|
    |ap_return_235  |   32|          2|   32|         64|
    |ap_return_236  |   32|          2|   32|         64|
    |ap_return_237  |   32|          2|   32|         64|
    |ap_return_238  |   32|          2|   32|         64|
    |ap_return_239  |   32|          2|   32|         64|
    |ap_return_24   |   32|          2|   32|         64|
    |ap_return_240  |   32|          2|   32|         64|
    |ap_return_241  |   32|          2|   32|         64|
    |ap_return_242  |   32|          2|   32|         64|
    |ap_return_243  |   32|          2|   32|         64|
    |ap_return_244  |   32|          2|   32|         64|
    |ap_return_245  |   32|          2|   32|         64|
    |ap_return_246  |   32|          2|   32|         64|
    |ap_return_247  |   32|          2|   32|         64|
    |ap_return_248  |   32|          2|   32|         64|
    |ap_return_249  |   32|          2|   32|         64|
    |ap_return_25   |   32|          2|   32|         64|
    |ap_return_250  |   32|          2|   32|         64|
    |ap_return_251  |   32|          2|   32|         64|
    |ap_return_252  |   32|          2|   32|         64|
    |ap_return_253  |   32|          2|   32|         64|
    |ap_return_254  |   32|          2|   32|         64|
    |ap_return_255  |   32|          2|   32|         64|
    |ap_return_256  |   32|          2|   32|         64|
    |ap_return_257  |   32|          2|   32|         64|
    |ap_return_258  |   32|          2|   32|         64|
    |ap_return_259  |   32|          2|   32|         64|
    |ap_return_26   |   32|          2|   32|         64|
    |ap_return_260  |   32|          2|   32|         64|
    |ap_return_261  |   32|          2|   32|         64|
    |ap_return_262  |   32|          2|   32|         64|
    |ap_return_263  |   32|          2|   32|         64|
    |ap_return_264  |   32|          2|   32|         64|
    |ap_return_265  |   32|          2|   32|         64|
    |ap_return_266  |   32|          2|   32|         64|
    |ap_return_267  |   32|          2|   32|         64|
    |ap_return_268  |   32|          2|   32|         64|
    |ap_return_269  |   32|          2|   32|         64|
    |ap_return_27   |   32|          2|   32|         64|
    |ap_return_270  |   32|          2|   32|         64|
    |ap_return_271  |   32|          2|   32|         64|
    |ap_return_272  |   32|          2|   32|         64|
    |ap_return_273  |   32|          2|   32|         64|
    |ap_return_274  |   32|          2|   32|         64|
    |ap_return_275  |   32|          2|   32|         64|
    |ap_return_276  |   32|          2|   32|         64|
    |ap_return_277  |   32|          2|   32|         64|
    |ap_return_278  |   32|          2|   32|         64|
    |ap_return_279  |   32|          2|   32|         64|
    |ap_return_28   |   32|          2|   32|         64|
    |ap_return_280  |   32|          2|   32|         64|
    |ap_return_281  |   32|          2|   32|         64|
    |ap_return_282  |   32|          2|   32|         64|
    |ap_return_283  |   32|          2|   32|         64|
    |ap_return_284  |   32|          2|   32|         64|
    |ap_return_285  |   32|          2|   32|         64|
    |ap_return_286  |   32|          2|   32|         64|
    |ap_return_287  |   32|          2|   32|         64|
    |ap_return_288  |   32|          2|   32|         64|
    |ap_return_289  |   32|          2|   32|         64|
    |ap_return_29   |   32|          2|   32|         64|
    |ap_return_290  |   32|          2|   32|         64|
    |ap_return_291  |   32|          2|   32|         64|
    |ap_return_292  |   32|          2|   32|         64|
    |ap_return_293  |   32|          2|   32|         64|
    |ap_return_294  |   32|          2|   32|         64|
    |ap_return_295  |   32|          2|   32|         64|
    |ap_return_296  |   32|          2|   32|         64|
    |ap_return_297  |   32|          2|   32|         64|
    |ap_return_298  |   32|          2|   32|         64|
    |ap_return_299  |   32|          2|   32|         64|
    |ap_return_3    |   32|          2|   32|         64|
    |ap_return_30   |   32|          2|   32|         64|
    |ap_return_300  |   32|          2|   32|         64|
    |ap_return_301  |   32|          2|   32|         64|
    |ap_return_302  |   32|          2|   32|         64|
    |ap_return_303  |   32|          2|   32|         64|
    |ap_return_304  |   32|          2|   32|         64|
    |ap_return_305  |   32|          2|   32|         64|
    |ap_return_306  |   32|          2|   32|         64|
    |ap_return_307  |   32|          2|   32|         64|
    |ap_return_308  |   32|          2|   32|         64|
    |ap_return_309  |   32|          2|   32|         64|
    |ap_return_31   |   32|          2|   32|         64|
    |ap_return_310  |   32|          2|   32|         64|
    |ap_return_311  |   32|          2|   32|         64|
    |ap_return_312  |   32|          2|   32|         64|
    |ap_return_313  |   32|          2|   32|         64|
    |ap_return_314  |   32|          2|   32|         64|
    |ap_return_315  |   32|          2|   32|         64|
    |ap_return_316  |   32|          2|   32|         64|
    |ap_return_317  |   32|          2|   32|         64|
    |ap_return_318  |   32|          2|   32|         64|
    |ap_return_319  |   32|          2|   32|         64|
    |ap_return_32   |   32|          2|   32|         64|
    |ap_return_320  |   32|          2|   32|         64|
    |ap_return_321  |   32|          2|   32|         64|
    |ap_return_322  |   32|          2|   32|         64|
    |ap_return_323  |   32|          2|   32|         64|
    |ap_return_324  |   32|          2|   32|         64|
    |ap_return_325  |   32|          2|   32|         64|
    |ap_return_326  |   32|          2|   32|         64|
    |ap_return_327  |   32|          2|   32|         64|
    |ap_return_328  |   32|          2|   32|         64|
    |ap_return_329  |   32|          2|   32|         64|
    |ap_return_33   |   32|          2|   32|         64|
    |ap_return_330  |   32|          2|   32|         64|
    |ap_return_331  |   32|          2|   32|         64|
    |ap_return_332  |   32|          2|   32|         64|
    |ap_return_333  |   32|          2|   32|         64|
    |ap_return_334  |   32|          2|   32|         64|
    |ap_return_335  |   32|          2|   32|         64|
    |ap_return_336  |   32|          2|   32|         64|
    |ap_return_337  |   32|          2|   32|         64|
    |ap_return_338  |   32|          2|   32|         64|
    |ap_return_339  |   32|          2|   32|         64|
    |ap_return_34   |   32|          2|   32|         64|
    |ap_return_340  |   32|          2|   32|         64|
    |ap_return_341  |   32|          2|   32|         64|
    |ap_return_342  |   32|          2|   32|         64|
    |ap_return_343  |   32|          2|   32|         64|
    |ap_return_344  |   32|          2|   32|         64|
    |ap_return_345  |   32|          2|   32|         64|
    |ap_return_346  |   32|          2|   32|         64|
    |ap_return_347  |   32|          2|   32|         64|
    |ap_return_348  |   32|          2|   32|         64|
    |ap_return_349  |   32|          2|   32|         64|
    |ap_return_35   |   32|          2|   32|         64|
    |ap_return_350  |   32|          2|   32|         64|
    |ap_return_351  |   32|          2|   32|         64|
    |ap_return_352  |   32|          2|   32|         64|
    |ap_return_353  |   32|          2|   32|         64|
    |ap_return_354  |   32|          2|   32|         64|
    |ap_return_355  |   32|          2|   32|         64|
    |ap_return_356  |   32|          2|   32|         64|
    |ap_return_357  |   32|          2|   32|         64|
    |ap_return_358  |   32|          2|   32|         64|
    |ap_return_359  |   32|          2|   32|         64|
    |ap_return_36   |   32|          2|   32|         64|
    |ap_return_360  |   32|          2|   32|         64|
    |ap_return_361  |   32|          2|   32|         64|
    |ap_return_362  |   32|          2|   32|         64|
    |ap_return_363  |   32|          2|   32|         64|
    |ap_return_364  |   32|          2|   32|         64|
    |ap_return_365  |   32|          2|   32|         64|
    |ap_return_366  |   32|          2|   32|         64|
    |ap_return_367  |   32|          2|   32|         64|
    |ap_return_368  |   32|          2|   32|         64|
    |ap_return_369  |   32|          2|   32|         64|
    |ap_return_37   |   32|          2|   32|         64|
    |ap_return_370  |   32|          2|   32|         64|
    |ap_return_371  |   32|          2|   32|         64|
    |ap_return_372  |   32|          2|   32|         64|
    |ap_return_373  |   32|          2|   32|         64|
    |ap_return_374  |   32|          2|   32|         64|
    |ap_return_375  |   32|          2|   32|         64|
    |ap_return_376  |   32|          2|   32|         64|
    |ap_return_377  |   32|          2|   32|         64|
    |ap_return_378  |   32|          2|   32|         64|
    |ap_return_379  |   32|          2|   32|         64|
    |ap_return_38   |   32|          2|   32|         64|
    |ap_return_380  |   32|          2|   32|         64|
    |ap_return_381  |   32|          2|   32|         64|
    |ap_return_382  |   32|          2|   32|         64|
    |ap_return_383  |   32|          2|   32|         64|
    |ap_return_384  |   32|          2|   32|         64|
    |ap_return_385  |   32|          2|   32|         64|
    |ap_return_386  |   32|          2|   32|         64|
    |ap_return_387  |   32|          2|   32|         64|
    |ap_return_388  |   32|          2|   32|         64|
    |ap_return_389  |   32|          2|   32|         64|
    |ap_return_39   |   32|          2|   32|         64|
    |ap_return_390  |   32|          2|   32|         64|
    |ap_return_391  |   32|          2|   32|         64|
    |ap_return_392  |   32|          2|   32|         64|
    |ap_return_393  |   32|          2|   32|         64|
    |ap_return_394  |   32|          2|   32|         64|
    |ap_return_395  |   32|          2|   32|         64|
    |ap_return_396  |   32|          2|   32|         64|
    |ap_return_397  |   32|          2|   32|         64|
    |ap_return_398  |   32|          2|   32|         64|
    |ap_return_399  |   32|          2|   32|         64|
    |ap_return_4    |   32|          2|   32|         64|
    |ap_return_40   |   32|          2|   32|         64|
    |ap_return_400  |   32|          2|   32|         64|
    |ap_return_401  |   32|          2|   32|         64|
    |ap_return_402  |   32|          2|   32|         64|
    |ap_return_403  |   32|          2|   32|         64|
    |ap_return_404  |   32|          2|   32|         64|
    |ap_return_405  |   32|          2|   32|         64|
    |ap_return_406  |   32|          2|   32|         64|
    |ap_return_407  |   32|          2|   32|         64|
    |ap_return_408  |   32|          2|   32|         64|
    |ap_return_409  |   32|          2|   32|         64|
    |ap_return_41   |   32|          2|   32|         64|
    |ap_return_410  |   32|          2|   32|         64|
    |ap_return_411  |   32|          2|   32|         64|
    |ap_return_412  |   32|          2|   32|         64|
    |ap_return_413  |   32|          2|   32|         64|
    |ap_return_414  |   32|          2|   32|         64|
    |ap_return_415  |   32|          2|   32|         64|
    |ap_return_416  |   32|          2|   32|         64|
    |ap_return_417  |   32|          2|   32|         64|
    |ap_return_418  |   32|          2|   32|         64|
    |ap_return_419  |   32|          2|   32|         64|
    |ap_return_42   |   32|          2|   32|         64|
    |ap_return_420  |   32|          2|   32|         64|
    |ap_return_421  |   32|          2|   32|         64|
    |ap_return_422  |   32|          2|   32|         64|
    |ap_return_423  |   32|          2|   32|         64|
    |ap_return_424  |   32|          2|   32|         64|
    |ap_return_425  |   32|          2|   32|         64|
    |ap_return_426  |   32|          2|   32|         64|
    |ap_return_427  |   32|          2|   32|         64|
    |ap_return_428  |   32|          2|   32|         64|
    |ap_return_429  |   32|          2|   32|         64|
    |ap_return_43   |   32|          2|   32|         64|
    |ap_return_430  |   32|          2|   32|         64|
    |ap_return_431  |   32|          2|   32|         64|
    |ap_return_432  |   32|          2|   32|         64|
    |ap_return_433  |   32|          2|   32|         64|
    |ap_return_434  |   32|          2|   32|         64|
    |ap_return_435  |   32|          2|   32|         64|
    |ap_return_436  |   32|          2|   32|         64|
    |ap_return_437  |   32|          2|   32|         64|
    |ap_return_438  |   32|          2|   32|         64|
    |ap_return_439  |   32|          2|   32|         64|
    |ap_return_44   |   32|          2|   32|         64|
    |ap_return_440  |   32|          2|   32|         64|
    |ap_return_441  |   32|          2|   32|         64|
    |ap_return_442  |   32|          2|   32|         64|
    |ap_return_443  |   32|          2|   32|         64|
    |ap_return_444  |   32|          2|   32|         64|
    |ap_return_445  |   32|          2|   32|         64|
    |ap_return_446  |   32|          2|   32|         64|
    |ap_return_447  |   32|          2|   32|         64|
    |ap_return_448  |   32|          2|   32|         64|
    |ap_return_449  |   32|          2|   32|         64|
    |ap_return_45   |   32|          2|   32|         64|
    |ap_return_450  |   32|          2|   32|         64|
    |ap_return_451  |   32|          2|   32|         64|
    |ap_return_452  |   32|          2|   32|         64|
    |ap_return_453  |   32|          2|   32|         64|
    |ap_return_454  |   32|          2|   32|         64|
    |ap_return_455  |   32|          2|   32|         64|
    |ap_return_456  |   32|          2|   32|         64|
    |ap_return_457  |   32|          2|   32|         64|
    |ap_return_458  |   32|          2|   32|         64|
    |ap_return_459  |   32|          2|   32|         64|
    |ap_return_46   |   32|          2|   32|         64|
    |ap_return_460  |   32|          2|   32|         64|
    |ap_return_461  |   32|          2|   32|         64|
    |ap_return_462  |   32|          2|   32|         64|
    |ap_return_463  |   32|          2|   32|         64|
    |ap_return_464  |   32|          2|   32|         64|
    |ap_return_465  |   32|          2|   32|         64|
    |ap_return_466  |   32|          2|   32|         64|
    |ap_return_467  |   32|          2|   32|         64|
    |ap_return_468  |   32|          2|   32|         64|
    |ap_return_469  |   32|          2|   32|         64|
    |ap_return_47   |   32|          2|   32|         64|
    |ap_return_470  |   32|          2|   32|         64|
    |ap_return_471  |   32|          2|   32|         64|
    |ap_return_472  |   32|          2|   32|         64|
    |ap_return_473  |   32|          2|   32|         64|
    |ap_return_474  |   32|          2|   32|         64|
    |ap_return_475  |   32|          2|   32|         64|
    |ap_return_476  |   32|          2|   32|         64|
    |ap_return_477  |   32|          2|   32|         64|
    |ap_return_478  |   32|          2|   32|         64|
    |ap_return_479  |   32|          2|   32|         64|
    |ap_return_48   |   32|          2|   32|         64|
    |ap_return_480  |   32|          2|   32|         64|
    |ap_return_481  |   32|          2|   32|         64|
    |ap_return_482  |   32|          2|   32|         64|
    |ap_return_483  |   32|          2|   32|         64|
    |ap_return_484  |   32|          2|   32|         64|
    |ap_return_485  |   32|          2|   32|         64|
    |ap_return_486  |   32|          2|   32|         64|
    |ap_return_487  |   32|          2|   32|         64|
    |ap_return_488  |   32|          2|   32|         64|
    |ap_return_489  |   32|          2|   32|         64|
    |ap_return_49   |   32|          2|   32|         64|
    |ap_return_490  |   32|          2|   32|         64|
    |ap_return_491  |   32|          2|   32|         64|
    |ap_return_492  |   32|          2|   32|         64|
    |ap_return_493  |   32|          2|   32|         64|
    |ap_return_494  |   32|          2|   32|         64|
    |ap_return_495  |   32|          2|   32|         64|
    |ap_return_496  |   32|          2|   32|         64|
    |ap_return_497  |   32|          2|   32|         64|
    |ap_return_498  |   32|          2|   32|         64|
    |ap_return_499  |   32|          2|   32|         64|
    |ap_return_5    |   32|          2|   32|         64|
    |ap_return_50   |   32|          2|   32|         64|
    |ap_return_500  |   32|          2|   32|         64|
    |ap_return_501  |   32|          2|   32|         64|
    |ap_return_502  |   32|          2|   32|         64|
    |ap_return_503  |   32|          2|   32|         64|
    |ap_return_504  |   32|          2|   32|         64|
    |ap_return_505  |   32|          2|   32|         64|
    |ap_return_506  |   32|          2|   32|         64|
    |ap_return_507  |   32|          2|   32|         64|
    |ap_return_508  |   32|          2|   32|         64|
    |ap_return_509  |   32|          2|   32|         64|
    |ap_return_51   |   32|          2|   32|         64|
    |ap_return_510  |   32|          2|   32|         64|
    |ap_return_511  |   32|          2|   32|         64|
    |ap_return_52   |   32|          2|   32|         64|
    |ap_return_53   |   32|          2|   32|         64|
    |ap_return_54   |   32|          2|   32|         64|
    |ap_return_55   |   32|          2|   32|         64|
    |ap_return_56   |   32|          2|   32|         64|
    |ap_return_57   |   32|          2|   32|         64|
    |ap_return_58   |   32|          2|   32|         64|
    |ap_return_59   |   32|          2|   32|         64|
    |ap_return_6    |   32|          2|   32|         64|
    |ap_return_60   |   32|          2|   32|         64|
    |ap_return_61   |   32|          2|   32|         64|
    |ap_return_62   |   32|          2|   32|         64|
    |ap_return_63   |   32|          2|   32|         64|
    |ap_return_64   |   32|          2|   32|         64|
    |ap_return_65   |   32|          2|   32|         64|
    |ap_return_66   |   32|          2|   32|         64|
    |ap_return_67   |   32|          2|   32|         64|
    |ap_return_68   |   32|          2|   32|         64|
    |ap_return_69   |   32|          2|   32|         64|
    |ap_return_7    |   32|          2|   32|         64|
    |ap_return_70   |   32|          2|   32|         64|
    |ap_return_71   |   32|          2|   32|         64|
    |ap_return_72   |   32|          2|   32|         64|
    |ap_return_73   |   32|          2|   32|         64|
    |ap_return_74   |   32|          2|   32|         64|
    |ap_return_75   |   32|          2|   32|         64|
    |ap_return_76   |   32|          2|   32|         64|
    |ap_return_77   |   32|          2|   32|         64|
    |ap_return_78   |   32|          2|   32|         64|
    |ap_return_79   |   32|          2|   32|         64|
    |ap_return_8    |   32|          2|   32|         64|
    |ap_return_80   |   32|          2|   32|         64|
    |ap_return_81   |   32|          2|   32|         64|
    |ap_return_82   |   32|          2|   32|         64|
    |ap_return_83   |   32|          2|   32|         64|
    |ap_return_84   |   32|          2|   32|         64|
    |ap_return_85   |   32|          2|   32|         64|
    |ap_return_86   |   32|          2|   32|         64|
    |ap_return_87   |   32|          2|   32|         64|
    |ap_return_88   |   32|          2|   32|         64|
    |ap_return_89   |   32|          2|   32|         64|
    |ap_return_9    |   32|          2|   32|         64|
    |ap_return_90   |   32|          2|   32|         64|
    |ap_return_91   |   32|          2|   32|         64|
    |ap_return_92   |   32|          2|   32|         64|
    |ap_return_93   |   32|          2|   32|         64|
    |ap_return_94   |   32|          2|   32|         64|
    |ap_return_95   |   32|          2|   32|         64|
    |ap_return_96   |   32|          2|   32|         64|
    |ap_return_97   |   32|          2|   32|         64|
    |ap_return_98   |   32|          2|   32|         64|
    |ap_return_99   |   32|          2|   32|         64|
    +---------------+-----+-----------+-----+-----------+
    |Total          |16410|       1045|16387|      32789|
    +---------------+-----+-----------+-----+-----------+

    * Register: 
    +-------------------------+-----+----+-----+-----------+
    |           Name          |  FF | LUT| Bits| Const Bits|
    +-------------------------+-----+----+-----+-----------+
    |ap_CS_fsm                |   16|   0|   16|          0|
    |ap_done_reg              |    1|   0|    1|          0|
    |ap_return_0_preg         |   32|   0|   32|          0|
    |ap_return_100_preg       |   32|   0|   32|          0|
    |ap_return_101_preg       |   32|   0|   32|          0|
    |ap_return_102_preg       |   32|   0|   32|          0|
    |ap_return_103_preg       |   32|   0|   32|          0|
    |ap_return_104_preg       |   32|   0|   32|          0|
    |ap_return_105_preg       |   32|   0|   32|          0|
    |ap_return_106_preg       |   32|   0|   32|          0|
    |ap_return_107_preg       |   32|   0|   32|          0|
    |ap_return_108_preg       |   32|   0|   32|          0|
    |ap_return_109_preg       |   32|   0|   32|          0|
    |ap_return_10_preg        |   32|   0|   32|          0|
    |ap_return_110_preg       |   32|   0|   32|          0|
    |ap_return_111_preg       |   32|   0|   32|          0|
    |ap_return_112_preg       |   32|   0|   32|          0|
    |ap_return_113_preg       |   32|   0|   32|          0|
    |ap_return_114_preg       |   32|   0|   32|          0|
    |ap_return_115_preg       |   32|   0|   32|          0|
    |ap_return_116_preg       |   32|   0|   32|          0|
    |ap_return_117_preg       |   32|   0|   32|          0|
    |ap_return_118_preg       |   32|   0|   32|          0|
    |ap_return_119_preg       |   32|   0|   32|          0|
    |ap_return_11_preg        |   32|   0|   32|          0|
    |ap_return_120_preg       |   32|   0|   32|          0|
    |ap_return_121_preg       |   32|   0|   32|          0|
    |ap_return_122_preg       |   32|   0|   32|          0|
    |ap_return_123_preg       |   32|   0|   32|          0|
    |ap_return_124_preg       |   32|   0|   32|          0|
    |ap_return_125_preg       |   32|   0|   32|          0|
    |ap_return_126_preg       |   32|   0|   32|          0|
    |ap_return_127_preg       |   32|   0|   32|          0|
    |ap_return_128_preg       |   32|   0|   32|          0|
    |ap_return_129_preg       |   32|   0|   32|          0|
    |ap_return_12_preg        |   32|   0|   32|          0|
    |ap_return_130_preg       |   32|   0|   32|          0|
    |ap_return_131_preg       |   32|   0|   32|          0|
    |ap_return_132_preg       |   32|   0|   32|          0|
    |ap_return_133_preg       |   32|   0|   32|          0|
    |ap_return_134_preg       |   32|   0|   32|          0|
    |ap_return_135_preg       |   32|   0|   32|          0|
    |ap_return_136_preg       |   32|   0|   32|          0|
    |ap_return_137_preg       |   32|   0|   32|          0|
    |ap_return_138_preg       |   32|   0|   32|          0|
    |ap_return_139_preg       |   32|   0|   32|          0|
    |ap_return_13_preg        |   32|   0|   32|          0|
    |ap_return_140_preg       |   32|   0|   32|          0|
    |ap_return_141_preg       |   32|   0|   32|          0|
    |ap_return_142_preg       |   32|   0|   32|          0|
    |ap_return_143_preg       |   32|   0|   32|          0|
    |ap_return_144_preg       |   32|   0|   32|          0|
    |ap_return_145_preg       |   32|   0|   32|          0|
    |ap_return_146_preg       |   32|   0|   32|          0|
    |ap_return_147_preg       |   32|   0|   32|          0|
    |ap_return_148_preg       |   32|   0|   32|          0|
    |ap_return_149_preg       |   32|   0|   32|          0|
    |ap_return_14_preg        |   32|   0|   32|          0|
    |ap_return_150_preg       |   32|   0|   32|          0|
    |ap_return_151_preg       |   32|   0|   32|          0|
    |ap_return_152_preg       |   32|   0|   32|          0|
    |ap_return_153_preg       |   32|   0|   32|          0|
    |ap_return_154_preg       |   32|   0|   32|          0|
    |ap_return_155_preg       |   32|   0|   32|          0|
    |ap_return_156_preg       |   32|   0|   32|          0|
    |ap_return_157_preg       |   32|   0|   32|          0|
    |ap_return_158_preg       |   32|   0|   32|          0|
    |ap_return_159_preg       |   32|   0|   32|          0|
    |ap_return_15_preg        |   32|   0|   32|          0|
    |ap_return_160_preg       |   32|   0|   32|          0|
    |ap_return_161_preg       |   32|   0|   32|          0|
    |ap_return_162_preg       |   32|   0|   32|          0|
    |ap_return_163_preg       |   32|   0|   32|          0|
    |ap_return_164_preg       |   32|   0|   32|          0|
    |ap_return_165_preg       |   32|   0|   32|          0|
    |ap_return_166_preg       |   32|   0|   32|          0|
    |ap_return_167_preg       |   32|   0|   32|          0|
    |ap_return_168_preg       |   32|   0|   32|          0|
    |ap_return_169_preg       |   32|   0|   32|          0|
    |ap_return_16_preg        |   32|   0|   32|          0|
    |ap_return_170_preg       |   32|   0|   32|          0|
    |ap_return_171_preg       |   32|   0|   32|          0|
    |ap_return_172_preg       |   32|   0|   32|          0|
    |ap_return_173_preg       |   32|   0|   32|          0|
    |ap_return_174_preg       |   32|   0|   32|          0|
    |ap_return_175_preg       |   32|   0|   32|          0|
    |ap_return_176_preg       |   32|   0|   32|          0|
    |ap_return_177_preg       |   32|   0|   32|          0|
    |ap_return_178_preg       |   32|   0|   32|          0|
    |ap_return_179_preg       |   32|   0|   32|          0|
    |ap_return_17_preg        |   32|   0|   32|          0|
    |ap_return_180_preg       |   32|   0|   32|          0|
    |ap_return_181_preg       |   32|   0|   32|          0|
    |ap_return_182_preg       |   32|   0|   32|          0|
    |ap_return_183_preg       |   32|   0|   32|          0|
    |ap_return_184_preg       |   32|   0|   32|          0|
    |ap_return_185_preg       |   32|   0|   32|          0|
    |ap_return_186_preg       |   32|   0|   32|          0|
    |ap_return_187_preg       |   32|   0|   32|          0|
    |ap_return_188_preg       |   32|   0|   32|          0|
    |ap_return_189_preg       |   32|   0|   32|          0|
    |ap_return_18_preg        |   32|   0|   32|          0|
    |ap_return_190_preg       |   32|   0|   32|          0|
    |ap_return_191_preg       |   32|   0|   32|          0|
    |ap_return_192_preg       |   32|   0|   32|          0|
    |ap_return_193_preg       |   32|   0|   32|          0|
    |ap_return_194_preg       |   32|   0|   32|          0|
    |ap_return_195_preg       |   32|   0|   32|          0|
    |ap_return_196_preg       |   32|   0|   32|          0|
    |ap_return_197_preg       |   32|   0|   32|          0|
    |ap_return_198_preg       |   32|   0|   32|          0|
    |ap_return_199_preg       |   32|   0|   32|          0|
    |ap_return_19_preg        |   32|   0|   32|          0|
    |ap_return_1_preg         |   32|   0|   32|          0|
    |ap_return_200_preg       |   32|   0|   32|          0|
    |ap_return_201_preg       |   32|   0|   32|          0|
    |ap_return_202_preg       |   32|   0|   32|          0|
    |ap_return_203_preg       |   32|   0|   32|          0|
    |ap_return_204_preg       |   32|   0|   32|          0|
    |ap_return_205_preg       |   32|   0|   32|          0|
    |ap_return_206_preg       |   32|   0|   32|          0|
    |ap_return_207_preg       |   32|   0|   32|          0|
    |ap_return_208_preg       |   32|   0|   32|          0|
    |ap_return_209_preg       |   32|   0|   32|          0|
    |ap_return_20_preg        |   32|   0|   32|          0|
    |ap_return_210_preg       |   32|   0|   32|          0|
    |ap_return_211_preg       |   32|   0|   32|          0|
    |ap_return_212_preg       |   32|   0|   32|          0|
    |ap_return_213_preg       |   32|   0|   32|          0|
    |ap_return_214_preg       |   32|   0|   32|          0|
    |ap_return_215_preg       |   32|   0|   32|          0|
    |ap_return_216_preg       |   32|   0|   32|          0|
    |ap_return_217_preg       |   32|   0|   32|          0|
    |ap_return_218_preg       |   32|   0|   32|          0|
    |ap_return_219_preg       |   32|   0|   32|          0|
    |ap_return_21_preg        |   32|   0|   32|          0|
    |ap_return_220_preg       |   32|   0|   32|          0|
    |ap_return_221_preg       |   32|   0|   32|          0|
    |ap_return_222_preg       |   32|   0|   32|          0|
    |ap_return_223_preg       |   32|   0|   32|          0|
    |ap_return_224_preg       |   32|   0|   32|          0|
    |ap_return_225_preg       |   32|   0|   32|          0|
    |ap_return_226_preg       |   32|   0|   32|          0|
    |ap_return_227_preg       |   32|   0|   32|          0|
    |ap_return_228_preg       |   32|   0|   32|          0|
    |ap_return_229_preg       |   32|   0|   32|          0|
    |ap_return_22_preg        |   32|   0|   32|          0|
    |ap_return_230_preg       |   32|   0|   32|          0|
    |ap_return_231_preg       |   32|   0|   32|          0|
    |ap_return_232_preg       |   32|   0|   32|          0|
    |ap_return_233_preg       |   32|   0|   32|          0|
    |ap_return_234_preg       |   32|   0|   32|          0|
    |ap_return_235_preg       |   32|   0|   32|          0|
    |ap_return_236_preg       |   32|   0|   32|          0|
    |ap_return_237_preg       |   32|   0|   32|          0|
    |ap_return_238_preg       |   32|   0|   32|          0|
    |ap_return_239_preg       |   32|   0|   32|          0|
    |ap_return_23_preg        |   32|   0|   32|          0|
    |ap_return_240_preg       |   32|   0|   32|          0|
    |ap_return_241_preg       |   32|   0|   32|          0|
    |ap_return_242_preg       |   32|   0|   32|          0|
    |ap_return_243_preg       |   32|   0|   32|          0|
    |ap_return_244_preg       |   32|   0|   32|          0|
    |ap_return_245_preg       |   32|   0|   32|          0|
    |ap_return_246_preg       |   32|   0|   32|          0|
    |ap_return_247_preg       |   32|   0|   32|          0|
    |ap_return_248_preg       |   32|   0|   32|          0|
    |ap_return_249_preg       |   32|   0|   32|          0|
    |ap_return_24_preg        |   32|   0|   32|          0|
    |ap_return_250_preg       |   32|   0|   32|          0|
    |ap_return_251_preg       |   32|   0|   32|          0|
    |ap_return_252_preg       |   32|   0|   32|          0|
    |ap_return_253_preg       |   32|   0|   32|          0|
    |ap_return_254_preg       |   32|   0|   32|          0|
    |ap_return_255_preg       |   32|   0|   32|          0|
    |ap_return_256_preg       |   32|   0|   32|          0|
    |ap_return_257_preg       |   32|   0|   32|          0|
    |ap_return_258_preg       |   32|   0|   32|          0|
    |ap_return_259_preg       |   32|   0|   32|          0|
    |ap_return_25_preg        |   32|   0|   32|          0|
    |ap_return_260_preg       |   32|   0|   32|          0|
    |ap_return_261_preg       |   32|   0|   32|          0|
    |ap_return_262_preg       |   32|   0|   32|          0|
    |ap_return_263_preg       |   32|   0|   32|          0|
    |ap_return_264_preg       |   32|   0|   32|          0|
    |ap_return_265_preg       |   32|   0|   32|          0|
    |ap_return_266_preg       |   32|   0|   32|          0|
    |ap_return_267_preg       |   32|   0|   32|          0|
    |ap_return_268_preg       |   32|   0|   32|          0|
    |ap_return_269_preg       |   32|   0|   32|          0|
    |ap_return_26_preg        |   32|   0|   32|          0|
    |ap_return_270_preg       |   32|   0|   32|          0|
    |ap_return_271_preg       |   32|   0|   32|          0|
    |ap_return_272_preg       |   32|   0|   32|          0|
    |ap_return_273_preg       |   32|   0|   32|          0|
    |ap_return_274_preg       |   32|   0|   32|          0|
    |ap_return_275_preg       |   32|   0|   32|          0|
    |ap_return_276_preg       |   32|   0|   32|          0|
    |ap_return_277_preg       |   32|   0|   32|          0|
    |ap_return_278_preg       |   32|   0|   32|          0|
    |ap_return_279_preg       |   32|   0|   32|          0|
    |ap_return_27_preg        |   32|   0|   32|          0|
    |ap_return_280_preg       |   32|   0|   32|          0|
    |ap_return_281_preg       |   32|   0|   32|          0|
    |ap_return_282_preg       |   32|   0|   32|          0|
    |ap_return_283_preg       |   32|   0|   32|          0|
    |ap_return_284_preg       |   32|   0|   32|          0|
    |ap_return_285_preg       |   32|   0|   32|          0|
    |ap_return_286_preg       |   32|   0|   32|          0|
    |ap_return_287_preg       |   32|   0|   32|          0|
    |ap_return_288_preg       |   32|   0|   32|          0|
    |ap_return_289_preg       |   32|   0|   32|          0|
    |ap_return_28_preg        |   32|   0|   32|          0|
    |ap_return_290_preg       |   32|   0|   32|          0|
    |ap_return_291_preg       |   32|   0|   32|          0|
    |ap_return_292_preg       |   32|   0|   32|          0|
    |ap_return_293_preg       |   32|   0|   32|          0|
    |ap_return_294_preg       |   32|   0|   32|          0|
    |ap_return_295_preg       |   32|   0|   32|          0|
    |ap_return_296_preg       |   32|   0|   32|          0|
    |ap_return_297_preg       |   32|   0|   32|          0|
    |ap_return_298_preg       |   32|   0|   32|          0|
    |ap_return_299_preg       |   32|   0|   32|          0|
    |ap_return_29_preg        |   32|   0|   32|          0|
    |ap_return_2_preg         |   32|   0|   32|          0|
    |ap_return_300_preg       |   32|   0|   32|          0|
    |ap_return_301_preg       |   32|   0|   32|          0|
    |ap_return_302_preg       |   32|   0|   32|          0|
    |ap_return_303_preg       |   32|   0|   32|          0|
    |ap_return_304_preg       |   32|   0|   32|          0|
    |ap_return_305_preg       |   32|   0|   32|          0|
    |ap_return_306_preg       |   32|   0|   32|          0|
    |ap_return_307_preg       |   32|   0|   32|          0|
    |ap_return_308_preg       |   32|   0|   32|          0|
    |ap_return_309_preg       |   32|   0|   32|          0|
    |ap_return_30_preg        |   32|   0|   32|          0|
    |ap_return_310_preg       |   32|   0|   32|          0|
    |ap_return_311_preg       |   32|   0|   32|          0|
    |ap_return_312_preg       |   32|   0|   32|          0|
    |ap_return_313_preg       |   32|   0|   32|          0|
    |ap_return_314_preg       |   32|   0|   32|          0|
    |ap_return_315_preg       |   32|   0|   32|          0|
    |ap_return_316_preg       |   32|   0|   32|          0|
    |ap_return_317_preg       |   32|   0|   32|          0|
    |ap_return_318_preg       |   32|   0|   32|          0|
    |ap_return_319_preg       |   32|   0|   32|          0|
    |ap_return_31_preg        |   32|   0|   32|          0|
    |ap_return_320_preg       |   32|   0|   32|          0|
    |ap_return_321_preg       |   32|   0|   32|          0|
    |ap_return_322_preg       |   32|   0|   32|          0|
    |ap_return_323_preg       |   32|   0|   32|          0|
    |ap_return_324_preg       |   32|   0|   32|          0|
    |ap_return_325_preg       |   32|   0|   32|          0|
    |ap_return_326_preg       |   32|   0|   32|          0|
    |ap_return_327_preg       |   32|   0|   32|          0|
    |ap_return_328_preg       |   32|   0|   32|          0|
    |ap_return_329_preg       |   32|   0|   32|          0|
    |ap_return_32_preg        |   32|   0|   32|          0|
    |ap_return_330_preg       |   32|   0|   32|          0|
    |ap_return_331_preg       |   32|   0|   32|          0|
    |ap_return_332_preg       |   32|   0|   32|          0|
    |ap_return_333_preg       |   32|   0|   32|          0|
    |ap_return_334_preg       |   32|   0|   32|          0|
    |ap_return_335_preg       |   32|   0|   32|          0|
    |ap_return_336_preg       |   32|   0|   32|          0|
    |ap_return_337_preg       |   32|   0|   32|          0|
    |ap_return_338_preg       |   32|   0|   32|          0|
    |ap_return_339_preg       |   32|   0|   32|          0|
    |ap_return_33_preg        |   32|   0|   32|          0|
    |ap_return_340_preg       |   32|   0|   32|          0|
    |ap_return_341_preg       |   32|   0|   32|          0|
    |ap_return_342_preg       |   32|   0|   32|          0|
    |ap_return_343_preg       |   32|   0|   32|          0|
    |ap_return_344_preg       |   32|   0|   32|          0|
    |ap_return_345_preg       |   32|   0|   32|          0|
    |ap_return_346_preg       |   32|   0|   32|          0|
    |ap_return_347_preg       |   32|   0|   32|          0|
    |ap_return_348_preg       |   32|   0|   32|          0|
    |ap_return_349_preg       |   32|   0|   32|          0|
    |ap_return_34_preg        |   32|   0|   32|          0|
    |ap_return_350_preg       |   32|   0|   32|          0|
    |ap_return_351_preg       |   32|   0|   32|          0|
    |ap_return_352_preg       |   32|   0|   32|          0|
    |ap_return_353_preg       |   32|   0|   32|          0|
    |ap_return_354_preg       |   32|   0|   32|          0|
    |ap_return_355_preg       |   32|   0|   32|          0|
    |ap_return_356_preg       |   32|   0|   32|          0|
    |ap_return_357_preg       |   32|   0|   32|          0|
    |ap_return_358_preg       |   32|   0|   32|          0|
    |ap_return_359_preg       |   32|   0|   32|          0|
    |ap_return_35_preg        |   32|   0|   32|          0|
    |ap_return_360_preg       |   32|   0|   32|          0|
    |ap_return_361_preg       |   32|   0|   32|          0|
    |ap_return_362_preg       |   32|   0|   32|          0|
    |ap_return_363_preg       |   32|   0|   32|          0|
    |ap_return_364_preg       |   32|   0|   32|          0|
    |ap_return_365_preg       |   32|   0|   32|          0|
    |ap_return_366_preg       |   32|   0|   32|          0|
    |ap_return_367_preg       |   32|   0|   32|          0|
    |ap_return_368_preg       |   32|   0|   32|          0|
    |ap_return_369_preg       |   32|   0|   32|          0|
    |ap_return_36_preg        |   32|   0|   32|          0|
    |ap_return_370_preg       |   32|   0|   32|          0|
    |ap_return_371_preg       |   32|   0|   32|          0|
    |ap_return_372_preg       |   32|   0|   32|          0|
    |ap_return_373_preg       |   32|   0|   32|          0|
    |ap_return_374_preg       |   32|   0|   32|          0|
    |ap_return_375_preg       |   32|   0|   32|          0|
    |ap_return_376_preg       |   32|   0|   32|          0|
    |ap_return_377_preg       |   32|   0|   32|          0|
    |ap_return_378_preg       |   32|   0|   32|          0|
    |ap_return_379_preg       |   32|   0|   32|          0|
    |ap_return_37_preg        |   32|   0|   32|          0|
    |ap_return_380_preg       |   32|   0|   32|          0|
    |ap_return_381_preg       |   32|   0|   32|          0|
    |ap_return_382_preg       |   32|   0|   32|          0|
    |ap_return_383_preg       |   32|   0|   32|          0|
    |ap_return_384_preg       |   32|   0|   32|          0|
    |ap_return_385_preg       |   32|   0|   32|          0|
    |ap_return_386_preg       |   32|   0|   32|          0|
    |ap_return_387_preg       |   32|   0|   32|          0|
    |ap_return_388_preg       |   32|   0|   32|          0|
    |ap_return_389_preg       |   32|   0|   32|          0|
    |ap_return_38_preg        |   32|   0|   32|          0|
    |ap_return_390_preg       |   32|   0|   32|          0|
    |ap_return_391_preg       |   32|   0|   32|          0|
    |ap_return_392_preg       |   32|   0|   32|          0|
    |ap_return_393_preg       |   32|   0|   32|          0|
    |ap_return_394_preg       |   32|   0|   32|          0|
    |ap_return_395_preg       |   32|   0|   32|          0|
    |ap_return_396_preg       |   32|   0|   32|          0|
    |ap_return_397_preg       |   32|   0|   32|          0|
    |ap_return_398_preg       |   32|   0|   32|          0|
    |ap_return_399_preg       |   32|   0|   32|          0|
    |ap_return_39_preg        |   32|   0|   32|          0|
    |ap_return_3_preg         |   32|   0|   32|          0|
    |ap_return_400_preg       |   32|   0|   32|          0|
    |ap_return_401_preg       |   32|   0|   32|          0|
    |ap_return_402_preg       |   32|   0|   32|          0|
    |ap_return_403_preg       |   32|   0|   32|          0|
    |ap_return_404_preg       |   32|   0|   32|          0|
    |ap_return_405_preg       |   32|   0|   32|          0|
    |ap_return_406_preg       |   32|   0|   32|          0|
    |ap_return_407_preg       |   32|   0|   32|          0|
    |ap_return_408_preg       |   32|   0|   32|          0|
    |ap_return_409_preg       |   32|   0|   32|          0|
    |ap_return_40_preg        |   32|   0|   32|          0|
    |ap_return_410_preg       |   32|   0|   32|          0|
    |ap_return_411_preg       |   32|   0|   32|          0|
    |ap_return_412_preg       |   32|   0|   32|          0|
    |ap_return_413_preg       |   32|   0|   32|          0|
    |ap_return_414_preg       |   32|   0|   32|          0|
    |ap_return_415_preg       |   32|   0|   32|          0|
    |ap_return_416_preg       |   32|   0|   32|          0|
    |ap_return_417_preg       |   32|   0|   32|          0|
    |ap_return_418_preg       |   32|   0|   32|          0|
    |ap_return_419_preg       |   32|   0|   32|          0|
    |ap_return_41_preg        |   32|   0|   32|          0|
    |ap_return_420_preg       |   32|   0|   32|          0|
    |ap_return_421_preg       |   32|   0|   32|          0|
    |ap_return_422_preg       |   32|   0|   32|          0|
    |ap_return_423_preg       |   32|   0|   32|          0|
    |ap_return_424_preg       |   32|   0|   32|          0|
    |ap_return_425_preg       |   32|   0|   32|          0|
    |ap_return_426_preg       |   32|   0|   32|          0|
    |ap_return_427_preg       |   32|   0|   32|          0|
    |ap_return_428_preg       |   32|   0|   32|          0|
    |ap_return_429_preg       |   32|   0|   32|          0|
    |ap_return_42_preg        |   32|   0|   32|          0|
    |ap_return_430_preg       |   32|   0|   32|          0|
    |ap_return_431_preg       |   32|   0|   32|          0|
    |ap_return_432_preg       |   32|   0|   32|          0|
    |ap_return_433_preg       |   32|   0|   32|          0|
    |ap_return_434_preg       |   32|   0|   32|          0|
    |ap_return_435_preg       |   32|   0|   32|          0|
    |ap_return_436_preg       |   32|   0|   32|          0|
    |ap_return_437_preg       |   32|   0|   32|          0|
    |ap_return_438_preg       |   32|   0|   32|          0|
    |ap_return_439_preg       |   32|   0|   32|          0|
    |ap_return_43_preg        |   32|   0|   32|          0|
    |ap_return_440_preg       |   32|   0|   32|          0|
    |ap_return_441_preg       |   32|   0|   32|          0|
    |ap_return_442_preg       |   32|   0|   32|          0|
    |ap_return_443_preg       |   32|   0|   32|          0|
    |ap_return_444_preg       |   32|   0|   32|          0|
    |ap_return_445_preg       |   32|   0|   32|          0|
    |ap_return_446_preg       |   32|   0|   32|          0|
    |ap_return_447_preg       |   32|   0|   32|          0|
    |ap_return_448_preg       |   32|   0|   32|          0|
    |ap_return_449_preg       |   32|   0|   32|          0|
    |ap_return_44_preg        |   32|   0|   32|          0|
    |ap_return_450_preg       |   32|   0|   32|          0|
    |ap_return_451_preg       |   32|   0|   32|          0|
    |ap_return_452_preg       |   32|   0|   32|          0|
    |ap_return_453_preg       |   32|   0|   32|          0|
    |ap_return_454_preg       |   32|   0|   32|          0|
    |ap_return_455_preg       |   32|   0|   32|          0|
    |ap_return_456_preg       |   32|   0|   32|          0|
    |ap_return_457_preg       |   32|   0|   32|          0|
    |ap_return_458_preg       |   32|   0|   32|          0|
    |ap_return_459_preg       |   32|   0|   32|          0|
    |ap_return_45_preg        |   32|   0|   32|          0|
    |ap_return_460_preg       |   32|   0|   32|          0|
    |ap_return_461_preg       |   32|   0|   32|          0|
    |ap_return_462_preg       |   32|   0|   32|          0|
    |ap_return_463_preg       |   32|   0|   32|          0|
    |ap_return_464_preg       |   32|   0|   32|          0|
    |ap_return_465_preg       |   32|   0|   32|          0|
    |ap_return_466_preg       |   32|   0|   32|          0|
    |ap_return_467_preg       |   32|   0|   32|          0|
    |ap_return_468_preg       |   32|   0|   32|          0|
    |ap_return_469_preg       |   32|   0|   32|          0|
    |ap_return_46_preg        |   32|   0|   32|          0|
    |ap_return_470_preg       |   32|   0|   32|          0|
    |ap_return_471_preg       |   32|   0|   32|          0|
    |ap_return_472_preg       |   32|   0|   32|          0|
    |ap_return_473_preg       |   32|   0|   32|          0|
    |ap_return_474_preg       |   32|   0|   32|          0|
    |ap_return_475_preg       |   32|   0|   32|          0|
    |ap_return_476_preg       |   32|   0|   32|          0|
    |ap_return_477_preg       |   32|   0|   32|          0|
    |ap_return_478_preg       |   32|   0|   32|          0|
    |ap_return_479_preg       |   32|   0|   32|          0|
    |ap_return_47_preg        |   32|   0|   32|          0|
    |ap_return_480_preg       |   32|   0|   32|          0|
    |ap_return_481_preg       |   32|   0|   32|          0|
    |ap_return_482_preg       |   32|   0|   32|          0|
    |ap_return_483_preg       |   32|   0|   32|          0|
    |ap_return_484_preg       |   32|   0|   32|          0|
    |ap_return_485_preg       |   32|   0|   32|          0|
    |ap_return_486_preg       |   32|   0|   32|          0|
    |ap_return_487_preg       |   32|   0|   32|          0|
    |ap_return_488_preg       |   32|   0|   32|          0|
    |ap_return_489_preg       |   32|   0|   32|          0|
    |ap_return_48_preg        |   32|   0|   32|          0|
    |ap_return_490_preg       |   32|   0|   32|          0|
    |ap_return_491_preg       |   32|   0|   32|          0|
    |ap_return_492_preg       |   32|   0|   32|          0|
    |ap_return_493_preg       |   32|   0|   32|          0|
    |ap_return_494_preg       |   32|   0|   32|          0|
    |ap_return_495_preg       |   32|   0|   32|          0|
    |ap_return_496_preg       |   32|   0|   32|          0|
    |ap_return_497_preg       |   32|   0|   32|          0|
    |ap_return_498_preg       |   32|   0|   32|          0|
    |ap_return_499_preg       |   32|   0|   32|          0|
    |ap_return_49_preg        |   32|   0|   32|          0|
    |ap_return_4_preg         |   32|   0|   32|          0|
    |ap_return_500_preg       |   32|   0|   32|          0|
    |ap_return_501_preg       |   32|   0|   32|          0|
    |ap_return_502_preg       |   32|   0|   32|          0|
    |ap_return_503_preg       |   32|   0|   32|          0|
    |ap_return_504_preg       |   32|   0|   32|          0|
    |ap_return_505_preg       |   32|   0|   32|          0|
    |ap_return_506_preg       |   32|   0|   32|          0|
    |ap_return_507_preg       |   32|   0|   32|          0|
    |ap_return_508_preg       |   32|   0|   32|          0|
    |ap_return_509_preg       |   32|   0|   32|          0|
    |ap_return_50_preg        |   32|   0|   32|          0|
    |ap_return_510_preg       |   32|   0|   32|          0|
    |ap_return_511_preg       |   32|   0|   32|          0|
    |ap_return_51_preg        |   32|   0|   32|          0|
    |ap_return_52_preg        |   32|   0|   32|          0|
    |ap_return_53_preg        |   32|   0|   32|          0|
    |ap_return_54_preg        |   32|   0|   32|          0|
    |ap_return_55_preg        |   32|   0|   32|          0|
    |ap_return_56_preg        |   32|   0|   32|          0|
    |ap_return_57_preg        |   32|   0|   32|          0|
    |ap_return_58_preg        |   32|   0|   32|          0|
    |ap_return_59_preg        |   32|   0|   32|          0|
    |ap_return_5_preg         |   32|   0|   32|          0|
    |ap_return_60_preg        |   32|   0|   32|          0|
    |ap_return_61_preg        |   32|   0|   32|          0|
    |ap_return_62_preg        |   32|   0|   32|          0|
    |ap_return_63_preg        |   32|   0|   32|          0|
    |ap_return_64_preg        |   32|   0|   32|          0|
    |ap_return_65_preg        |   32|   0|   32|          0|
    |ap_return_66_preg        |   32|   0|   32|          0|
    |ap_return_67_preg        |   32|   0|   32|          0|
    |ap_return_68_preg        |   32|   0|   32|          0|
    |ap_return_69_preg        |   32|   0|   32|          0|
    |ap_return_6_preg         |   32|   0|   32|          0|
    |ap_return_70_preg        |   32|   0|   32|          0|
    |ap_return_71_preg        |   32|   0|   32|          0|
    |ap_return_72_preg        |   32|   0|   32|          0|
    |ap_return_73_preg        |   32|   0|   32|          0|
    |ap_return_74_preg        |   32|   0|   32|          0|
    |ap_return_75_preg        |   32|   0|   32|          0|
    |ap_return_76_preg        |   32|   0|   32|          0|
    |ap_return_77_preg        |   32|   0|   32|          0|
    |ap_return_78_preg        |   32|   0|   32|          0|
    |ap_return_79_preg        |   32|   0|   32|          0|
    |ap_return_7_preg         |   32|   0|   32|          0|
    |ap_return_80_preg        |   32|   0|   32|          0|
    |ap_return_81_preg        |   32|   0|   32|          0|
    |ap_return_82_preg        |   32|   0|   32|          0|
    |ap_return_83_preg        |   32|   0|   32|          0|
    |ap_return_84_preg        |   32|   0|   32|          0|
    |ap_return_85_preg        |   32|   0|   32|          0|
    |ap_return_86_preg        |   32|   0|   32|          0|
    |ap_return_87_preg        |   32|   0|   32|          0|
    |ap_return_88_preg        |   32|   0|   32|          0|
    |ap_return_89_preg        |   32|   0|   32|          0|
    |ap_return_8_preg         |   32|   0|   32|          0|
    |ap_return_90_preg        |   32|   0|   32|          0|
    |ap_return_91_preg        |   32|   0|   32|          0|
    |ap_return_92_preg        |   32|   0|   32|          0|
    |ap_return_93_preg        |   32|   0|   32|          0|
    |ap_return_94_preg        |   32|   0|   32|          0|
    |ap_return_95_preg        |   32|   0|   32|          0|
    |ap_return_96_preg        |   32|   0|   32|          0|
    |ap_return_97_preg        |   32|   0|   32|          0|
    |ap_return_98_preg        |   32|   0|   32|          0|
    |ap_return_99_preg        |   32|   0|   32|          0|
    |ap_return_9_preg         |   32|   0|   32|          0|
    |trunc_ln43_100_reg_5669  |   32|   0|   32|          0|
    |trunc_ln43_101_reg_5674  |   32|   0|   32|          0|
    |trunc_ln43_102_reg_5679  |   32|   0|   32|          0|
    |trunc_ln43_103_reg_5684  |   32|   0|   32|          0|
    |trunc_ln43_104_reg_5689  |   32|   0|   32|          0|
    |trunc_ln43_105_reg_5694  |   32|   0|   32|          0|
    |trunc_ln43_106_reg_5699  |   32|   0|   32|          0|
    |trunc_ln43_107_reg_5704  |   32|   0|   32|          0|
    |trunc_ln43_108_reg_5709  |   32|   0|   32|          0|
    |trunc_ln43_109_reg_5714  |   32|   0|   32|          0|
    |trunc_ln43_10_reg_5219   |   32|   0|   32|          0|
    |trunc_ln43_110_reg_5719  |   32|   0|   32|          0|
    |trunc_ln43_111_reg_5724  |   32|   0|   32|          0|
    |trunc_ln43_112_reg_5729  |   32|   0|   32|          0|
    |trunc_ln43_113_reg_5734  |   32|   0|   32|          0|
    |trunc_ln43_114_reg_5739  |   32|   0|   32|          0|
    |trunc_ln43_115_reg_5744  |   32|   0|   32|          0|
    |trunc_ln43_116_reg_5749  |   32|   0|   32|          0|
    |trunc_ln43_117_reg_5754  |   32|   0|   32|          0|
    |trunc_ln43_118_reg_5759  |   32|   0|   32|          0|
    |trunc_ln43_119_reg_5764  |   32|   0|   32|          0|
    |trunc_ln43_11_reg_5224   |   32|   0|   32|          0|
    |trunc_ln43_120_reg_5769  |   32|   0|   32|          0|
    |trunc_ln43_121_reg_5774  |   32|   0|   32|          0|
    |trunc_ln43_122_reg_5779  |   32|   0|   32|          0|
    |trunc_ln43_123_reg_5784  |   32|   0|   32|          0|
    |trunc_ln43_124_reg_5789  |   32|   0|   32|          0|
    |trunc_ln43_125_reg_5794  |   32|   0|   32|          0|
    |trunc_ln43_126_reg_5799  |   32|   0|   32|          0|
    |trunc_ln43_127_reg_5804  |   32|   0|   32|          0|
    |trunc_ln43_128_reg_5809  |   32|   0|   32|          0|
    |trunc_ln43_129_reg_5814  |   32|   0|   32|          0|
    |trunc_ln43_12_reg_5229   |   32|   0|   32|          0|
    |trunc_ln43_130_reg_5819  |   32|   0|   32|          0|
    |trunc_ln43_131_reg_5824  |   32|   0|   32|          0|
    |trunc_ln43_132_reg_5829  |   32|   0|   32|          0|
    |trunc_ln43_133_reg_5834  |   32|   0|   32|          0|
    |trunc_ln43_134_reg_5839  |   32|   0|   32|          0|
    |trunc_ln43_135_reg_5844  |   32|   0|   32|          0|
    |trunc_ln43_136_reg_5849  |   32|   0|   32|          0|
    |trunc_ln43_137_reg_5854  |   32|   0|   32|          0|
    |trunc_ln43_138_reg_5859  |   32|   0|   32|          0|
    |trunc_ln43_139_reg_5864  |   32|   0|   32|          0|
    |trunc_ln43_13_reg_5234   |   32|   0|   32|          0|
    |trunc_ln43_140_reg_5869  |   32|   0|   32|          0|
    |trunc_ln43_141_reg_5874  |   32|   0|   32|          0|
    |trunc_ln43_142_reg_5879  |   32|   0|   32|          0|
    |trunc_ln43_143_reg_5884  |   32|   0|   32|          0|
    |trunc_ln43_144_reg_5889  |   32|   0|   32|          0|
    |trunc_ln43_145_reg_5894  |   32|   0|   32|          0|
    |trunc_ln43_146_reg_5899  |   32|   0|   32|          0|
    |trunc_ln43_147_reg_5904  |   32|   0|   32|          0|
    |trunc_ln43_148_reg_5909  |   32|   0|   32|          0|
    |trunc_ln43_149_reg_5914  |   32|   0|   32|          0|
    |trunc_ln43_14_reg_5239   |   32|   0|   32|          0|
    |trunc_ln43_150_reg_5919  |   32|   0|   32|          0|
    |trunc_ln43_151_reg_5924  |   32|   0|   32|          0|
    |trunc_ln43_152_reg_5929  |   32|   0|   32|          0|
    |trunc_ln43_153_reg_5934  |   32|   0|   32|          0|
    |trunc_ln43_154_reg_5939  |   32|   0|   32|          0|
    |trunc_ln43_155_reg_5944  |   32|   0|   32|          0|
    |trunc_ln43_156_reg_5949  |   32|   0|   32|          0|
    |trunc_ln43_157_reg_5954  |   32|   0|   32|          0|
    |trunc_ln43_158_reg_5959  |   32|   0|   32|          0|
    |trunc_ln43_159_reg_5964  |   32|   0|   32|          0|
    |trunc_ln43_15_reg_5244   |   32|   0|   32|          0|
    |trunc_ln43_160_reg_5969  |   32|   0|   32|          0|
    |trunc_ln43_161_reg_5974  |   32|   0|   32|          0|
    |trunc_ln43_162_reg_5979  |   32|   0|   32|          0|
    |trunc_ln43_163_reg_5984  |   32|   0|   32|          0|
    |trunc_ln43_164_reg_5989  |   32|   0|   32|          0|
    |trunc_ln43_165_reg_5994  |   32|   0|   32|          0|
    |trunc_ln43_166_reg_5999  |   32|   0|   32|          0|
    |trunc_ln43_167_reg_6004  |   32|   0|   32|          0|
    |trunc_ln43_168_reg_6009  |   32|   0|   32|          0|
    |trunc_ln43_169_reg_6014  |   32|   0|   32|          0|
    |trunc_ln43_16_reg_5249   |   32|   0|   32|          0|
    |trunc_ln43_170_reg_6019  |   32|   0|   32|          0|
    |trunc_ln43_171_reg_6024  |   32|   0|   32|          0|
    |trunc_ln43_172_reg_6029  |   32|   0|   32|          0|
    |trunc_ln43_173_reg_6034  |   32|   0|   32|          0|
    |trunc_ln43_174_reg_6039  |   32|   0|   32|          0|
    |trunc_ln43_175_reg_6044  |   32|   0|   32|          0|
    |trunc_ln43_176_reg_6049  |   32|   0|   32|          0|
    |trunc_ln43_177_reg_6054  |   32|   0|   32|          0|
    |trunc_ln43_178_reg_6059  |   32|   0|   32|          0|
    |trunc_ln43_179_reg_6064  |   32|   0|   32|          0|
    |trunc_ln43_17_reg_5254   |   32|   0|   32|          0|
    |trunc_ln43_180_reg_6069  |   32|   0|   32|          0|
    |trunc_ln43_181_reg_6074  |   32|   0|   32|          0|
    |trunc_ln43_182_reg_6079  |   32|   0|   32|          0|
    |trunc_ln43_183_reg_6084  |   32|   0|   32|          0|
    |trunc_ln43_184_reg_6089  |   32|   0|   32|          0|
    |trunc_ln43_185_reg_6094  |   32|   0|   32|          0|
    |trunc_ln43_186_reg_6099  |   32|   0|   32|          0|
    |trunc_ln43_187_reg_6104  |   32|   0|   32|          0|
    |trunc_ln43_188_reg_6109  |   32|   0|   32|          0|
    |trunc_ln43_189_reg_6114  |   32|   0|   32|          0|
    |trunc_ln43_18_reg_5259   |   32|   0|   32|          0|
    |trunc_ln43_190_reg_6119  |   32|   0|   32|          0|
    |trunc_ln43_191_reg_6124  |   32|   0|   32|          0|
    |trunc_ln43_192_reg_6129  |   32|   0|   32|          0|
    |trunc_ln43_193_reg_6134  |   32|   0|   32|          0|
    |trunc_ln43_194_reg_6139  |   32|   0|   32|          0|
    |trunc_ln43_195_reg_6144  |   32|   0|   32|          0|
    |trunc_ln43_196_reg_6149  |   32|   0|   32|          0|
    |trunc_ln43_197_reg_6154  |   32|   0|   32|          0|
    |trunc_ln43_198_reg_6159  |   32|   0|   32|          0|
    |trunc_ln43_199_reg_6164  |   32|   0|   32|          0|
    |trunc_ln43_19_reg_5264   |   32|   0|   32|          0|
    |trunc_ln43_1_reg_5169    |   32|   0|   32|          0|
    |trunc_ln43_200_reg_6169  |   32|   0|   32|          0|
    |trunc_ln43_201_reg_6174  |   32|   0|   32|          0|
    |trunc_ln43_202_reg_6179  |   32|   0|   32|          0|
    |trunc_ln43_203_reg_6184  |   32|   0|   32|          0|
    |trunc_ln43_204_reg_6189  |   32|   0|   32|          0|
    |trunc_ln43_205_reg_6194  |   32|   0|   32|          0|
    |trunc_ln43_206_reg_6199  |   32|   0|   32|          0|
    |trunc_ln43_207_reg_6204  |   32|   0|   32|          0|
    |trunc_ln43_208_reg_6209  |   32|   0|   32|          0|
    |trunc_ln43_209_reg_6214  |   32|   0|   32|          0|
    |trunc_ln43_20_reg_5269   |   32|   0|   32|          0|
    |trunc_ln43_210_reg_6219  |   32|   0|   32|          0|
    |trunc_ln43_211_reg_6224  |   32|   0|   32|          0|
    |trunc_ln43_212_reg_6229  |   32|   0|   32|          0|
    |trunc_ln43_213_reg_6234  |   32|   0|   32|          0|
    |trunc_ln43_214_reg_6239  |   32|   0|   32|          0|
    |trunc_ln43_215_reg_6244  |   32|   0|   32|          0|
    |trunc_ln43_216_reg_6249  |   32|   0|   32|          0|
    |trunc_ln43_217_reg_6254  |   32|   0|   32|          0|
    |trunc_ln43_218_reg_6259  |   32|   0|   32|          0|
    |trunc_ln43_219_reg_6264  |   32|   0|   32|          0|
    |trunc_ln43_21_reg_5274   |   32|   0|   32|          0|
    |trunc_ln43_220_reg_6269  |   32|   0|   32|          0|
    |trunc_ln43_221_reg_6274  |   32|   0|   32|          0|
    |trunc_ln43_222_reg_6279  |   32|   0|   32|          0|
    |trunc_ln43_223_reg_6284  |   32|   0|   32|          0|
    |trunc_ln43_224_reg_6289  |   32|   0|   32|          0|
    |trunc_ln43_225_reg_6294  |   32|   0|   32|          0|
    |trunc_ln43_226_reg_6299  |   32|   0|   32|          0|
    |trunc_ln43_227_reg_6304  |   32|   0|   32|          0|
    |trunc_ln43_228_reg_6309  |   32|   0|   32|          0|
    |trunc_ln43_229_reg_6314  |   32|   0|   32|          0|
    |trunc_ln43_22_reg_5279   |   32|   0|   32|          0|
    |trunc_ln43_230_reg_6319  |   32|   0|   32|          0|
    |trunc_ln43_231_reg_6324  |   32|   0|   32|          0|
    |trunc_ln43_232_reg_6329  |   32|   0|   32|          0|
    |trunc_ln43_233_reg_6334  |   32|   0|   32|          0|
    |trunc_ln43_234_reg_6339  |   32|   0|   32|          0|
    |trunc_ln43_235_reg_6344  |   32|   0|   32|          0|
    |trunc_ln43_236_reg_6349  |   32|   0|   32|          0|
    |trunc_ln43_237_reg_6354  |   32|   0|   32|          0|
    |trunc_ln43_238_reg_6359  |   32|   0|   32|          0|
    |trunc_ln43_239_reg_6364  |   32|   0|   32|          0|
    |trunc_ln43_23_reg_5284   |   32|   0|   32|          0|
    |trunc_ln43_240_reg_6369  |   32|   0|   32|          0|
    |trunc_ln43_241_reg_6374  |   32|   0|   32|          0|
    |trunc_ln43_242_reg_6379  |   32|   0|   32|          0|
    |trunc_ln43_243_reg_6384  |   32|   0|   32|          0|
    |trunc_ln43_244_reg_6389  |   32|   0|   32|          0|
    |trunc_ln43_245_reg_6394  |   32|   0|   32|          0|
    |trunc_ln43_246_reg_6399  |   32|   0|   32|          0|
    |trunc_ln43_247_reg_6404  |   32|   0|   32|          0|
    |trunc_ln43_248_reg_6409  |   32|   0|   32|          0|
    |trunc_ln43_249_reg_6414  |   32|   0|   32|          0|
    |trunc_ln43_24_reg_5289   |   32|   0|   32|          0|
    |trunc_ln43_250_reg_6419  |   32|   0|   32|          0|
    |trunc_ln43_251_reg_6424  |   32|   0|   32|          0|
    |trunc_ln43_252_reg_6429  |   32|   0|   32|          0|
    |trunc_ln43_253_reg_6434  |   32|   0|   32|          0|
    |trunc_ln43_254_reg_6439  |   32|   0|   32|          0|
    |trunc_ln43_255_reg_6444  |   32|   0|   32|          0|
    |trunc_ln43_256_reg_6449  |   32|   0|   32|          0|
    |trunc_ln43_257_reg_6454  |   32|   0|   32|          0|
    |trunc_ln43_258_reg_6459  |   32|   0|   32|          0|
    |trunc_ln43_259_reg_6464  |   32|   0|   32|          0|
    |trunc_ln43_25_reg_5294   |   32|   0|   32|          0|
    |trunc_ln43_260_reg_6469  |   32|   0|   32|          0|
    |trunc_ln43_261_reg_6474  |   32|   0|   32|          0|
    |trunc_ln43_262_reg_6479  |   32|   0|   32|          0|
    |trunc_ln43_263_reg_6484  |   32|   0|   32|          0|
    |trunc_ln43_264_reg_6489  |   32|   0|   32|          0|
    |trunc_ln43_265_reg_6494  |   32|   0|   32|          0|
    |trunc_ln43_266_reg_6499  |   32|   0|   32|          0|
    |trunc_ln43_267_reg_6504  |   32|   0|   32|          0|
    |trunc_ln43_268_reg_6509  |   32|   0|   32|          0|
    |trunc_ln43_269_reg_6514  |   32|   0|   32|          0|
    |trunc_ln43_26_reg_5299   |   32|   0|   32|          0|
    |trunc_ln43_270_reg_6519  |   32|   0|   32|          0|
    |trunc_ln43_271_reg_6524  |   32|   0|   32|          0|
    |trunc_ln43_272_reg_6529  |   32|   0|   32|          0|
    |trunc_ln43_273_reg_6534  |   32|   0|   32|          0|
    |trunc_ln43_274_reg_6539  |   32|   0|   32|          0|
    |trunc_ln43_275_reg_6544  |   32|   0|   32|          0|
    |trunc_ln43_276_reg_6549  |   32|   0|   32|          0|
    |trunc_ln43_277_reg_6554  |   32|   0|   32|          0|
    |trunc_ln43_278_reg_6559  |   32|   0|   32|          0|
    |trunc_ln43_279_reg_6564  |   32|   0|   32|          0|
    |trunc_ln43_27_reg_5304   |   32|   0|   32|          0|
    |trunc_ln43_280_reg_6569  |   32|   0|   32|          0|
    |trunc_ln43_281_reg_6574  |   32|   0|   32|          0|
    |trunc_ln43_282_reg_6579  |   32|   0|   32|          0|
    |trunc_ln43_283_reg_6584  |   32|   0|   32|          0|
    |trunc_ln43_284_reg_6589  |   32|   0|   32|          0|
    |trunc_ln43_285_reg_6594  |   32|   0|   32|          0|
    |trunc_ln43_286_reg_6599  |   32|   0|   32|          0|
    |trunc_ln43_287_reg_6604  |   32|   0|   32|          0|
    |trunc_ln43_288_reg_6609  |   32|   0|   32|          0|
    |trunc_ln43_289_reg_6614  |   32|   0|   32|          0|
    |trunc_ln43_28_reg_5309   |   32|   0|   32|          0|
    |trunc_ln43_290_reg_6619  |   32|   0|   32|          0|
    |trunc_ln43_291_reg_6624  |   32|   0|   32|          0|
    |trunc_ln43_292_reg_6629  |   32|   0|   32|          0|
    |trunc_ln43_293_reg_6634  |   32|   0|   32|          0|
    |trunc_ln43_294_reg_6639  |   32|   0|   32|          0|
    |trunc_ln43_295_reg_6644  |   32|   0|   32|          0|
    |trunc_ln43_296_reg_6649  |   32|   0|   32|          0|
    |trunc_ln43_297_reg_6654  |   32|   0|   32|          0|
    |trunc_ln43_298_reg_6659  |   32|   0|   32|          0|
    |trunc_ln43_299_reg_6664  |   32|   0|   32|          0|
    |trunc_ln43_29_reg_5314   |   32|   0|   32|          0|
    |trunc_ln43_2_reg_5174    |   32|   0|   32|          0|
    |trunc_ln43_300_reg_6669  |   32|   0|   32|          0|
    |trunc_ln43_301_reg_6674  |   32|   0|   32|          0|
    |trunc_ln43_302_reg_6679  |   32|   0|   32|          0|
    |trunc_ln43_303_reg_6684  |   32|   0|   32|          0|
    |trunc_ln43_304_reg_6689  |   32|   0|   32|          0|
    |trunc_ln43_305_reg_6694  |   32|   0|   32|          0|
    |trunc_ln43_306_reg_6699  |   32|   0|   32|          0|
    |trunc_ln43_307_reg_6704  |   32|   0|   32|          0|
    |trunc_ln43_308_reg_6709  |   32|   0|   32|          0|
    |trunc_ln43_309_reg_6714  |   32|   0|   32|          0|
    |trunc_ln43_30_reg_5319   |   32|   0|   32|          0|
    |trunc_ln43_310_reg_6719  |   32|   0|   32|          0|
    |trunc_ln43_311_reg_6724  |   32|   0|   32|          0|
    |trunc_ln43_312_reg_6729  |   32|   0|   32|          0|
    |trunc_ln43_313_reg_6734  |   32|   0|   32|          0|
    |trunc_ln43_314_reg_6739  |   32|   0|   32|          0|
    |trunc_ln43_315_reg_6744  |   32|   0|   32|          0|
    |trunc_ln43_316_reg_6749  |   32|   0|   32|          0|
    |trunc_ln43_317_reg_6754  |   32|   0|   32|          0|
    |trunc_ln43_318_reg_6759  |   32|   0|   32|          0|
    |trunc_ln43_319_reg_6764  |   32|   0|   32|          0|
    |trunc_ln43_31_reg_5324   |   32|   0|   32|          0|
    |trunc_ln43_320_reg_6769  |   32|   0|   32|          0|
    |trunc_ln43_321_reg_6774  |   32|   0|   32|          0|
    |trunc_ln43_322_reg_6779  |   32|   0|   32|          0|
    |trunc_ln43_323_reg_6784  |   32|   0|   32|          0|
    |trunc_ln43_324_reg_6789  |   32|   0|   32|          0|
    |trunc_ln43_325_reg_6794  |   32|   0|   32|          0|
    |trunc_ln43_326_reg_6799  |   32|   0|   32|          0|
    |trunc_ln43_327_reg_6804  |   32|   0|   32|          0|
    |trunc_ln43_328_reg_6809  |   32|   0|   32|          0|
    |trunc_ln43_329_reg_6814  |   32|   0|   32|          0|
    |trunc_ln43_32_reg_5329   |   32|   0|   32|          0|
    |trunc_ln43_330_reg_6819  |   32|   0|   32|          0|
    |trunc_ln43_331_reg_6824  |   32|   0|   32|          0|
    |trunc_ln43_332_reg_6829  |   32|   0|   32|          0|
    |trunc_ln43_333_reg_6834  |   32|   0|   32|          0|
    |trunc_ln43_334_reg_6839  |   32|   0|   32|          0|
    |trunc_ln43_335_reg_6844  |   32|   0|   32|          0|
    |trunc_ln43_336_reg_6849  |   32|   0|   32|          0|
    |trunc_ln43_337_reg_6854  |   32|   0|   32|          0|
    |trunc_ln43_338_reg_6859  |   32|   0|   32|          0|
    |trunc_ln43_339_reg_6864  |   32|   0|   32|          0|
    |trunc_ln43_33_reg_5334   |   32|   0|   32|          0|
    |trunc_ln43_340_reg_6869  |   32|   0|   32|          0|
    |trunc_ln43_341_reg_6874  |   32|   0|   32|          0|
    |trunc_ln43_342_reg_6879  |   32|   0|   32|          0|
    |trunc_ln43_343_reg_6884  |   32|   0|   32|          0|
    |trunc_ln43_344_reg_6889  |   32|   0|   32|          0|
    |trunc_ln43_345_reg_6894  |   32|   0|   32|          0|
    |trunc_ln43_346_reg_6899  |   32|   0|   32|          0|
    |trunc_ln43_347_reg_6904  |   32|   0|   32|          0|
    |trunc_ln43_348_reg_6909  |   32|   0|   32|          0|
    |trunc_ln43_349_reg_6914  |   32|   0|   32|          0|
    |trunc_ln43_34_reg_5339   |   32|   0|   32|          0|
    |trunc_ln43_350_reg_6919  |   32|   0|   32|          0|
    |trunc_ln43_351_reg_6924  |   32|   0|   32|          0|
    |trunc_ln43_352_reg_6929  |   32|   0|   32|          0|
    |trunc_ln43_353_reg_6934  |   32|   0|   32|          0|
    |trunc_ln43_354_reg_6939  |   32|   0|   32|          0|
    |trunc_ln43_355_reg_6944  |   32|   0|   32|          0|
    |trunc_ln43_356_reg_6949  |   32|   0|   32|          0|
    |trunc_ln43_357_reg_6954  |   32|   0|   32|          0|
    |trunc_ln43_358_reg_6959  |   32|   0|   32|          0|
    |trunc_ln43_359_reg_6964  |   32|   0|   32|          0|
    |trunc_ln43_35_reg_5344   |   32|   0|   32|          0|
    |trunc_ln43_360_reg_6969  |   32|   0|   32|          0|
    |trunc_ln43_361_reg_6974  |   32|   0|   32|          0|
    |trunc_ln43_362_reg_6979  |   32|   0|   32|          0|
    |trunc_ln43_363_reg_6984  |   32|   0|   32|          0|
    |trunc_ln43_364_reg_6989  |   32|   0|   32|          0|
    |trunc_ln43_365_reg_6994  |   32|   0|   32|          0|
    |trunc_ln43_366_reg_6999  |   32|   0|   32|          0|
    |trunc_ln43_367_reg_7004  |   32|   0|   32|          0|
    |trunc_ln43_368_reg_7009  |   32|   0|   32|          0|
    |trunc_ln43_369_reg_7014  |   32|   0|   32|          0|
    |trunc_ln43_36_reg_5349   |   32|   0|   32|          0|
    |trunc_ln43_370_reg_7019  |   32|   0|   32|          0|
    |trunc_ln43_371_reg_7024  |   32|   0|   32|          0|
    |trunc_ln43_372_reg_7029  |   32|   0|   32|          0|
    |trunc_ln43_373_reg_7034  |   32|   0|   32|          0|
    |trunc_ln43_374_reg_7039  |   32|   0|   32|          0|
    |trunc_ln43_375_reg_7044  |   32|   0|   32|          0|
    |trunc_ln43_376_reg_7049  |   32|   0|   32|          0|
    |trunc_ln43_377_reg_7054  |   32|   0|   32|          0|
    |trunc_ln43_378_reg_7059  |   32|   0|   32|          0|
    |trunc_ln43_379_reg_7064  |   32|   0|   32|          0|
    |trunc_ln43_37_reg_5354   |   32|   0|   32|          0|
    |trunc_ln43_380_reg_7069  |   32|   0|   32|          0|
    |trunc_ln43_381_reg_7074  |   32|   0|   32|          0|
    |trunc_ln43_382_reg_7079  |   32|   0|   32|          0|
    |trunc_ln43_383_reg_7084  |   32|   0|   32|          0|
    |trunc_ln43_384_reg_7089  |   32|   0|   32|          0|
    |trunc_ln43_385_reg_7094  |   32|   0|   32|          0|
    |trunc_ln43_386_reg_7099  |   32|   0|   32|          0|
    |trunc_ln43_387_reg_7104  |   32|   0|   32|          0|
    |trunc_ln43_388_reg_7109  |   32|   0|   32|          0|
    |trunc_ln43_389_reg_7114  |   32|   0|   32|          0|
    |trunc_ln43_38_reg_5359   |   32|   0|   32|          0|
    |trunc_ln43_390_reg_7119  |   32|   0|   32|          0|
    |trunc_ln43_391_reg_7124  |   32|   0|   32|          0|
    |trunc_ln43_392_reg_7129  |   32|   0|   32|          0|
    |trunc_ln43_393_reg_7134  |   32|   0|   32|          0|
    |trunc_ln43_394_reg_7139  |   32|   0|   32|          0|
    |trunc_ln43_395_reg_7144  |   32|   0|   32|          0|
    |trunc_ln43_396_reg_7149  |   32|   0|   32|          0|
    |trunc_ln43_397_reg_7154  |   32|   0|   32|          0|
    |trunc_ln43_398_reg_7159  |   32|   0|   32|          0|
    |trunc_ln43_399_reg_7164  |   32|   0|   32|          0|
    |trunc_ln43_39_reg_5364   |   32|   0|   32|          0|
    |trunc_ln43_3_reg_5179    |   32|   0|   32|          0|
    |trunc_ln43_400_reg_7169  |   32|   0|   32|          0|
    |trunc_ln43_401_reg_7174  |   32|   0|   32|          0|
    |trunc_ln43_402_reg_7179  |   32|   0|   32|          0|
    |trunc_ln43_403_reg_7184  |   32|   0|   32|          0|
    |trunc_ln43_404_reg_7189  |   32|   0|   32|          0|
    |trunc_ln43_405_reg_7194  |   32|   0|   32|          0|
    |trunc_ln43_406_reg_7199  |   32|   0|   32|          0|
    |trunc_ln43_407_reg_7204  |   32|   0|   32|          0|
    |trunc_ln43_408_reg_7209  |   32|   0|   32|          0|
    |trunc_ln43_409_reg_7214  |   32|   0|   32|          0|
    |trunc_ln43_40_reg_5369   |   32|   0|   32|          0|
    |trunc_ln43_410_reg_7219  |   32|   0|   32|          0|
    |trunc_ln43_411_reg_7224  |   32|   0|   32|          0|
    |trunc_ln43_412_reg_7229  |   32|   0|   32|          0|
    |trunc_ln43_413_reg_7234  |   32|   0|   32|          0|
    |trunc_ln43_414_reg_7239  |   32|   0|   32|          0|
    |trunc_ln43_415_reg_7244  |   32|   0|   32|          0|
    |trunc_ln43_416_reg_7249  |   32|   0|   32|          0|
    |trunc_ln43_417_reg_7254  |   32|   0|   32|          0|
    |trunc_ln43_418_reg_7259  |   32|   0|   32|          0|
    |trunc_ln43_419_reg_7264  |   32|   0|   32|          0|
    |trunc_ln43_41_reg_5374   |   32|   0|   32|          0|
    |trunc_ln43_420_reg_7269  |   32|   0|   32|          0|
    |trunc_ln43_421_reg_7274  |   32|   0|   32|          0|
    |trunc_ln43_422_reg_7279  |   32|   0|   32|          0|
    |trunc_ln43_423_reg_7284  |   32|   0|   32|          0|
    |trunc_ln43_424_reg_7289  |   32|   0|   32|          0|
    |trunc_ln43_425_reg_7294  |   32|   0|   32|          0|
    |trunc_ln43_426_reg_7299  |   32|   0|   32|          0|
    |trunc_ln43_427_reg_7304  |   32|   0|   32|          0|
    |trunc_ln43_428_reg_7309  |   32|   0|   32|          0|
    |trunc_ln43_429_reg_7314  |   32|   0|   32|          0|
    |trunc_ln43_42_reg_5379   |   32|   0|   32|          0|
    |trunc_ln43_430_reg_7319  |   32|   0|   32|          0|
    |trunc_ln43_431_reg_7324  |   32|   0|   32|          0|
    |trunc_ln43_432_reg_7329  |   32|   0|   32|          0|
    |trunc_ln43_433_reg_7334  |   32|   0|   32|          0|
    |trunc_ln43_434_reg_7339  |   32|   0|   32|          0|
    |trunc_ln43_435_reg_7344  |   32|   0|   32|          0|
    |trunc_ln43_436_reg_7349  |   32|   0|   32|          0|
    |trunc_ln43_437_reg_7354  |   32|   0|   32|          0|
    |trunc_ln43_438_reg_7359  |   32|   0|   32|          0|
    |trunc_ln43_439_reg_7364  |   32|   0|   32|          0|
    |trunc_ln43_43_reg_5384   |   32|   0|   32|          0|
    |trunc_ln43_440_reg_7369  |   32|   0|   32|          0|
    |trunc_ln43_441_reg_7374  |   32|   0|   32|          0|
    |trunc_ln43_442_reg_7379  |   32|   0|   32|          0|
    |trunc_ln43_443_reg_7384  |   32|   0|   32|          0|
    |trunc_ln43_444_reg_7389  |   32|   0|   32|          0|
    |trunc_ln43_445_reg_7394  |   32|   0|   32|          0|
    |trunc_ln43_446_reg_7399  |   32|   0|   32|          0|
    |trunc_ln43_447_reg_7404  |   32|   0|   32|          0|
    |trunc_ln43_448_reg_7409  |   32|   0|   32|          0|
    |trunc_ln43_449_reg_7414  |   32|   0|   32|          0|
    |trunc_ln43_44_reg_5389   |   32|   0|   32|          0|
    |trunc_ln43_450_reg_7419  |   32|   0|   32|          0|
    |trunc_ln43_451_reg_7424  |   32|   0|   32|          0|
    |trunc_ln43_452_reg_7429  |   32|   0|   32|          0|
    |trunc_ln43_453_reg_7434  |   32|   0|   32|          0|
    |trunc_ln43_454_reg_7439  |   32|   0|   32|          0|
    |trunc_ln43_455_reg_7444  |   32|   0|   32|          0|
    |trunc_ln43_456_reg_7449  |   32|   0|   32|          0|
    |trunc_ln43_457_reg_7454  |   32|   0|   32|          0|
    |trunc_ln43_458_reg_7459  |   32|   0|   32|          0|
    |trunc_ln43_459_reg_7464  |   32|   0|   32|          0|
    |trunc_ln43_45_reg_5394   |   32|   0|   32|          0|
    |trunc_ln43_460_reg_7469  |   32|   0|   32|          0|
    |trunc_ln43_461_reg_7474  |   32|   0|   32|          0|
    |trunc_ln43_462_reg_7479  |   32|   0|   32|          0|
    |trunc_ln43_463_reg_7484  |   32|   0|   32|          0|
    |trunc_ln43_464_reg_7489  |   32|   0|   32|          0|
    |trunc_ln43_465_reg_7494  |   32|   0|   32|          0|
    |trunc_ln43_466_reg_7499  |   32|   0|   32|          0|
    |trunc_ln43_467_reg_7504  |   32|   0|   32|          0|
    |trunc_ln43_468_reg_7509  |   32|   0|   32|          0|
    |trunc_ln43_469_reg_7514  |   32|   0|   32|          0|
    |trunc_ln43_46_reg_5399   |   32|   0|   32|          0|
    |trunc_ln43_470_reg_7519  |   32|   0|   32|          0|
    |trunc_ln43_471_reg_7524  |   32|   0|   32|          0|
    |trunc_ln43_472_reg_7529  |   32|   0|   32|          0|
    |trunc_ln43_473_reg_7534  |   32|   0|   32|          0|
    |trunc_ln43_474_reg_7539  |   32|   0|   32|          0|
    |trunc_ln43_475_reg_7544  |   32|   0|   32|          0|
    |trunc_ln43_476_reg_7549  |   32|   0|   32|          0|
    |trunc_ln43_477_reg_7554  |   32|   0|   32|          0|
    |trunc_ln43_478_reg_7559  |   32|   0|   32|          0|
    |trunc_ln43_47_reg_5404   |   32|   0|   32|          0|
    |trunc_ln43_48_reg_5409   |   32|   0|   32|          0|
    |trunc_ln43_49_reg_5414   |   32|   0|   32|          0|
    |trunc_ln43_4_reg_5184    |   32|   0|   32|          0|
    |trunc_ln43_50_reg_5419   |   32|   0|   32|          0|
    |trunc_ln43_51_reg_5424   |   32|   0|   32|          0|
    |trunc_ln43_52_reg_5429   |   32|   0|   32|          0|
    |trunc_ln43_53_reg_5434   |   32|   0|   32|          0|
    |trunc_ln43_54_reg_5439   |   32|   0|   32|          0|
    |trunc_ln43_55_reg_5444   |   32|   0|   32|          0|
    |trunc_ln43_56_reg_5449   |   32|   0|   32|          0|
    |trunc_ln43_57_reg_5454   |   32|   0|   32|          0|
    |trunc_ln43_58_reg_5459   |   32|   0|   32|          0|
    |trunc_ln43_59_reg_5464   |   32|   0|   32|          0|
    |trunc_ln43_5_reg_5189    |   32|   0|   32|          0|
    |trunc_ln43_60_reg_5469   |   32|   0|   32|          0|
    |trunc_ln43_61_reg_5474   |   32|   0|   32|          0|
    |trunc_ln43_62_reg_5479   |   32|   0|   32|          0|
    |trunc_ln43_63_reg_5484   |   32|   0|   32|          0|
    |trunc_ln43_64_reg_5489   |   32|   0|   32|          0|
    |trunc_ln43_65_reg_5494   |   32|   0|   32|          0|
    |trunc_ln43_66_reg_5499   |   32|   0|   32|          0|
    |trunc_ln43_67_reg_5504   |   32|   0|   32|          0|
    |trunc_ln43_68_reg_5509   |   32|   0|   32|          0|
    |trunc_ln43_69_reg_5514   |   32|   0|   32|          0|
    |trunc_ln43_6_reg_5194    |   32|   0|   32|          0|
    |trunc_ln43_70_reg_5519   |   32|   0|   32|          0|
    |trunc_ln43_71_reg_5524   |   32|   0|   32|          0|
    |trunc_ln43_72_reg_5529   |   32|   0|   32|          0|
    |trunc_ln43_73_reg_5534   |   32|   0|   32|          0|
    |trunc_ln43_74_reg_5539   |   32|   0|   32|          0|
    |trunc_ln43_75_reg_5544   |   32|   0|   32|          0|
    |trunc_ln43_76_reg_5549   |   32|   0|   32|          0|
    |trunc_ln43_77_reg_5554   |   32|   0|   32|          0|
    |trunc_ln43_78_reg_5559   |   32|   0|   32|          0|
    |trunc_ln43_79_reg_5564   |   32|   0|   32|          0|
    |trunc_ln43_7_reg_5199    |   32|   0|   32|          0|
    |trunc_ln43_80_reg_5569   |   32|   0|   32|          0|
    |trunc_ln43_81_reg_5574   |   32|   0|   32|          0|
    |trunc_ln43_82_reg_5579   |   32|   0|   32|          0|
    |trunc_ln43_83_reg_5584   |   32|   0|   32|          0|
    |trunc_ln43_84_reg_5589   |   32|   0|   32|          0|
    |trunc_ln43_85_reg_5594   |   32|   0|   32|          0|
    |trunc_ln43_86_reg_5599   |   32|   0|   32|          0|
    |trunc_ln43_87_reg_5604   |   32|   0|   32|          0|
    |trunc_ln43_88_reg_5609   |   32|   0|   32|          0|
    |trunc_ln43_89_reg_5614   |   32|   0|   32|          0|
    |trunc_ln43_8_reg_5204    |   32|   0|   32|          0|
    |trunc_ln43_90_reg_5619   |   32|   0|   32|          0|
    |trunc_ln43_91_reg_5624   |   32|   0|   32|          0|
    |trunc_ln43_92_reg_5629   |   32|   0|   32|          0|
    |trunc_ln43_93_reg_5634   |   32|   0|   32|          0|
    |trunc_ln43_94_reg_5639   |   32|   0|   32|          0|
    |trunc_ln43_95_reg_5644   |   32|   0|   32|          0|
    |trunc_ln43_96_reg_5649   |   32|   0|   32|          0|
    |trunc_ln43_97_reg_5654   |   32|   0|   32|          0|
    |trunc_ln43_98_reg_5659   |   32|   0|   32|          0|
    |trunc_ln43_99_reg_5664   |   32|   0|   32|          0|
    |trunc_ln43_9_reg_5209    |   32|   0|   32|          0|
    |trunc_ln43_reg_5164      |   32|   0|   32|          0|
    |trunc_ln43_s_reg_5214    |   32|   0|   32|          0|
    +-------------------------+-----+----+-----+-----------+
    |Total                    |31761|   0|31761|          0|
    +-------------------------+-----+----+-----+-----------+



================================================================
== Interface
================================================================
* Summary: 
+---------------------+-----+------+------------+-----------------+--------------+
|      RTL Ports      | Dir | Bits |  Protocol  |  Source Object  |    C Type    |
+---------------------+-----+------+------------+-----------------+--------------+
|ap_clk               |   in|     1|  ap_ctrl_hs|  load_tile_A3280|  return value|
|ap_rst               |   in|     1|  ap_ctrl_hs|  load_tile_A3280|  return value|
|ap_start             |   in|     1|  ap_ctrl_hs|  load_tile_A3280|  return value|
|ap_done              |  out|     1|  ap_ctrl_hs|  load_tile_A3280|  return value|
|ap_continue          |   in|     1|  ap_ctrl_hs|  load_tile_A3280|  return value|
|ap_idle              |  out|     1|  ap_ctrl_hs|  load_tile_A3280|  return value|
|ap_ready             |  out|     1|  ap_ctrl_hs|  load_tile_A3280|  return value|
|ap_return_0          |  out|    32|  ap_ctrl_hs|  load_tile_A3280|  return value|
|ap_return_1          |  out|    32|  ap_ctrl_hs|  load_tile_A3280|  return value|
|ap_return_2          |  out|    32|  ap_ctrl_hs|  load_tile_A3280|  return value|
|ap_return_3          |  out|    32|  ap_ctrl_hs|  load_tile_A3280|  return value|
|ap_return_4          |  out|    32|  ap_ctrl_hs|  load_tile_A3280|  return value|
|ap_return_5          |  out|    32|  ap_ctrl_hs|  load_tile_A3280|  return value|
|ap_return_6          |  out|    32|  ap_ctrl_hs|  load_tile_A3280|  return value|
|ap_return_7          |  out|    32|  ap_ctrl_hs|  load_tile_A3280|  return value|
|ap_return_8          |  out|    32|  ap_ctrl_hs|  load_tile_A3280|  return value|
|ap_return_9          |  out|    32|  ap_ctrl_hs|  load_tile_A3280|  return value|
|ap_return_10         |  out|    32|  ap_ctrl_hs|  load_tile_A3280|  return value|
|ap_return_11         |  out|    32|  ap_ctrl_hs|  load_tile_A3280|  return value|
|ap_return_12         |  out|    32|  ap_ctrl_hs|  load_tile_A3280|  return value|
|ap_return_13         |  out|    32|  ap_ctrl_hs|  load_tile_A3280|  return value|
|ap_return_14         |  out|    32|  ap_ctrl_hs|  load_tile_A3280|  return value|
|ap_return_15         |  out|    32|  ap_ctrl_hs|  load_tile_A3280|  return value|
|ap_return_16         |  out|    32|  ap_ctrl_hs|  load_tile_A3280|  return value|
|ap_return_17         |  out|    32|  ap_ctrl_hs|  load_tile_A3280|  return value|
|ap_return_18         |  out|    32|  ap_ctrl_hs|  load_tile_A3280|  return value|
|ap_return_19         |  out|    32|  ap_ctrl_hs|  load_tile_A3280|  return value|
|ap_return_20         |  out|    32|  ap_ctrl_hs|  load_tile_A3280|  return value|
|ap_return_21         |  out|    32|  ap_ctrl_hs|  load_tile_A3280|  return value|
|ap_return_22         |  out|    32|  ap_ctrl_hs|  load_tile_A3280|  return value|
|ap_return_23         |  out|    32|  ap_ctrl_hs|  load_tile_A3280|  return value|
|ap_return_24         |  out|    32|  ap_ctrl_hs|  load_tile_A3280|  return value|
|ap_return_25         |  out|    32|  ap_ctrl_hs|  load_tile_A3280|  return value|
|ap_return_26         |  out|    32|  ap_ctrl_hs|  load_tile_A3280|  return value|
|ap_return_27         |  out|    32|  ap_ctrl_hs|  load_tile_A3280|  return value|
|ap_return_28         |  out|    32|  ap_ctrl_hs|  load_tile_A3280|  return value|
|ap_return_29         |  out|    32|  ap_ctrl_hs|  load_tile_A3280|  return value|
|ap_return_30         |  out|    32|  ap_ctrl_hs|  load_tile_A3280|  return value|
|ap_return_31         |  out|    32|  ap_ctrl_hs|  load_tile_A3280|  return value|
|ap_return_32         |  out|    32|  ap_ctrl_hs|  load_tile_A3280|  return value|
|ap_return_33         |  out|    32|  ap_ctrl_hs|  load_tile_A3280|  return value|
|ap_return_34         |  out|    32|  ap_ctrl_hs|  load_tile_A3280|  return value|
|ap_return_35         |  out|    32|  ap_ctrl_hs|  load_tile_A3280|  return value|
|ap_return_36         |  out|    32|  ap_ctrl_hs|  load_tile_A3280|  return value|
|ap_return_37         |  out|    32|  ap_ctrl_hs|  load_tile_A3280|  return value|
|ap_return_38         |  out|    32|  ap_ctrl_hs|  load_tile_A3280|  return value|
|ap_return_39         |  out|    32|  ap_ctrl_hs|  load_tile_A3280|  return value|
|ap_return_40         |  out|    32|  ap_ctrl_hs|  load_tile_A3280|  return value|
|ap_return_41         |  out|    32|  ap_ctrl_hs|  load_tile_A3280|  return value|
|ap_return_42         |  out|    32|  ap_ctrl_hs|  load_tile_A3280|  return value|
|ap_return_43         |  out|    32|  ap_ctrl_hs|  load_tile_A3280|  return value|
|ap_return_44         |  out|    32|  ap_ctrl_hs|  load_tile_A3280|  return value|
|ap_return_45         |  out|    32|  ap_ctrl_hs|  load_tile_A3280|  return value|
|ap_return_46         |  out|    32|  ap_ctrl_hs|  load_tile_A3280|  return value|
|ap_return_47         |  out|    32|  ap_ctrl_hs|  load_tile_A3280|  return value|
|ap_return_48         |  out|    32|  ap_ctrl_hs|  load_tile_A3280|  return value|
|ap_return_49         |  out|    32|  ap_ctrl_hs|  load_tile_A3280|  return value|
|ap_return_50         |  out|    32|  ap_ctrl_hs|  load_tile_A3280|  return value|
|ap_return_51         |  out|    32|  ap_ctrl_hs|  load_tile_A3280|  return value|
|ap_return_52         |  out|    32|  ap_ctrl_hs|  load_tile_A3280|  return value|
|ap_return_53         |  out|    32|  ap_ctrl_hs|  load_tile_A3280|  return value|
|ap_return_54         |  out|    32|  ap_ctrl_hs|  load_tile_A3280|  return value|
|ap_return_55         |  out|    32|  ap_ctrl_hs|  load_tile_A3280|  return value|
|ap_return_56         |  out|    32|  ap_ctrl_hs|  load_tile_A3280|  return value|
|ap_return_57         |  out|    32|  ap_ctrl_hs|  load_tile_A3280|  return value|
|ap_return_58         |  out|    32|  ap_ctrl_hs|  load_tile_A3280|  return value|
|ap_return_59         |  out|    32|  ap_ctrl_hs|  load_tile_A3280|  return value|
|ap_return_60         |  out|    32|  ap_ctrl_hs|  load_tile_A3280|  return value|
|ap_return_61         |  out|    32|  ap_ctrl_hs|  load_tile_A3280|  return value|
|ap_return_62         |  out|    32|  ap_ctrl_hs|  load_tile_A3280|  return value|
|ap_return_63         |  out|    32|  ap_ctrl_hs|  load_tile_A3280|  return value|
|ap_return_64         |  out|    32|  ap_ctrl_hs|  load_tile_A3280|  return value|
|ap_return_65         |  out|    32|  ap_ctrl_hs|  load_tile_A3280|  return value|
|ap_return_66         |  out|    32|  ap_ctrl_hs|  load_tile_A3280|  return value|
|ap_return_67         |  out|    32|  ap_ctrl_hs|  load_tile_A3280|  return value|
|ap_return_68         |  out|    32|  ap_ctrl_hs|  load_tile_A3280|  return value|
|ap_return_69         |  out|    32|  ap_ctrl_hs|  load_tile_A3280|  return value|
|ap_return_70         |  out|    32|  ap_ctrl_hs|  load_tile_A3280|  return value|
|ap_return_71         |  out|    32|  ap_ctrl_hs|  load_tile_A3280|  return value|
|ap_return_72         |  out|    32|  ap_ctrl_hs|  load_tile_A3280|  return value|
|ap_return_73         |  out|    32|  ap_ctrl_hs|  load_tile_A3280|  return value|
|ap_return_74         |  out|    32|  ap_ctrl_hs|  load_tile_A3280|  return value|
|ap_return_75         |  out|    32|  ap_ctrl_hs|  load_tile_A3280|  return value|
|ap_return_76         |  out|    32|  ap_ctrl_hs|  load_tile_A3280|  return value|
|ap_return_77         |  out|    32|  ap_ctrl_hs|  load_tile_A3280|  return value|
|ap_return_78         |  out|    32|  ap_ctrl_hs|  load_tile_A3280|  return value|
|ap_return_79         |  out|    32|  ap_ctrl_hs|  load_tile_A3280|  return value|
|ap_return_80         |  out|    32|  ap_ctrl_hs|  load_tile_A3280|  return value|
|ap_return_81         |  out|    32|  ap_ctrl_hs|  load_tile_A3280|  return value|
|ap_return_82         |  out|    32|  ap_ctrl_hs|  load_tile_A3280|  return value|
|ap_return_83         |  out|    32|  ap_ctrl_hs|  load_tile_A3280|  return value|
|ap_return_84         |  out|    32|  ap_ctrl_hs|  load_tile_A3280|  return value|
|ap_return_85         |  out|    32|  ap_ctrl_hs|  load_tile_A3280|  return value|
|ap_return_86         |  out|    32|  ap_ctrl_hs|  load_tile_A3280|  return value|
|ap_return_87         |  out|    32|  ap_ctrl_hs|  load_tile_A3280|  return value|
|ap_return_88         |  out|    32|  ap_ctrl_hs|  load_tile_A3280|  return value|
|ap_return_89         |  out|    32|  ap_ctrl_hs|  load_tile_A3280|  return value|
|ap_return_90         |  out|    32|  ap_ctrl_hs|  load_tile_A3280|  return value|
|ap_return_91         |  out|    32|  ap_ctrl_hs|  load_tile_A3280|  return value|
|ap_return_92         |  out|    32|  ap_ctrl_hs|  load_tile_A3280|  return value|
|ap_return_93         |  out|    32|  ap_ctrl_hs|  load_tile_A3280|  return value|
|ap_return_94         |  out|    32|  ap_ctrl_hs|  load_tile_A3280|  return value|
|ap_return_95         |  out|    32|  ap_ctrl_hs|  load_tile_A3280|  return value|
|ap_return_96         |  out|    32|  ap_ctrl_hs|  load_tile_A3280|  return value|
|ap_return_97         |  out|    32|  ap_ctrl_hs|  load_tile_A3280|  return value|
|ap_return_98         |  out|    32|  ap_ctrl_hs|  load_tile_A3280|  return value|
|ap_return_99         |  out|    32|  ap_ctrl_hs|  load_tile_A3280|  return value|
|ap_return_100        |  out|    32|  ap_ctrl_hs|  load_tile_A3280|  return value|
|ap_return_101        |  out|    32|  ap_ctrl_hs|  load_tile_A3280|  return value|
|ap_return_102        |  out|    32|  ap_ctrl_hs|  load_tile_A3280|  return value|
|ap_return_103        |  out|    32|  ap_ctrl_hs|  load_tile_A3280|  return value|
|ap_return_104        |  out|    32|  ap_ctrl_hs|  load_tile_A3280|  return value|
|ap_return_105        |  out|    32|  ap_ctrl_hs|  load_tile_A3280|  return value|
|ap_return_106        |  out|    32|  ap_ctrl_hs|  load_tile_A3280|  return value|
|ap_return_107        |  out|    32|  ap_ctrl_hs|  load_tile_A3280|  return value|
|ap_return_108        |  out|    32|  ap_ctrl_hs|  load_tile_A3280|  return value|
|ap_return_109        |  out|    32|  ap_ctrl_hs|  load_tile_A3280|  return value|
|ap_return_110        |  out|    32|  ap_ctrl_hs|  load_tile_A3280|  return value|
|ap_return_111        |  out|    32|  ap_ctrl_hs|  load_tile_A3280|  return value|
|ap_return_112        |  out|    32|  ap_ctrl_hs|  load_tile_A3280|  return value|
|ap_return_113        |  out|    32|  ap_ctrl_hs|  load_tile_A3280|  return value|
|ap_return_114        |  out|    32|  ap_ctrl_hs|  load_tile_A3280|  return value|
|ap_return_115        |  out|    32|  ap_ctrl_hs|  load_tile_A3280|  return value|
|ap_return_116        |  out|    32|  ap_ctrl_hs|  load_tile_A3280|  return value|
|ap_return_117        |  out|    32|  ap_ctrl_hs|  load_tile_A3280|  return value|
|ap_return_118        |  out|    32|  ap_ctrl_hs|  load_tile_A3280|  return value|
|ap_return_119        |  out|    32|  ap_ctrl_hs|  load_tile_A3280|  return value|
|ap_return_120        |  out|    32|  ap_ctrl_hs|  load_tile_A3280|  return value|
|ap_return_121        |  out|    32|  ap_ctrl_hs|  load_tile_A3280|  return value|
|ap_return_122        |  out|    32|  ap_ctrl_hs|  load_tile_A3280|  return value|
|ap_return_123        |  out|    32|  ap_ctrl_hs|  load_tile_A3280|  return value|
|ap_return_124        |  out|    32|  ap_ctrl_hs|  load_tile_A3280|  return value|
|ap_return_125        |  out|    32|  ap_ctrl_hs|  load_tile_A3280|  return value|
|ap_return_126        |  out|    32|  ap_ctrl_hs|  load_tile_A3280|  return value|
|ap_return_127        |  out|    32|  ap_ctrl_hs|  load_tile_A3280|  return value|
|ap_return_128        |  out|    32|  ap_ctrl_hs|  load_tile_A3280|  return value|
|ap_return_129        |  out|    32|  ap_ctrl_hs|  load_tile_A3280|  return value|
|ap_return_130        |  out|    32|  ap_ctrl_hs|  load_tile_A3280|  return value|
|ap_return_131        |  out|    32|  ap_ctrl_hs|  load_tile_A3280|  return value|
|ap_return_132        |  out|    32|  ap_ctrl_hs|  load_tile_A3280|  return value|
|ap_return_133        |  out|    32|  ap_ctrl_hs|  load_tile_A3280|  return value|
|ap_return_134        |  out|    32|  ap_ctrl_hs|  load_tile_A3280|  return value|
|ap_return_135        |  out|    32|  ap_ctrl_hs|  load_tile_A3280|  return value|
|ap_return_136        |  out|    32|  ap_ctrl_hs|  load_tile_A3280|  return value|
|ap_return_137        |  out|    32|  ap_ctrl_hs|  load_tile_A3280|  return value|
|ap_return_138        |  out|    32|  ap_ctrl_hs|  load_tile_A3280|  return value|
|ap_return_139        |  out|    32|  ap_ctrl_hs|  load_tile_A3280|  return value|
|ap_return_140        |  out|    32|  ap_ctrl_hs|  load_tile_A3280|  return value|
|ap_return_141        |  out|    32|  ap_ctrl_hs|  load_tile_A3280|  return value|
|ap_return_142        |  out|    32|  ap_ctrl_hs|  load_tile_A3280|  return value|
|ap_return_143        |  out|    32|  ap_ctrl_hs|  load_tile_A3280|  return value|
|ap_return_144        |  out|    32|  ap_ctrl_hs|  load_tile_A3280|  return value|
|ap_return_145        |  out|    32|  ap_ctrl_hs|  load_tile_A3280|  return value|
|ap_return_146        |  out|    32|  ap_ctrl_hs|  load_tile_A3280|  return value|
|ap_return_147        |  out|    32|  ap_ctrl_hs|  load_tile_A3280|  return value|
|ap_return_148        |  out|    32|  ap_ctrl_hs|  load_tile_A3280|  return value|
|ap_return_149        |  out|    32|  ap_ctrl_hs|  load_tile_A3280|  return value|
|ap_return_150        |  out|    32|  ap_ctrl_hs|  load_tile_A3280|  return value|
|ap_return_151        |  out|    32|  ap_ctrl_hs|  load_tile_A3280|  return value|
|ap_return_152        |  out|    32|  ap_ctrl_hs|  load_tile_A3280|  return value|
|ap_return_153        |  out|    32|  ap_ctrl_hs|  load_tile_A3280|  return value|
|ap_return_154        |  out|    32|  ap_ctrl_hs|  load_tile_A3280|  return value|
|ap_return_155        |  out|    32|  ap_ctrl_hs|  load_tile_A3280|  return value|
|ap_return_156        |  out|    32|  ap_ctrl_hs|  load_tile_A3280|  return value|
|ap_return_157        |  out|    32|  ap_ctrl_hs|  load_tile_A3280|  return value|
|ap_return_158        |  out|    32|  ap_ctrl_hs|  load_tile_A3280|  return value|
|ap_return_159        |  out|    32|  ap_ctrl_hs|  load_tile_A3280|  return value|
|ap_return_160        |  out|    32|  ap_ctrl_hs|  load_tile_A3280|  return value|
|ap_return_161        |  out|    32|  ap_ctrl_hs|  load_tile_A3280|  return value|
|ap_return_162        |  out|    32|  ap_ctrl_hs|  load_tile_A3280|  return value|
|ap_return_163        |  out|    32|  ap_ctrl_hs|  load_tile_A3280|  return value|
|ap_return_164        |  out|    32|  ap_ctrl_hs|  load_tile_A3280|  return value|
|ap_return_165        |  out|    32|  ap_ctrl_hs|  load_tile_A3280|  return value|
|ap_return_166        |  out|    32|  ap_ctrl_hs|  load_tile_A3280|  return value|
|ap_return_167        |  out|    32|  ap_ctrl_hs|  load_tile_A3280|  return value|
|ap_return_168        |  out|    32|  ap_ctrl_hs|  load_tile_A3280|  return value|
|ap_return_169        |  out|    32|  ap_ctrl_hs|  load_tile_A3280|  return value|
|ap_return_170        |  out|    32|  ap_ctrl_hs|  load_tile_A3280|  return value|
|ap_return_171        |  out|    32|  ap_ctrl_hs|  load_tile_A3280|  return value|
|ap_return_172        |  out|    32|  ap_ctrl_hs|  load_tile_A3280|  return value|
|ap_return_173        |  out|    32|  ap_ctrl_hs|  load_tile_A3280|  return value|
|ap_return_174        |  out|    32|  ap_ctrl_hs|  load_tile_A3280|  return value|
|ap_return_175        |  out|    32|  ap_ctrl_hs|  load_tile_A3280|  return value|
|ap_return_176        |  out|    32|  ap_ctrl_hs|  load_tile_A3280|  return value|
|ap_return_177        |  out|    32|  ap_ctrl_hs|  load_tile_A3280|  return value|
|ap_return_178        |  out|    32|  ap_ctrl_hs|  load_tile_A3280|  return value|
|ap_return_179        |  out|    32|  ap_ctrl_hs|  load_tile_A3280|  return value|
|ap_return_180        |  out|    32|  ap_ctrl_hs|  load_tile_A3280|  return value|
|ap_return_181        |  out|    32|  ap_ctrl_hs|  load_tile_A3280|  return value|
|ap_return_182        |  out|    32|  ap_ctrl_hs|  load_tile_A3280|  return value|
|ap_return_183        |  out|    32|  ap_ctrl_hs|  load_tile_A3280|  return value|
|ap_return_184        |  out|    32|  ap_ctrl_hs|  load_tile_A3280|  return value|
|ap_return_185        |  out|    32|  ap_ctrl_hs|  load_tile_A3280|  return value|
|ap_return_186        |  out|    32|  ap_ctrl_hs|  load_tile_A3280|  return value|
|ap_return_187        |  out|    32|  ap_ctrl_hs|  load_tile_A3280|  return value|
|ap_return_188        |  out|    32|  ap_ctrl_hs|  load_tile_A3280|  return value|
|ap_return_189        |  out|    32|  ap_ctrl_hs|  load_tile_A3280|  return value|
|ap_return_190        |  out|    32|  ap_ctrl_hs|  load_tile_A3280|  return value|
|ap_return_191        |  out|    32|  ap_ctrl_hs|  load_tile_A3280|  return value|
|ap_return_192        |  out|    32|  ap_ctrl_hs|  load_tile_A3280|  return value|
|ap_return_193        |  out|    32|  ap_ctrl_hs|  load_tile_A3280|  return value|
|ap_return_194        |  out|    32|  ap_ctrl_hs|  load_tile_A3280|  return value|
|ap_return_195        |  out|    32|  ap_ctrl_hs|  load_tile_A3280|  return value|
|ap_return_196        |  out|    32|  ap_ctrl_hs|  load_tile_A3280|  return value|
|ap_return_197        |  out|    32|  ap_ctrl_hs|  load_tile_A3280|  return value|
|ap_return_198        |  out|    32|  ap_ctrl_hs|  load_tile_A3280|  return value|
|ap_return_199        |  out|    32|  ap_ctrl_hs|  load_tile_A3280|  return value|
|ap_return_200        |  out|    32|  ap_ctrl_hs|  load_tile_A3280|  return value|
|ap_return_201        |  out|    32|  ap_ctrl_hs|  load_tile_A3280|  return value|
|ap_return_202        |  out|    32|  ap_ctrl_hs|  load_tile_A3280|  return value|
|ap_return_203        |  out|    32|  ap_ctrl_hs|  load_tile_A3280|  return value|
|ap_return_204        |  out|    32|  ap_ctrl_hs|  load_tile_A3280|  return value|
|ap_return_205        |  out|    32|  ap_ctrl_hs|  load_tile_A3280|  return value|
|ap_return_206        |  out|    32|  ap_ctrl_hs|  load_tile_A3280|  return value|
|ap_return_207        |  out|    32|  ap_ctrl_hs|  load_tile_A3280|  return value|
|ap_return_208        |  out|    32|  ap_ctrl_hs|  load_tile_A3280|  return value|
|ap_return_209        |  out|    32|  ap_ctrl_hs|  load_tile_A3280|  return value|
|ap_return_210        |  out|    32|  ap_ctrl_hs|  load_tile_A3280|  return value|
|ap_return_211        |  out|    32|  ap_ctrl_hs|  load_tile_A3280|  return value|
|ap_return_212        |  out|    32|  ap_ctrl_hs|  load_tile_A3280|  return value|
|ap_return_213        |  out|    32|  ap_ctrl_hs|  load_tile_A3280|  return value|
|ap_return_214        |  out|    32|  ap_ctrl_hs|  load_tile_A3280|  return value|
|ap_return_215        |  out|    32|  ap_ctrl_hs|  load_tile_A3280|  return value|
|ap_return_216        |  out|    32|  ap_ctrl_hs|  load_tile_A3280|  return value|
|ap_return_217        |  out|    32|  ap_ctrl_hs|  load_tile_A3280|  return value|
|ap_return_218        |  out|    32|  ap_ctrl_hs|  load_tile_A3280|  return value|
|ap_return_219        |  out|    32|  ap_ctrl_hs|  load_tile_A3280|  return value|
|ap_return_220        |  out|    32|  ap_ctrl_hs|  load_tile_A3280|  return value|
|ap_return_221        |  out|    32|  ap_ctrl_hs|  load_tile_A3280|  return value|
|ap_return_222        |  out|    32|  ap_ctrl_hs|  load_tile_A3280|  return value|
|ap_return_223        |  out|    32|  ap_ctrl_hs|  load_tile_A3280|  return value|
|ap_return_224        |  out|    32|  ap_ctrl_hs|  load_tile_A3280|  return value|
|ap_return_225        |  out|    32|  ap_ctrl_hs|  load_tile_A3280|  return value|
|ap_return_226        |  out|    32|  ap_ctrl_hs|  load_tile_A3280|  return value|
|ap_return_227        |  out|    32|  ap_ctrl_hs|  load_tile_A3280|  return value|
|ap_return_228        |  out|    32|  ap_ctrl_hs|  load_tile_A3280|  return value|
|ap_return_229        |  out|    32|  ap_ctrl_hs|  load_tile_A3280|  return value|
|ap_return_230        |  out|    32|  ap_ctrl_hs|  load_tile_A3280|  return value|
|ap_return_231        |  out|    32|  ap_ctrl_hs|  load_tile_A3280|  return value|
|ap_return_232        |  out|    32|  ap_ctrl_hs|  load_tile_A3280|  return value|
|ap_return_233        |  out|    32|  ap_ctrl_hs|  load_tile_A3280|  return value|
|ap_return_234        |  out|    32|  ap_ctrl_hs|  load_tile_A3280|  return value|
|ap_return_235        |  out|    32|  ap_ctrl_hs|  load_tile_A3280|  return value|
|ap_return_236        |  out|    32|  ap_ctrl_hs|  load_tile_A3280|  return value|
|ap_return_237        |  out|    32|  ap_ctrl_hs|  load_tile_A3280|  return value|
|ap_return_238        |  out|    32|  ap_ctrl_hs|  load_tile_A3280|  return value|
|ap_return_239        |  out|    32|  ap_ctrl_hs|  load_tile_A3280|  return value|
|ap_return_240        |  out|    32|  ap_ctrl_hs|  load_tile_A3280|  return value|
|ap_return_241        |  out|    32|  ap_ctrl_hs|  load_tile_A3280|  return value|
|ap_return_242        |  out|    32|  ap_ctrl_hs|  load_tile_A3280|  return value|
|ap_return_243        |  out|    32|  ap_ctrl_hs|  load_tile_A3280|  return value|
|ap_return_244        |  out|    32|  ap_ctrl_hs|  load_tile_A3280|  return value|
|ap_return_245        |  out|    32|  ap_ctrl_hs|  load_tile_A3280|  return value|
|ap_return_246        |  out|    32|  ap_ctrl_hs|  load_tile_A3280|  return value|
|ap_return_247        |  out|    32|  ap_ctrl_hs|  load_tile_A3280|  return value|
|ap_return_248        |  out|    32|  ap_ctrl_hs|  load_tile_A3280|  return value|
|ap_return_249        |  out|    32|  ap_ctrl_hs|  load_tile_A3280|  return value|
|ap_return_250        |  out|    32|  ap_ctrl_hs|  load_tile_A3280|  return value|
|ap_return_251        |  out|    32|  ap_ctrl_hs|  load_tile_A3280|  return value|
|ap_return_252        |  out|    32|  ap_ctrl_hs|  load_tile_A3280|  return value|
|ap_return_253        |  out|    32|  ap_ctrl_hs|  load_tile_A3280|  return value|
|ap_return_254        |  out|    32|  ap_ctrl_hs|  load_tile_A3280|  return value|
|ap_return_255        |  out|    32|  ap_ctrl_hs|  load_tile_A3280|  return value|
|ap_return_256        |  out|    32|  ap_ctrl_hs|  load_tile_A3280|  return value|
|ap_return_257        |  out|    32|  ap_ctrl_hs|  load_tile_A3280|  return value|
|ap_return_258        |  out|    32|  ap_ctrl_hs|  load_tile_A3280|  return value|
|ap_return_259        |  out|    32|  ap_ctrl_hs|  load_tile_A3280|  return value|
|ap_return_260        |  out|    32|  ap_ctrl_hs|  load_tile_A3280|  return value|
|ap_return_261        |  out|    32|  ap_ctrl_hs|  load_tile_A3280|  return value|
|ap_return_262        |  out|    32|  ap_ctrl_hs|  load_tile_A3280|  return value|
|ap_return_263        |  out|    32|  ap_ctrl_hs|  load_tile_A3280|  return value|
|ap_return_264        |  out|    32|  ap_ctrl_hs|  load_tile_A3280|  return value|
|ap_return_265        |  out|    32|  ap_ctrl_hs|  load_tile_A3280|  return value|
|ap_return_266        |  out|    32|  ap_ctrl_hs|  load_tile_A3280|  return value|
|ap_return_267        |  out|    32|  ap_ctrl_hs|  load_tile_A3280|  return value|
|ap_return_268        |  out|    32|  ap_ctrl_hs|  load_tile_A3280|  return value|
|ap_return_269        |  out|    32|  ap_ctrl_hs|  load_tile_A3280|  return value|
|ap_return_270        |  out|    32|  ap_ctrl_hs|  load_tile_A3280|  return value|
|ap_return_271        |  out|    32|  ap_ctrl_hs|  load_tile_A3280|  return value|
|ap_return_272        |  out|    32|  ap_ctrl_hs|  load_tile_A3280|  return value|
|ap_return_273        |  out|    32|  ap_ctrl_hs|  load_tile_A3280|  return value|
|ap_return_274        |  out|    32|  ap_ctrl_hs|  load_tile_A3280|  return value|
|ap_return_275        |  out|    32|  ap_ctrl_hs|  load_tile_A3280|  return value|
|ap_return_276        |  out|    32|  ap_ctrl_hs|  load_tile_A3280|  return value|
|ap_return_277        |  out|    32|  ap_ctrl_hs|  load_tile_A3280|  return value|
|ap_return_278        |  out|    32|  ap_ctrl_hs|  load_tile_A3280|  return value|
|ap_return_279        |  out|    32|  ap_ctrl_hs|  load_tile_A3280|  return value|
|ap_return_280        |  out|    32|  ap_ctrl_hs|  load_tile_A3280|  return value|
|ap_return_281        |  out|    32|  ap_ctrl_hs|  load_tile_A3280|  return value|
|ap_return_282        |  out|    32|  ap_ctrl_hs|  load_tile_A3280|  return value|
|ap_return_283        |  out|    32|  ap_ctrl_hs|  load_tile_A3280|  return value|
|ap_return_284        |  out|    32|  ap_ctrl_hs|  load_tile_A3280|  return value|
|ap_return_285        |  out|    32|  ap_ctrl_hs|  load_tile_A3280|  return value|
|ap_return_286        |  out|    32|  ap_ctrl_hs|  load_tile_A3280|  return value|
|ap_return_287        |  out|    32|  ap_ctrl_hs|  load_tile_A3280|  return value|
|ap_return_288        |  out|    32|  ap_ctrl_hs|  load_tile_A3280|  return value|
|ap_return_289        |  out|    32|  ap_ctrl_hs|  load_tile_A3280|  return value|
|ap_return_290        |  out|    32|  ap_ctrl_hs|  load_tile_A3280|  return value|
|ap_return_291        |  out|    32|  ap_ctrl_hs|  load_tile_A3280|  return value|
|ap_return_292        |  out|    32|  ap_ctrl_hs|  load_tile_A3280|  return value|
|ap_return_293        |  out|    32|  ap_ctrl_hs|  load_tile_A3280|  return value|
|ap_return_294        |  out|    32|  ap_ctrl_hs|  load_tile_A3280|  return value|
|ap_return_295        |  out|    32|  ap_ctrl_hs|  load_tile_A3280|  return value|
|ap_return_296        |  out|    32|  ap_ctrl_hs|  load_tile_A3280|  return value|
|ap_return_297        |  out|    32|  ap_ctrl_hs|  load_tile_A3280|  return value|
|ap_return_298        |  out|    32|  ap_ctrl_hs|  load_tile_A3280|  return value|
|ap_return_299        |  out|    32|  ap_ctrl_hs|  load_tile_A3280|  return value|
|ap_return_300        |  out|    32|  ap_ctrl_hs|  load_tile_A3280|  return value|
|ap_return_301        |  out|    32|  ap_ctrl_hs|  load_tile_A3280|  return value|
|ap_return_302        |  out|    32|  ap_ctrl_hs|  load_tile_A3280|  return value|
|ap_return_303        |  out|    32|  ap_ctrl_hs|  load_tile_A3280|  return value|
|ap_return_304        |  out|    32|  ap_ctrl_hs|  load_tile_A3280|  return value|
|ap_return_305        |  out|    32|  ap_ctrl_hs|  load_tile_A3280|  return value|
|ap_return_306        |  out|    32|  ap_ctrl_hs|  load_tile_A3280|  return value|
|ap_return_307        |  out|    32|  ap_ctrl_hs|  load_tile_A3280|  return value|
|ap_return_308        |  out|    32|  ap_ctrl_hs|  load_tile_A3280|  return value|
|ap_return_309        |  out|    32|  ap_ctrl_hs|  load_tile_A3280|  return value|
|ap_return_310        |  out|    32|  ap_ctrl_hs|  load_tile_A3280|  return value|
|ap_return_311        |  out|    32|  ap_ctrl_hs|  load_tile_A3280|  return value|
|ap_return_312        |  out|    32|  ap_ctrl_hs|  load_tile_A3280|  return value|
|ap_return_313        |  out|    32|  ap_ctrl_hs|  load_tile_A3280|  return value|
|ap_return_314        |  out|    32|  ap_ctrl_hs|  load_tile_A3280|  return value|
|ap_return_315        |  out|    32|  ap_ctrl_hs|  load_tile_A3280|  return value|
|ap_return_316        |  out|    32|  ap_ctrl_hs|  load_tile_A3280|  return value|
|ap_return_317        |  out|    32|  ap_ctrl_hs|  load_tile_A3280|  return value|
|ap_return_318        |  out|    32|  ap_ctrl_hs|  load_tile_A3280|  return value|
|ap_return_319        |  out|    32|  ap_ctrl_hs|  load_tile_A3280|  return value|
|ap_return_320        |  out|    32|  ap_ctrl_hs|  load_tile_A3280|  return value|
|ap_return_321        |  out|    32|  ap_ctrl_hs|  load_tile_A3280|  return value|
|ap_return_322        |  out|    32|  ap_ctrl_hs|  load_tile_A3280|  return value|
|ap_return_323        |  out|    32|  ap_ctrl_hs|  load_tile_A3280|  return value|
|ap_return_324        |  out|    32|  ap_ctrl_hs|  load_tile_A3280|  return value|
|ap_return_325        |  out|    32|  ap_ctrl_hs|  load_tile_A3280|  return value|
|ap_return_326        |  out|    32|  ap_ctrl_hs|  load_tile_A3280|  return value|
|ap_return_327        |  out|    32|  ap_ctrl_hs|  load_tile_A3280|  return value|
|ap_return_328        |  out|    32|  ap_ctrl_hs|  load_tile_A3280|  return value|
|ap_return_329        |  out|    32|  ap_ctrl_hs|  load_tile_A3280|  return value|
|ap_return_330        |  out|    32|  ap_ctrl_hs|  load_tile_A3280|  return value|
|ap_return_331        |  out|    32|  ap_ctrl_hs|  load_tile_A3280|  return value|
|ap_return_332        |  out|    32|  ap_ctrl_hs|  load_tile_A3280|  return value|
|ap_return_333        |  out|    32|  ap_ctrl_hs|  load_tile_A3280|  return value|
|ap_return_334        |  out|    32|  ap_ctrl_hs|  load_tile_A3280|  return value|
|ap_return_335        |  out|    32|  ap_ctrl_hs|  load_tile_A3280|  return value|
|ap_return_336        |  out|    32|  ap_ctrl_hs|  load_tile_A3280|  return value|
|ap_return_337        |  out|    32|  ap_ctrl_hs|  load_tile_A3280|  return value|
|ap_return_338        |  out|    32|  ap_ctrl_hs|  load_tile_A3280|  return value|
|ap_return_339        |  out|    32|  ap_ctrl_hs|  load_tile_A3280|  return value|
|ap_return_340        |  out|    32|  ap_ctrl_hs|  load_tile_A3280|  return value|
|ap_return_341        |  out|    32|  ap_ctrl_hs|  load_tile_A3280|  return value|
|ap_return_342        |  out|    32|  ap_ctrl_hs|  load_tile_A3280|  return value|
|ap_return_343        |  out|    32|  ap_ctrl_hs|  load_tile_A3280|  return value|
|ap_return_344        |  out|    32|  ap_ctrl_hs|  load_tile_A3280|  return value|
|ap_return_345        |  out|    32|  ap_ctrl_hs|  load_tile_A3280|  return value|
|ap_return_346        |  out|    32|  ap_ctrl_hs|  load_tile_A3280|  return value|
|ap_return_347        |  out|    32|  ap_ctrl_hs|  load_tile_A3280|  return value|
|ap_return_348        |  out|    32|  ap_ctrl_hs|  load_tile_A3280|  return value|
|ap_return_349        |  out|    32|  ap_ctrl_hs|  load_tile_A3280|  return value|
|ap_return_350        |  out|    32|  ap_ctrl_hs|  load_tile_A3280|  return value|
|ap_return_351        |  out|    32|  ap_ctrl_hs|  load_tile_A3280|  return value|
|ap_return_352        |  out|    32|  ap_ctrl_hs|  load_tile_A3280|  return value|
|ap_return_353        |  out|    32|  ap_ctrl_hs|  load_tile_A3280|  return value|
|ap_return_354        |  out|    32|  ap_ctrl_hs|  load_tile_A3280|  return value|
|ap_return_355        |  out|    32|  ap_ctrl_hs|  load_tile_A3280|  return value|
|ap_return_356        |  out|    32|  ap_ctrl_hs|  load_tile_A3280|  return value|
|ap_return_357        |  out|    32|  ap_ctrl_hs|  load_tile_A3280|  return value|
|ap_return_358        |  out|    32|  ap_ctrl_hs|  load_tile_A3280|  return value|
|ap_return_359        |  out|    32|  ap_ctrl_hs|  load_tile_A3280|  return value|
|ap_return_360        |  out|    32|  ap_ctrl_hs|  load_tile_A3280|  return value|
|ap_return_361        |  out|    32|  ap_ctrl_hs|  load_tile_A3280|  return value|
|ap_return_362        |  out|    32|  ap_ctrl_hs|  load_tile_A3280|  return value|
|ap_return_363        |  out|    32|  ap_ctrl_hs|  load_tile_A3280|  return value|
|ap_return_364        |  out|    32|  ap_ctrl_hs|  load_tile_A3280|  return value|
|ap_return_365        |  out|    32|  ap_ctrl_hs|  load_tile_A3280|  return value|
|ap_return_366        |  out|    32|  ap_ctrl_hs|  load_tile_A3280|  return value|
|ap_return_367        |  out|    32|  ap_ctrl_hs|  load_tile_A3280|  return value|
|ap_return_368        |  out|    32|  ap_ctrl_hs|  load_tile_A3280|  return value|
|ap_return_369        |  out|    32|  ap_ctrl_hs|  load_tile_A3280|  return value|
|ap_return_370        |  out|    32|  ap_ctrl_hs|  load_tile_A3280|  return value|
|ap_return_371        |  out|    32|  ap_ctrl_hs|  load_tile_A3280|  return value|
|ap_return_372        |  out|    32|  ap_ctrl_hs|  load_tile_A3280|  return value|
|ap_return_373        |  out|    32|  ap_ctrl_hs|  load_tile_A3280|  return value|
|ap_return_374        |  out|    32|  ap_ctrl_hs|  load_tile_A3280|  return value|
|ap_return_375        |  out|    32|  ap_ctrl_hs|  load_tile_A3280|  return value|
|ap_return_376        |  out|    32|  ap_ctrl_hs|  load_tile_A3280|  return value|
|ap_return_377        |  out|    32|  ap_ctrl_hs|  load_tile_A3280|  return value|
|ap_return_378        |  out|    32|  ap_ctrl_hs|  load_tile_A3280|  return value|
|ap_return_379        |  out|    32|  ap_ctrl_hs|  load_tile_A3280|  return value|
|ap_return_380        |  out|    32|  ap_ctrl_hs|  load_tile_A3280|  return value|
|ap_return_381        |  out|    32|  ap_ctrl_hs|  load_tile_A3280|  return value|
|ap_return_382        |  out|    32|  ap_ctrl_hs|  load_tile_A3280|  return value|
|ap_return_383        |  out|    32|  ap_ctrl_hs|  load_tile_A3280|  return value|
|ap_return_384        |  out|    32|  ap_ctrl_hs|  load_tile_A3280|  return value|
|ap_return_385        |  out|    32|  ap_ctrl_hs|  load_tile_A3280|  return value|
|ap_return_386        |  out|    32|  ap_ctrl_hs|  load_tile_A3280|  return value|
|ap_return_387        |  out|    32|  ap_ctrl_hs|  load_tile_A3280|  return value|
|ap_return_388        |  out|    32|  ap_ctrl_hs|  load_tile_A3280|  return value|
|ap_return_389        |  out|    32|  ap_ctrl_hs|  load_tile_A3280|  return value|
|ap_return_390        |  out|    32|  ap_ctrl_hs|  load_tile_A3280|  return value|
|ap_return_391        |  out|    32|  ap_ctrl_hs|  load_tile_A3280|  return value|
|ap_return_392        |  out|    32|  ap_ctrl_hs|  load_tile_A3280|  return value|
|ap_return_393        |  out|    32|  ap_ctrl_hs|  load_tile_A3280|  return value|
|ap_return_394        |  out|    32|  ap_ctrl_hs|  load_tile_A3280|  return value|
|ap_return_395        |  out|    32|  ap_ctrl_hs|  load_tile_A3280|  return value|
|ap_return_396        |  out|    32|  ap_ctrl_hs|  load_tile_A3280|  return value|
|ap_return_397        |  out|    32|  ap_ctrl_hs|  load_tile_A3280|  return value|
|ap_return_398        |  out|    32|  ap_ctrl_hs|  load_tile_A3280|  return value|
|ap_return_399        |  out|    32|  ap_ctrl_hs|  load_tile_A3280|  return value|
|ap_return_400        |  out|    32|  ap_ctrl_hs|  load_tile_A3280|  return value|
|ap_return_401        |  out|    32|  ap_ctrl_hs|  load_tile_A3280|  return value|
|ap_return_402        |  out|    32|  ap_ctrl_hs|  load_tile_A3280|  return value|
|ap_return_403        |  out|    32|  ap_ctrl_hs|  load_tile_A3280|  return value|
|ap_return_404        |  out|    32|  ap_ctrl_hs|  load_tile_A3280|  return value|
|ap_return_405        |  out|    32|  ap_ctrl_hs|  load_tile_A3280|  return value|
|ap_return_406        |  out|    32|  ap_ctrl_hs|  load_tile_A3280|  return value|
|ap_return_407        |  out|    32|  ap_ctrl_hs|  load_tile_A3280|  return value|
|ap_return_408        |  out|    32|  ap_ctrl_hs|  load_tile_A3280|  return value|
|ap_return_409        |  out|    32|  ap_ctrl_hs|  load_tile_A3280|  return value|
|ap_return_410        |  out|    32|  ap_ctrl_hs|  load_tile_A3280|  return value|
|ap_return_411        |  out|    32|  ap_ctrl_hs|  load_tile_A3280|  return value|
|ap_return_412        |  out|    32|  ap_ctrl_hs|  load_tile_A3280|  return value|
|ap_return_413        |  out|    32|  ap_ctrl_hs|  load_tile_A3280|  return value|
|ap_return_414        |  out|    32|  ap_ctrl_hs|  load_tile_A3280|  return value|
|ap_return_415        |  out|    32|  ap_ctrl_hs|  load_tile_A3280|  return value|
|ap_return_416        |  out|    32|  ap_ctrl_hs|  load_tile_A3280|  return value|
|ap_return_417        |  out|    32|  ap_ctrl_hs|  load_tile_A3280|  return value|
|ap_return_418        |  out|    32|  ap_ctrl_hs|  load_tile_A3280|  return value|
|ap_return_419        |  out|    32|  ap_ctrl_hs|  load_tile_A3280|  return value|
|ap_return_420        |  out|    32|  ap_ctrl_hs|  load_tile_A3280|  return value|
|ap_return_421        |  out|    32|  ap_ctrl_hs|  load_tile_A3280|  return value|
|ap_return_422        |  out|    32|  ap_ctrl_hs|  load_tile_A3280|  return value|
|ap_return_423        |  out|    32|  ap_ctrl_hs|  load_tile_A3280|  return value|
|ap_return_424        |  out|    32|  ap_ctrl_hs|  load_tile_A3280|  return value|
|ap_return_425        |  out|    32|  ap_ctrl_hs|  load_tile_A3280|  return value|
|ap_return_426        |  out|    32|  ap_ctrl_hs|  load_tile_A3280|  return value|
|ap_return_427        |  out|    32|  ap_ctrl_hs|  load_tile_A3280|  return value|
|ap_return_428        |  out|    32|  ap_ctrl_hs|  load_tile_A3280|  return value|
|ap_return_429        |  out|    32|  ap_ctrl_hs|  load_tile_A3280|  return value|
|ap_return_430        |  out|    32|  ap_ctrl_hs|  load_tile_A3280|  return value|
|ap_return_431        |  out|    32|  ap_ctrl_hs|  load_tile_A3280|  return value|
|ap_return_432        |  out|    32|  ap_ctrl_hs|  load_tile_A3280|  return value|
|ap_return_433        |  out|    32|  ap_ctrl_hs|  load_tile_A3280|  return value|
|ap_return_434        |  out|    32|  ap_ctrl_hs|  load_tile_A3280|  return value|
|ap_return_435        |  out|    32|  ap_ctrl_hs|  load_tile_A3280|  return value|
|ap_return_436        |  out|    32|  ap_ctrl_hs|  load_tile_A3280|  return value|
|ap_return_437        |  out|    32|  ap_ctrl_hs|  load_tile_A3280|  return value|
|ap_return_438        |  out|    32|  ap_ctrl_hs|  load_tile_A3280|  return value|
|ap_return_439        |  out|    32|  ap_ctrl_hs|  load_tile_A3280|  return value|
|ap_return_440        |  out|    32|  ap_ctrl_hs|  load_tile_A3280|  return value|
|ap_return_441        |  out|    32|  ap_ctrl_hs|  load_tile_A3280|  return value|
|ap_return_442        |  out|    32|  ap_ctrl_hs|  load_tile_A3280|  return value|
|ap_return_443        |  out|    32|  ap_ctrl_hs|  load_tile_A3280|  return value|
|ap_return_444        |  out|    32|  ap_ctrl_hs|  load_tile_A3280|  return value|
|ap_return_445        |  out|    32|  ap_ctrl_hs|  load_tile_A3280|  return value|
|ap_return_446        |  out|    32|  ap_ctrl_hs|  load_tile_A3280|  return value|
|ap_return_447        |  out|    32|  ap_ctrl_hs|  load_tile_A3280|  return value|
|ap_return_448        |  out|    32|  ap_ctrl_hs|  load_tile_A3280|  return value|
|ap_return_449        |  out|    32|  ap_ctrl_hs|  load_tile_A3280|  return value|
|ap_return_450        |  out|    32|  ap_ctrl_hs|  load_tile_A3280|  return value|
|ap_return_451        |  out|    32|  ap_ctrl_hs|  load_tile_A3280|  return value|
|ap_return_452        |  out|    32|  ap_ctrl_hs|  load_tile_A3280|  return value|
|ap_return_453        |  out|    32|  ap_ctrl_hs|  load_tile_A3280|  return value|
|ap_return_454        |  out|    32|  ap_ctrl_hs|  load_tile_A3280|  return value|
|ap_return_455        |  out|    32|  ap_ctrl_hs|  load_tile_A3280|  return value|
|ap_return_456        |  out|    32|  ap_ctrl_hs|  load_tile_A3280|  return value|
|ap_return_457        |  out|    32|  ap_ctrl_hs|  load_tile_A3280|  return value|
|ap_return_458        |  out|    32|  ap_ctrl_hs|  load_tile_A3280|  return value|
|ap_return_459        |  out|    32|  ap_ctrl_hs|  load_tile_A3280|  return value|
|ap_return_460        |  out|    32|  ap_ctrl_hs|  load_tile_A3280|  return value|
|ap_return_461        |  out|    32|  ap_ctrl_hs|  load_tile_A3280|  return value|
|ap_return_462        |  out|    32|  ap_ctrl_hs|  load_tile_A3280|  return value|
|ap_return_463        |  out|    32|  ap_ctrl_hs|  load_tile_A3280|  return value|
|ap_return_464        |  out|    32|  ap_ctrl_hs|  load_tile_A3280|  return value|
|ap_return_465        |  out|    32|  ap_ctrl_hs|  load_tile_A3280|  return value|
|ap_return_466        |  out|    32|  ap_ctrl_hs|  load_tile_A3280|  return value|
|ap_return_467        |  out|    32|  ap_ctrl_hs|  load_tile_A3280|  return value|
|ap_return_468        |  out|    32|  ap_ctrl_hs|  load_tile_A3280|  return value|
|ap_return_469        |  out|    32|  ap_ctrl_hs|  load_tile_A3280|  return value|
|ap_return_470        |  out|    32|  ap_ctrl_hs|  load_tile_A3280|  return value|
|ap_return_471        |  out|    32|  ap_ctrl_hs|  load_tile_A3280|  return value|
|ap_return_472        |  out|    32|  ap_ctrl_hs|  load_tile_A3280|  return value|
|ap_return_473        |  out|    32|  ap_ctrl_hs|  load_tile_A3280|  return value|
|ap_return_474        |  out|    32|  ap_ctrl_hs|  load_tile_A3280|  return value|
|ap_return_475        |  out|    32|  ap_ctrl_hs|  load_tile_A3280|  return value|
|ap_return_476        |  out|    32|  ap_ctrl_hs|  load_tile_A3280|  return value|
|ap_return_477        |  out|    32|  ap_ctrl_hs|  load_tile_A3280|  return value|
|ap_return_478        |  out|    32|  ap_ctrl_hs|  load_tile_A3280|  return value|
|ap_return_479        |  out|    32|  ap_ctrl_hs|  load_tile_A3280|  return value|
|ap_return_480        |  out|    32|  ap_ctrl_hs|  load_tile_A3280|  return value|
|ap_return_481        |  out|    32|  ap_ctrl_hs|  load_tile_A3280|  return value|
|ap_return_482        |  out|    32|  ap_ctrl_hs|  load_tile_A3280|  return value|
|ap_return_483        |  out|    32|  ap_ctrl_hs|  load_tile_A3280|  return value|
|ap_return_484        |  out|    32|  ap_ctrl_hs|  load_tile_A3280|  return value|
|ap_return_485        |  out|    32|  ap_ctrl_hs|  load_tile_A3280|  return value|
|ap_return_486        |  out|    32|  ap_ctrl_hs|  load_tile_A3280|  return value|
|ap_return_487        |  out|    32|  ap_ctrl_hs|  load_tile_A3280|  return value|
|ap_return_488        |  out|    32|  ap_ctrl_hs|  load_tile_A3280|  return value|
|ap_return_489        |  out|    32|  ap_ctrl_hs|  load_tile_A3280|  return value|
|ap_return_490        |  out|    32|  ap_ctrl_hs|  load_tile_A3280|  return value|
|ap_return_491        |  out|    32|  ap_ctrl_hs|  load_tile_A3280|  return value|
|ap_return_492        |  out|    32|  ap_ctrl_hs|  load_tile_A3280|  return value|
|ap_return_493        |  out|    32|  ap_ctrl_hs|  load_tile_A3280|  return value|
|ap_return_494        |  out|    32|  ap_ctrl_hs|  load_tile_A3280|  return value|
|ap_return_495        |  out|    32|  ap_ctrl_hs|  load_tile_A3280|  return value|
|ap_return_496        |  out|    32|  ap_ctrl_hs|  load_tile_A3280|  return value|
|ap_return_497        |  out|    32|  ap_ctrl_hs|  load_tile_A3280|  return value|
|ap_return_498        |  out|    32|  ap_ctrl_hs|  load_tile_A3280|  return value|
|ap_return_499        |  out|    32|  ap_ctrl_hs|  load_tile_A3280|  return value|
|ap_return_500        |  out|    32|  ap_ctrl_hs|  load_tile_A3280|  return value|
|ap_return_501        |  out|    32|  ap_ctrl_hs|  load_tile_A3280|  return value|
|ap_return_502        |  out|    32|  ap_ctrl_hs|  load_tile_A3280|  return value|
|ap_return_503        |  out|    32|  ap_ctrl_hs|  load_tile_A3280|  return value|
|ap_return_504        |  out|    32|  ap_ctrl_hs|  load_tile_A3280|  return value|
|ap_return_505        |  out|    32|  ap_ctrl_hs|  load_tile_A3280|  return value|
|ap_return_506        |  out|    32|  ap_ctrl_hs|  load_tile_A3280|  return value|
|ap_return_507        |  out|    32|  ap_ctrl_hs|  load_tile_A3280|  return value|
|ap_return_508        |  out|    32|  ap_ctrl_hs|  load_tile_A3280|  return value|
|ap_return_509        |  out|    32|  ap_ctrl_hs|  load_tile_A3280|  return value|
|ap_return_510        |  out|    32|  ap_ctrl_hs|  load_tile_A3280|  return value|
|ap_return_511        |  out|    32|  ap_ctrl_hs|  load_tile_A3280|  return value|
|A_in_dout            |   in|  1024|     ap_fifo|             A_in|       pointer|
|A_in_num_data_valid  |   in|     5|     ap_fifo|             A_in|       pointer|
|A_in_fifo_cap        |   in|     5|     ap_fifo|             A_in|       pointer|
|A_in_empty_n         |   in|     1|     ap_fifo|             A_in|       pointer|
|A_in_read            |  out|     1|     ap_fifo|             A_in|       pointer|
+---------------------+-----+------+------------+-----------------+--------------+

