

================================================================
== Vitis HLS Report for 'stream_to_C_Vec'
================================================================
* Date:           Tue Sep  1 15:25:35 2026

* Version:        2023.2 (Build 4023990 on Oct 11 2023)
* Project:        hls_project
* Solution:       gemm2 (Vitis Kernel Flow Target)
* Product family: versalaicore
* Target device:  xcvc1902-vsva2197-2MP-e-S


================================================================
== Performance Estimates
================================================================
+ Timing: 
    * Summary: 
    +--------+---------+----------+------------+
    |  Clock |  Target | Estimated| Uncertainty|
    +--------+---------+----------+------------+
    |ap_clk  |  3.33 ns|  2.412 ns|     0.90 ns|
    +--------+---------+----------+------------+

+ Latency: 
    * Summary: 
    +---------+---------+-----------+-----------+-----+-----+---------+
    |  Latency (cycles) |   Latency (absolute)  |  Interval | Pipeline|
    |   min   |   max   |    min    |    max    | min | max |   Type  |
    +---------+---------+-----------+-----------+-----+-----+---------+
    |       19|       19|  63.327 ns|  63.327 ns|   19|   19|       no|
    +---------+---------+-----------+-----------+-----+-----+---------+

    + Detail: 
        * Instance: 
        N/A

        * Loop: 
        +------------------+---------+---------+----------+-----------+-----------+------+----------+
        |                  |  Latency (cycles) | Iteration|  Initiation Interval  | Trip |          |
        |     Loop Name    |   min   |   max   |  Latency |  achieved |   target  | Count| Pipelined|
        +------------------+---------+---------+----------+-----------+-----------+------+----------+
        |- VITIS_LOOP_5_1  |       17|       17|         3|          1|          1|    16|       yes|
        +------------------+---------+---------+----------+-----------+-----------+------+----------+



================================================================
== Utilization Estimates
================================================================
* Summary: 
+-----------------+---------+------+---------+--------+-----+
|       Name      | BRAM_18K|  DSP |    FF   |   LUT  | URAM|
+-----------------+---------+------+---------+--------+-----+
|DSP              |        -|     -|        -|       -|    -|
|Expression       |        -|     -|        0|      51|    -|
|FIFO             |        -|     -|        -|       -|    -|
|Instance         |        -|     -|        -|       -|    -|
|Memory           |        -|     -|        -|       -|    -|
|Multiplexer      |        -|     -|        -|    6160|    -|
|Register         |        -|     -|     1039|       -|    -|
+-----------------+---------+------+---------+--------+-----+
|Total            |        0|     0|     1039|    6211|    0|
+-----------------+---------+------+---------+--------+-----+
|Available        |     1934|  1968|  1799680|  899840|  463|
+-----------------+---------+------+---------+--------+-----+
|Utilization (%)  |        0|     0|       ~0|      ~0|    0|
+-----------------+---------+------+---------+--------+-----+

+ Detail: 
    * Instance: 
    N/A

    * DSP: 
    N/A

    * Memory: 
    N/A

    * FIFO: 
    N/A

    * Expression: 
    +----------------------------------+----------+----+---+----+------------+------------+
    |           Variable Name          | Operation| DSP| FF| LUT| Bitwidth P0| Bitwidth P1|
    +----------------------------------+----------+----+---+----+------------+------------+
    |add_ln5_fu_2767_p2                |         +|   0|  0|   5|           5|           1|
    |ap_condition_4008                 |       and|   0|  0|   2|           1|           1|
    |ap_predicate_op282_read_state2    |       and|   0|  0|   2|           1|           1|
    |ap_predicate_op315_read_state2    |       and|   0|  0|   2|           1|           1|
    |ap_predicate_op348_read_state2    |       and|   0|  0|   2|           1|           1|
    |ap_predicate_op381_read_state2    |       and|   0|  0|   2|           1|           1|
    |ap_predicate_op414_read_state2    |       and|   0|  0|   2|           1|           1|
    |ap_predicate_op447_read_state2    |       and|   0|  0|   2|           1|           1|
    |ap_predicate_op480_read_state2    |       and|   0|  0|   2|           1|           1|
    |ap_predicate_op513_read_state2    |       and|   0|  0|   2|           1|           1|
    |ap_predicate_op546_read_state2    |       and|   0|  0|   2|           1|           1|
    |ap_predicate_op579_read_state2    |       and|   0|  0|   2|           1|           1|
    |ap_predicate_op612_read_state2    |       and|   0|  0|   2|           1|           1|
    |ap_predicate_op645_read_state2    |       and|   0|  0|   2|           1|           1|
    |ap_predicate_op678_read_state2    |       and|   0|  0|   2|           1|           1|
    |ap_predicate_op711_read_state2    |       and|   0|  0|   2|           1|           1|
    |ap_predicate_op744_read_state2    |       and|   0|  0|   2|           1|           1|
    |ap_predicate_op777_read_state2    |       and|   0|  0|   2|           1|           1|
    |icmp_ln5_fu_2773_p2               |      icmp|   0|  0|   6|           5|           6|
    |ap_block_pp0_stage0_01001         |        or|   0|  0|   2|           1|           1|
    |ap_block_state2_pp0_stage0_iter1  |        or|   0|  0|   2|           1|           1|
    |ap_enable_pp0                     |       xor|   0|  0|   2|           1|           2|
    +----------------------------------+----------+----+---+----+------------+------------+
    |Total                             |          |   0|  0|  51|          30|          28|
    +----------------------------------+----------+----+---+----+------------+------------+

    * Multiplexer: 
    +----------------------------------------+-----+-----------+-----+-----------+
    |                  Name                  | LUT | Input Size| Bits| Total Bits|
    +----------------------------------------+-----+-----------+-----+-----------+
    |C_out_6_6_blk_n                         |    2|          2|    1|          2|
    |C_stream_0_0_blk_n                      |    2|          2|    1|          2|
    |C_stream_0_10_blk_n                     |    2|          2|    1|          2|
    |C_stream_0_11_blk_n                     |    2|          2|    1|          2|
    |C_stream_0_12_blk_n                     |    2|          2|    1|          2|
    |C_stream_0_13_blk_n                     |    2|          2|    1|          2|
    |C_stream_0_14_blk_n                     |    2|          2|    1|          2|
    |C_stream_0_15_blk_n                     |    2|          2|    1|          2|
    |C_stream_0_1_blk_n                      |    2|          2|    1|          2|
    |C_stream_0_2_blk_n                      |    2|          2|    1|          2|
    |C_stream_0_3_blk_n                      |    2|          2|    1|          2|
    |C_stream_0_4_blk_n                      |    2|          2|    1|          2|
    |C_stream_0_5_blk_n                      |    2|          2|    1|          2|
    |C_stream_0_6_blk_n                      |    2|          2|    1|          2|
    |C_stream_0_7_blk_n                      |    2|          2|    1|          2|
    |C_stream_0_8_blk_n                      |    2|          2|    1|          2|
    |C_stream_0_9_blk_n                      |    2|          2|    1|          2|
    |C_stream_10_0_blk_n                     |    2|          2|    1|          2|
    |C_stream_10_10_blk_n                    |    2|          2|    1|          2|
    |C_stream_10_11_blk_n                    |    2|          2|    1|          2|
    |C_stream_10_12_blk_n                    |    2|          2|    1|          2|
    |C_stream_10_13_blk_n                    |    2|          2|    1|          2|
    |C_stream_10_14_blk_n                    |    2|          2|    1|          2|
    |C_stream_10_15_blk_n                    |    2|          2|    1|          2|
    |C_stream_10_1_blk_n                     |    2|          2|    1|          2|
    |C_stream_10_2_blk_n                     |    2|          2|    1|          2|
    |C_stream_10_3_blk_n                     |    2|          2|    1|          2|
    |C_stream_10_4_blk_n                     |    2|          2|    1|          2|
    |C_stream_10_5_blk_n                     |    2|          2|    1|          2|
    |C_stream_10_6_blk_n                     |    2|          2|    1|          2|
    |C_stream_10_7_blk_n                     |    2|          2|    1|          2|
    |C_stream_10_8_blk_n                     |    2|          2|    1|          2|
    |C_stream_10_9_blk_n                     |    2|          2|    1|          2|
    |C_stream_11_0_blk_n                     |    2|          2|    1|          2|
    |C_stream_11_10_blk_n                    |    2|          2|    1|          2|
    |C_stream_11_11_blk_n                    |    2|          2|    1|          2|
    |C_stream_11_12_blk_n                    |    2|          2|    1|          2|
    |C_stream_11_13_blk_n                    |    2|          2|    1|          2|
    |C_stream_11_14_blk_n                    |    2|          2|    1|          2|
    |C_stream_11_15_blk_n                    |    2|          2|    1|          2|
    |C_stream_11_1_blk_n                     |    2|          2|    1|          2|
    |C_stream_11_2_blk_n                     |    2|          2|    1|          2|
    |C_stream_11_3_blk_n                     |    2|          2|    1|          2|
    |C_stream_11_4_blk_n                     |    2|          2|    1|          2|
    |C_stream_11_5_blk_n                     |    2|          2|    1|          2|
    |C_stream_11_6_blk_n                     |    2|          2|    1|          2|
    |C_stream_11_7_blk_n                     |    2|          2|    1|          2|
    |C_stream_11_8_blk_n                     |    2|          2|    1|          2|
    |C_stream_11_9_blk_n                     |    2|          2|    1|          2|
    |C_stream_12_0_blk_n                     |    2|          2|    1|          2|
    |C_stream_12_10_blk_n                    |    2|          2|    1|          2|
    |C_stream_12_11_blk_n                    |    2|          2|    1|          2|
    |C_stream_12_12_blk_n                    |    2|          2|    1|          2|
    |C_stream_12_13_blk_n                    |    2|          2|    1|          2|
    |C_stream_12_14_blk_n                    |    2|          2|    1|          2|
    |C_stream_12_15_blk_n                    |    2|          2|    1|          2|
    |C_stream_12_1_blk_n                     |    2|          2|    1|          2|
    |C_stream_12_2_blk_n                     |    2|          2|    1|          2|
    |C_stream_12_3_blk_n                     |    2|          2|    1|          2|
    |C_stream_12_4_blk_n                     |    2|          2|    1|          2|
    |C_stream_12_5_blk_n                     |    2|          2|    1|          2|
    |C_stream_12_6_blk_n                     |    2|          2|    1|          2|
    |C_stream_12_7_blk_n                     |    2|          2|    1|          2|
    |C_stream_12_8_blk_n                     |    2|          2|    1|          2|
    |C_stream_12_9_blk_n                     |    2|          2|    1|          2|
    |C_stream_13_0_blk_n                     |    2|          2|    1|          2|
    |C_stream_13_10_blk_n                    |    2|          2|    1|          2|
    |C_stream_13_11_blk_n                    |    2|          2|    1|          2|
    |C_stream_13_12_blk_n                    |    2|          2|    1|          2|
    |C_stream_13_13_blk_n                    |    2|          2|    1|          2|
    |C_stream_13_14_blk_n                    |    2|          2|    1|          2|
    |C_stream_13_15_blk_n                    |    2|          2|    1|          2|
    |C_stream_13_1_blk_n                     |    2|          2|    1|          2|
    |C_stream_13_2_blk_n                     |    2|          2|    1|          2|
    |C_stream_13_3_blk_n                     |    2|          2|    1|          2|
    |C_stream_13_4_blk_n                     |    2|          2|    1|          2|
    |C_stream_13_5_blk_n                     |    2|          2|    1|          2|
    |C_stream_13_6_blk_n                     |    2|          2|    1|          2|
    |C_stream_13_7_blk_n                     |    2|          2|    1|          2|
    |C_stream_13_8_blk_n                     |    2|          2|    1|          2|
    |C_stream_13_9_blk_n                     |    2|          2|    1|          2|
    |C_stream_14_0_blk_n                     |    2|          2|    1|          2|
    |C_stream_14_10_blk_n                    |    2|          2|    1|          2|
    |C_stream_14_11_blk_n                    |    2|          2|    1|          2|
    |C_stream_14_12_blk_n                    |    2|          2|    1|          2|
    |C_stream_14_13_blk_n                    |    2|          2|    1|          2|
    |C_stream_14_14_blk_n                    |    2|          2|    1|          2|
    |C_stream_14_15_blk_n                    |    2|          2|    1|          2|
    |C_stream_14_1_blk_n                     |    2|          2|    1|          2|
    |C_stream_14_2_blk_n                     |    2|          2|    1|          2|
    |C_stream_14_3_blk_n                     |    2|          2|    1|          2|
    |C_stream_14_4_blk_n                     |    2|          2|    1|          2|
    |C_stream_14_5_blk_n                     |    2|          2|    1|          2|
    |C_stream_14_6_blk_n                     |    2|          2|    1|          2|
    |C_stream_14_7_blk_n                     |    2|          2|    1|          2|
    |C_stream_14_8_blk_n                     |    2|          2|    1|          2|
    |C_stream_14_9_blk_n                     |    2|          2|    1|          2|
    |C_stream_15_0_blk_n                     |    2|          2|    1|          2|
    |C_stream_15_10_blk_n                    |    2|          2|    1|          2|
    |C_stream_15_11_blk_n                    |    2|          2|    1|          2|
    |C_stream_15_12_blk_n                    |    2|          2|    1|          2|
    |C_stream_15_13_blk_n                    |    2|          2|    1|          2|
    |C_stream_15_14_blk_n                    |    2|          2|    1|          2|
    |C_stream_15_15_blk_n                    |    2|          2|    1|          2|
    |C_stream_15_1_blk_n                     |    2|          2|    1|          2|
    |C_stream_15_2_blk_n                     |    2|          2|    1|          2|
    |C_stream_15_3_blk_n                     |    2|          2|    1|          2|
    |C_stream_15_4_blk_n                     |    2|          2|    1|          2|
    |C_stream_15_5_blk_n                     |    2|          2|    1|          2|
    |C_stream_15_6_blk_n                     |    2|          2|    1|          2|
    |C_stream_15_7_blk_n                     |    2|          2|    1|          2|
    |C_stream_15_8_blk_n                     |    2|          2|    1|          2|
    |C_stream_15_9_blk_n                     |    2|          2|    1|          2|
    |C_stream_1_0_blk_n                      |    2|          2|    1|          2|
    |C_stream_1_10_blk_n                     |    2|          2|    1|          2|
    |C_stream_1_11_blk_n                     |    2|          2|    1|          2|
    |C_stream_1_12_blk_n                     |    2|          2|    1|          2|
    |C_stream_1_13_blk_n                     |    2|          2|    1|          2|
    |C_stream_1_14_blk_n                     |    2|          2|    1|          2|
    |C_stream_1_15_blk_n                     |    2|          2|    1|          2|
    |C_stream_1_1_blk_n                      |    2|          2|    1|          2|
    |C_stream_1_2_blk_n                      |    2|          2|    1|          2|
    |C_stream_1_3_blk_n                      |    2|          2|    1|          2|
    |C_stream_1_4_blk_n                      |    2|          2|    1|          2|
    |C_stream_1_5_blk_n                      |    2|          2|    1|          2|
    |C_stream_1_6_blk_n                      |    2|          2|    1|          2|
    |C_stream_1_7_blk_n                      |    2|          2|    1|          2|
    |C_stream_1_8_blk_n                      |    2|          2|    1|          2|
    |C_stream_1_9_blk_n                      |    2|          2|    1|          2|
    |C_stream_2_0_blk_n                      |    2|          2|    1|          2|
    |C_stream_2_10_blk_n                     |    2|          2|    1|          2|
    |C_stream_2_11_blk_n                     |    2|          2|    1|          2|
    |C_stream_2_12_blk_n                     |    2|          2|    1|          2|
    |C_stream_2_13_blk_n                     |    2|          2|    1|          2|
    |C_stream_2_14_blk_n                     |    2|          2|    1|          2|
    |C_stream_2_15_blk_n                     |    2|          2|    1|          2|
    |C_stream_2_1_blk_n                      |    2|          2|    1|          2|
    |C_stream_2_2_blk_n                      |    2|          2|    1|          2|
    |C_stream_2_3_blk_n                      |    2|          2|    1|          2|
    |C_stream_2_4_blk_n                      |    2|          2|    1|          2|
    |C_stream_2_5_blk_n                      |    2|          2|    1|          2|
    |C_stream_2_6_blk_n                      |    2|          2|    1|          2|
    |C_stream_2_7_blk_n                      |    2|          2|    1|          2|
    |C_stream_2_8_blk_n                      |    2|          2|    1|          2|
    |C_stream_2_9_blk_n                      |    2|          2|    1|          2|
    |C_stream_3_0_blk_n                      |    2|          2|    1|          2|
    |C_stream_3_10_blk_n                     |    2|          2|    1|          2|
    |C_stream_3_11_blk_n                     |    2|          2|    1|          2|
    |C_stream_3_12_blk_n                     |    2|          2|    1|          2|
    |C_stream_3_13_blk_n                     |    2|          2|    1|          2|
    |C_stream_3_14_blk_n                     |    2|          2|    1|          2|
    |C_stream_3_15_blk_n                     |    2|          2|    1|          2|
    |C_stream_3_1_blk_n                      |    2|          2|    1|          2|
    |C_stream_3_2_blk_n                      |    2|          2|    1|          2|
    |C_stream_3_3_blk_n                      |    2|          2|    1|          2|
    |C_stream_3_4_blk_n                      |    2|          2|    1|          2|
    |C_stream_3_5_blk_n                      |    2|          2|    1|          2|
    |C_stream_3_6_blk_n                      |    2|          2|    1|          2|
    |C_stream_3_7_blk_n                      |    2|          2|    1|          2|
    |C_stream_3_8_blk_n                      |    2|          2|    1|          2|
    |C_stream_3_9_blk_n                      |    2|          2|    1|          2|
    |C_stream_4_0_blk_n                      |    2|          2|    1|          2|
    |C_stream_4_10_blk_n                     |    2|          2|    1|          2|
    |C_stream_4_11_blk_n                     |    2|          2|    1|          2|
    |C_stream_4_12_blk_n                     |    2|          2|    1|          2|
    |C_stream_4_13_blk_n                     |    2|          2|    1|          2|
    |C_stream_4_14_blk_n                     |    2|          2|    1|          2|
    |C_stream_4_15_blk_n                     |    2|          2|    1|          2|
    |C_stream_4_1_blk_n                      |    2|          2|    1|          2|
    |C_stream_4_2_blk_n                      |    2|          2|    1|          2|
    |C_stream_4_3_blk_n                      |    2|          2|    1|          2|
    |C_stream_4_4_blk_n                      |    2|          2|    1|          2|
    |C_stream_4_5_blk_n                      |    2|          2|    1|          2|
    |C_stream_4_6_blk_n                      |    2|          2|    1|          2|
    |C_stream_4_7_blk_n                      |    2|          2|    1|          2|
    |C_stream_4_8_blk_n                      |    2|          2|    1|          2|
    |C_stream_4_9_blk_n                      |    2|          2|    1|          2|
    |C_stream_5_0_blk_n                      |    2|          2|    1|          2|
    |C_stream_5_10_blk_n                     |    2|          2|    1|          2|
    |C_stream_5_11_blk_n                     |    2|          2|    1|          2|
    |C_stream_5_12_blk_n                     |    2|          2|    1|          2|
    |C_stream_5_13_blk_n                     |    2|          2|    1|          2|
    |C_stream_5_14_blk_n                     |    2|          2|    1|          2|
    |C_stream_5_15_blk_n                     |    2|          2|    1|          2|
    |C_stream_5_1_blk_n                      |    2|          2|    1|          2|
    |C_stream_5_2_blk_n                      |    2|          2|    1|          2|
    |C_stream_5_3_blk_n                      |    2|          2|    1|          2|
    |C_stream_5_4_blk_n                      |    2|          2|    1|          2|
    |C_stream_5_5_blk_n                      |    2|          2|    1|          2|
    |C_stream_5_6_blk_n                      |    2|          2|    1|          2|
    |C_stream_5_7_blk_n                      |    2|          2|    1|          2|
    |C_stream_5_8_blk_n                      |    2|          2|    1|          2|
    |C_stream_5_9_blk_n                      |    2|          2|    1|          2|
    |C_stream_6_0_blk_n                      |    2|          2|    1|          2|
    |C_stream_6_10_blk_n                     |    2|          2|    1|          2|
    |C_stream_6_11_blk_n                     |    2|          2|    1|          2|
    |C_stream_6_12_blk_n                     |    2|          2|    1|          2|
    |C_stream_6_13_blk_n                     |    2|          2|    1|          2|
    |C_stream_6_14_blk_n                     |    2|          2|    1|          2|
    |C_stream_6_15_blk_n                     |    2|          2|    1|          2|
    |C_stream_6_1_blk_n                      |    2|          2|    1|          2|
    |C_stream_6_2_blk_n                      |    2|          2|    1|          2|
    |C_stream_6_3_blk_n                      |    2|          2|    1|          2|
    |C_stream_6_4_blk_n                      |    2|          2|    1|          2|
    |C_stream_6_5_blk_n                      |    2|          2|    1|          2|
    |C_stream_6_6_blk_n                      |    2|          2|    1|          2|
    |C_stream_6_7_blk_n                      |    2|          2|    1|          2|
    |C_stream_6_8_blk_n                      |    2|          2|    1|          2|
    |C_stream_6_9_blk_n                      |    2|          2|    1|          2|
    |C_stream_7_0_blk_n                      |    2|          2|    1|          2|
    |C_stream_7_10_blk_n                     |    2|          2|    1|          2|
    |C_stream_7_11_blk_n                     |    2|          2|    1|          2|
    |C_stream_7_12_blk_n                     |    2|          2|    1|          2|
    |C_stream_7_13_blk_n                     |    2|          2|    1|          2|
    |C_stream_7_14_blk_n                     |    2|          2|    1|          2|
    |C_stream_7_15_blk_n                     |    2|          2|    1|          2|
    |C_stream_7_1_blk_n                      |    2|          2|    1|          2|
    |C_stream_7_2_blk_n                      |    2|          2|    1|          2|
    |C_stream_7_3_blk_n                      |    2|          2|    1|          2|
    |C_stream_7_4_blk_n                      |    2|          2|    1|          2|
    |C_stream_7_5_blk_n                      |    2|          2|    1|          2|
    |C_stream_7_6_blk_n                      |    2|          2|    1|          2|
    |C_stream_7_7_blk_n                      |    2|          2|    1|          2|
    |C_stream_7_8_blk_n                      |    2|          2|    1|          2|
    |C_stream_7_9_blk_n                      |    2|          2|    1|          2|
    |C_stream_8_0_blk_n                      |    2|          2|    1|          2|
    |C_stream_8_10_blk_n                     |    2|          2|    1|          2|
    |C_stream_8_11_blk_n                     |    2|          2|    1|          2|
    |C_stream_8_12_blk_n                     |    2|          2|    1|          2|
    |C_stream_8_13_blk_n                     |    2|          2|    1|          2|
    |C_stream_8_14_blk_n                     |    2|          2|    1|          2|
    |C_stream_8_15_blk_n                     |    2|          2|    1|          2|
    |C_stream_8_1_blk_n                      |    2|          2|    1|          2|
    |C_stream_8_2_blk_n                      |    2|          2|    1|          2|
    |C_stream_8_3_blk_n                      |    2|          2|    1|          2|
    |C_stream_8_4_blk_n                      |    2|          2|    1|          2|
    |C_stream_8_5_blk_n                      |    2|          2|    1|          2|
    |C_stream_8_6_blk_n                      |    2|          2|    1|          2|
    |C_stream_8_7_blk_n                      |    2|          2|    1|          2|
    |C_stream_8_8_blk_n                      |    2|          2|    1|          2|
    |C_stream_8_9_blk_n                      |    2|          2|    1|          2|
    |C_stream_9_0_blk_n                      |    2|          2|    1|          2|
    |C_stream_9_10_blk_n                     |    2|          2|    1|          2|
    |C_stream_9_11_blk_n                     |    2|          2|    1|          2|
    |C_stream_9_12_blk_n                     |    2|          2|    1|          2|
    |C_stream_9_13_blk_n                     |    2|          2|    1|          2|
    |C_stream_9_14_blk_n                     |    2|          2|    1|          2|
    |C_stream_9_15_blk_n                     |    2|          2|    1|          2|
    |C_stream_9_1_blk_n                      |    2|          2|    1|          2|
    |C_stream_9_2_blk_n                      |    2|          2|    1|          2|
    |C_stream_9_3_blk_n                      |    2|          2|    1|          2|
    |C_stream_9_4_blk_n                      |    2|          2|    1|          2|
    |C_stream_9_5_blk_n                      |    2|          2|    1|          2|
    |C_stream_9_6_blk_n                      |    2|          2|    1|          2|
    |C_stream_9_7_blk_n                      |    2|          2|    1|          2|
    |C_stream_9_8_blk_n                      |    2|          2|    1|          2|
    |C_stream_9_9_blk_n                      |    2|          2|    1|          2|
    |ap_done_int                             |    2|          2|    1|          2|
    |ap_enable_reg_pp0_iter1                 |    2|          2|    1|          2|
    |ap_phi_reg_pp0_iter2_empty_37_reg_2162  |  352|         17|   32|        544|
    |ap_phi_reg_pp0_iter2_empty_38_reg_2199  |  352|         17|   32|        544|
    |ap_phi_reg_pp0_iter2_empty_39_reg_2236  |  352|         17|   32|        544|
    |ap_phi_reg_pp0_iter2_empty_40_reg_2273  |  352|         17|   32|        544|
    |ap_phi_reg_pp0_iter2_empty_41_reg_2310  |  352|         17|   32|        544|
    |ap_phi_reg_pp0_iter2_empty_42_reg_2347  |  352|         17|   32|        544|
    |ap_phi_reg_pp0_iter2_empty_43_reg_2384  |  352|         17|   32|        544|
    |ap_phi_reg_pp0_iter2_empty_44_reg_2421  |  352|         17|   32|        544|
    |ap_phi_reg_pp0_iter2_empty_45_reg_2458  |  352|         17|   32|        544|
    |ap_phi_reg_pp0_iter2_empty_46_reg_2495  |  352|         17|   32|        544|
    |ap_phi_reg_pp0_iter2_empty_47_reg_2532  |  352|         17|   32|        544|
    |ap_phi_reg_pp0_iter2_empty_48_reg_2569  |  352|         17|   32|        544|
    |ap_phi_reg_pp0_iter2_empty_49_reg_2606  |  352|         17|   32|        544|
    |ap_phi_reg_pp0_iter2_empty_50_reg_2643  |  352|         17|   32|        544|
    |ap_phi_reg_pp0_iter2_empty_51_reg_2680  |  352|         17|   32|        544|
    |ap_phi_reg_pp0_iter2_empty_reg_2125     |  352|         17|   32|        544|
    |ap_sig_allocacmp_i_1                    |    5|          2|    5|         10|
    |i_fu_578                                |    5|          2|    5|         10|
    +----------------------------------------+-----+-----------+-----+-----------+
    |Total                                   | 6160|        794|  781|       9242|
    +----------------------------------------+-----+-----------+-----+-----------+

    * Register: 
    +----------------------------------------+----+----+-----+-----------+
    |                  Name                  | FF | LUT| Bits| Const Bits|
    +----------------------------------------+----+----+-----+-----------+
    |ap_CS_fsm                               |   1|   0|    1|          0|
    |ap_done_reg                             |   1|   0|    1|          0|
    |ap_enable_reg_pp0_iter1                 |   1|   0|    1|          0|
    |ap_enable_reg_pp0_iter2                 |   1|   0|    1|          0|
    |ap_loop_exit_ready_pp0_iter1_reg        |   1|   0|    1|          0|
    |ap_phi_reg_pp0_iter1_empty_37_reg_2162  |  32|   0|   32|          0|
    |ap_phi_reg_pp0_iter1_empty_38_reg_2199  |  32|   0|   32|          0|
    |ap_phi_reg_pp0_iter1_empty_39_reg_2236  |  32|   0|   32|          0|
    |ap_phi_reg_pp0_iter1_empty_40_reg_2273  |  32|   0|   32|          0|
    |ap_phi_reg_pp0_iter1_empty_41_reg_2310  |  32|   0|   32|          0|
    |ap_phi_reg_pp0_iter1_empty_42_reg_2347  |  32|   0|   32|          0|
    |ap_phi_reg_pp0_iter1_empty_43_reg_2384  |  32|   0|   32|          0|
    |ap_phi_reg_pp0_iter1_empty_44_reg_2421  |  32|   0|   32|          0|
    |ap_phi_reg_pp0_iter1_empty_45_reg_2458  |  32|   0|   32|          0|
    |ap_phi_reg_pp0_iter1_empty_46_reg_2495  |  32|   0|   32|          0|
    |ap_phi_reg_pp0_iter1_empty_47_reg_2532  |  32|   0|   32|          0|
    |ap_phi_reg_pp0_iter1_empty_48_reg_2569  |  32|   0|   32|          0|
    |ap_phi_reg_pp0_iter1_empty_49_reg_2606  |  32|   0|   32|          0|
    |ap_phi_reg_pp0_iter1_empty_50_reg_2643  |  32|   0|   32|          0|
    |ap_phi_reg_pp0_iter1_empty_51_reg_2680  |  32|   0|   32|          0|
    |ap_phi_reg_pp0_iter1_empty_reg_2125     |  32|   0|   32|          0|
    |ap_phi_reg_pp0_iter2_empty_37_reg_2162  |  32|   0|   32|          0|
    |ap_phi_reg_pp0_iter2_empty_38_reg_2199  |  32|   0|   32|          0|
    |ap_phi_reg_pp0_iter2_empty_39_reg_2236  |  32|   0|   32|          0|
    |ap_phi_reg_pp0_iter2_empty_40_reg_2273  |  32|   0|   32|          0|
    |ap_phi_reg_pp0_iter2_empty_41_reg_2310  |  32|   0|   32|          0|
    |ap_phi_reg_pp0_iter2_empty_42_reg_2347  |  32|   0|   32|          0|
    |ap_phi_reg_pp0_iter2_empty_43_reg_2384  |  32|   0|   32|          0|
    |ap_phi_reg_pp0_iter2_empty_44_reg_2421  |  32|   0|   32|          0|
    |ap_phi_reg_pp0_iter2_empty_45_reg_2458  |  32|   0|   32|          0|
    |ap_phi_reg_pp0_iter2_empty_46_reg_2495  |  32|   0|   32|          0|
    |ap_phi_reg_pp0_iter2_empty_47_reg_2532  |  32|   0|   32|          0|
    |ap_phi_reg_pp0_iter2_empty_48_reg_2569  |  32|   0|   32|          0|
    |ap_phi_reg_pp0_iter2_empty_49_reg_2606  |  32|   0|   32|          0|
    |ap_phi_reg_pp0_iter2_empty_50_reg_2643  |  32|   0|   32|          0|
    |ap_phi_reg_pp0_iter2_empty_51_reg_2680  |  32|   0|   32|          0|
    |ap_phi_reg_pp0_iter2_empty_reg_2125     |  32|   0|   32|          0|
    |i_fu_578                                |   5|   0|    5|          0|
    |icmp_ln5_reg_2846                       |   1|   0|    1|          0|
    |trunc_ln5_reg_2850                      |   4|   0|    4|          0|
    +----------------------------------------+----+----+-----+-----------+
    |Total                                   |1039|   0| 1039|          0|
    +----------------------------------------+----+----+-----+-----------+



================================================================
== Interface
================================================================
* Summary: 
+-------------------------------+-----+-----+------------+-----------------+--------------+
|           RTL Ports           | Dir | Bits|  Protocol  |  Source Object  |    C Type    |
+-------------------------------+-----+-----+------------+-----------------+--------------+
|ap_clk                         |   in|    1|  ap_ctrl_hs|  stream_to_C_Vec|  return value|
|ap_rst                         |   in|    1|  ap_ctrl_hs|  stream_to_C_Vec|  return value|
|ap_start                       |   in|    1|  ap_ctrl_hs|  stream_to_C_Vec|  return value|
|ap_done                        |  out|    1|  ap_ctrl_hs|  stream_to_C_Vec|  return value|
|ap_idle                        |  out|    1|  ap_ctrl_hs|  stream_to_C_Vec|  return value|
|ap_ready                       |  out|    1|  ap_ctrl_hs|  stream_to_C_Vec|  return value|
|C_stream_14_0_dout             |   in|   32|     ap_fifo|    C_stream_14_0|       pointer|
|C_stream_14_0_num_data_valid   |   in|    7|     ap_fifo|    C_stream_14_0|       pointer|
|C_stream_14_0_fifo_cap         |   in|    7|     ap_fifo|    C_stream_14_0|       pointer|
|C_stream_14_0_empty_n          |   in|    1|     ap_fifo|    C_stream_14_0|       pointer|
|C_stream_14_0_read             |  out|    1|     ap_fifo|    C_stream_14_0|       pointer|
|C_stream_14_1_dout             |   in|   32|     ap_fifo|    C_stream_14_1|       pointer|
|C_stream_14_1_num_data_valid   |   in|    7|     ap_fifo|    C_stream_14_1|       pointer|
|C_stream_14_1_fifo_cap         |   in|    7|     ap_fifo|    C_stream_14_1|       pointer|
|C_stream_14_1_empty_n          |   in|    1|     ap_fifo|    C_stream_14_1|       pointer|
|C_stream_14_1_read             |  out|    1|     ap_fifo|    C_stream_14_1|       pointer|
|C_stream_14_2_dout             |   in|   32|     ap_fifo|    C_stream_14_2|       pointer|
|C_stream_14_2_num_data_valid   |   in|    7|     ap_fifo|    C_stream_14_2|       pointer|
|C_stream_14_2_fifo_cap         |   in|    7|     ap_fifo|    C_stream_14_2|       pointer|
|C_stream_14_2_empty_n          |   in|    1|     ap_fifo|    C_stream_14_2|       pointer|
|C_stream_14_2_read             |  out|    1|     ap_fifo|    C_stream_14_2|       pointer|
|C_stream_14_3_dout             |   in|   32|     ap_fifo|    C_stream_14_3|       pointer|
|C_stream_14_3_num_data_valid   |   in|    7|     ap_fifo|    C_stream_14_3|       pointer|
|C_stream_14_3_fifo_cap         |   in|    7|     ap_fifo|    C_stream_14_3|       pointer|
|C_stream_14_3_empty_n          |   in|    1|     ap_fifo|    C_stream_14_3|       pointer|
|C_stream_14_3_read             |  out|    1|     ap_fifo|    C_stream_14_3|       pointer|
|C_stream_14_4_dout             |   in|   32|     ap_fifo|    C_stream_14_4|       pointer|
|C_stream_14_4_num_data_valid   |   in|    7|     ap_fifo|    C_stream_14_4|       pointer|
|C_stream_14_4_fifo_cap         |   in|    7|     ap_fifo|    C_stream_14_4|       pointer|
|C_stream_14_4_empty_n          |   in|    1|     ap_fifo|    C_stream_14_4|       pointer|
|C_stream_14_4_read             |  out|    1|     ap_fifo|    C_stream_14_4|       pointer|
|C_stream_14_5_dout             |   in|   32|     ap_fifo|    C_stream_14_5|       pointer|
|C_stream_14_5_num_data_valid   |   in|    7|     ap_fifo|    C_stream_14_5|       pointer|
|C_stream_14_5_fifo_cap         |   in|    7|     ap_fifo|    C_stream_14_5|       pointer|
|C_stream_14_5_empty_n          |   in|    1|     ap_fifo|    C_stream_14_5|       pointer|
|C_stream_14_5_read             |  out|    1|     ap_fifo|    C_stream_14_5|       pointer|
|C_stream_14_6_dout             |   in|   32|     ap_fifo|    C_stream_14_6|       pointer|
|C_stream_14_6_num_data_valid   |   in|    7|     ap_fifo|    C_stream_14_6|       pointer|
|C_stream_14_6_fifo_cap         |   in|    7|     ap_fifo|    C_stream_14_6|       pointer|
|C_stream_14_6_empty_n          |   in|    1|     ap_fifo|    C_stream_14_6|       pointer|
|C_stream_14_6_read             |  out|    1|     ap_fifo|    C_stream_14_6|       pointer|
|C_stream_14_7_dout             |   in|   32|     ap_fifo|    C_stream_14_7|       pointer|
|C_stream_14_7_num_data_valid   |   in|    7|     ap_fifo|    C_stream_14_7|       pointer|
|C_stream_14_7_fifo_cap         |   in|    7|     ap_fifo|    C_stream_14_7|       pointer|
|C_stream_14_7_empty_n          |   in|    1|     ap_fifo|    C_stream_14_7|       pointer|
|C_stream_14_7_read             |  out|    1|     ap_fifo|    C_stream_14_7|       pointer|
|C_stream_14_8_dout             |   in|   32|     ap_fifo|    C_stream_14_8|       pointer|
|C_stream_14_8_num_data_valid   |   in|    7|     ap_fifo|    C_stream_14_8|       pointer|
|C_stream_14_8_fifo_cap         |   in|    7|     ap_fifo|    C_stream_14_8|       pointer|
|C_stream_14_8_empty_n          |   in|    1|     ap_fifo|    C_stream_14_8|       pointer|
|C_stream_14_8_read             |  out|    1|     ap_fifo|    C_stream_14_8|       pointer|
|C_stream_14_9_dout             |   in|   32|     ap_fifo|    C_stream_14_9|       pointer|
|C_stream_14_9_num_data_valid   |   in|    7|     ap_fifo|    C_stream_14_9|       pointer|
|C_stream_14_9_fifo_cap         |   in|    7|     ap_fifo|    C_stream_14_9|       pointer|
|C_stream_14_9_empty_n          |   in|    1|     ap_fifo|    C_stream_14_9|       pointer|
|C_stream_14_9_read             |  out|    1|     ap_fifo|    C_stream_14_9|       pointer|
|C_stream_14_10_dout            |   in|   32|     ap_fifo|   C_stream_14_10|       pointer|
|C_stream_14_10_num_data_valid  |   in|    7|     ap_fifo|   C_stream_14_10|       pointer|
|C_stream_14_10_fifo_cap        |   in|    7|     ap_fifo|   C_stream_14_10|       pointer|
|C_stream_14_10_empty_n         |   in|    1|     ap_fifo|   C_stream_14_10|       pointer|
|C_stream_14_10_read            |  out|    1|     ap_fifo|   C_stream_14_10|       pointer|
|C_stream_14_11_dout            |   in|   32|     ap_fifo|   C_stream_14_11|       pointer|
|C_stream_14_11_num_data_valid  |   in|    7|     ap_fifo|   C_stream_14_11|       pointer|
|C_stream_14_11_fifo_cap        |   in|    7|     ap_fifo|   C_stream_14_11|       pointer|
|C_stream_14_11_empty_n         |   in|    1|     ap_fifo|   C_stream_14_11|       pointer|
|C_stream_14_11_read            |  out|    1|     ap_fifo|   C_stream_14_11|       pointer|
|C_stream_14_12_dout            |   in|   32|     ap_fifo|   C_stream_14_12|       pointer|
|C_stream_14_12_num_data_valid  |   in|    7|     ap_fifo|   C_stream_14_12|       pointer|
|C_stream_14_12_fifo_cap        |   in|    7|     ap_fifo|   C_stream_14_12|       pointer|
|C_stream_14_12_empty_n         |   in|    1|     ap_fifo|   C_stream_14_12|       pointer|
|C_stream_14_12_read            |  out|    1|     ap_fifo|   C_stream_14_12|       pointer|
|C_stream_14_13_dout            |   in|   32|     ap_fifo|   C_stream_14_13|       pointer|
|C_stream_14_13_num_data_valid  |   in|    7|     ap_fifo|   C_stream_14_13|       pointer|
|C_stream_14_13_fifo_cap        |   in|    7|     ap_fifo|   C_stream_14_13|       pointer|
|C_stream_14_13_empty_n         |   in|    1|     ap_fifo|   C_stream_14_13|       pointer|
|C_stream_14_13_read            |  out|    1|     ap_fifo|   C_stream_14_13|       pointer|
|C_stream_14_14_dout            |   in|   32|     ap_fifo|   C_stream_14_14|       pointer|
|C_stream_14_14_num_data_valid  |   in|    7|     ap_fifo|   C_stream_14_14|       pointer|
|C_stream_14_14_fifo_cap        |   in|    7|     ap_fifo|   C_stream_14_14|       pointer|
|C_stream_14_14_empty_n         |   in|    1|     ap_fifo|   C_stream_14_14|       pointer|
|C_stream_14_14_read            |  out|    1|     ap_fifo|   C_stream_14_14|       pointer|
|C_stream_14_15_dout            |   in|   32|     ap_fifo|   C_stream_14_15|       pointer|
|C_stream_14_15_num_data_valid  |   in|    7|     ap_fifo|   C_stream_14_15|       pointer|
|C_stream_14_15_fifo_cap        |   in|    7|     ap_fifo|   C_stream_14_15|       pointer|
|C_stream_14_15_empty_n         |   in|    1|     ap_fifo|   C_stream_14_15|       pointer|
|C_stream_14_15_read            |  out|    1|     ap_fifo|   C_stream_14_15|       pointer|
|C_stream_13_0_dout             |   in|   32|     ap_fifo|    C_stream_13_0|       pointer|
|C_stream_13_0_num_data_valid   |   in|    7|     ap_fifo|    C_stream_13_0|       pointer|
|C_stream_13_0_fifo_cap         |   in|    7|     ap_fifo|    C_stream_13_0|       pointer|
|C_stream_13_0_empty_n          |   in|    1|     ap_fifo|    C_stream_13_0|       pointer|
|C_stream_13_0_read             |  out|    1|     ap_fifo|    C_stream_13_0|       pointer|
|C_stream_13_1_dout             |   in|   32|     ap_fifo|    C_stream_13_1|       pointer|
|C_stream_13_1_num_data_valid   |   in|    7|     ap_fifo|    C_stream_13_1|       pointer|
|C_stream_13_1_fifo_cap         |   in|    7|     ap_fifo|    C_stream_13_1|       pointer|
|C_stream_13_1_empty_n          |   in|    1|     ap_fifo|    C_stream_13_1|       pointer|
|C_stream_13_1_read             |  out|    1|     ap_fifo|    C_stream_13_1|       pointer|
|C_stream_13_2_dout             |   in|   32|     ap_fifo|    C_stream_13_2|       pointer|
|C_stream_13_2_num_data_valid   |   in|    7|     ap_fifo|    C_stream_13_2|       pointer|
|C_stream_13_2_fifo_cap         |   in|    7|     ap_fifo|    C_stream_13_2|       pointer|
|C_stream_13_2_empty_n          |   in|    1|     ap_fifo|    C_stream_13_2|       pointer|
|C_stream_13_2_read             |  out|    1|     ap_fifo|    C_stream_13_2|       pointer|
|C_stream_13_3_dout             |   in|   32|     ap_fifo|    C_stream_13_3|       pointer|
|C_stream_13_3_num_data_valid   |   in|    7|     ap_fifo|    C_stream_13_3|       pointer|
|C_stream_13_3_fifo_cap         |   in|    7|     ap_fifo|    C_stream_13_3|       pointer|
|C_stream_13_3_empty_n          |   in|    1|     ap_fifo|    C_stream_13_3|       pointer|
|C_stream_13_3_read             |  out|    1|     ap_fifo|    C_stream_13_3|       pointer|
|C_stream_13_4_dout             |   in|   32|     ap_fifo|    C_stream_13_4|       pointer|
|C_stream_13_4_num_data_valid   |   in|    7|     ap_fifo|    C_stream_13_4|       pointer|
|C_stream_13_4_fifo_cap         |   in|    7|     ap_fifo|    C_stream_13_4|       pointer|
|C_stream_13_4_empty_n          |   in|    1|     ap_fifo|    C_stream_13_4|       pointer|
|C_stream_13_4_read             |  out|    1|     ap_fifo|    C_stream_13_4|       pointer|
|C_stream_13_5_dout             |   in|   32|     ap_fifo|    C_stream_13_5|       pointer|
|C_stream_13_5_num_data_valid   |   in|    7|     ap_fifo|    C_stream_13_5|       pointer|
|C_stream_13_5_fifo_cap         |   in|    7|     ap_fifo|    C_stream_13_5|       pointer|
|C_stream_13_5_empty_n          |   in|    1|     ap_fifo|    C_stream_13_5|       pointer|
|C_stream_13_5_read             |  out|    1|     ap_fifo|    C_stream_13_5|       pointer|
|C_stream_13_6_dout             |   in|   32|     ap_fifo|    C_stream_13_6|       pointer|
|C_stream_13_6_num_data_valid   |   in|    7|     ap_fifo|    C_stream_13_6|       pointer|
|C_stream_13_6_fifo_cap         |   in|    7|     ap_fifo|    C_stream_13_6|       pointer|
|C_stream_13_6_empty_n          |   in|    1|     ap_fifo|    C_stream_13_6|       pointer|
|C_stream_13_6_read             |  out|    1|     ap_fifo|    C_stream_13_6|       pointer|
|C_stream_13_7_dout             |   in|   32|     ap_fifo|    C_stream_13_7|       pointer|
|C_stream_13_7_num_data_valid   |   in|    7|     ap_fifo|    C_stream_13_7|       pointer|
|C_stream_13_7_fifo_cap         |   in|    7|     ap_fifo|    C_stream_13_7|       pointer|
|C_stream_13_7_empty_n          |   in|    1|     ap_fifo|    C_stream_13_7|       pointer|
|C_stream_13_7_read             |  out|    1|     ap_fifo|    C_stream_13_7|       pointer|
|C_stream_13_8_dout             |   in|   32|     ap_fifo|    C_stream_13_8|       pointer|
|C_stream_13_8_num_data_valid   |   in|    7|     ap_fifo|    C_stream_13_8|       pointer|
|C_stream_13_8_fifo_cap         |   in|    7|     ap_fifo|    C_stream_13_8|       pointer|
|C_stream_13_8_empty_n          |   in|    1|     ap_fifo|    C_stream_13_8|       pointer|
|C_stream_13_8_read             |  out|    1|     ap_fifo|    C_stream_13_8|       pointer|
|C_stream_13_9_dout             |   in|   32|     ap_fifo|    C_stream_13_9|       pointer|
|C_stream_13_9_num_data_valid   |   in|    7|     ap_fifo|    C_stream_13_9|       pointer|
|C_stream_13_9_fifo_cap         |   in|    7|     ap_fifo|    C_stream_13_9|       pointer|
|C_stream_13_9_empty_n          |   in|    1|     ap_fifo|    C_stream_13_9|       pointer|
|C_stream_13_9_read             |  out|    1|     ap_fifo|    C_stream_13_9|       pointer|
|C_stream_13_10_dout            |   in|   32|     ap_fifo|   C_stream_13_10|       pointer|
|C_stream_13_10_num_data_valid  |   in|    7|     ap_fifo|   C_stream_13_10|       pointer|
|C_stream_13_10_fifo_cap        |   in|    7|     ap_fifo|   C_stream_13_10|       pointer|
|C_stream_13_10_empty_n         |   in|    1|     ap_fifo|   C_stream_13_10|       pointer|
|C_stream_13_10_read            |  out|    1|     ap_fifo|   C_stream_13_10|       pointer|
|C_stream_13_11_dout            |   in|   32|     ap_fifo|   C_stream_13_11|       pointer|
|C_stream_13_11_num_data_valid  |   in|    7|     ap_fifo|   C_stream_13_11|       pointer|
|C_stream_13_11_fifo_cap        |   in|    7|     ap_fifo|   C_stream_13_11|       pointer|
|C_stream_13_11_empty_n         |   in|    1|     ap_fifo|   C_stream_13_11|       pointer|
|C_stream_13_11_read            |  out|    1|     ap_fifo|   C_stream_13_11|       pointer|
|C_stream_13_12_dout            |   in|   32|     ap_fifo|   C_stream_13_12|       pointer|
|C_stream_13_12_num_data_valid  |   in|    7|     ap_fifo|   C_stream_13_12|       pointer|
|C_stream_13_12_fifo_cap        |   in|    7|     ap_fifo|   C_stream_13_12|       pointer|
|C_stream_13_12_empty_n         |   in|    1|     ap_fifo|   C_stream_13_12|       pointer|
|C_stream_13_12_read            |  out|    1|     ap_fifo|   C_stream_13_12|       pointer|
|C_stream_13_13_dout            |   in|   32|     ap_fifo|   C_stream_13_13|       pointer|
|C_stream_13_13_num_data_valid  |   in|    7|     ap_fifo|   C_stream_13_13|       pointer|
|C_stream_13_13_fifo_cap        |   in|    7|     ap_fifo|   C_stream_13_13|       pointer|
|C_stream_13_13_empty_n         |   in|    1|     ap_fifo|   C_stream_13_13|       pointer|
|C_stream_13_13_read            |  out|    1|     ap_fifo|   C_stream_13_13|       pointer|
|C_stream_13_14_dout            |   in|   32|     ap_fifo|   C_stream_13_14|       pointer|
|C_stream_13_14_num_data_valid  |   in|    7|     ap_fifo|   C_stream_13_14|       pointer|
|C_stream_13_14_fifo_cap        |   in|    7|     ap_fifo|   C_stream_13_14|       pointer|
|C_stream_13_14_empty_n         |   in|    1|     ap_fifo|   C_stream_13_14|       pointer|
|C_stream_13_14_read            |  out|    1|     ap_fifo|   C_stream_13_14|       pointer|
|C_stream_13_15_dout            |   in|   32|     ap_fifo|   C_stream_13_15|       pointer|
|C_stream_13_15_num_data_valid  |   in|    7|     ap_fifo|   C_stream_13_15|       pointer|
|C_stream_13_15_fifo_cap        |   in|    7|     ap_fifo|   C_stream_13_15|       pointer|
|C_stream_13_15_empty_n         |   in|    1|     ap_fifo|   C_stream_13_15|       pointer|
|C_stream_13_15_read            |  out|    1|     ap_fifo|   C_stream_13_15|       pointer|
|C_stream_12_0_dout             |   in|   32|     ap_fifo|    C_stream_12_0|       pointer|
|C_stream_12_0_num_data_valid   |   in|    7|     ap_fifo|    C_stream_12_0|       pointer|
|C_stream_12_0_fifo_cap         |   in|    7|     ap_fifo|    C_stream_12_0|       pointer|
|C_stream_12_0_empty_n          |   in|    1|     ap_fifo|    C_stream_12_0|       pointer|
|C_stream_12_0_read             |  out|    1|     ap_fifo|    C_stream_12_0|       pointer|
|C_stream_12_1_dout             |   in|   32|     ap_fifo|    C_stream_12_1|       pointer|
|C_stream_12_1_num_data_valid   |   in|    7|     ap_fifo|    C_stream_12_1|       pointer|
|C_stream_12_1_fifo_cap         |   in|    7|     ap_fifo|    C_stream_12_1|       pointer|
|C_stream_12_1_empty_n          |   in|    1|     ap_fifo|    C_stream_12_1|       pointer|
|C_stream_12_1_read             |  out|    1|     ap_fifo|    C_stream_12_1|       pointer|
|C_stream_12_2_dout             |   in|   32|     ap_fifo|    C_stream_12_2|       pointer|
|C_stream_12_2_num_data_valid   |   in|    7|     ap_fifo|    C_stream_12_2|       pointer|
|C_stream_12_2_fifo_cap         |   in|    7|     ap_fifo|    C_stream_12_2|       pointer|
|C_stream_12_2_empty_n          |   in|    1|     ap_fifo|    C_stream_12_2|       pointer|
|C_stream_12_2_read             |  out|    1|     ap_fifo|    C_stream_12_2|       pointer|
|C_stream_12_3_dout             |   in|   32|     ap_fifo|    C_stream_12_3|       pointer|
|C_stream_12_3_num_data_valid   |   in|    7|     ap_fifo|    C_stream_12_3|       pointer|
|C_stream_12_3_fifo_cap         |   in|    7|     ap_fifo|    C_stream_12_3|       pointer|
|C_stream_12_3_empty_n          |   in|    1|     ap_fifo|    C_stream_12_3|       pointer|
|C_stream_12_3_read             |  out|    1|     ap_fifo|    C_stream_12_3|       pointer|
|C_stream_12_4_dout             |   in|   32|     ap_fifo|    C_stream_12_4|       pointer|
|C_stream_12_4_num_data_valid   |   in|    7|     ap_fifo|    C_stream_12_4|       pointer|
|C_stream_12_4_fifo_cap         |   in|    7|     ap_fifo|    C_stream_12_4|       pointer|
|C_stream_12_4_empty_n          |   in|    1|     ap_fifo|    C_stream_12_4|       pointer|
|C_stream_12_4_read             |  out|    1|     ap_fifo|    C_stream_12_4|       pointer|
|C_stream_12_5_dout             |   in|   32|     ap_fifo|    C_stream_12_5|       pointer|
|C_stream_12_5_num_data_valid   |   in|    7|     ap_fifo|    C_stream_12_5|       pointer|
|C_stream_12_5_fifo_cap         |   in|    7|     ap_fifo|    C_stream_12_5|       pointer|
|C_stream_12_5_empty_n          |   in|    1|     ap_fifo|    C_stream_12_5|       pointer|
|C_stream_12_5_read             |  out|    1|     ap_fifo|    C_stream_12_5|       pointer|
|C_stream_12_6_dout             |   in|   32|     ap_fifo|    C_stream_12_6|       pointer|
|C_stream_12_6_num_data_valid   |   in|    7|     ap_fifo|    C_stream_12_6|       pointer|
|C_stream_12_6_fifo_cap         |   in|    7|     ap_fifo|    C_stream_12_6|       pointer|
|C_stream_12_6_empty_n          |   in|    1|     ap_fifo|    C_stream_12_6|       pointer|
|C_stream_12_6_read             |  out|    1|     ap_fifo|    C_stream_12_6|       pointer|
|C_stream_12_7_dout             |   in|   32|     ap_fifo|    C_stream_12_7|       pointer|
|C_stream_12_7_num_data_valid   |   in|    7|     ap_fifo|    C_stream_12_7|       pointer|
|C_stream_12_7_fifo_cap         |   in|    7|     ap_fifo|    C_stream_12_7|       pointer|
|C_stream_12_7_empty_n          |   in|    1|     ap_fifo|    C_stream_12_7|       pointer|
|C_stream_12_7_read             |  out|    1|     ap_fifo|    C_stream_12_7|       pointer|
|C_stream_12_8_dout             |   in|   32|     ap_fifo|    C_stream_12_8|       pointer|
|C_stream_12_8_num_data_valid   |   in|    7|     ap_fifo|    C_stream_12_8|       pointer|
|C_stream_12_8_fifo_cap         |   in|    7|     ap_fifo|    C_stream_12_8|       pointer|
|C_stream_12_8_empty_n          |   in|    1|     ap_fifo|    C_stream_12_8|       pointer|
|C_stream_12_8_read             |  out|    1|     ap_fifo|    C_stream_12_8|       pointer|
|C_stream_12_9_dout             |   in|   32|     ap_fifo|    C_stream_12_9|       pointer|
|C_stream_12_9_num_data_valid   |   in|    7|     ap_fifo|    C_stream_12_9|       pointer|
|C_stream_12_9_fifo_cap         |   in|    7|     ap_fifo|    C_stream_12_9|       pointer|
|C_stream_12_9_empty_n          |   in|    1|     ap_fifo|    C_stream_12_9|       pointer|
|C_stream_12_9_read             |  out|    1|     ap_fifo|    C_stream_12_9|       pointer|
|C_stream_12_10_dout            |   in|   32|     ap_fifo|   C_stream_12_10|       pointer|
|C_stream_12_10_num_data_valid  |   in|    7|     ap_fifo|   C_stream_12_10|       pointer|
|C_stream_12_10_fifo_cap        |   in|    7|     ap_fifo|   C_stream_12_10|       pointer|
|C_stream_12_10_empty_n         |   in|    1|     ap_fifo|   C_stream_12_10|       pointer|
|C_stream_12_10_read            |  out|    1|     ap_fifo|   C_stream_12_10|       pointer|
|C_stream_12_11_dout            |   in|   32|     ap_fifo|   C_stream_12_11|       pointer|
|C_stream_12_11_num_data_valid  |   in|    7|     ap_fifo|   C_stream_12_11|       pointer|
|C_stream_12_11_fifo_cap        |   in|    7|     ap_fifo|   C_stream_12_11|       pointer|
|C_stream_12_11_empty_n         |   in|    1|     ap_fifo|   C_stream_12_11|       pointer|
|C_stream_12_11_read            |  out|    1|     ap_fifo|   C_stream_12_11|       pointer|
|C_stream_12_12_dout            |   in|   32|     ap_fifo|   C_stream_12_12|       pointer|
|C_stream_12_12_num_data_valid  |   in|    7|     ap_fifo|   C_stream_12_12|       pointer|
|C_stream_12_12_fifo_cap        |   in|    7|     ap_fifo|   C_stream_12_12|       pointer|
|C_stream_12_12_empty_n         |   in|    1|     ap_fifo|   C_stream_12_12|       pointer|
|C_stream_12_12_read            |  out|    1|     ap_fifo|   C_stream_12_12|       pointer|
|C_stream_12_13_dout            |   in|   32|     ap_fifo|   C_stream_12_13|       pointer|
|C_stream_12_13_num_data_valid  |   in|    7|     ap_fifo|   C_stream_12_13|       pointer|
|C_stream_12_13_fifo_cap        |   in|    7|     ap_fifo|   C_stream_12_13|       pointer|
|C_stream_12_13_empty_n         |   in|    1|     ap_fifo|   C_stream_12_13|       pointer|
|C_stream_12_13_read            |  out|    1|     ap_fifo|   C_stream_12_13|       pointer|
|C_stream_12_14_dout            |   in|   32|     ap_fifo|   C_stream_12_14|       pointer|
|C_stream_12_14_num_data_valid  |   in|    7|     ap_fifo|   C_stream_12_14|       pointer|
|C_stream_12_14_fifo_cap        |   in|    7|     ap_fifo|   C_stream_12_14|       pointer|
|C_stream_12_14_empty_n         |   in|    1|     ap_fifo|   C_stream_12_14|       pointer|
|C_stream_12_14_read            |  out|    1|     ap_fifo|   C_stream_12_14|       pointer|
|C_stream_12_15_dout            |   in|   32|     ap_fifo|   C_stream_12_15|       pointer|
|C_stream_12_15_num_data_valid  |   in|    7|     ap_fifo|   C_stream_12_15|       pointer|
|C_stream_12_15_fifo_cap        |   in|    7|     ap_fifo|   C_stream_12_15|       pointer|
|C_stream_12_15_empty_n         |   in|    1|     ap_fifo|   C_stream_12_15|       pointer|
|C_stream_12_15_read            |  out|    1|     ap_fifo|   C_stream_12_15|       pointer|
|C_stream_11_0_dout             |   in|   32|     ap_fifo|    C_stream_11_0|       pointer|
|C_stream_11_0_num_data_valid   |   in|    7|     ap_fifo|    C_stream_11_0|       pointer|
|C_stream_11_0_fifo_cap         |   in|    7|     ap_fifo|    C_stream_11_0|       pointer|
|C_stream_11_0_empty_n          |   in|    1|     ap_fifo|    C_stream_11_0|       pointer|
|C_stream_11_0_read             |  out|    1|     ap_fifo|    C_stream_11_0|       pointer|
|C_stream_11_1_dout             |   in|   32|     ap_fifo|    C_stream_11_1|       pointer|
|C_stream_11_1_num_data_valid   |   in|    7|     ap_fifo|    C_stream_11_1|       pointer|
|C_stream_11_1_fifo_cap         |   in|    7|     ap_fifo|    C_stream_11_1|       pointer|
|C_stream_11_1_empty_n          |   in|    1|     ap_fifo|    C_stream_11_1|       pointer|
|C_stream_11_1_read             |  out|    1|     ap_fifo|    C_stream_11_1|       pointer|
|C_stream_11_2_dout             |   in|   32|     ap_fifo|    C_stream_11_2|       pointer|
|C_stream_11_2_num_data_valid   |   in|    7|     ap_fifo|    C_stream_11_2|       pointer|
|C_stream_11_2_fifo_cap         |   in|    7|     ap_fifo|    C_stream_11_2|       pointer|
|C_stream_11_2_empty_n          |   in|    1|     ap_fifo|    C_stream_11_2|       pointer|
|C_stream_11_2_read             |  out|    1|     ap_fifo|    C_stream_11_2|       pointer|
|C_stream_11_3_dout             |   in|   32|     ap_fifo|    C_stream_11_3|       pointer|
|C_stream_11_3_num_data_valid   |   in|    7|     ap_fifo|    C_stream_11_3|       pointer|
|C_stream_11_3_fifo_cap         |   in|    7|     ap_fifo|    C_stream_11_3|       pointer|
|C_stream_11_3_empty_n          |   in|    1|     ap_fifo|    C_stream_11_3|       pointer|
|C_stream_11_3_read             |  out|    1|     ap_fifo|    C_stream_11_3|       pointer|
|C_stream_11_4_dout             |   in|   32|     ap_fifo|    C_stream_11_4|       pointer|
|C_stream_11_4_num_data_valid   |   in|    7|     ap_fifo|    C_stream_11_4|       pointer|
|C_stream_11_4_fifo_cap         |   in|    7|     ap_fifo|    C_stream_11_4|       pointer|
|C_stream_11_4_empty_n          |   in|    1|     ap_fifo|    C_stream_11_4|       pointer|
|C_stream_11_4_read             |  out|    1|     ap_fifo|    C_stream_11_4|       pointer|
|C_stream_11_5_dout             |   in|   32|     ap_fifo|    C_stream_11_5|       pointer|
|C_stream_11_5_num_data_valid   |   in|    7|     ap_fifo|    C_stream_11_5|       pointer|
|C_stream_11_5_fifo_cap         |   in|    7|     ap_fifo|    C_stream_11_5|       pointer|
|C_stream_11_5_empty_n          |   in|    1|     ap_fifo|    C_stream_11_5|       pointer|
|C_stream_11_5_read             |  out|    1|     ap_fifo|    C_stream_11_5|       pointer|
|C_stream_11_6_dout             |   in|   32|     ap_fifo|    C_stream_11_6|       pointer|
|C_stream_11_6_num_data_valid   |   in|    7|     ap_fifo|    C_stream_11_6|       pointer|
|C_stream_11_6_fifo_cap         |   in|    7|     ap_fifo|    C_stream_11_6|       pointer|
|C_stream_11_6_empty_n          |   in|    1|     ap_fifo|    C_stream_11_6|       pointer|
|C_stream_11_6_read             |  out|    1|     ap_fifo|    C_stream_11_6|       pointer|
|C_stream_11_7_dout             |   in|   32|     ap_fifo|    C_stream_11_7|       pointer|
|C_stream_11_7_num_data_valid   |   in|    7|     ap_fifo|    C_stream_11_7|       pointer|
|C_stream_11_7_fifo_cap         |   in|    7|     ap_fifo|    C_stream_11_7|       pointer|
|C_stream_11_7_empty_n          |   in|    1|     ap_fifo|    C_stream_11_7|       pointer|
|C_stream_11_7_read             |  out|    1|     ap_fifo|    C_stream_11_7|       pointer|
|C_stream_11_8_dout             |   in|   32|     ap_fifo|    C_stream_11_8|       pointer|
|C_stream_11_8_num_data_valid   |   in|    7|     ap_fifo|    C_stream_11_8|       pointer|
|C_stream_11_8_fifo_cap         |   in|    7|     ap_fifo|    C_stream_11_8|       pointer|
|C_stream_11_8_empty_n          |   in|    1|     ap_fifo|    C_stream_11_8|       pointer|
|C_stream_11_8_read             |  out|    1|     ap_fifo|    C_stream_11_8|       pointer|
|C_stream_11_9_dout             |   in|   32|     ap_fifo|    C_stream_11_9|       pointer|
|C_stream_11_9_num_data_valid   |   in|    7|     ap_fifo|    C_stream_11_9|       pointer|
|C_stream_11_9_fifo_cap         |   in|    7|     ap_fifo|    C_stream_11_9|       pointer|
|C_stream_11_9_empty_n          |   in|    1|     ap_fifo|    C_stream_11_9|       pointer|
|C_stream_11_9_read             |  out|    1|     ap_fifo|    C_stream_11_9|       pointer|
|C_stream_11_10_dout            |   in|   32|     ap_fifo|   C_stream_11_10|       pointer|
|C_stream_11_10_num_data_valid  |   in|    7|     ap_fifo|   C_stream_11_10|       pointer|
|C_stream_11_10_fifo_cap        |   in|    7|     ap_fifo|   C_stream_11_10|       pointer|
|C_stream_11_10_empty_n         |   in|    1|     ap_fifo|   C_stream_11_10|       pointer|
|C_stream_11_10_read            |  out|    1|     ap_fifo|   C_stream_11_10|       pointer|
|C_stream_11_11_dout            |   in|   32|     ap_fifo|   C_stream_11_11|       pointer|
|C_stream_11_11_num_data_valid  |   in|    7|     ap_fifo|   C_stream_11_11|       pointer|
|C_stream_11_11_fifo_cap        |   in|    7|     ap_fifo|   C_stream_11_11|       pointer|
|C_stream_11_11_empty_n         |   in|    1|     ap_fifo|   C_stream_11_11|       pointer|
|C_stream_11_11_read            |  out|    1|     ap_fifo|   C_stream_11_11|       pointer|
|C_stream_11_12_dout            |   in|   32|     ap_fifo|   C_stream_11_12|       pointer|
|C_stream_11_12_num_data_valid  |   in|    7|     ap_fifo|   C_stream_11_12|       pointer|
|C_stream_11_12_fifo_cap        |   in|    7|     ap_fifo|   C_stream_11_12|       pointer|
|C_stream_11_12_empty_n         |   in|    1|     ap_fifo|   C_stream_11_12|       pointer|
|C_stream_11_12_read            |  out|    1|     ap_fifo|   C_stream_11_12|       pointer|
|C_stream_11_13_dout            |   in|   32|     ap_fifo|   C_stream_11_13|       pointer|
|C_stream_11_13_num_data_valid  |   in|    7|     ap_fifo|   C_stream_11_13|       pointer|
|C_stream_11_13_fifo_cap        |   in|    7|     ap_fifo|   C_stream_11_13|       pointer|
|C_stream_11_13_empty_n         |   in|    1|     ap_fifo|   C_stream_11_13|       pointer|
|C_stream_11_13_read            |  out|    1|     ap_fifo|   C_stream_11_13|       pointer|
|C_stream_11_14_dout            |   in|   32|     ap_fifo|   C_stream_11_14|       pointer|
|C_stream_11_14_num_data_valid  |   in|    7|     ap_fifo|   C_stream_11_14|       pointer|
|C_stream_11_14_fifo_cap        |   in|    7|     ap_fifo|   C_stream_11_14|       pointer|
|C_stream_11_14_empty_n         |   in|    1|     ap_fifo|   C_stream_11_14|       pointer|
|C_stream_11_14_read            |  out|    1|     ap_fifo|   C_stream_11_14|       pointer|
|C_stream_11_15_dout            |   in|   32|     ap_fifo|   C_stream_11_15|       pointer|
|C_stream_11_15_num_data_valid  |   in|    7|     ap_fifo|   C_stream_11_15|       pointer|
|C_stream_11_15_fifo_cap        |   in|    7|     ap_fifo|   C_stream_11_15|       pointer|
|C_stream_11_15_empty_n         |   in|    1|     ap_fifo|   C_stream_11_15|       pointer|
|C_stream_11_15_read            |  out|    1|     ap_fifo|   C_stream_11_15|       pointer|
|C_stream_10_0_dout             |   in|   32|     ap_fifo|    C_stream_10_0|       pointer|
|C_stream_10_0_num_data_valid   |   in|    7|     ap_fifo|    C_stream_10_0|       pointer|
|C_stream_10_0_fifo_cap         |   in|    7|     ap_fifo|    C_stream_10_0|       pointer|
|C_stream_10_0_empty_n          |   in|    1|     ap_fifo|    C_stream_10_0|       pointer|
|C_stream_10_0_read             |  out|    1|     ap_fifo|    C_stream_10_0|       pointer|
|C_stream_10_1_dout             |   in|   32|     ap_fifo|    C_stream_10_1|       pointer|
|C_stream_10_1_num_data_valid   |   in|    7|     ap_fifo|    C_stream_10_1|       pointer|
|C_stream_10_1_fifo_cap         |   in|    7|     ap_fifo|    C_stream_10_1|       pointer|
|C_stream_10_1_empty_n          |   in|    1|     ap_fifo|    C_stream_10_1|       pointer|
|C_stream_10_1_read             |  out|    1|     ap_fifo|    C_stream_10_1|       pointer|
|C_stream_10_2_dout             |   in|   32|     ap_fifo|    C_stream_10_2|       pointer|
|C_stream_10_2_num_data_valid   |   in|    7|     ap_fifo|    C_stream_10_2|       pointer|
|C_stream_10_2_fifo_cap         |   in|    7|     ap_fifo|    C_stream_10_2|       pointer|
|C_stream_10_2_empty_n          |   in|    1|     ap_fifo|    C_stream_10_2|       pointer|
|C_stream_10_2_read             |  out|    1|     ap_fifo|    C_stream_10_2|       pointer|
|C_stream_10_3_dout             |   in|   32|     ap_fifo|    C_stream_10_3|       pointer|
|C_stream_10_3_num_data_valid   |   in|    7|     ap_fifo|    C_stream_10_3|       pointer|
|C_stream_10_3_fifo_cap         |   in|    7|     ap_fifo|    C_stream_10_3|       pointer|
|C_stream_10_3_empty_n          |   in|    1|     ap_fifo|    C_stream_10_3|       pointer|
|C_stream_10_3_read             |  out|    1|     ap_fifo|    C_stream_10_3|       pointer|
|C_stream_10_4_dout             |   in|   32|     ap_fifo|    C_stream_10_4|       pointer|
|C_stream_10_4_num_data_valid   |   in|    7|     ap_fifo|    C_stream_10_4|       pointer|
|C_stream_10_4_fifo_cap         |   in|    7|     ap_fifo|    C_stream_10_4|       pointer|
|C_stream_10_4_empty_n          |   in|    1|     ap_fifo|    C_stream_10_4|       pointer|
|C_stream_10_4_read             |  out|    1|     ap_fifo|    C_stream_10_4|       pointer|
|C_stream_10_5_dout             |   in|   32|     ap_fifo|    C_stream_10_5|       pointer|
|C_stream_10_5_num_data_valid   |   in|    7|     ap_fifo|    C_stream_10_5|       pointer|
|C_stream_10_5_fifo_cap         |   in|    7|     ap_fifo|    C_stream_10_5|       pointer|
|C_stream_10_5_empty_n          |   in|    1|     ap_fifo|    C_stream_10_5|       pointer|
|C_stream_10_5_read             |  out|    1|     ap_fifo|    C_stream_10_5|       pointer|
|C_stream_10_6_dout             |   in|   32|     ap_fifo|    C_stream_10_6|       pointer|
|C_stream_10_6_num_data_valid   |   in|    7|     ap_fifo|    C_stream_10_6|       pointer|
|C_stream_10_6_fifo_cap         |   in|    7|     ap_fifo|    C_stream_10_6|       pointer|
|C_stream_10_6_empty_n          |   in|    1|     ap_fifo|    C_stream_10_6|       pointer|
|C_stream_10_6_read             |  out|    1|     ap_fifo|    C_stream_10_6|       pointer|
|C_stream_10_7_dout             |   in|   32|     ap_fifo|    C_stream_10_7|       pointer|
|C_stream_10_7_num_data_valid   |   in|    7|     ap_fifo|    C_stream_10_7|       pointer|
|C_stream_10_7_fifo_cap         |   in|    7|     ap_fifo|    C_stream_10_7|       pointer|
|C_stream_10_7_empty_n          |   in|    1|     ap_fifo|    C_stream_10_7|       pointer|
|C_stream_10_7_read             |  out|    1|     ap_fifo|    C_stream_10_7|       pointer|
|C_stream_10_8_dout             |   in|   32|     ap_fifo|    C_stream_10_8|       pointer|
|C_stream_10_8_num_data_valid   |   in|    7|     ap_fifo|    C_stream_10_8|       pointer|
|C_stream_10_8_fifo_cap         |   in|    7|     ap_fifo|    C_stream_10_8|       pointer|
|C_stream_10_8_empty_n          |   in|    1|     ap_fifo|    C_stream_10_8|       pointer|
|C_stream_10_8_read             |  out|    1|     ap_fifo|    C_stream_10_8|       pointer|
|C_stream_10_9_dout             |   in|   32|     ap_fifo|    C_stream_10_9|       pointer|
|C_stream_10_9_num_data_valid   |   in|    7|     ap_fifo|    C_stream_10_9|       pointer|
|C_stream_10_9_fifo_cap         |   in|    7|     ap_fifo|    C_stream_10_9|       pointer|
|C_stream_10_9_empty_n          |   in|    1|     ap_fifo|    C_stream_10_9|       pointer|
|C_stream_10_9_read             |  out|    1|     ap_fifo|    C_stream_10_9|       pointer|
|C_stream_10_10_dout            |   in|   32|     ap_fifo|   C_stream_10_10|       pointer|
|C_stream_10_10_num_data_valid  |   in|    7|     ap_fifo|   C_stream_10_10|       pointer|
|C_stream_10_10_fifo_cap        |   in|    7|     ap_fifo|   C_stream_10_10|       pointer|
|C_stream_10_10_empty_n         |   in|    1|     ap_fifo|   C_stream_10_10|       pointer|
|C_stream_10_10_read            |  out|    1|     ap_fifo|   C_stream_10_10|       pointer|
|C_stream_10_11_dout            |   in|   32|     ap_fifo|   C_stream_10_11|       pointer|
|C_stream_10_11_num_data_valid  |   in|    7|     ap_fifo|   C_stream_10_11|       pointer|
|C_stream_10_11_fifo_cap        |   in|    7|     ap_fifo|   C_stream_10_11|       pointer|
|C_stream_10_11_empty_n         |   in|    1|     ap_fifo|   C_stream_10_11|       pointer|
|C_stream_10_11_read            |  out|    1|     ap_fifo|   C_stream_10_11|       pointer|
|C_stream_10_12_dout            |   in|   32|     ap_fifo|   C_stream_10_12|       pointer|
|C_stream_10_12_num_data_valid  |   in|    7|     ap_fifo|   C_stream_10_12|       pointer|
|C_stream_10_12_fifo_cap        |   in|    7|     ap_fifo|   C_stream_10_12|       pointer|
|C_stream_10_12_empty_n         |   in|    1|     ap_fifo|   C_stream_10_12|       pointer|
|C_stream_10_12_read            |  out|    1|     ap_fifo|   C_stream_10_12|       pointer|
|C_stream_10_13_dout            |   in|   32|     ap_fifo|   C_stream_10_13|       pointer|
|C_stream_10_13_num_data_valid  |   in|    7|     ap_fifo|   C_stream_10_13|       pointer|
|C_stream_10_13_fifo_cap        |   in|    7|     ap_fifo|   C_stream_10_13|       pointer|
|C_stream_10_13_empty_n         |   in|    1|     ap_fifo|   C_stream_10_13|       pointer|
|C_stream_10_13_read            |  out|    1|     ap_fifo|   C_stream_10_13|       pointer|
|C_stream_10_14_dout            |   in|   32|     ap_fifo|   C_stream_10_14|       pointer|
|C_stream_10_14_num_data_valid  |   in|    7|     ap_fifo|   C_stream_10_14|       pointer|
|C_stream_10_14_fifo_cap        |   in|    7|     ap_fifo|   C_stream_10_14|       pointer|
|C_stream_10_14_empty_n         |   in|    1|     ap_fifo|   C_stream_10_14|       pointer|
|C_stream_10_14_read            |  out|    1|     ap_fifo|   C_stream_10_14|       pointer|
|C_stream_10_15_dout            |   in|   32|     ap_fifo|   C_stream_10_15|       pointer|
|C_stream_10_15_num_data_valid  |   in|    7|     ap_fifo|   C_stream_10_15|       pointer|
|C_stream_10_15_fifo_cap        |   in|    7|     ap_fifo|   C_stream_10_15|       pointer|
|C_stream_10_15_empty_n         |   in|    1|     ap_fifo|   C_stream_10_15|       pointer|
|C_stream_10_15_read            |  out|    1|     ap_fifo|   C_stream_10_15|       pointer|
|C_stream_9_0_dout              |   in|   32|     ap_fifo|     C_stream_9_0|       pointer|
|C_stream_9_0_num_data_valid    |   in|    7|     ap_fifo|     C_stream_9_0|       pointer|
|C_stream_9_0_fifo_cap          |   in|    7|     ap_fifo|     C_stream_9_0|       pointer|
|C_stream_9_0_empty_n           |   in|    1|     ap_fifo|     C_stream_9_0|       pointer|
|C_stream_9_0_read              |  out|    1|     ap_fifo|     C_stream_9_0|       pointer|
|C_stream_9_1_dout              |   in|   32|     ap_fifo|     C_stream_9_1|       pointer|
|C_stream_9_1_num_data_valid    |   in|    7|     ap_fifo|     C_stream_9_1|       pointer|
|C_stream_9_1_fifo_cap          |   in|    7|     ap_fifo|     C_stream_9_1|       pointer|
|C_stream_9_1_empty_n           |   in|    1|     ap_fifo|     C_stream_9_1|       pointer|
|C_stream_9_1_read              |  out|    1|     ap_fifo|     C_stream_9_1|       pointer|
|C_stream_9_2_dout              |   in|   32|     ap_fifo|     C_stream_9_2|       pointer|
|C_stream_9_2_num_data_valid    |   in|    7|     ap_fifo|     C_stream_9_2|       pointer|
|C_stream_9_2_fifo_cap          |   in|    7|     ap_fifo|     C_stream_9_2|       pointer|
|C_stream_9_2_empty_n           |   in|    1|     ap_fifo|     C_stream_9_2|       pointer|
|C_stream_9_2_read              |  out|    1|     ap_fifo|     C_stream_9_2|       pointer|
|C_stream_9_3_dout              |   in|   32|     ap_fifo|     C_stream_9_3|       pointer|
|C_stream_9_3_num_data_valid    |   in|    7|     ap_fifo|     C_stream_9_3|       pointer|
|C_stream_9_3_fifo_cap          |   in|    7|     ap_fifo|     C_stream_9_3|       pointer|
|C_stream_9_3_empty_n           |   in|    1|     ap_fifo|     C_stream_9_3|       pointer|
|C_stream_9_3_read              |  out|    1|     ap_fifo|     C_stream_9_3|       pointer|
|C_stream_9_4_dout              |   in|   32|     ap_fifo|     C_stream_9_4|       pointer|
|C_stream_9_4_num_data_valid    |   in|    7|     ap_fifo|     C_stream_9_4|       pointer|
|C_stream_9_4_fifo_cap          |   in|    7|     ap_fifo|     C_stream_9_4|       pointer|
|C_stream_9_4_empty_n           |   in|    1|     ap_fifo|     C_stream_9_4|       pointer|
|C_stream_9_4_read              |  out|    1|     ap_fifo|     C_stream_9_4|       pointer|
|C_stream_9_5_dout              |   in|   32|     ap_fifo|     C_stream_9_5|       pointer|
|C_stream_9_5_num_data_valid    |   in|    7|     ap_fifo|     C_stream_9_5|       pointer|
|C_stream_9_5_fifo_cap          |   in|    7|     ap_fifo|     C_stream_9_5|       pointer|
|C_stream_9_5_empty_n           |   in|    1|     ap_fifo|     C_stream_9_5|       pointer|
|C_stream_9_5_read              |  out|    1|     ap_fifo|     C_stream_9_5|       pointer|
|C_stream_9_6_dout              |   in|   32|     ap_fifo|     C_stream_9_6|       pointer|
|C_stream_9_6_num_data_valid    |   in|    7|     ap_fifo|     C_stream_9_6|       pointer|
|C_stream_9_6_fifo_cap          |   in|    7|     ap_fifo|     C_stream_9_6|       pointer|
|C_stream_9_6_empty_n           |   in|    1|     ap_fifo|     C_stream_9_6|       pointer|
|C_stream_9_6_read              |  out|    1|     ap_fifo|     C_stream_9_6|       pointer|
|C_stream_9_7_dout              |   in|   32|     ap_fifo|     C_stream_9_7|       pointer|
|C_stream_9_7_num_data_valid    |   in|    7|     ap_fifo|     C_stream_9_7|       pointer|
|C_stream_9_7_fifo_cap          |   in|    7|     ap_fifo|     C_stream_9_7|       pointer|
|C_stream_9_7_empty_n           |   in|    1|     ap_fifo|     C_stream_9_7|       pointer|
|C_stream_9_7_read              |  out|    1|     ap_fifo|     C_stream_9_7|       pointer|
|C_stream_9_8_dout              |   in|   32|     ap_fifo|     C_stream_9_8|       pointer|
|C_stream_9_8_num_data_valid    |   in|    7|     ap_fifo|     C_stream_9_8|       pointer|
|C_stream_9_8_fifo_cap          |   in|    7|     ap_fifo|     C_stream_9_8|       pointer|
|C_stream_9_8_empty_n           |   in|    1|     ap_fifo|     C_stream_9_8|       pointer|
|C_stream_9_8_read              |  out|    1|     ap_fifo|     C_stream_9_8|       pointer|
|C_stream_9_9_dout              |   in|   32|     ap_fifo|     C_stream_9_9|       pointer|
|C_stream_9_9_num_data_valid    |   in|    7|     ap_fifo|     C_stream_9_9|       pointer|
|C_stream_9_9_fifo_cap          |   in|    7|     ap_fifo|     C_stream_9_9|       pointer|
|C_stream_9_9_empty_n           |   in|    1|     ap_fifo|     C_stream_9_9|       pointer|
|C_stream_9_9_read              |  out|    1|     ap_fifo|     C_stream_9_9|       pointer|
|C_stream_9_10_dout             |   in|   32|     ap_fifo|    C_stream_9_10|       pointer|
|C_stream_9_10_num_data_valid   |   in|    7|     ap_fifo|    C_stream_9_10|       pointer|
|C_stream_9_10_fifo_cap         |   in|    7|     ap_fifo|    C_stream_9_10|       pointer|
|C_stream_9_10_empty_n          |   in|    1|     ap_fifo|    C_stream_9_10|       pointer|
|C_stream_9_10_read             |  out|    1|     ap_fifo|    C_stream_9_10|       pointer|
|C_stream_9_11_dout             |   in|   32|     ap_fifo|    C_stream_9_11|       pointer|
|C_stream_9_11_num_data_valid   |   in|    7|     ap_fifo|    C_stream_9_11|       pointer|
|C_stream_9_11_fifo_cap         |   in|    7|     ap_fifo|    C_stream_9_11|       pointer|
|C_stream_9_11_empty_n          |   in|    1|     ap_fifo|    C_stream_9_11|       pointer|
|C_stream_9_11_read             |  out|    1|     ap_fifo|    C_stream_9_11|       pointer|
|C_stream_9_12_dout             |   in|   32|     ap_fifo|    C_stream_9_12|       pointer|
|C_stream_9_12_num_data_valid   |   in|    7|     ap_fifo|    C_stream_9_12|       pointer|
|C_stream_9_12_fifo_cap         |   in|    7|     ap_fifo|    C_stream_9_12|       pointer|
|C_stream_9_12_empty_n          |   in|    1|     ap_fifo|    C_stream_9_12|       pointer|
|C_stream_9_12_read             |  out|    1|     ap_fifo|    C_stream_9_12|       pointer|
|C_stream_9_13_dout             |   in|   32|     ap_fifo|    C_stream_9_13|       pointer|
|C_stream_9_13_num_data_valid   |   in|    7|     ap_fifo|    C_stream_9_13|       pointer|
|C_stream_9_13_fifo_cap         |   in|    7|     ap_fifo|    C_stream_9_13|       pointer|
|C_stream_9_13_empty_n          |   in|    1|     ap_fifo|    C_stream_9_13|       pointer|
|C_stream_9_13_read             |  out|    1|     ap_fifo|    C_stream_9_13|       pointer|
|C_stream_9_14_dout             |   in|   32|     ap_fifo|    C_stream_9_14|       pointer|
|C_stream_9_14_num_data_valid   |   in|    7|     ap_fifo|    C_stream_9_14|       pointer|
|C_stream_9_14_fifo_cap         |   in|    7|     ap_fifo|    C_stream_9_14|       pointer|
|C_stream_9_14_empty_n          |   in|    1|     ap_fifo|    C_stream_9_14|       pointer|
|C_stream_9_14_read             |  out|    1|     ap_fifo|    C_stream_9_14|       pointer|
|C_stream_9_15_dout             |   in|   32|     ap_fifo|    C_stream_9_15|       pointer|
|C_stream_9_15_num_data_valid   |   in|    7|     ap_fifo|    C_stream_9_15|       pointer|
|C_stream_9_15_fifo_cap         |   in|    7|     ap_fifo|    C_stream_9_15|       pointer|
|C_stream_9_15_empty_n          |   in|    1|     ap_fifo|    C_stream_9_15|       pointer|
|C_stream_9_15_read             |  out|    1|     ap_fifo|    C_stream_9_15|       pointer|
|C_stream_8_0_dout              |   in|   32|     ap_fifo|     C_stream_8_0|       pointer|
|C_stream_8_0_num_data_valid    |   in|    7|     ap_fifo|     C_stream_8_0|       pointer|
|C_stream_8_0_fifo_cap          |   in|    7|     ap_fifo|     C_stream_8_0|       pointer|
|C_stream_8_0_empty_n           |   in|    1|     ap_fifo|     C_stream_8_0|       pointer|
|C_stream_8_0_read              |  out|    1|     ap_fifo|     C_stream_8_0|       pointer|
|C_stream_8_1_dout              |   in|   32|     ap_fifo|     C_stream_8_1|       pointer|
|C_stream_8_1_num_data_valid    |   in|    7|     ap_fifo|     C_stream_8_1|       pointer|
|C_stream_8_1_fifo_cap          |   in|    7|     ap_fifo|     C_stream_8_1|       pointer|
|C_stream_8_1_empty_n           |   in|    1|     ap_fifo|     C_stream_8_1|       pointer|
|C_stream_8_1_read              |  out|    1|     ap_fifo|     C_stream_8_1|       pointer|
|C_stream_8_2_dout              |   in|   32|     ap_fifo|     C_stream_8_2|       pointer|
|C_stream_8_2_num_data_valid    |   in|    7|     ap_fifo|     C_stream_8_2|       pointer|
|C_stream_8_2_fifo_cap          |   in|    7|     ap_fifo|     C_stream_8_2|       pointer|
|C_stream_8_2_empty_n           |   in|    1|     ap_fifo|     C_stream_8_2|       pointer|
|C_stream_8_2_read              |  out|    1|     ap_fifo|     C_stream_8_2|       pointer|
|C_stream_8_3_dout              |   in|   32|     ap_fifo|     C_stream_8_3|       pointer|
|C_stream_8_3_num_data_valid    |   in|    7|     ap_fifo|     C_stream_8_3|       pointer|
|C_stream_8_3_fifo_cap          |   in|    7|     ap_fifo|     C_stream_8_3|       pointer|
|C_stream_8_3_empty_n           |   in|    1|     ap_fifo|     C_stream_8_3|       pointer|
|C_stream_8_3_read              |  out|    1|     ap_fifo|     C_stream_8_3|       pointer|
|C_stream_8_4_dout              |   in|   32|     ap_fifo|     C_stream_8_4|       pointer|
|C_stream_8_4_num_data_valid    |   in|    7|     ap_fifo|     C_stream_8_4|       pointer|
|C_stream_8_4_fifo_cap          |   in|    7|     ap_fifo|     C_stream_8_4|       pointer|
|C_stream_8_4_empty_n           |   in|    1|     ap_fifo|     C_stream_8_4|       pointer|
|C_stream_8_4_read              |  out|    1|     ap_fifo|     C_stream_8_4|       pointer|
|C_stream_8_5_dout              |   in|   32|     ap_fifo|     C_stream_8_5|       pointer|
|C_stream_8_5_num_data_valid    |   in|    7|     ap_fifo|     C_stream_8_5|       pointer|
|C_stream_8_5_fifo_cap          |   in|    7|     ap_fifo|     C_stream_8_5|       pointer|
|C_stream_8_5_empty_n           |   in|    1|     ap_fifo|     C_stream_8_5|       pointer|
|C_stream_8_5_read              |  out|    1|     ap_fifo|     C_stream_8_5|       pointer|
|C_stream_8_6_dout              |   in|   32|     ap_fifo|     C_stream_8_6|       pointer|
|C_stream_8_6_num_data_valid    |   in|    7|     ap_fifo|     C_stream_8_6|       pointer|
|C_stream_8_6_fifo_cap          |   in|    7|     ap_fifo|     C_stream_8_6|       pointer|
|C_stream_8_6_empty_n           |   in|    1|     ap_fifo|     C_stream_8_6|       pointer|
|C_stream_8_6_read              |  out|    1|     ap_fifo|     C_stream_8_6|       pointer|
|C_stream_8_7_dout              |   in|   32|     ap_fifo|     C_stream_8_7|       pointer|
|C_stream_8_7_num_data_valid    |   in|    7|     ap_fifo|     C_stream_8_7|       pointer|
|C_stream_8_7_fifo_cap          |   in|    7|     ap_fifo|     C_stream_8_7|       pointer|
|C_stream_8_7_empty_n           |   in|    1|     ap_fifo|     C_stream_8_7|       pointer|
|C_stream_8_7_read              |  out|    1|     ap_fifo|     C_stream_8_7|       pointer|
|C_stream_8_8_dout              |   in|   32|     ap_fifo|     C_stream_8_8|       pointer|
|C_stream_8_8_num_data_valid    |   in|    7|     ap_fifo|     C_stream_8_8|       pointer|
|C_stream_8_8_fifo_cap          |   in|    7|     ap_fifo|     C_stream_8_8|       pointer|
|C_stream_8_8_empty_n           |   in|    1|     ap_fifo|     C_stream_8_8|       pointer|
|C_stream_8_8_read              |  out|    1|     ap_fifo|     C_stream_8_8|       pointer|
|C_stream_8_9_dout              |   in|   32|     ap_fifo|     C_stream_8_9|       pointer|
|C_stream_8_9_num_data_valid    |   in|    7|     ap_fifo|     C_stream_8_9|       pointer|
|C_stream_8_9_fifo_cap          |   in|    7|     ap_fifo|     C_stream_8_9|       pointer|
|C_stream_8_9_empty_n           |   in|    1|     ap_fifo|     C_stream_8_9|       pointer|
|C_stream_8_9_read              |  out|    1|     ap_fifo|     C_stream_8_9|       pointer|
|C_stream_8_10_dout             |   in|   32|     ap_fifo|    C_stream_8_10|       pointer|
|C_stream_8_10_num_data_valid   |   in|    7|     ap_fifo|    C_stream_8_10|       pointer|
|C_stream_8_10_fifo_cap         |   in|    7|     ap_fifo|    C_stream_8_10|       pointer|
|C_stream_8_10_empty_n          |   in|    1|     ap_fifo|    C_stream_8_10|       pointer|
|C_stream_8_10_read             |  out|    1|     ap_fifo|    C_stream_8_10|       pointer|
|C_stream_8_11_dout             |   in|   32|     ap_fifo|    C_stream_8_11|       pointer|
|C_stream_8_11_num_data_valid   |   in|    7|     ap_fifo|    C_stream_8_11|       pointer|
|C_stream_8_11_fifo_cap         |   in|    7|     ap_fifo|    C_stream_8_11|       pointer|
|C_stream_8_11_empty_n          |   in|    1|     ap_fifo|    C_stream_8_11|       pointer|
|C_stream_8_11_read             |  out|    1|     ap_fifo|    C_stream_8_11|       pointer|
|C_stream_8_12_dout             |   in|   32|     ap_fifo|    C_stream_8_12|       pointer|
|C_stream_8_12_num_data_valid   |   in|    7|     ap_fifo|    C_stream_8_12|       pointer|
|C_stream_8_12_fifo_cap         |   in|    7|     ap_fifo|    C_stream_8_12|       pointer|
|C_stream_8_12_empty_n          |   in|    1|     ap_fifo|    C_stream_8_12|       pointer|
|C_stream_8_12_read             |  out|    1|     ap_fifo|    C_stream_8_12|       pointer|
|C_stream_8_13_dout             |   in|   32|     ap_fifo|    C_stream_8_13|       pointer|
|C_stream_8_13_num_data_valid   |   in|    7|     ap_fifo|    C_stream_8_13|       pointer|
|C_stream_8_13_fifo_cap         |   in|    7|     ap_fifo|    C_stream_8_13|       pointer|
|C_stream_8_13_empty_n          |   in|    1|     ap_fifo|    C_stream_8_13|       pointer|
|C_stream_8_13_read             |  out|    1|     ap_fifo|    C_stream_8_13|       pointer|
|C_stream_8_14_dout             |   in|   32|     ap_fifo|    C_stream_8_14|       pointer|
|C_stream_8_14_num_data_valid   |   in|    7|     ap_fifo|    C_stream_8_14|       pointer|
|C_stream_8_14_fifo_cap         |   in|    7|     ap_fifo|    C_stream_8_14|       pointer|
|C_stream_8_14_empty_n          |   in|    1|     ap_fifo|    C_stream_8_14|       pointer|
|C_stream_8_14_read             |  out|    1|     ap_fifo|    C_stream_8_14|       pointer|
|C_stream_8_15_dout             |   in|   32|     ap_fifo|    C_stream_8_15|       pointer|
|C_stream_8_15_num_data_valid   |   in|    7|     ap_fifo|    C_stream_8_15|       pointer|
|C_stream_8_15_fifo_cap         |   in|    7|     ap_fifo|    C_stream_8_15|       pointer|
|C_stream_8_15_empty_n          |   in|    1|     ap_fifo|    C_stream_8_15|       pointer|
|C_stream_8_15_read             |  out|    1|     ap_fifo|    C_stream_8_15|       pointer|
|C_stream_7_0_dout              |   in|   32|     ap_fifo|     C_stream_7_0|       pointer|
|C_stream_7_0_num_data_valid    |   in|    7|     ap_fifo|     C_stream_7_0|       pointer|
|C_stream_7_0_fifo_cap          |   in|    7|     ap_fifo|     C_stream_7_0|       pointer|
|C_stream_7_0_empty_n           |   in|    1|     ap_fifo|     C_stream_7_0|       pointer|
|C_stream_7_0_read              |  out|    1|     ap_fifo|     C_stream_7_0|       pointer|
|C_stream_7_1_dout              |   in|   32|     ap_fifo|     C_stream_7_1|       pointer|
|C_stream_7_1_num_data_valid    |   in|    7|     ap_fifo|     C_stream_7_1|       pointer|
|C_stream_7_1_fifo_cap          |   in|    7|     ap_fifo|     C_stream_7_1|       pointer|
|C_stream_7_1_empty_n           |   in|    1|     ap_fifo|     C_stream_7_1|       pointer|
|C_stream_7_1_read              |  out|    1|     ap_fifo|     C_stream_7_1|       pointer|
|C_stream_7_2_dout              |   in|   32|     ap_fifo|     C_stream_7_2|       pointer|
|C_stream_7_2_num_data_valid    |   in|    7|     ap_fifo|     C_stream_7_2|       pointer|
|C_stream_7_2_fifo_cap          |   in|    7|     ap_fifo|     C_stream_7_2|       pointer|
|C_stream_7_2_empty_n           |   in|    1|     ap_fifo|     C_stream_7_2|       pointer|
|C_stream_7_2_read              |  out|    1|     ap_fifo|     C_stream_7_2|       pointer|
|C_stream_7_3_dout              |   in|   32|     ap_fifo|     C_stream_7_3|       pointer|
|C_stream_7_3_num_data_valid    |   in|    7|     ap_fifo|     C_stream_7_3|       pointer|
|C_stream_7_3_fifo_cap          |   in|    7|     ap_fifo|     C_stream_7_3|       pointer|
|C_stream_7_3_empty_n           |   in|    1|     ap_fifo|     C_stream_7_3|       pointer|
|C_stream_7_3_read              |  out|    1|     ap_fifo|     C_stream_7_3|       pointer|
|C_stream_7_4_dout              |   in|   32|     ap_fifo|     C_stream_7_4|       pointer|
|C_stream_7_4_num_data_valid    |   in|    7|     ap_fifo|     C_stream_7_4|       pointer|
|C_stream_7_4_fifo_cap          |   in|    7|     ap_fifo|     C_stream_7_4|       pointer|
|C_stream_7_4_empty_n           |   in|    1|     ap_fifo|     C_stream_7_4|       pointer|
|C_stream_7_4_read              |  out|    1|     ap_fifo|     C_stream_7_4|       pointer|
|C_stream_7_5_dout              |   in|   32|     ap_fifo|     C_stream_7_5|       pointer|
|C_stream_7_5_num_data_valid    |   in|    7|     ap_fifo|     C_stream_7_5|       pointer|
|C_stream_7_5_fifo_cap          |   in|    7|     ap_fifo|     C_stream_7_5|       pointer|
|C_stream_7_5_empty_n           |   in|    1|     ap_fifo|     C_stream_7_5|       pointer|
|C_stream_7_5_read              |  out|    1|     ap_fifo|     C_stream_7_5|       pointer|
|C_stream_7_6_dout              |   in|   32|     ap_fifo|     C_stream_7_6|       pointer|
|C_stream_7_6_num_data_valid    |   in|    7|     ap_fifo|     C_stream_7_6|       pointer|
|C_stream_7_6_fifo_cap          |   in|    7|     ap_fifo|     C_stream_7_6|       pointer|
|C_stream_7_6_empty_n           |   in|    1|     ap_fifo|     C_stream_7_6|       pointer|
|C_stream_7_6_read              |  out|    1|     ap_fifo|     C_stream_7_6|       pointer|
|C_stream_7_7_dout              |   in|   32|     ap_fifo|     C_stream_7_7|       pointer|
|C_stream_7_7_num_data_valid    |   in|    7|     ap_fifo|     C_stream_7_7|       pointer|
|C_stream_7_7_fifo_cap          |   in|    7|     ap_fifo|     C_stream_7_7|       pointer|
|C_stream_7_7_empty_n           |   in|    1|     ap_fifo|     C_stream_7_7|       pointer|
|C_stream_7_7_read              |  out|    1|     ap_fifo|     C_stream_7_7|       pointer|
|C_stream_7_8_dout              |   in|   32|     ap_fifo|     C_stream_7_8|       pointer|
|C_stream_7_8_num_data_valid    |   in|    7|     ap_fifo|     C_stream_7_8|       pointer|
|C_stream_7_8_fifo_cap          |   in|    7|     ap_fifo|     C_stream_7_8|       pointer|
|C_stream_7_8_empty_n           |   in|    1|     ap_fifo|     C_stream_7_8|       pointer|
|C_stream_7_8_read              |  out|    1|     ap_fifo|     C_stream_7_8|       pointer|
|C_stream_7_9_dout              |   in|   32|     ap_fifo|     C_stream_7_9|       pointer|
|C_stream_7_9_num_data_valid    |   in|    7|     ap_fifo|     C_stream_7_9|       pointer|
|C_stream_7_9_fifo_cap          |   in|    7|     ap_fifo|     C_stream_7_9|       pointer|
|C_stream_7_9_empty_n           |   in|    1|     ap_fifo|     C_stream_7_9|       pointer|
|C_stream_7_9_read              |  out|    1|     ap_fifo|     C_stream_7_9|       pointer|
|C_stream_7_10_dout             |   in|   32|     ap_fifo|    C_stream_7_10|       pointer|
|C_stream_7_10_num_data_valid   |   in|    7|     ap_fifo|    C_stream_7_10|       pointer|
|C_stream_7_10_fifo_cap         |   in|    7|     ap_fifo|    C_stream_7_10|       pointer|
|C_stream_7_10_empty_n          |   in|    1|     ap_fifo|    C_stream_7_10|       pointer|
|C_stream_7_10_read             |  out|    1|     ap_fifo|    C_stream_7_10|       pointer|
|C_stream_7_11_dout             |   in|   32|     ap_fifo|    C_stream_7_11|       pointer|
|C_stream_7_11_num_data_valid   |   in|    7|     ap_fifo|    C_stream_7_11|       pointer|
|C_stream_7_11_fifo_cap         |   in|    7|     ap_fifo|    C_stream_7_11|       pointer|
|C_stream_7_11_empty_n          |   in|    1|     ap_fifo|    C_stream_7_11|       pointer|
|C_stream_7_11_read             |  out|    1|     ap_fifo|    C_stream_7_11|       pointer|
|C_stream_7_12_dout             |   in|   32|     ap_fifo|    C_stream_7_12|       pointer|
|C_stream_7_12_num_data_valid   |   in|    7|     ap_fifo|    C_stream_7_12|       pointer|
|C_stream_7_12_fifo_cap         |   in|    7|     ap_fifo|    C_stream_7_12|       pointer|
|C_stream_7_12_empty_n          |   in|    1|     ap_fifo|    C_stream_7_12|       pointer|
|C_stream_7_12_read             |  out|    1|     ap_fifo|    C_stream_7_12|       pointer|
|C_stream_7_13_dout             |   in|   32|     ap_fifo|    C_stream_7_13|       pointer|
|C_stream_7_13_num_data_valid   |   in|    7|     ap_fifo|    C_stream_7_13|       pointer|
|C_stream_7_13_fifo_cap         |   in|    7|     ap_fifo|    C_stream_7_13|       pointer|
|C_stream_7_13_empty_n          |   in|    1|     ap_fifo|    C_stream_7_13|       pointer|
|C_stream_7_13_read             |  out|    1|     ap_fifo|    C_stream_7_13|       pointer|
|C_stream_7_14_dout             |   in|   32|     ap_fifo|    C_stream_7_14|       pointer|
|C_stream_7_14_num_data_valid   |   in|    7|     ap_fifo|    C_stream_7_14|       pointer|
|C_stream_7_14_fifo_cap         |   in|    7|     ap_fifo|    C_stream_7_14|       pointer|
|C_stream_7_14_empty_n          |   in|    1|     ap_fifo|    C_stream_7_14|       pointer|
|C_stream_7_14_read             |  out|    1|     ap_fifo|    C_stream_7_14|       pointer|
|C_stream_7_15_dout             |   in|   32|     ap_fifo|    C_stream_7_15|       pointer|
|C_stream_7_15_num_data_valid   |   in|    7|     ap_fifo|    C_stream_7_15|       pointer|
|C_stream_7_15_fifo_cap         |   in|    7|     ap_fifo|    C_stream_7_15|       pointer|
|C_stream_7_15_empty_n          |   in|    1|     ap_fifo|    C_stream_7_15|       pointer|
|C_stream_7_15_read             |  out|    1|     ap_fifo|    C_stream_7_15|       pointer|
|C_stream_6_0_dout              |   in|   32|     ap_fifo|     C_stream_6_0|       pointer|
|C_stream_6_0_num_data_valid    |   in|    7|     ap_fifo|     C_stream_6_0|       pointer|
|C_stream_6_0_fifo_cap          |   in|    7|     ap_fifo|     C_stream_6_0|       pointer|
|C_stream_6_0_empty_n           |   in|    1|     ap_fifo|     C_stream_6_0|       pointer|
|C_stream_6_0_read              |  out|    1|     ap_fifo|     C_stream_6_0|       pointer|
|C_stream_6_1_dout              |   in|   32|     ap_fifo|     C_stream_6_1|       pointer|
|C_stream_6_1_num_data_valid    |   in|    7|     ap_fifo|     C_stream_6_1|       pointer|
|C_stream_6_1_fifo_cap          |   in|    7|     ap_fifo|     C_stream_6_1|       pointer|
|C_stream_6_1_empty_n           |   in|    1|     ap_fifo|     C_stream_6_1|       pointer|
|C_stream_6_1_read              |  out|    1|     ap_fifo|     C_stream_6_1|       pointer|
|C_stream_6_2_dout              |   in|   32|     ap_fifo|     C_stream_6_2|       pointer|
|C_stream_6_2_num_data_valid    |   in|    7|     ap_fifo|     C_stream_6_2|       pointer|
|C_stream_6_2_fifo_cap          |   in|    7|     ap_fifo|     C_stream_6_2|       pointer|
|C_stream_6_2_empty_n           |   in|    1|     ap_fifo|     C_stream_6_2|       pointer|
|C_stream_6_2_read              |  out|    1|     ap_fifo|     C_stream_6_2|       pointer|
|C_stream_6_3_dout              |   in|   32|     ap_fifo|     C_stream_6_3|       pointer|
|C_stream_6_3_num_data_valid    |   in|    7|     ap_fifo|     C_stream_6_3|       pointer|
|C_stream_6_3_fifo_cap          |   in|    7|     ap_fifo|     C_stream_6_3|       pointer|
|C_stream_6_3_empty_n           |   in|    1|     ap_fifo|     C_stream_6_3|       pointer|
|C_stream_6_3_read              |  out|    1|     ap_fifo|     C_stream_6_3|       pointer|
|C_stream_6_4_dout              |   in|   32|     ap_fifo|     C_stream_6_4|       pointer|
|C_stream_6_4_num_data_valid    |   in|    7|     ap_fifo|     C_stream_6_4|       pointer|
|C_stream_6_4_fifo_cap          |   in|    7|     ap_fifo|     C_stream_6_4|       pointer|
|C_stream_6_4_empty_n           |   in|    1|     ap_fifo|     C_stream_6_4|       pointer|
|C_stream_6_4_read              |  out|    1|     ap_fifo|     C_stream_6_4|       pointer|
|C_stream_6_5_dout              |   in|   32|     ap_fifo|     C_stream_6_5|       pointer|
|C_stream_6_5_num_data_valid    |   in|    7|     ap_fifo|     C_stream_6_5|       pointer|
|C_stream_6_5_fifo_cap          |   in|    7|     ap_fifo|     C_stream_6_5|       pointer|
|C_stream_6_5_empty_n           |   in|    1|     ap_fifo|     C_stream_6_5|       pointer|
|C_stream_6_5_read              |  out|    1|     ap_fifo|     C_stream_6_5|       pointer|
|C_stream_6_6_dout              |   in|   32|     ap_fifo|     C_stream_6_6|       pointer|
|C_stream_6_6_num_data_valid    |   in|    7|     ap_fifo|     C_stream_6_6|       pointer|
|C_stream_6_6_fifo_cap          |   in|    7|     ap_fifo|     C_stream_6_6|       pointer|
|C_stream_6_6_empty_n           |   in|    1|     ap_fifo|     C_stream_6_6|       pointer|
|C_stream_6_6_read              |  out|    1|     ap_fifo|     C_stream_6_6|       pointer|
|C_stream_6_7_dout              |   in|   32|     ap_fifo|     C_stream_6_7|       pointer|
|C_stream_6_7_num_data_valid    |   in|    7|     ap_fifo|     C_stream_6_7|       pointer|
|C_stream_6_7_fifo_cap          |   in|    7|     ap_fifo|     C_stream_6_7|       pointer|
|C_stream_6_7_empty_n           |   in|    1|     ap_fifo|     C_stream_6_7|       pointer|
|C_stream_6_7_read              |  out|    1|     ap_fifo|     C_stream_6_7|       pointer|
|C_stream_6_8_dout              |   in|   32|     ap_fifo|     C_stream_6_8|       pointer|
|C_stream_6_8_num_data_valid    |   in|    7|     ap_fifo|     C_stream_6_8|       pointer|
|C_stream_6_8_fifo_cap          |   in|    7|     ap_fifo|     C_stream_6_8|       pointer|
|C_stream_6_8_empty_n           |   in|    1|     ap_fifo|     C_stream_6_8|       pointer|
|C_stream_6_8_read              |  out|    1|     ap_fifo|     C_stream_6_8|       pointer|
|C_stream_6_9_dout              |   in|   32|     ap_fifo|     C_stream_6_9|       pointer|
|C_stream_6_9_num_data_valid    |   in|    7|     ap_fifo|     C_stream_6_9|       pointer|
|C_stream_6_9_fifo_cap          |   in|    7|     ap_fifo|     C_stream_6_9|       pointer|
|C_stream_6_9_empty_n           |   in|    1|     ap_fifo|     C_stream_6_9|       pointer|
|C_stream_6_9_read              |  out|    1|     ap_fifo|     C_stream_6_9|       pointer|
|C_stream_6_10_dout             |   in|   32|     ap_fifo|    C_stream_6_10|       pointer|
|C_stream_6_10_num_data_valid   |   in|    7|     ap_fifo|    C_stream_6_10|       pointer|
|C_stream_6_10_fifo_cap         |   in|    7|     ap_fifo|    C_stream_6_10|       pointer|
|C_stream_6_10_empty_n          |   in|    1|     ap_fifo|    C_stream_6_10|       pointer|
|C_stream_6_10_read             |  out|    1|     ap_fifo|    C_stream_6_10|       pointer|
|C_stream_6_11_dout             |   in|   32|     ap_fifo|    C_stream_6_11|       pointer|
|C_stream_6_11_num_data_valid   |   in|    7|     ap_fifo|    C_stream_6_11|       pointer|
|C_stream_6_11_fifo_cap         |   in|    7|     ap_fifo|    C_stream_6_11|       pointer|
|C_stream_6_11_empty_n          |   in|    1|     ap_fifo|    C_stream_6_11|       pointer|
|C_stream_6_11_read             |  out|    1|     ap_fifo|    C_stream_6_11|       pointer|
|C_stream_6_12_dout             |   in|   32|     ap_fifo|    C_stream_6_12|       pointer|
|C_stream_6_12_num_data_valid   |   in|    7|     ap_fifo|    C_stream_6_12|       pointer|
|C_stream_6_12_fifo_cap         |   in|    7|     ap_fifo|    C_stream_6_12|       pointer|
|C_stream_6_12_empty_n          |   in|    1|     ap_fifo|    C_stream_6_12|       pointer|
|C_stream_6_12_read             |  out|    1|     ap_fifo|    C_stream_6_12|       pointer|
|C_stream_6_13_dout             |   in|   32|     ap_fifo|    C_stream_6_13|       pointer|
|C_stream_6_13_num_data_valid   |   in|    7|     ap_fifo|    C_stream_6_13|       pointer|
|C_stream_6_13_fifo_cap         |   in|    7|     ap_fifo|    C_stream_6_13|       pointer|
|C_stream_6_13_empty_n          |   in|    1|     ap_fifo|    C_stream_6_13|       pointer|
|C_stream_6_13_read             |  out|    1|     ap_fifo|    C_stream_6_13|       pointer|
|C_stream_6_14_dout             |   in|   32|     ap_fifo|    C_stream_6_14|       pointer|
|C_stream_6_14_num_data_valid   |   in|    7|     ap_fifo|    C_stream_6_14|       pointer|
|C_stream_6_14_fifo_cap         |   in|    7|     ap_fifo|    C_stream_6_14|       pointer|
|C_stream_6_14_empty_n          |   in|    1|     ap_fifo|    C_stream_6_14|       pointer|
|C_stream_6_14_read             |  out|    1|     ap_fifo|    C_stream_6_14|       pointer|
|C_stream_6_15_dout             |   in|   32|     ap_fifo|    C_stream_6_15|       pointer|
|C_stream_6_15_num_data_valid   |   in|    7|     ap_fifo|    C_stream_6_15|       pointer|
|C_stream_6_15_fifo_cap         |   in|    7|     ap_fifo|    C_stream_6_15|       pointer|
|C_stream_6_15_empty_n          |   in|    1|     ap_fifo|    C_stream_6_15|       pointer|
|C_stream_6_15_read             |  out|    1|     ap_fifo|    C_stream_6_15|       pointer|
|C_stream_5_0_dout              |   in|   32|     ap_fifo|     C_stream_5_0|       pointer|
|C_stream_5_0_num_data_valid    |   in|    7|     ap_fifo|     C_stream_5_0|       pointer|
|C_stream_5_0_fifo_cap          |   in|    7|     ap_fifo|     C_stream_5_0|       pointer|
|C_stream_5_0_empty_n           |   in|    1|     ap_fifo|     C_stream_5_0|       pointer|
|C_stream_5_0_read              |  out|    1|     ap_fifo|     C_stream_5_0|       pointer|
|C_stream_5_1_dout              |   in|   32|     ap_fifo|     C_stream_5_1|       pointer|
|C_stream_5_1_num_data_valid    |   in|    7|     ap_fifo|     C_stream_5_1|       pointer|
|C_stream_5_1_fifo_cap          |   in|    7|     ap_fifo|     C_stream_5_1|       pointer|
|C_stream_5_1_empty_n           |   in|    1|     ap_fifo|     C_stream_5_1|       pointer|
|C_stream_5_1_read              |  out|    1|     ap_fifo|     C_stream_5_1|       pointer|
|C_stream_5_2_dout              |   in|   32|     ap_fifo|     C_stream_5_2|       pointer|
|C_stream_5_2_num_data_valid    |   in|    7|     ap_fifo|     C_stream_5_2|       pointer|
|C_stream_5_2_fifo_cap          |   in|    7|     ap_fifo|     C_stream_5_2|       pointer|
|C_stream_5_2_empty_n           |   in|    1|     ap_fifo|     C_stream_5_2|       pointer|
|C_stream_5_2_read              |  out|    1|     ap_fifo|     C_stream_5_2|       pointer|
|C_stream_5_3_dout              |   in|   32|     ap_fifo|     C_stream_5_3|       pointer|
|C_stream_5_3_num_data_valid    |   in|    7|     ap_fifo|     C_stream_5_3|       pointer|
|C_stream_5_3_fifo_cap          |   in|    7|     ap_fifo|     C_stream_5_3|       pointer|
|C_stream_5_3_empty_n           |   in|    1|     ap_fifo|     C_stream_5_3|       pointer|
|C_stream_5_3_read              |  out|    1|     ap_fifo|     C_stream_5_3|       pointer|
|C_stream_5_4_dout              |   in|   32|     ap_fifo|     C_stream_5_4|       pointer|
|C_stream_5_4_num_data_valid    |   in|    7|     ap_fifo|     C_stream_5_4|       pointer|
|C_stream_5_4_fifo_cap          |   in|    7|     ap_fifo|     C_stream_5_4|       pointer|
|C_stream_5_4_empty_n           |   in|    1|     ap_fifo|     C_stream_5_4|       pointer|
|C_stream_5_4_read              |  out|    1|     ap_fifo|     C_stream_5_4|       pointer|
|C_stream_5_5_dout              |   in|   32|     ap_fifo|     C_stream_5_5|       pointer|
|C_stream_5_5_num_data_valid    |   in|    7|     ap_fifo|     C_stream_5_5|       pointer|
|C_stream_5_5_fifo_cap          |   in|    7|     ap_fifo|     C_stream_5_5|       pointer|
|C_stream_5_5_empty_n           |   in|    1|     ap_fifo|     C_stream_5_5|       pointer|
|C_stream_5_5_read              |  out|    1|     ap_fifo|     C_stream_5_5|       pointer|
|C_stream_5_6_dout              |   in|   32|     ap_fifo|     C_stream_5_6|       pointer|
|C_stream_5_6_num_data_valid    |   in|    7|     ap_fifo|     C_stream_5_6|       pointer|
|C_stream_5_6_fifo_cap          |   in|    7|     ap_fifo|     C_stream_5_6|       pointer|
|C_stream_5_6_empty_n           |   in|    1|     ap_fifo|     C_stream_5_6|       pointer|
|C_stream_5_6_read              |  out|    1|     ap_fifo|     C_stream_5_6|       pointer|
|C_stream_5_7_dout              |   in|   32|     ap_fifo|     C_stream_5_7|       pointer|
|C_stream_5_7_num_data_valid    |   in|    7|     ap_fifo|     C_stream_5_7|       pointer|
|C_stream_5_7_fifo_cap          |   in|    7|     ap_fifo|     C_stream_5_7|       pointer|
|C_stream_5_7_empty_n           |   in|    1|     ap_fifo|     C_stream_5_7|       pointer|
|C_stream_5_7_read              |  out|    1|     ap_fifo|     C_stream_5_7|       pointer|
|C_stream_5_8_dout              |   in|   32|     ap_fifo|     C_stream_5_8|       pointer|
|C_stream_5_8_num_data_valid    |   in|    7|     ap_fifo|     C_stream_5_8|       pointer|
|C_stream_5_8_fifo_cap          |   in|    7|     ap_fifo|     C_stream_5_8|       pointer|
|C_stream_5_8_empty_n           |   in|    1|     ap_fifo|     C_stream_5_8|       pointer|
|C_stream_5_8_read              |  out|    1|     ap_fifo|     C_stream_5_8|       pointer|
|C_stream_5_9_dout              |   in|   32|     ap_fifo|     C_stream_5_9|       pointer|
|C_stream_5_9_num_data_valid    |   in|    7|     ap_fifo|     C_stream_5_9|       pointer|
|C_stream_5_9_fifo_cap          |   in|    7|     ap_fifo|     C_stream_5_9|       pointer|
|C_stream_5_9_empty_n           |   in|    1|     ap_fifo|     C_stream_5_9|       pointer|
|C_stream_5_9_read              |  out|    1|     ap_fifo|     C_stream_5_9|       pointer|
|C_stream_5_10_dout             |   in|   32|     ap_fifo|    C_stream_5_10|       pointer|
|C_stream_5_10_num_data_valid   |   in|    7|     ap_fifo|    C_stream_5_10|       pointer|
|C_stream_5_10_fifo_cap         |   in|    7|     ap_fifo|    C_stream_5_10|       pointer|
|C_stream_5_10_empty_n          |   in|    1|     ap_fifo|    C_stream_5_10|       pointer|
|C_stream_5_10_read             |  out|    1|     ap_fifo|    C_stream_5_10|       pointer|
|C_stream_5_11_dout             |   in|   32|     ap_fifo|    C_stream_5_11|       pointer|
|C_stream_5_11_num_data_valid   |   in|    7|     ap_fifo|    C_stream_5_11|       pointer|
|C_stream_5_11_fifo_cap         |   in|    7|     ap_fifo|    C_stream_5_11|       pointer|
|C_stream_5_11_empty_n          |   in|    1|     ap_fifo|    C_stream_5_11|       pointer|
|C_stream_5_11_read             |  out|    1|     ap_fifo|    C_stream_5_11|       pointer|
|C_stream_5_12_dout             |   in|   32|     ap_fifo|    C_stream_5_12|       pointer|
|C_stream_5_12_num_data_valid   |   in|    7|     ap_fifo|    C_stream_5_12|       pointer|
|C_stream_5_12_fifo_cap         |   in|    7|     ap_fifo|    C_stream_5_12|       pointer|
|C_stream_5_12_empty_n          |   in|    1|     ap_fifo|    C_stream_5_12|       pointer|
|C_stream_5_12_read             |  out|    1|     ap_fifo|    C_stream_5_12|       pointer|
|C_stream_5_13_dout             |   in|   32|     ap_fifo|    C_stream_5_13|       pointer|
|C_stream_5_13_num_data_valid   |   in|    7|     ap_fifo|    C_stream_5_13|       pointer|
|C_stream_5_13_fifo_cap         |   in|    7|     ap_fifo|    C_stream_5_13|       pointer|
|C_stream_5_13_empty_n          |   in|    1|     ap_fifo|    C_stream_5_13|       pointer|
|C_stream_5_13_read             |  out|    1|     ap_fifo|    C_stream_5_13|       pointer|
|C_stream_5_14_dout             |   in|   32|     ap_fifo|    C_stream_5_14|       pointer|
|C_stream_5_14_num_data_valid   |   in|    7|     ap_fifo|    C_stream_5_14|       pointer|
|C_stream_5_14_fifo_cap         |   in|    7|     ap_fifo|    C_stream_5_14|       pointer|
|C_stream_5_14_empty_n          |   in|    1|     ap_fifo|    C_stream_5_14|       pointer|
|C_stream_5_14_read             |  out|    1|     ap_fifo|    C_stream_5_14|       pointer|
|C_stream_5_15_dout             |   in|   32|     ap_fifo|    C_stream_5_15|       pointer|
|C_stream_5_15_num_data_valid   |   in|    7|     ap_fifo|    C_stream_5_15|       pointer|
|C_stream_5_15_fifo_cap         |   in|    7|     ap_fifo|    C_stream_5_15|       pointer|
|C_stream_5_15_empty_n          |   in|    1|     ap_fifo|    C_stream_5_15|       pointer|
|C_stream_5_15_read             |  out|    1|     ap_fifo|    C_stream_5_15|       pointer|
|C_stream_4_0_dout              |   in|   32|     ap_fifo|     C_stream_4_0|       pointer|
|C_stream_4_0_num_data_valid    |   in|    7|     ap_fifo|     C_stream_4_0|       pointer|
|C_stream_4_0_fifo_cap          |   in|    7|     ap_fifo|     C_stream_4_0|       pointer|
|C_stream_4_0_empty_n           |   in|    1|     ap_fifo|     C_stream_4_0|       pointer|
|C_stream_4_0_read              |  out|    1|     ap_fifo|     C_stream_4_0|       pointer|
|C_stream_4_1_dout              |   in|   32|     ap_fifo|     C_stream_4_1|       pointer|
|C_stream_4_1_num_data_valid    |   in|    7|     ap_fifo|     C_stream_4_1|       pointer|
|C_stream_4_1_fifo_cap          |   in|    7|     ap_fifo|     C_stream_4_1|       pointer|
|C_stream_4_1_empty_n           |   in|    1|     ap_fifo|     C_stream_4_1|       pointer|
|C_stream_4_1_read              |  out|    1|     ap_fifo|     C_stream_4_1|       pointer|
|C_stream_4_2_dout              |   in|   32|     ap_fifo|     C_stream_4_2|       pointer|
|C_stream_4_2_num_data_valid    |   in|    7|     ap_fifo|     C_stream_4_2|       pointer|
|C_stream_4_2_fifo_cap          |   in|    7|     ap_fifo|     C_stream_4_2|       pointer|
|C_stream_4_2_empty_n           |   in|    1|     ap_fifo|     C_stream_4_2|       pointer|
|C_stream_4_2_read              |  out|    1|     ap_fifo|     C_stream_4_2|       pointer|
|C_stream_4_3_dout              |   in|   32|     ap_fifo|     C_stream_4_3|       pointer|
|C_stream_4_3_num_data_valid    |   in|    7|     ap_fifo|     C_stream_4_3|       pointer|
|C_stream_4_3_fifo_cap          |   in|    7|     ap_fifo|     C_stream_4_3|       pointer|
|C_stream_4_3_empty_n           |   in|    1|     ap_fifo|     C_stream_4_3|       pointer|
|C_stream_4_3_read              |  out|    1|     ap_fifo|     C_stream_4_3|       pointer|
|C_stream_4_4_dout              |   in|   32|     ap_fifo|     C_stream_4_4|       pointer|
|C_stream_4_4_num_data_valid    |   in|    7|     ap_fifo|     C_stream_4_4|       pointer|
|C_stream_4_4_fifo_cap          |   in|    7|     ap_fifo|     C_stream_4_4|       pointer|
|C_stream_4_4_empty_n           |   in|    1|     ap_fifo|     C_stream_4_4|       pointer|
|C_stream_4_4_read              |  out|    1|     ap_fifo|     C_stream_4_4|       pointer|
|C_stream_4_5_dout              |   in|   32|     ap_fifo|     C_stream_4_5|       pointer|
|C_stream_4_5_num_data_valid    |   in|    7|     ap_fifo|     C_stream_4_5|       pointer|
|C_stream_4_5_fifo_cap          |   in|    7|     ap_fifo|     C_stream_4_5|       pointer|
|C_stream_4_5_empty_n           |   in|    1|     ap_fifo|     C_stream_4_5|       pointer|
|C_stream_4_5_read              |  out|    1|     ap_fifo|     C_stream_4_5|       pointer|
|C_stream_4_6_dout              |   in|   32|     ap_fifo|     C_stream_4_6|       pointer|
|C_stream_4_6_num_data_valid    |   in|    7|     ap_fifo|     C_stream_4_6|       pointer|
|C_stream_4_6_fifo_cap          |   in|    7|     ap_fifo|     C_stream_4_6|       pointer|
|C_stream_4_6_empty_n           |   in|    1|     ap_fifo|     C_stream_4_6|       pointer|
|C_stream_4_6_read              |  out|    1|     ap_fifo|     C_stream_4_6|       pointer|
|C_stream_4_7_dout              |   in|   32|     ap_fifo|     C_stream_4_7|       pointer|
|C_stream_4_7_num_data_valid    |   in|    7|     ap_fifo|     C_stream_4_7|       pointer|
|C_stream_4_7_fifo_cap          |   in|    7|     ap_fifo|     C_stream_4_7|       pointer|
|C_stream_4_7_empty_n           |   in|    1|     ap_fifo|     C_stream_4_7|       pointer|
|C_stream_4_7_read              |  out|    1|     ap_fifo|     C_stream_4_7|       pointer|
|C_stream_4_8_dout              |   in|   32|     ap_fifo|     C_stream_4_8|       pointer|
|C_stream_4_8_num_data_valid    |   in|    7|     ap_fifo|     C_stream_4_8|       pointer|
|C_stream_4_8_fifo_cap          |   in|    7|     ap_fifo|     C_stream_4_8|       pointer|
|C_stream_4_8_empty_n           |   in|    1|     ap_fifo|     C_stream_4_8|       pointer|
|C_stream_4_8_read              |  out|    1|     ap_fifo|     C_stream_4_8|       pointer|
|C_stream_4_9_dout              |   in|   32|     ap_fifo|     C_stream_4_9|       pointer|
|C_stream_4_9_num_data_valid    |   in|    7|     ap_fifo|     C_stream_4_9|       pointer|
|C_stream_4_9_fifo_cap          |   in|    7|     ap_fifo|     C_stream_4_9|       pointer|
|C_stream_4_9_empty_n           |   in|    1|     ap_fifo|     C_stream_4_9|       pointer|
|C_stream_4_9_read              |  out|    1|     ap_fifo|     C_stream_4_9|       pointer|
|C_stream_4_10_dout             |   in|   32|     ap_fifo|    C_stream_4_10|       pointer|
|C_stream_4_10_num_data_valid   |   in|    7|     ap_fifo|    C_stream_4_10|       pointer|
|C_stream_4_10_fifo_cap         |   in|    7|     ap_fifo|    C_stream_4_10|       pointer|
|C_stream_4_10_empty_n          |   in|    1|     ap_fifo|    C_stream_4_10|       pointer|
|C_stream_4_10_read             |  out|    1|     ap_fifo|    C_stream_4_10|       pointer|
|C_stream_4_11_dout             |   in|   32|     ap_fifo|    C_stream_4_11|       pointer|
|C_stream_4_11_num_data_valid   |   in|    7|     ap_fifo|    C_stream_4_11|       pointer|
|C_stream_4_11_fifo_cap         |   in|    7|     ap_fifo|    C_stream_4_11|       pointer|
|C_stream_4_11_empty_n          |   in|    1|     ap_fifo|    C_stream_4_11|       pointer|
|C_stream_4_11_read             |  out|    1|     ap_fifo|    C_stream_4_11|       pointer|
|C_stream_4_12_dout             |   in|   32|     ap_fifo|    C_stream_4_12|       pointer|
|C_stream_4_12_num_data_valid   |   in|    7|     ap_fifo|    C_stream_4_12|       pointer|
|C_stream_4_12_fifo_cap         |   in|    7|     ap_fifo|    C_stream_4_12|       pointer|
|C_stream_4_12_empty_n          |   in|    1|     ap_fifo|    C_stream_4_12|       pointer|
|C_stream_4_12_read             |  out|    1|     ap_fifo|    C_stream_4_12|       pointer|
|C_stream_4_13_dout             |   in|   32|     ap_fifo|    C_stream_4_13|       pointer|
|C_stream_4_13_num_data_valid   |   in|    7|     ap_fifo|    C_stream_4_13|       pointer|
|C_stream_4_13_fifo_cap         |   in|    7|     ap_fifo|    C_stream_4_13|       pointer|
|C_stream_4_13_empty_n          |   in|    1|     ap_fifo|    C_stream_4_13|       pointer|
|C_stream_4_13_read             |  out|    1|     ap_fifo|    C_stream_4_13|       pointer|
|C_stream_4_14_dout             |   in|   32|     ap_fifo|    C_stream_4_14|       pointer|
|C_stream_4_14_num_data_valid   |   in|    7|     ap_fifo|    C_stream_4_14|       pointer|
|C_stream_4_14_fifo_cap         |   in|    7|     ap_fifo|    C_stream_4_14|       pointer|
|C_stream_4_14_empty_n          |   in|    1|     ap_fifo|    C_stream_4_14|       pointer|
|C_stream_4_14_read             |  out|    1|     ap_fifo|    C_stream_4_14|       pointer|
|C_stream_4_15_dout             |   in|   32|     ap_fifo|    C_stream_4_15|       pointer|
|C_stream_4_15_num_data_valid   |   in|    7|     ap_fifo|    C_stream_4_15|       pointer|
|C_stream_4_15_fifo_cap         |   in|    7|     ap_fifo|    C_stream_4_15|       pointer|
|C_stream_4_15_empty_n          |   in|    1|     ap_fifo|    C_stream_4_15|       pointer|
|C_stream_4_15_read             |  out|    1|     ap_fifo|    C_stream_4_15|       pointer|
|C_stream_3_0_dout              |   in|   32|     ap_fifo|     C_stream_3_0|       pointer|
|C_stream_3_0_num_data_valid    |   in|    7|     ap_fifo|     C_stream_3_0|       pointer|
|C_stream_3_0_fifo_cap          |   in|    7|     ap_fifo|     C_stream_3_0|       pointer|
|C_stream_3_0_empty_n           |   in|    1|     ap_fifo|     C_stream_3_0|       pointer|
|C_stream_3_0_read              |  out|    1|     ap_fifo|     C_stream_3_0|       pointer|
|C_stream_3_1_dout              |   in|   32|     ap_fifo|     C_stream_3_1|       pointer|
|C_stream_3_1_num_data_valid    |   in|    7|     ap_fifo|     C_stream_3_1|       pointer|
|C_stream_3_1_fifo_cap          |   in|    7|     ap_fifo|     C_stream_3_1|       pointer|
|C_stream_3_1_empty_n           |   in|    1|     ap_fifo|     C_stream_3_1|       pointer|
|C_stream_3_1_read              |  out|    1|     ap_fifo|     C_stream_3_1|       pointer|
|C_stream_3_2_dout              |   in|   32|     ap_fifo|     C_stream_3_2|       pointer|
|C_stream_3_2_num_data_valid    |   in|    7|     ap_fifo|     C_stream_3_2|       pointer|
|C_stream_3_2_fifo_cap          |   in|    7|     ap_fifo|     C_stream_3_2|       pointer|
|C_stream_3_2_empty_n           |   in|    1|     ap_fifo|     C_stream_3_2|       pointer|
|C_stream_3_2_read              |  out|    1|     ap_fifo|     C_stream_3_2|       pointer|
|C_stream_3_3_dout              |   in|   32|     ap_fifo|     C_stream_3_3|       pointer|
|C_stream_3_3_num_data_valid    |   in|    7|     ap_fifo|     C_stream_3_3|       pointer|
|C_stream_3_3_fifo_cap          |   in|    7|     ap_fifo|     C_stream_3_3|       pointer|
|C_stream_3_3_empty_n           |   in|    1|     ap_fifo|     C_stream_3_3|       pointer|
|C_stream_3_3_read              |  out|    1|     ap_fifo|     C_stream_3_3|       pointer|
|C_stream_3_4_dout              |   in|   32|     ap_fifo|     C_stream_3_4|       pointer|
|C_stream_3_4_num_data_valid    |   in|    7|     ap_fifo|     C_stream_3_4|       pointer|
|C_stream_3_4_fifo_cap          |   in|    7|     ap_fifo|     C_stream_3_4|       pointer|
|C_stream_3_4_empty_n           |   in|    1|     ap_fifo|     C_stream_3_4|       pointer|
|C_stream_3_4_read              |  out|    1|     ap_fifo|     C_stream_3_4|       pointer|
|C_stream_3_5_dout              |   in|   32|     ap_fifo|     C_stream_3_5|       pointer|
|C_stream_3_5_num_data_valid    |   in|    7|     ap_fifo|     C_stream_3_5|       pointer|
|C_stream_3_5_fifo_cap          |   in|    7|     ap_fifo|     C_stream_3_5|       pointer|
|C_stream_3_5_empty_n           |   in|    1|     ap_fifo|     C_stream_3_5|       pointer|
|C_stream_3_5_read              |  out|    1|     ap_fifo|     C_stream_3_5|       pointer|
|C_stream_3_6_dout              |   in|   32|     ap_fifo|     C_stream_3_6|       pointer|
|C_stream_3_6_num_data_valid    |   in|    7|     ap_fifo|     C_stream_3_6|       pointer|
|C_stream_3_6_fifo_cap          |   in|    7|     ap_fifo|     C_stream_3_6|       pointer|
|C_stream_3_6_empty_n           |   in|    1|     ap_fifo|     C_stream_3_6|       pointer|
|C_stream_3_6_read              |  out|    1|     ap_fifo|     C_stream_3_6|       pointer|
|C_stream_3_7_dout              |   in|   32|     ap_fifo|     C_stream_3_7|       pointer|
|C_stream_3_7_num_data_valid    |   in|    7|     ap_fifo|     C_stream_3_7|       pointer|
|C_stream_3_7_fifo_cap          |   in|    7|     ap_fifo|     C_stream_3_7|       pointer|
|C_stream_3_7_empty_n           |   in|    1|     ap_fifo|     C_stream_3_7|       pointer|
|C_stream_3_7_read              |  out|    1|     ap_fifo|     C_stream_3_7|       pointer|
|C_stream_3_8_dout              |   in|   32|     ap_fifo|     C_stream_3_8|       pointer|
|C_stream_3_8_num_data_valid    |   in|    7|     ap_fifo|     C_stream_3_8|       pointer|
|C_stream_3_8_fifo_cap          |   in|    7|     ap_fifo|     C_stream_3_8|       pointer|
|C_stream_3_8_empty_n           |   in|    1|     ap_fifo|     C_stream_3_8|       pointer|
|C_stream_3_8_read              |  out|    1|     ap_fifo|     C_stream_3_8|       pointer|
|C_stream_3_9_dout              |   in|   32|     ap_fifo|     C_stream_3_9|       pointer|
|C_stream_3_9_num_data_valid    |   in|    7|     ap_fifo|     C_stream_3_9|       pointer|
|C_stream_3_9_fifo_cap          |   in|    7|     ap_fifo|     C_stream_3_9|       pointer|
|C_stream_3_9_empty_n           |   in|    1|     ap_fifo|     C_stream_3_9|       pointer|
|C_stream_3_9_read              |  out|    1|     ap_fifo|     C_stream_3_9|       pointer|
|C_stream_3_10_dout             |   in|   32|     ap_fifo|    C_stream_3_10|       pointer|
|C_stream_3_10_num_data_valid   |   in|    7|     ap_fifo|    C_stream_3_10|       pointer|
|C_stream_3_10_fifo_cap         |   in|    7|     ap_fifo|    C_stream_3_10|       pointer|
|C_stream_3_10_empty_n          |   in|    1|     ap_fifo|    C_stream_3_10|       pointer|
|C_stream_3_10_read             |  out|    1|     ap_fifo|    C_stream_3_10|       pointer|
|C_stream_3_11_dout             |   in|   32|     ap_fifo|    C_stream_3_11|       pointer|
|C_stream_3_11_num_data_valid   |   in|    7|     ap_fifo|    C_stream_3_11|       pointer|
|C_stream_3_11_fifo_cap         |   in|    7|     ap_fifo|    C_stream_3_11|       pointer|
|C_stream_3_11_empty_n          |   in|    1|     ap_fifo|    C_stream_3_11|       pointer|
|C_stream_3_11_read             |  out|    1|     ap_fifo|    C_stream_3_11|       pointer|
|C_stream_3_12_dout             |   in|   32|     ap_fifo|    C_stream_3_12|       pointer|
|C_stream_3_12_num_data_valid   |   in|    7|     ap_fifo|    C_stream_3_12|       pointer|
|C_stream_3_12_fifo_cap         |   in|    7|     ap_fifo|    C_stream_3_12|       pointer|
|C_stream_3_12_empty_n          |   in|    1|     ap_fifo|    C_stream_3_12|       pointer|
|C_stream_3_12_read             |  out|    1|     ap_fifo|    C_stream_3_12|       pointer|
|C_stream_3_13_dout             |   in|   32|     ap_fifo|    C_stream_3_13|       pointer|
|C_stream_3_13_num_data_valid   |   in|    7|     ap_fifo|    C_stream_3_13|       pointer|
|C_stream_3_13_fifo_cap         |   in|    7|     ap_fifo|    C_stream_3_13|       pointer|
|C_stream_3_13_empty_n          |   in|    1|     ap_fifo|    C_stream_3_13|       pointer|
|C_stream_3_13_read             |  out|    1|     ap_fifo|    C_stream_3_13|       pointer|
|C_stream_3_14_dout             |   in|   32|     ap_fifo|    C_stream_3_14|       pointer|
|C_stream_3_14_num_data_valid   |   in|    7|     ap_fifo|    C_stream_3_14|       pointer|
|C_stream_3_14_fifo_cap         |   in|    7|     ap_fifo|    C_stream_3_14|       pointer|
|C_stream_3_14_empty_n          |   in|    1|     ap_fifo|    C_stream_3_14|       pointer|
|C_stream_3_14_read             |  out|    1|     ap_fifo|    C_stream_3_14|       pointer|
|C_stream_3_15_dout             |   in|   32|     ap_fifo|    C_stream_3_15|       pointer|
|C_stream_3_15_num_data_valid   |   in|    7|     ap_fifo|    C_stream_3_15|       pointer|
|C_stream_3_15_fifo_cap         |   in|    7|     ap_fifo|    C_stream_3_15|       pointer|
|C_stream_3_15_empty_n          |   in|    1|     ap_fifo|    C_stream_3_15|       pointer|
|C_stream_3_15_read             |  out|    1|     ap_fifo|    C_stream_3_15|       pointer|
|C_stream_2_0_dout              |   in|   32|     ap_fifo|     C_stream_2_0|       pointer|
|C_stream_2_0_num_data_valid    |   in|    7|     ap_fifo|     C_stream_2_0|       pointer|
|C_stream_2_0_fifo_cap          |   in|    7|     ap_fifo|     C_stream_2_0|       pointer|
|C_stream_2_0_empty_n           |   in|    1|     ap_fifo|     C_stream_2_0|       pointer|
|C_stream_2_0_read              |  out|    1|     ap_fifo|     C_stream_2_0|       pointer|
|C_stream_2_1_dout              |   in|   32|     ap_fifo|     C_stream_2_1|       pointer|
|C_stream_2_1_num_data_valid    |   in|    7|     ap_fifo|     C_stream_2_1|       pointer|
|C_stream_2_1_fifo_cap          |   in|    7|     ap_fifo|     C_stream_2_1|       pointer|
|C_stream_2_1_empty_n           |   in|    1|     ap_fifo|     C_stream_2_1|       pointer|
|C_stream_2_1_read              |  out|    1|     ap_fifo|     C_stream_2_1|       pointer|
|C_stream_2_2_dout              |   in|   32|     ap_fifo|     C_stream_2_2|       pointer|
|C_stream_2_2_num_data_valid    |   in|    7|     ap_fifo|     C_stream_2_2|       pointer|
|C_stream_2_2_fifo_cap          |   in|    7|     ap_fifo|     C_stream_2_2|       pointer|
|C_stream_2_2_empty_n           |   in|    1|     ap_fifo|     C_stream_2_2|       pointer|
|C_stream_2_2_read              |  out|    1|     ap_fifo|     C_stream_2_2|       pointer|
|C_stream_2_3_dout              |   in|   32|     ap_fifo|     C_stream_2_3|       pointer|
|C_stream_2_3_num_data_valid    |   in|    7|     ap_fifo|     C_stream_2_3|       pointer|
|C_stream_2_3_fifo_cap          |   in|    7|     ap_fifo|     C_stream_2_3|       pointer|
|C_stream_2_3_empty_n           |   in|    1|     ap_fifo|     C_stream_2_3|       pointer|
|C_stream_2_3_read              |  out|    1|     ap_fifo|     C_stream_2_3|       pointer|
|C_stream_2_4_dout              |   in|   32|     ap_fifo|     C_stream_2_4|       pointer|
|C_stream_2_4_num_data_valid    |   in|    7|     ap_fifo|     C_stream_2_4|       pointer|
|C_stream_2_4_fifo_cap          |   in|    7|     ap_fifo|     C_stream_2_4|       pointer|
|C_stream_2_4_empty_n           |   in|    1|     ap_fifo|     C_stream_2_4|       pointer|
|C_stream_2_4_read              |  out|    1|     ap_fifo|     C_stream_2_4|       pointer|
|C_stream_2_5_dout              |   in|   32|     ap_fifo|     C_stream_2_5|       pointer|
|C_stream_2_5_num_data_valid    |   in|    7|     ap_fifo|     C_stream_2_5|       pointer|
|C_stream_2_5_fifo_cap          |   in|    7|     ap_fifo|     C_stream_2_5|       pointer|
|C_stream_2_5_empty_n           |   in|    1|     ap_fifo|     C_stream_2_5|       pointer|
|C_stream_2_5_read              |  out|    1|     ap_fifo|     C_stream_2_5|       pointer|
|C_stream_2_6_dout              |   in|   32|     ap_fifo|     C_stream_2_6|       pointer|
|C_stream_2_6_num_data_valid    |   in|    7|     ap_fifo|     C_stream_2_6|       pointer|
|C_stream_2_6_fifo_cap          |   in|    7|     ap_fifo|     C_stream_2_6|       pointer|
|C_stream_2_6_empty_n           |   in|    1|     ap_fifo|     C_stream_2_6|       pointer|
|C_stream_2_6_read              |  out|    1|     ap_fifo|     C_stream_2_6|       pointer|
|C_stream_2_7_dout              |   in|   32|     ap_fifo|     C_stream_2_7|       pointer|
|C_stream_2_7_num_data_valid    |   in|    7|     ap_fifo|     C_stream_2_7|       pointer|
|C_stream_2_7_fifo_cap          |   in|    7|     ap_fifo|     C_stream_2_7|       pointer|
|C_stream_2_7_empty_n           |   in|    1|     ap_fifo|     C_stream_2_7|       pointer|
|C_stream_2_7_read              |  out|    1|     ap_fifo|     C_stream_2_7|       pointer|
|C_stream_2_8_dout              |   in|   32|     ap_fifo|     C_stream_2_8|       pointer|
|C_stream_2_8_num_data_valid    |   in|    7|     ap_fifo|     C_stream_2_8|       pointer|
|C_stream_2_8_fifo_cap          |   in|    7|     ap_fifo|     C_stream_2_8|       pointer|
|C_stream_2_8_empty_n           |   in|    1|     ap_fifo|     C_stream_2_8|       pointer|
|C_stream_2_8_read              |  out|    1|     ap_fifo|     C_stream_2_8|       pointer|
|C_stream_2_9_dout              |   in|   32|     ap_fifo|     C_stream_2_9|       pointer|
|C_stream_2_9_num_data_valid    |   in|    7|     ap_fifo|     C_stream_2_9|       pointer|
|C_stream_2_9_fifo_cap          |   in|    7|     ap_fifo|     C_stream_2_9|       pointer|
|C_stream_2_9_empty_n           |   in|    1|     ap_fifo|     C_stream_2_9|       pointer|
|C_stream_2_9_read              |  out|    1|     ap_fifo|     C_stream_2_9|       pointer|
|C_stream_2_10_dout             |   in|   32|     ap_fifo|    C_stream_2_10|       pointer|
|C_stream_2_10_num_data_valid   |   in|    7|     ap_fifo|    C_stream_2_10|       pointer|
|C_stream_2_10_fifo_cap         |   in|    7|     ap_fifo|    C_stream_2_10|       pointer|
|C_stream_2_10_empty_n          |   in|    1|     ap_fifo|    C_stream_2_10|       pointer|
|C_stream_2_10_read             |  out|    1|     ap_fifo|    C_stream_2_10|       pointer|
|C_stream_2_11_dout             |   in|   32|     ap_fifo|    C_stream_2_11|       pointer|
|C_stream_2_11_num_data_valid   |   in|    7|     ap_fifo|    C_stream_2_11|       pointer|
|C_stream_2_11_fifo_cap         |   in|    7|     ap_fifo|    C_stream_2_11|       pointer|
|C_stream_2_11_empty_n          |   in|    1|     ap_fifo|    C_stream_2_11|       pointer|
|C_stream_2_11_read             |  out|    1|     ap_fifo|    C_stream_2_11|       pointer|
|C_stream_2_12_dout             |   in|   32|     ap_fifo|    C_stream_2_12|       pointer|
|C_stream_2_12_num_data_valid   |   in|    7|     ap_fifo|    C_stream_2_12|       pointer|
|C_stream_2_12_fifo_cap         |   in|    7|     ap_fifo|    C_stream_2_12|       pointer|
|C_stream_2_12_empty_n          |   in|    1|     ap_fifo|    C_stream_2_12|       pointer|
|C_stream_2_12_read             |  out|    1|     ap_fifo|    C_stream_2_12|       pointer|
|C_stream_2_13_dout             |   in|   32|     ap_fifo|    C_stream_2_13|       pointer|
|C_stream_2_13_num_data_valid   |   in|    7|     ap_fifo|    C_stream_2_13|       pointer|
|C_stream_2_13_fifo_cap         |   in|    7|     ap_fifo|    C_stream_2_13|       pointer|
|C_stream_2_13_empty_n          |   in|    1|     ap_fifo|    C_stream_2_13|       pointer|
|C_stream_2_13_read             |  out|    1|     ap_fifo|    C_stream_2_13|       pointer|
|C_stream_2_14_dout             |   in|   32|     ap_fifo|    C_stream_2_14|       pointer|
|C_stream_2_14_num_data_valid   |   in|    7|     ap_fifo|    C_stream_2_14|       pointer|
|C_stream_2_14_fifo_cap         |   in|    7|     ap_fifo|    C_stream_2_14|       pointer|
|C_stream_2_14_empty_n          |   in|    1|     ap_fifo|    C_stream_2_14|       pointer|
|C_stream_2_14_read             |  out|    1|     ap_fifo|    C_stream_2_14|       pointer|
|C_stream_2_15_dout             |   in|   32|     ap_fifo|    C_stream_2_15|       pointer|
|C_stream_2_15_num_data_valid   |   in|    7|     ap_fifo|    C_stream_2_15|       pointer|
|C_stream_2_15_fifo_cap         |   in|    7|     ap_fifo|    C_stream_2_15|       pointer|
|C_stream_2_15_empty_n          |   in|    1|     ap_fifo|    C_stream_2_15|       pointer|
|C_stream_2_15_read             |  out|    1|     ap_fifo|    C_stream_2_15|       pointer|
|C_stream_1_0_dout              |   in|   32|     ap_fifo|     C_stream_1_0|       pointer|
|C_stream_1_0_num_data_valid    |   in|    7|     ap_fifo|     C_stream_1_0|       pointer|
|C_stream_1_0_fifo_cap          |   in|    7|     ap_fifo|     C_stream_1_0|       pointer|
|C_stream_1_0_empty_n           |   in|    1|     ap_fifo|     C_stream_1_0|       pointer|
|C_stream_1_0_read              |  out|    1|     ap_fifo|     C_stream_1_0|       pointer|
|C_stream_1_1_dout              |   in|   32|     ap_fifo|     C_stream_1_1|       pointer|
|C_stream_1_1_num_data_valid    |   in|    7|     ap_fifo|     C_stream_1_1|       pointer|
|C_stream_1_1_fifo_cap          |   in|    7|     ap_fifo|     C_stream_1_1|       pointer|
|C_stream_1_1_empty_n           |   in|    1|     ap_fifo|     C_stream_1_1|       pointer|
|C_stream_1_1_read              |  out|    1|     ap_fifo|     C_stream_1_1|       pointer|
|C_stream_1_2_dout              |   in|   32|     ap_fifo|     C_stream_1_2|       pointer|
|C_stream_1_2_num_data_valid    |   in|    7|     ap_fifo|     C_stream_1_2|       pointer|
|C_stream_1_2_fifo_cap          |   in|    7|     ap_fifo|     C_stream_1_2|       pointer|
|C_stream_1_2_empty_n           |   in|    1|     ap_fifo|     C_stream_1_2|       pointer|
|C_stream_1_2_read              |  out|    1|     ap_fifo|     C_stream_1_2|       pointer|
|C_stream_1_3_dout              |   in|   32|     ap_fifo|     C_stream_1_3|       pointer|
|C_stream_1_3_num_data_valid    |   in|    7|     ap_fifo|     C_stream_1_3|       pointer|
|C_stream_1_3_fifo_cap          |   in|    7|     ap_fifo|     C_stream_1_3|       pointer|
|C_stream_1_3_empty_n           |   in|    1|     ap_fifo|     C_stream_1_3|       pointer|
|C_stream_1_3_read              |  out|    1|     ap_fifo|     C_stream_1_3|       pointer|
|C_stream_1_4_dout              |   in|   32|     ap_fifo|     C_stream_1_4|       pointer|
|C_stream_1_4_num_data_valid    |   in|    7|     ap_fifo|     C_stream_1_4|       pointer|
|C_stream_1_4_fifo_cap          |   in|    7|     ap_fifo|     C_stream_1_4|       pointer|
|C_stream_1_4_empty_n           |   in|    1|     ap_fifo|     C_stream_1_4|       pointer|
|C_stream_1_4_read              |  out|    1|     ap_fifo|     C_stream_1_4|       pointer|
|C_stream_1_5_dout              |   in|   32|     ap_fifo|     C_stream_1_5|       pointer|
|C_stream_1_5_num_data_valid    |   in|    7|     ap_fifo|     C_stream_1_5|       pointer|
|C_stream_1_5_fifo_cap          |   in|    7|     ap_fifo|     C_stream_1_5|       pointer|
|C_stream_1_5_empty_n           |   in|    1|     ap_fifo|     C_stream_1_5|       pointer|
|C_stream_1_5_read              |  out|    1|     ap_fifo|     C_stream_1_5|       pointer|
|C_stream_1_6_dout              |   in|   32|     ap_fifo|     C_stream_1_6|       pointer|
|C_stream_1_6_num_data_valid    |   in|    7|     ap_fifo|     C_stream_1_6|       pointer|
|C_stream_1_6_fifo_cap          |   in|    7|     ap_fifo|     C_stream_1_6|       pointer|
|C_stream_1_6_empty_n           |   in|    1|     ap_fifo|     C_stream_1_6|       pointer|
|C_stream_1_6_read              |  out|    1|     ap_fifo|     C_stream_1_6|       pointer|
|C_stream_1_7_dout              |   in|   32|     ap_fifo|     C_stream_1_7|       pointer|
|C_stream_1_7_num_data_valid    |   in|    7|     ap_fifo|     C_stream_1_7|       pointer|
|C_stream_1_7_fifo_cap          |   in|    7|     ap_fifo|     C_stream_1_7|       pointer|
|C_stream_1_7_empty_n           |   in|    1|     ap_fifo|     C_stream_1_7|       pointer|
|C_stream_1_7_read              |  out|    1|     ap_fifo|     C_stream_1_7|       pointer|
|C_stream_1_8_dout              |   in|   32|     ap_fifo|     C_stream_1_8|       pointer|
|C_stream_1_8_num_data_valid    |   in|    7|     ap_fifo|     C_stream_1_8|       pointer|
|C_stream_1_8_fifo_cap          |   in|    7|     ap_fifo|     C_stream_1_8|       pointer|
|C_stream_1_8_empty_n           |   in|    1|     ap_fifo|     C_stream_1_8|       pointer|
|C_stream_1_8_read              |  out|    1|     ap_fifo|     C_stream_1_8|       pointer|
|C_stream_1_9_dout              |   in|   32|     ap_fifo|     C_stream_1_9|       pointer|
|C_stream_1_9_num_data_valid    |   in|    7|     ap_fifo|     C_stream_1_9|       pointer|
|C_stream_1_9_fifo_cap          |   in|    7|     ap_fifo|     C_stream_1_9|       pointer|
|C_stream_1_9_empty_n           |   in|    1|     ap_fifo|     C_stream_1_9|       pointer|
|C_stream_1_9_read              |  out|    1|     ap_fifo|     C_stream_1_9|       pointer|
|C_stream_1_10_dout             |   in|   32|     ap_fifo|    C_stream_1_10|       pointer|
|C_stream_1_10_num_data_valid   |   in|    7|     ap_fifo|    C_stream_1_10|       pointer|
|C_stream_1_10_fifo_cap         |   in|    7|     ap_fifo|    C_stream_1_10|       pointer|
|C_stream_1_10_empty_n          |   in|    1|     ap_fifo|    C_stream_1_10|       pointer|
|C_stream_1_10_read             |  out|    1|     ap_fifo|    C_stream_1_10|       pointer|
|C_stream_1_11_dout             |   in|   32|     ap_fifo|    C_stream_1_11|       pointer|
|C_stream_1_11_num_data_valid   |   in|    7|     ap_fifo|    C_stream_1_11|       pointer|
|C_stream_1_11_fifo_cap         |   in|    7|     ap_fifo|    C_stream_1_11|       pointer|
|C_stream_1_11_empty_n          |   in|    1|     ap_fifo|    C_stream_1_11|       pointer|
|C_stream_1_11_read             |  out|    1|     ap_fifo|    C_stream_1_11|       pointer|
|C_stream_1_12_dout             |   in|   32|     ap_fifo|    C_stream_1_12|       pointer|
|C_stream_1_12_num_data_valid   |   in|    7|     ap_fifo|    C_stream_1_12|       pointer|
|C_stream_1_12_fifo_cap         |   in|    7|     ap_fifo|    C_stream_1_12|       pointer|
|C_stream_1_12_empty_n          |   in|    1|     ap_fifo|    C_stream_1_12|       pointer|
|C_stream_1_12_read             |  out|    1|     ap_fifo|    C_stream_1_12|       pointer|
|C_stream_1_13_dout             |   in|   32|     ap_fifo|    C_stream_1_13|       pointer|
|C_stream_1_13_num_data_valid   |   in|    7|     ap_fifo|    C_stream_1_13|       pointer|
|C_stream_1_13_fifo_cap         |   in|    7|     ap_fifo|    C_stream_1_13|       pointer|
|C_stream_1_13_empty_n          |   in|    1|     ap_fifo|    C_stream_1_13|       pointer|
|C_stream_1_13_read             |  out|    1|     ap_fifo|    C_stream_1_13|       pointer|
|C_stream_1_14_dout             |   in|   32|     ap_fifo|    C_stream_1_14|       pointer|
|C_stream_1_14_num_data_valid   |   in|    7|     ap_fifo|    C_stream_1_14|       pointer|
|C_stream_1_14_fifo_cap         |   in|    7|     ap_fifo|    C_stream_1_14|       pointer|
|C_stream_1_14_empty_n          |   in|    1|     ap_fifo|    C_stream_1_14|       pointer|
|C_stream_1_14_read             |  out|    1|     ap_fifo|    C_stream_1_14|       pointer|
|C_stream_1_15_dout             |   in|   32|     ap_fifo|    C_stream_1_15|       pointer|
|C_stream_1_15_num_data_valid   |   in|    7|     ap_fifo|    C_stream_1_15|       pointer|
|C_stream_1_15_fifo_cap         |   in|    7|     ap_fifo|    C_stream_1_15|       pointer|
|C_stream_1_15_empty_n          |   in|    1|     ap_fifo|    C_stream_1_15|       pointer|
|C_stream_1_15_read             |  out|    1|     ap_fifo|    C_stream_1_15|       pointer|
|C_stream_0_0_dout              |   in|   32|     ap_fifo|     C_stream_0_0|       pointer|
|C_stream_0_0_num_data_valid    |   in|    7|     ap_fifo|     C_stream_0_0|       pointer|
|C_stream_0_0_fifo_cap          |   in|    7|     ap_fifo|     C_stream_0_0|       pointer|
|C_stream_0_0_empty_n           |   in|    1|     ap_fifo|     C_stream_0_0|       pointer|
|C_stream_0_0_read              |  out|    1|     ap_fifo|     C_stream_0_0|       pointer|
|C_stream_0_1_dout              |   in|   32|     ap_fifo|     C_stream_0_1|       pointer|
|C_stream_0_1_num_data_valid    |   in|    7|     ap_fifo|     C_stream_0_1|       pointer|
|C_stream_0_1_fifo_cap          |   in|    7|     ap_fifo|     C_stream_0_1|       pointer|
|C_stream_0_1_empty_n           |   in|    1|     ap_fifo|     C_stream_0_1|       pointer|
|C_stream_0_1_read              |  out|    1|     ap_fifo|     C_stream_0_1|       pointer|
|C_stream_0_2_dout              |   in|   32|     ap_fifo|     C_stream_0_2|       pointer|
|C_stream_0_2_num_data_valid    |   in|    7|     ap_fifo|     C_stream_0_2|       pointer|
|C_stream_0_2_fifo_cap          |   in|    7|     ap_fifo|     C_stream_0_2|       pointer|
|C_stream_0_2_empty_n           |   in|    1|     ap_fifo|     C_stream_0_2|       pointer|
|C_stream_0_2_read              |  out|    1|     ap_fifo|     C_stream_0_2|       pointer|
|C_stream_0_3_dout              |   in|   32|     ap_fifo|     C_stream_0_3|       pointer|
|C_stream_0_3_num_data_valid    |   in|    7|     ap_fifo|     C_stream_0_3|       pointer|
|C_stream_0_3_fifo_cap          |   in|    7|     ap_fifo|     C_stream_0_3|       pointer|
|C_stream_0_3_empty_n           |   in|    1|     ap_fifo|     C_stream_0_3|       pointer|
|C_stream_0_3_read              |  out|    1|     ap_fifo|     C_stream_0_3|       pointer|
|C_stream_0_4_dout              |   in|   32|     ap_fifo|     C_stream_0_4|       pointer|
|C_stream_0_4_num_data_valid    |   in|    7|     ap_fifo|     C_stream_0_4|       pointer|
|C_stream_0_4_fifo_cap          |   in|    7|     ap_fifo|     C_stream_0_4|       pointer|
|C_stream_0_4_empty_n           |   in|    1|     ap_fifo|     C_stream_0_4|       pointer|
|C_stream_0_4_read              |  out|    1|     ap_fifo|     C_stream_0_4|       pointer|
|C_stream_0_5_dout              |   in|   32|     ap_fifo|     C_stream_0_5|       pointer|
|C_stream_0_5_num_data_valid    |   in|    7|     ap_fifo|     C_stream_0_5|       pointer|
|C_stream_0_5_fifo_cap          |   in|    7|     ap_fifo|     C_stream_0_5|       pointer|
|C_stream_0_5_empty_n           |   in|    1|     ap_fifo|     C_stream_0_5|       pointer|
|C_stream_0_5_read              |  out|    1|     ap_fifo|     C_stream_0_5|       pointer|
|C_stream_0_6_dout              |   in|   32|     ap_fifo|     C_stream_0_6|       pointer|
|C_stream_0_6_num_data_valid    |   in|    7|     ap_fifo|     C_stream_0_6|       pointer|
|C_stream_0_6_fifo_cap          |   in|    7|     ap_fifo|     C_stream_0_6|       pointer|
|C_stream_0_6_empty_n           |   in|    1|     ap_fifo|     C_stream_0_6|       pointer|
|C_stream_0_6_read              |  out|    1|     ap_fifo|     C_stream_0_6|       pointer|
|C_stream_0_7_dout              |   in|   32|     ap_fifo|     C_stream_0_7|       pointer|
|C_stream_0_7_num_data_valid    |   in|    7|     ap_fifo|     C_stream_0_7|       pointer|
|C_stream_0_7_fifo_cap          |   in|    7|     ap_fifo|     C_stream_0_7|       pointer|
|C_stream_0_7_empty_n           |   in|    1|     ap_fifo|     C_stream_0_7|       pointer|
|C_stream_0_7_read              |  out|    1|     ap_fifo|     C_stream_0_7|       pointer|
|C_stream_0_8_dout              |   in|   32|     ap_fifo|     C_stream_0_8|       pointer|
|C_stream_0_8_num_data_valid    |   in|    7|     ap_fifo|     C_stream_0_8|       pointer|
|C_stream_0_8_fifo_cap          |   in|    7|     ap_fifo|     C_stream_0_8|       pointer|
|C_stream_0_8_empty_n           |   in|    1|     ap_fifo|     C_stream_0_8|       pointer|
|C_stream_0_8_read              |  out|    1|     ap_fifo|     C_stream_0_8|       pointer|
|C_stream_0_9_dout              |   in|   32|     ap_fifo|     C_stream_0_9|       pointer|
|C_stream_0_9_num_data_valid    |   in|    7|     ap_fifo|     C_stream_0_9|       pointer|
|C_stream_0_9_fifo_cap          |   in|    7|     ap_fifo|     C_stream_0_9|       pointer|
|C_stream_0_9_empty_n           |   in|    1|     ap_fifo|     C_stream_0_9|       pointer|
|C_stream_0_9_read              |  out|    1|     ap_fifo|     C_stream_0_9|       pointer|
|C_stream_0_10_dout             |   in|   32|     ap_fifo|    C_stream_0_10|       pointer|
|C_stream_0_10_num_data_valid   |   in|    7|     ap_fifo|    C_stream_0_10|       pointer|
|C_stream_0_10_fifo_cap         |   in|    7|     ap_fifo|    C_stream_0_10|       pointer|
|C_stream_0_10_empty_n          |   in|    1|     ap_fifo|    C_stream_0_10|       pointer|
|C_stream_0_10_read             |  out|    1|     ap_fifo|    C_stream_0_10|       pointer|
|C_stream_0_11_dout             |   in|   32|     ap_fifo|    C_stream_0_11|       pointer|
|C_stream_0_11_num_data_valid   |   in|    7|     ap_fifo|    C_stream_0_11|       pointer|
|C_stream_0_11_fifo_cap         |   in|    7|     ap_fifo|    C_stream_0_11|       pointer|
|C_stream_0_11_empty_n          |   in|    1|     ap_fifo|    C_stream_0_11|       pointer|
|C_stream_0_11_read             |  out|    1|     ap_fifo|    C_stream_0_11|       pointer|
|C_stream_0_12_dout             |   in|   32|     ap_fifo|    C_stream_0_12|       pointer|
|C_stream_0_12_num_data_valid   |   in|    7|     ap_fifo|    C_stream_0_12|       pointer|
|C_stream_0_12_fifo_cap         |   in|    7|     ap_fifo|    C_stream_0_12|       pointer|
|C_stream_0_12_empty_n          |   in|    1|     ap_fifo|    C_stream_0_12|       pointer|
|C_stream_0_12_read             |  out|    1|     ap_fifo|    C_stream_0_12|       pointer|
|C_stream_0_13_dout             |   in|   32|     ap_fifo|    C_stream_0_13|       pointer|
|C_stream_0_13_num_data_valid   |   in|    7|     ap_fifo|    C_stream_0_13|       pointer|
|C_stream_0_13_fifo_cap         |   in|    7|     ap_fifo|    C_stream_0_13|       pointer|
|C_stream_0_13_empty_n          |   in|    1|     ap_fifo|    C_stream_0_13|       pointer|
|C_stream_0_13_read             |  out|    1|     ap_fifo|    C_stream_0_13|       pointer|
|C_stream_0_14_dout             |   in|   32|     ap_fifo|    C_stream_0_14|       pointer|
|C_stream_0_14_num_data_valid   |   in|    7|     ap_fifo|    C_stream_0_14|       pointer|
|C_stream_0_14_fifo_cap         |   in|    7|     ap_fifo|    C_stream_0_14|       pointer|
|C_stream_0_14_empty_n          |   in|    1|     ap_fifo|    C_stream_0_14|       pointer|
|C_stream_0_14_read             |  out|    1|     ap_fifo|    C_stream_0_14|       pointer|
|C_stream_0_15_dout             |   in|   32|     ap_fifo|    C_stream_0_15|       pointer|
|C_stream_0_15_num_data_valid   |   in|    7|     ap_fifo|    C_stream_0_15|       pointer|
|C_stream_0_15_fifo_cap         |   in|    7|     ap_fifo|    C_stream_0_15|       pointer|
|C_stream_0_15_empty_n          |   in|    1|     ap_fifo|    C_stream_0_15|       pointer|
|C_stream_0_15_read             |  out|    1|     ap_fifo|    C_stream_0_15|       pointer|
|C_stream_15_0_dout             |   in|   32|     ap_fifo|    C_stream_15_0|       pointer|
|C_stream_15_0_num_data_valid   |   in|    7|     ap_fifo|    C_stream_15_0|       pointer|
|C_stream_15_0_fifo_cap         |   in|    7|     ap_fifo|    C_stream_15_0|       pointer|
|C_stream_15_0_empty_n          |   in|    1|     ap_fifo|    C_stream_15_0|       pointer|
|C_stream_15_0_read             |  out|    1|     ap_fifo|    C_stream_15_0|       pointer|
|C_stream_15_1_dout             |   in|   32|     ap_fifo|    C_stream_15_1|       pointer|
|C_stream_15_1_num_data_valid   |   in|    7|     ap_fifo|    C_stream_15_1|       pointer|
|C_stream_15_1_fifo_cap         |   in|    7|     ap_fifo|    C_stream_15_1|       pointer|
|C_stream_15_1_empty_n          |   in|    1|     ap_fifo|    C_stream_15_1|       pointer|
|C_stream_15_1_read             |  out|    1|     ap_fifo|    C_stream_15_1|       pointer|
|C_stream_15_2_dout             |   in|   32|     ap_fifo|    C_stream_15_2|       pointer|
|C_stream_15_2_num_data_valid   |   in|    7|     ap_fifo|    C_stream_15_2|       pointer|
|C_stream_15_2_fifo_cap         |   in|    7|     ap_fifo|    C_stream_15_2|       pointer|
|C_stream_15_2_empty_n          |   in|    1|     ap_fifo|    C_stream_15_2|       pointer|
|C_stream_15_2_read             |  out|    1|     ap_fifo|    C_stream_15_2|       pointer|
|C_stream_15_3_dout             |   in|   32|     ap_fifo|    C_stream_15_3|       pointer|
|C_stream_15_3_num_data_valid   |   in|    7|     ap_fifo|    C_stream_15_3|       pointer|
|C_stream_15_3_fifo_cap         |   in|    7|     ap_fifo|    C_stream_15_3|       pointer|
|C_stream_15_3_empty_n          |   in|    1|     ap_fifo|    C_stream_15_3|       pointer|
|C_stream_15_3_read             |  out|    1|     ap_fifo|    C_stream_15_3|       pointer|
|C_stream_15_4_dout             |   in|   32|     ap_fifo|    C_stream_15_4|       pointer|
|C_stream_15_4_num_data_valid   |   in|    7|     ap_fifo|    C_stream_15_4|       pointer|
|C_stream_15_4_fifo_cap         |   in|    7|     ap_fifo|    C_stream_15_4|       pointer|
|C_stream_15_4_empty_n          |   in|    1|     ap_fifo|    C_stream_15_4|       pointer|
|C_stream_15_4_read             |  out|    1|     ap_fifo|    C_stream_15_4|       pointer|
|C_stream_15_5_dout             |   in|   32|     ap_fifo|    C_stream_15_5|       pointer|
|C_stream_15_5_num_data_valid   |   in|    7|     ap_fifo|    C_stream_15_5|       pointer|
|C_stream_15_5_fifo_cap         |   in|    7|     ap_fifo|    C_stream_15_5|       pointer|
|C_stream_15_5_empty_n          |   in|    1|     ap_fifo|    C_stream_15_5|       pointer|
|C_stream_15_5_read             |  out|    1|     ap_fifo|    C_stream_15_5|       pointer|
|C_stream_15_6_dout             |   in|   32|     ap_fifo|    C_stream_15_6|       pointer|
|C_stream_15_6_num_data_valid   |   in|    7|     ap_fifo|    C_stream_15_6|       pointer|
|C_stream_15_6_fifo_cap         |   in|    7|     ap_fifo|    C_stream_15_6|       pointer|
|C_stream_15_6_empty_n          |   in|    1|     ap_fifo|    C_stream_15_6|       pointer|
|C_stream_15_6_read             |  out|    1|     ap_fifo|    C_stream_15_6|       pointer|
|C_stream_15_7_dout             |   in|   32|     ap_fifo|    C_stream_15_7|       pointer|
|C_stream_15_7_num_data_valid   |   in|    7|     ap_fifo|    C_stream_15_7|       pointer|
|C_stream_15_7_fifo_cap         |   in|    7|     ap_fifo|    C_stream_15_7|       pointer|
|C_stream_15_7_empty_n          |   in|    1|     ap_fifo|    C_stream_15_7|       pointer|
|C_stream_15_7_read             |  out|    1|     ap_fifo|    C_stream_15_7|       pointer|
|C_stream_15_8_dout             |   in|   32|     ap_fifo|    C_stream_15_8|       pointer|
|C_stream_15_8_num_data_valid   |   in|    7|     ap_fifo|    C_stream_15_8|       pointer|
|C_stream_15_8_fifo_cap         |   in|    7|     ap_fifo|    C_stream_15_8|       pointer|
|C_stream_15_8_empty_n          |   in|    1|     ap_fifo|    C_stream_15_8|       pointer|
|C_stream_15_8_read             |  out|    1|     ap_fifo|    C_stream_15_8|       pointer|
|C_stream_15_9_dout             |   in|   32|     ap_fifo|    C_stream_15_9|       pointer|
|C_stream_15_9_num_data_valid   |   in|    7|     ap_fifo|    C_stream_15_9|       pointer|
|C_stream_15_9_fifo_cap         |   in|    7|     ap_fifo|    C_stream_15_9|       pointer|
|C_stream_15_9_empty_n          |   in|    1|     ap_fifo|    C_stream_15_9|       pointer|
|C_stream_15_9_read             |  out|    1|     ap_fifo|    C_stream_15_9|       pointer|
|C_stream_15_10_dout            |   in|   32|     ap_fifo|   C_stream_15_10|       pointer|
|C_stream_15_10_num_data_valid  |   in|    7|     ap_fifo|   C_stream_15_10|       pointer|
|C_stream_15_10_fifo_cap        |   in|    7|     ap_fifo|   C_stream_15_10|       pointer|
|C_stream_15_10_empty_n         |   in|    1|     ap_fifo|   C_stream_15_10|       pointer|
|C_stream_15_10_read            |  out|    1|     ap_fifo|   C_stream_15_10|       pointer|
|C_stream_15_11_dout            |   in|   32|     ap_fifo|   C_stream_15_11|       pointer|
|C_stream_15_11_num_data_valid  |   in|    7|     ap_fifo|   C_stream_15_11|       pointer|
|C_stream_15_11_fifo_cap        |   in|    7|     ap_fifo|   C_stream_15_11|       pointer|
|C_stream_15_11_empty_n         |   in|    1|     ap_fifo|   C_stream_15_11|       pointer|
|C_stream_15_11_read            |  out|    1|     ap_fifo|   C_stream_15_11|       pointer|
|C_stream_15_12_dout            |   in|   32|     ap_fifo|   C_stream_15_12|       pointer|
|C_stream_15_12_num_data_valid  |   in|    7|     ap_fifo|   C_stream_15_12|       pointer|
|C_stream_15_12_fifo_cap        |   in|    7|     ap_fifo|   C_stream_15_12|       pointer|
|C_stream_15_12_empty_n         |   in|    1|     ap_fifo|   C_stream_15_12|       pointer|
|C_stream_15_12_read            |  out|    1|     ap_fifo|   C_stream_15_12|       pointer|
|C_stream_15_13_dout            |   in|   32|     ap_fifo|   C_stream_15_13|       pointer|
|C_stream_15_13_num_data_valid  |   in|    7|     ap_fifo|   C_stream_15_13|       pointer|
|C_stream_15_13_fifo_cap        |   in|    7|     ap_fifo|   C_stream_15_13|       pointer|
|C_stream_15_13_empty_n         |   in|    1|     ap_fifo|   C_stream_15_13|       pointer|
|C_stream_15_13_read            |  out|    1|     ap_fifo|   C_stream_15_13|       pointer|
|C_stream_15_14_dout            |   in|   32|     ap_fifo|   C_stream_15_14|       pointer|
|C_stream_15_14_num_data_valid  |   in|    7|     ap_fifo|   C_stream_15_14|       pointer|
|C_stream_15_14_fifo_cap        |   in|    7|     ap_fifo|   C_stream_15_14|       pointer|
|C_stream_15_14_empty_n         |   in|    1|     ap_fifo|   C_stream_15_14|       pointer|
|C_stream_15_14_read            |  out|    1|     ap_fifo|   C_stream_15_14|       pointer|
|C_stream_15_15_dout            |   in|   32|     ap_fifo|   C_stream_15_15|       pointer|
|C_stream_15_15_num_data_valid  |   in|    7|     ap_fifo|   C_stream_15_15|       pointer|
|C_stream_15_15_fifo_cap        |   in|    7|     ap_fifo|   C_stream_15_15|       pointer|
|C_stream_15_15_empty_n         |   in|    1|     ap_fifo|   C_stream_15_15|       pointer|
|C_stream_15_15_read            |  out|    1|     ap_fifo|   C_stream_15_15|       pointer|
|C_out_6_6_din                  |  out|  512|     ap_fifo|        C_out_6_6|       pointer|
|C_out_6_6_num_data_valid       |   in|    5|     ap_fifo|        C_out_6_6|       pointer|
|C_out_6_6_fifo_cap             |   in|    5|     ap_fifo|        C_out_6_6|       pointer|
|C_out_6_6_full_n               |   in|    1|     ap_fifo|        C_out_6_6|       pointer|
|C_out_6_6_write                |  out|    1|     ap_fifo|        C_out_6_6|       pointer|
+-------------------------------+-----+-----+------------+-----------------+--------------+

