

================================================================
== Vitis HLS Report for 'stream_to_C_Buf_130160'
================================================================
* Date:           Fri Jul 24 12:49:40 2026

* Version:        2023.2 (Build 4023990 on Oct 11 2023)
* Project:        hls_project
* Solution:       gemm2 (Vitis Kernel Flow Target)
* Product family: versalaicore
* Target device:  xcvc1902-vsva2197-2MP-e-S


================================================================
== Performance Estimates
================================================================
+ Timing: 
    * Summary: 
    +--------+---------+----------+------------+
    |  Clock |  Target | Estimated| Uncertainty|
    +--------+---------+----------+------------+
    |ap_clk  |  3.33 ns|  1.382 ns|     0.90 ns|
    +--------+---------+----------+------------+

+ Latency: 
    * Summary: 
    +---------+---------+----------+----------+-----+-----+---------+
    |  Latency (cycles) |  Latency (absolute) |  Interval | Pipeline|
    |   min   |   max   |    min   |    max   | min | max |   Type  |
    +---------+---------+----------+----------+-----+-----+---------+
    |        0|        0|      0 ns|      0 ns|    0|    0|       no|
    +---------+---------+----------+----------+-----+-----+---------+

    + Detail: 
        * Instance: 
        N/A

        * Loop: 
        N/A



================================================================
== Utilization Estimates
================================================================
* Summary: 
+-----------------+---------+------+---------+--------+-----+
|       Name      | BRAM_18K|  DSP |    FF   |   LUT  | URAM|
+-----------------+---------+------+---------+--------+-----+
|DSP              |        -|     -|        -|       -|    -|
|Expression       |        -|     -|        0|       2|    -|
|FIFO             |        -|     -|        -|       -|    -|
|Instance         |        -|     -|        -|       -|    -|
|Memory           |        -|     -|        -|       -|    -|
|Multiplexer      |        -|     -|        -|    8324|    -|
|Register         |        -|     -|     8194|       -|    -|
+-----------------+---------+------+---------+--------+-----+
|Total            |        0|     0|     8194|    8326|    0|
+-----------------+---------+------+---------+--------+-----+
|Available        |     1934|  1968|  1799680|  899840|  463|
+-----------------+---------+------+---------+--------+-----+
|Utilization (%)  |        0|     0|       ~0|      ~0|    0|
+-----------------+---------+------+---------+--------+-----+

+ Detail: 
    * Instance: 
    N/A

    * DSP: 
    N/A

    * Memory: 
    N/A

    * FIFO: 
    N/A

    * Expression: 
    +-----------------+----------+----+---+----+------------+------------+
    |  Variable Name  | Operation| DSP| FF| LUT| Bitwidth P0| Bitwidth P1|
    +-----------------+----------+----+---+----+------------+------------+
    |ap_block_state1  |        or|   0|  0|   2|           1|           1|
    +-----------------+----------+----+---+----+------------+------------+
    |Total            |          |   0|  0|   2|           1|           1|
    +-----------------+----------+----+---+----+------------+------------+

    * Multiplexer: 
    +---------------------+----+-----------+-----+-----------+
    |         Name        | LUT| Input Size| Bits| Total Bits|
    +---------------------+----+-----------+-----+-----------+
    |C_BUF_0_1_0_0        |  32|          2|   32|         64|
    |C_BUF_0_1_0_1        |  32|          2|   32|         64|
    |C_BUF_0_1_0_2        |  32|          2|   32|         64|
    |C_BUF_0_1_0_3        |  32|          2|   32|         64|
    |C_BUF_0_1_0_4        |  32|          2|   32|         64|
    |C_BUF_0_1_0_5        |  32|          2|   32|         64|
    |C_BUF_0_1_0_6        |  32|          2|   32|         64|
    |C_BUF_0_1_0_7        |  32|          2|   32|         64|
    |C_BUF_0_1_1_0        |  32|          2|   32|         64|
    |C_BUF_0_1_1_1        |  32|          2|   32|         64|
    |C_BUF_0_1_1_2        |  32|          2|   32|         64|
    |C_BUF_0_1_1_3        |  32|          2|   32|         64|
    |C_BUF_0_1_1_4        |  32|          2|   32|         64|
    |C_BUF_0_1_1_5        |  32|          2|   32|         64|
    |C_BUF_0_1_1_6        |  32|          2|   32|         64|
    |C_BUF_0_1_1_7        |  32|          2|   32|         64|
    |C_BUF_0_1_2_0        |  32|          2|   32|         64|
    |C_BUF_0_1_2_1        |  32|          2|   32|         64|
    |C_BUF_0_1_2_2        |  32|          2|   32|         64|
    |C_BUF_0_1_2_3        |  32|          2|   32|         64|
    |C_BUF_0_1_2_4        |  32|          2|   32|         64|
    |C_BUF_0_1_2_5        |  32|          2|   32|         64|
    |C_BUF_0_1_2_6        |  32|          2|   32|         64|
    |C_BUF_0_1_2_7        |  32|          2|   32|         64|
    |C_BUF_0_1_3_0        |  32|          2|   32|         64|
    |C_BUF_0_1_3_1        |  32|          2|   32|         64|
    |C_BUF_0_1_3_2        |  32|          2|   32|         64|
    |C_BUF_0_1_3_3        |  32|          2|   32|         64|
    |C_BUF_0_1_3_4        |  32|          2|   32|         64|
    |C_BUF_0_1_3_5        |  32|          2|   32|         64|
    |C_BUF_0_1_3_6        |  32|          2|   32|         64|
    |C_BUF_0_1_3_7        |  32|          2|   32|         64|
    |C_BUF_0_1_4_0        |  32|          2|   32|         64|
    |C_BUF_0_1_4_1        |  32|          2|   32|         64|
    |C_BUF_0_1_4_2        |  32|          2|   32|         64|
    |C_BUF_0_1_4_3        |  32|          2|   32|         64|
    |C_BUF_0_1_4_4        |  32|          2|   32|         64|
    |C_BUF_0_1_4_5        |  32|          2|   32|         64|
    |C_BUF_0_1_4_6        |  32|          2|   32|         64|
    |C_BUF_0_1_4_7        |  32|          2|   32|         64|
    |C_BUF_0_1_5_0        |  32|          2|   32|         64|
    |C_BUF_0_1_5_1        |  32|          2|   32|         64|
    |C_BUF_0_1_5_2        |  32|          2|   32|         64|
    |C_BUF_0_1_5_3        |  32|          2|   32|         64|
    |C_BUF_0_1_5_4        |  32|          2|   32|         64|
    |C_BUF_0_1_5_5        |  32|          2|   32|         64|
    |C_BUF_0_1_5_6        |  32|          2|   32|         64|
    |C_BUF_0_1_5_7        |  32|          2|   32|         64|
    |C_BUF_0_1_6_0        |  32|          2|   32|         64|
    |C_BUF_0_1_6_1        |  32|          2|   32|         64|
    |C_BUF_0_1_6_2        |  32|          2|   32|         64|
    |C_BUF_0_1_6_3        |  32|          2|   32|         64|
    |C_BUF_0_1_6_4        |  32|          2|   32|         64|
    |C_BUF_0_1_6_5        |  32|          2|   32|         64|
    |C_BUF_0_1_6_6        |  32|          2|   32|         64|
    |C_BUF_0_1_6_7        |  32|          2|   32|         64|
    |C_BUF_0_1_7_0        |  32|          2|   32|         64|
    |C_BUF_0_1_7_1        |  32|          2|   32|         64|
    |C_BUF_0_1_7_2        |  32|          2|   32|         64|
    |C_BUF_0_1_7_3        |  32|          2|   32|         64|
    |C_BUF_0_1_7_4        |  32|          2|   32|         64|
    |C_BUF_0_1_7_5        |  32|          2|   32|         64|
    |C_BUF_0_1_7_6        |  32|          2|   32|         64|
    |C_BUF_0_1_7_7        |  32|          2|   32|         64|
    |C_BUF_1_1_0_0        |  32|          2|   32|         64|
    |C_BUF_1_1_0_1        |  32|          2|   32|         64|
    |C_BUF_1_1_0_2        |  32|          2|   32|         64|
    |C_BUF_1_1_0_3        |  32|          2|   32|         64|
    |C_BUF_1_1_0_4        |  32|          2|   32|         64|
    |C_BUF_1_1_0_5        |  32|          2|   32|         64|
    |C_BUF_1_1_0_6        |  32|          2|   32|         64|
    |C_BUF_1_1_0_7        |  32|          2|   32|         64|
    |C_BUF_1_1_1_0        |  32|          2|   32|         64|
    |C_BUF_1_1_1_1        |  32|          2|   32|         64|
    |C_BUF_1_1_1_2        |  32|          2|   32|         64|
    |C_BUF_1_1_1_3        |  32|          2|   32|         64|
    |C_BUF_1_1_1_4        |  32|          2|   32|         64|
    |C_BUF_1_1_1_5        |  32|          2|   32|         64|
    |C_BUF_1_1_1_6        |  32|          2|   32|         64|
    |C_BUF_1_1_1_7        |  32|          2|   32|         64|
    |C_BUF_1_1_2_0        |  32|          2|   32|         64|
    |C_BUF_1_1_2_1        |  32|          2|   32|         64|
    |C_BUF_1_1_2_2        |  32|          2|   32|         64|
    |C_BUF_1_1_2_3        |  32|          2|   32|         64|
    |C_BUF_1_1_2_4        |  32|          2|   32|         64|
    |C_BUF_1_1_2_5        |  32|          2|   32|         64|
    |C_BUF_1_1_2_6        |  32|          2|   32|         64|
    |C_BUF_1_1_2_7        |  32|          2|   32|         64|
    |C_BUF_1_1_3_0        |  32|          2|   32|         64|
    |C_BUF_1_1_3_1        |  32|          2|   32|         64|
    |C_BUF_1_1_3_2        |  32|          2|   32|         64|
    |C_BUF_1_1_3_3        |  32|          2|   32|         64|
    |C_BUF_1_1_3_4        |  32|          2|   32|         64|
    |C_BUF_1_1_3_5        |  32|          2|   32|         64|
    |C_BUF_1_1_3_6        |  32|          2|   32|         64|
    |C_BUF_1_1_3_7        |  32|          2|   32|         64|
    |C_BUF_1_1_4_0        |  32|          2|   32|         64|
    |C_BUF_1_1_4_1        |  32|          2|   32|         64|
    |C_BUF_1_1_4_2        |  32|          2|   32|         64|
    |C_BUF_1_1_4_3        |  32|          2|   32|         64|
    |C_BUF_1_1_4_4        |  32|          2|   32|         64|
    |C_BUF_1_1_4_5        |  32|          2|   32|         64|
    |C_BUF_1_1_4_6        |  32|          2|   32|         64|
    |C_BUF_1_1_4_7        |  32|          2|   32|         64|
    |C_BUF_1_1_5_0        |  32|          2|   32|         64|
    |C_BUF_1_1_5_1        |  32|          2|   32|         64|
    |C_BUF_1_1_5_2        |  32|          2|   32|         64|
    |C_BUF_1_1_5_3        |  32|          2|   32|         64|
    |C_BUF_1_1_5_4        |  32|          2|   32|         64|
    |C_BUF_1_1_5_5        |  32|          2|   32|         64|
    |C_BUF_1_1_5_6        |  32|          2|   32|         64|
    |C_BUF_1_1_5_7        |  32|          2|   32|         64|
    |C_BUF_1_1_6_0        |  32|          2|   32|         64|
    |C_BUF_1_1_6_1        |  32|          2|   32|         64|
    |C_BUF_1_1_6_2        |  32|          2|   32|         64|
    |C_BUF_1_1_6_3        |  32|          2|   32|         64|
    |C_BUF_1_1_6_4        |  32|          2|   32|         64|
    |C_BUF_1_1_6_5        |  32|          2|   32|         64|
    |C_BUF_1_1_6_6        |  32|          2|   32|         64|
    |C_BUF_1_1_6_7        |  32|          2|   32|         64|
    |C_BUF_1_1_7_0        |  32|          2|   32|         64|
    |C_BUF_1_1_7_1        |  32|          2|   32|         64|
    |C_BUF_1_1_7_2        |  32|          2|   32|         64|
    |C_BUF_1_1_7_3        |  32|          2|   32|         64|
    |C_BUF_1_1_7_4        |  32|          2|   32|         64|
    |C_BUF_1_1_7_5        |  32|          2|   32|         64|
    |C_BUF_1_1_7_6        |  32|          2|   32|         64|
    |C_BUF_1_1_7_7        |  32|          2|   32|         64|
    |C_BUF_2_1_0_0        |  32|          2|   32|         64|
    |C_BUF_2_1_0_1        |  32|          2|   32|         64|
    |C_BUF_2_1_0_2        |  32|          2|   32|         64|
    |C_BUF_2_1_0_3        |  32|          2|   32|         64|
    |C_BUF_2_1_0_4        |  32|          2|   32|         64|
    |C_BUF_2_1_0_5        |  32|          2|   32|         64|
    |C_BUF_2_1_0_6        |  32|          2|   32|         64|
    |C_BUF_2_1_0_7        |  32|          2|   32|         64|
    |C_BUF_2_1_1_0        |  32|          2|   32|         64|
    |C_BUF_2_1_1_1        |  32|          2|   32|         64|
    |C_BUF_2_1_1_2        |  32|          2|   32|         64|
    |C_BUF_2_1_1_3        |  32|          2|   32|         64|
    |C_BUF_2_1_1_4        |  32|          2|   32|         64|
    |C_BUF_2_1_1_5        |  32|          2|   32|         64|
    |C_BUF_2_1_1_6        |  32|          2|   32|         64|
    |C_BUF_2_1_1_7        |  32|          2|   32|         64|
    |C_BUF_2_1_2_0        |  32|          2|   32|         64|
    |C_BUF_2_1_2_1        |  32|          2|   32|         64|
    |C_BUF_2_1_2_2        |  32|          2|   32|         64|
    |C_BUF_2_1_2_3        |  32|          2|   32|         64|
    |C_BUF_2_1_2_4        |  32|          2|   32|         64|
    |C_BUF_2_1_2_5        |  32|          2|   32|         64|
    |C_BUF_2_1_2_6        |  32|          2|   32|         64|
    |C_BUF_2_1_2_7        |  32|          2|   32|         64|
    |C_BUF_2_1_3_0        |  32|          2|   32|         64|
    |C_BUF_2_1_3_1        |  32|          2|   32|         64|
    |C_BUF_2_1_3_2        |  32|          2|   32|         64|
    |C_BUF_2_1_3_3        |  32|          2|   32|         64|
    |C_BUF_2_1_3_4        |  32|          2|   32|         64|
    |C_BUF_2_1_3_5        |  32|          2|   32|         64|
    |C_BUF_2_1_3_6        |  32|          2|   32|         64|
    |C_BUF_2_1_3_7        |  32|          2|   32|         64|
    |C_BUF_2_1_4_0        |  32|          2|   32|         64|
    |C_BUF_2_1_4_1        |  32|          2|   32|         64|
    |C_BUF_2_1_4_2        |  32|          2|   32|         64|
    |C_BUF_2_1_4_3        |  32|          2|   32|         64|
    |C_BUF_2_1_4_4        |  32|          2|   32|         64|
    |C_BUF_2_1_4_5        |  32|          2|   32|         64|
    |C_BUF_2_1_4_6        |  32|          2|   32|         64|
    |C_BUF_2_1_4_7        |  32|          2|   32|         64|
    |C_BUF_2_1_5_0        |  32|          2|   32|         64|
    |C_BUF_2_1_5_1        |  32|          2|   32|         64|
    |C_BUF_2_1_5_2        |  32|          2|   32|         64|
    |C_BUF_2_1_5_3        |  32|          2|   32|         64|
    |C_BUF_2_1_5_4        |  32|          2|   32|         64|
    |C_BUF_2_1_5_5        |  32|          2|   32|         64|
    |C_BUF_2_1_5_6        |  32|          2|   32|         64|
    |C_BUF_2_1_5_7        |  32|          2|   32|         64|
    |C_BUF_2_1_6_0        |  32|          2|   32|         64|
    |C_BUF_2_1_6_1        |  32|          2|   32|         64|
    |C_BUF_2_1_6_2        |  32|          2|   32|         64|
    |C_BUF_2_1_6_3        |  32|          2|   32|         64|
    |C_BUF_2_1_6_4        |  32|          2|   32|         64|
    |C_BUF_2_1_6_5        |  32|          2|   32|         64|
    |C_BUF_2_1_6_6        |  32|          2|   32|         64|
    |C_BUF_2_1_6_7        |  32|          2|   32|         64|
    |C_BUF_2_1_7_0        |  32|          2|   32|         64|
    |C_BUF_2_1_7_1        |  32|          2|   32|         64|
    |C_BUF_2_1_7_2        |  32|          2|   32|         64|
    |C_BUF_2_1_7_3        |  32|          2|   32|         64|
    |C_BUF_2_1_7_4        |  32|          2|   32|         64|
    |C_BUF_2_1_7_5        |  32|          2|   32|         64|
    |C_BUF_2_1_7_6        |  32|          2|   32|         64|
    |C_BUF_2_1_7_7        |  32|          2|   32|         64|
    |C_BUF_3_1_0_0        |  32|          2|   32|         64|
    |C_BUF_3_1_0_1        |  32|          2|   32|         64|
    |C_BUF_3_1_0_2        |  32|          2|   32|         64|
    |C_BUF_3_1_0_3        |  32|          2|   32|         64|
    |C_BUF_3_1_0_4        |  32|          2|   32|         64|
    |C_BUF_3_1_0_5        |  32|          2|   32|         64|
    |C_BUF_3_1_0_6        |  32|          2|   32|         64|
    |C_BUF_3_1_0_7        |  32|          2|   32|         64|
    |C_BUF_3_1_1_0        |  32|          2|   32|         64|
    |C_BUF_3_1_1_1        |  32|          2|   32|         64|
    |C_BUF_3_1_1_2        |  32|          2|   32|         64|
    |C_BUF_3_1_1_3        |  32|          2|   32|         64|
    |C_BUF_3_1_1_4        |  32|          2|   32|         64|
    |C_BUF_3_1_1_5        |  32|          2|   32|         64|
    |C_BUF_3_1_1_6        |  32|          2|   32|         64|
    |C_BUF_3_1_1_7        |  32|          2|   32|         64|
    |C_BUF_3_1_2_0        |  32|          2|   32|         64|
    |C_BUF_3_1_2_1        |  32|          2|   32|         64|
    |C_BUF_3_1_2_2        |  32|          2|   32|         64|
    |C_BUF_3_1_2_3        |  32|          2|   32|         64|
    |C_BUF_3_1_2_4        |  32|          2|   32|         64|
    |C_BUF_3_1_2_5        |  32|          2|   32|         64|
    |C_BUF_3_1_2_6        |  32|          2|   32|         64|
    |C_BUF_3_1_2_7        |  32|          2|   32|         64|
    |C_BUF_3_1_3_0        |  32|          2|   32|         64|
    |C_BUF_3_1_3_1        |  32|          2|   32|         64|
    |C_BUF_3_1_3_2        |  32|          2|   32|         64|
    |C_BUF_3_1_3_3        |  32|          2|   32|         64|
    |C_BUF_3_1_3_4        |  32|          2|   32|         64|
    |C_BUF_3_1_3_5        |  32|          2|   32|         64|
    |C_BUF_3_1_3_6        |  32|          2|   32|         64|
    |C_BUF_3_1_3_7        |  32|          2|   32|         64|
    |C_BUF_3_1_4_0        |  32|          2|   32|         64|
    |C_BUF_3_1_4_1        |  32|          2|   32|         64|
    |C_BUF_3_1_4_2        |  32|          2|   32|         64|
    |C_BUF_3_1_4_3        |  32|          2|   32|         64|
    |C_BUF_3_1_4_4        |  32|          2|   32|         64|
    |C_BUF_3_1_4_5        |  32|          2|   32|         64|
    |C_BUF_3_1_4_6        |  32|          2|   32|         64|
    |C_BUF_3_1_4_7        |  32|          2|   32|         64|
    |C_BUF_3_1_5_0        |  32|          2|   32|         64|
    |C_BUF_3_1_5_1        |  32|          2|   32|         64|
    |C_BUF_3_1_5_2        |  32|          2|   32|         64|
    |C_BUF_3_1_5_3        |  32|          2|   32|         64|
    |C_BUF_3_1_5_4        |  32|          2|   32|         64|
    |C_BUF_3_1_5_5        |  32|          2|   32|         64|
    |C_BUF_3_1_5_6        |  32|          2|   32|         64|
    |C_BUF_3_1_5_7        |  32|          2|   32|         64|
    |C_BUF_3_1_6_0        |  32|          2|   32|         64|
    |C_BUF_3_1_6_1        |  32|          2|   32|         64|
    |C_BUF_3_1_6_2        |  32|          2|   32|         64|
    |C_BUF_3_1_6_3        |  32|          2|   32|         64|
    |C_BUF_3_1_6_4        |  32|          2|   32|         64|
    |C_BUF_3_1_6_5        |  32|          2|   32|         64|
    |C_BUF_3_1_6_6        |  32|          2|   32|         64|
    |C_BUF_3_1_6_7        |  32|          2|   32|         64|
    |C_BUF_3_1_7_0        |  32|          2|   32|         64|
    |C_BUF_3_1_7_1        |  32|          2|   32|         64|
    |C_BUF_3_1_7_2        |  32|          2|   32|         64|
    |C_BUF_3_1_7_3        |  32|          2|   32|         64|
    |C_BUF_3_1_7_4        |  32|          2|   32|         64|
    |C_BUF_3_1_7_5        |  32|          2|   32|         64|
    |C_BUF_3_1_7_6        |  32|          2|   32|         64|
    |C_BUF_3_1_7_7        |  32|          2|   32|         64|
    |C_stream_10_i_blk_n  |   2|          2|    1|          2|
    |C_stream_11_i_blk_n  |   2|          2|    1|          2|
    |C_stream_12_i_blk_n  |   2|          2|    1|          2|
    |C_stream_13_i_blk_n  |   2|          2|    1|          2|
    |C_stream_14_i_blk_n  |   2|          2|    1|          2|
    |C_stream_15_i_blk_n  |   2|          2|    1|          2|
    |C_stream_16_i_blk_n  |   2|          2|    1|          2|
    |C_stream_17_i_blk_n  |   2|          2|    1|          2|
    |C_stream_18_i_blk_n  |   2|          2|    1|          2|
    |C_stream_19_i_blk_n  |   2|          2|    1|          2|
    |C_stream_1_i_blk_n   |   2|          2|    1|          2|
    |C_stream_20_i_blk_n  |   2|          2|    1|          2|
    |C_stream_21_i_blk_n  |   2|          2|    1|          2|
    |C_stream_22_i_blk_n  |   2|          2|    1|          2|
    |C_stream_23_i_blk_n  |   2|          2|    1|          2|
    |C_stream_24_i_blk_n  |   2|          2|    1|          2|
    |C_stream_25_i_blk_n  |   2|          2|    1|          2|
    |C_stream_26_i_blk_n  |   2|          2|    1|          2|
    |C_stream_27_i_blk_n  |   2|          2|    1|          2|
    |C_stream_28_i_blk_n  |   2|          2|    1|          2|
    |C_stream_29_i_blk_n  |   2|          2|    1|          2|
    |C_stream_2_i_blk_n   |   2|          2|    1|          2|
    |C_stream_30_i_blk_n  |   2|          2|    1|          2|
    |C_stream_31_i_blk_n  |   2|          2|    1|          2|
    |C_stream_32_i_blk_n  |   2|          2|    1|          2|
    |C_stream_33_i_blk_n  |   2|          2|    1|          2|
    |C_stream_34_i_blk_n  |   2|          2|    1|          2|
    |C_stream_35_i_blk_n  |   2|          2|    1|          2|
    |C_stream_36_i_blk_n  |   2|          2|    1|          2|
    |C_stream_37_i_blk_n  |   2|          2|    1|          2|
    |C_stream_38_i_blk_n  |   2|          2|    1|          2|
    |C_stream_39_i_blk_n  |   2|          2|    1|          2|
    |C_stream_3_i_blk_n   |   2|          2|    1|          2|
    |C_stream_40_i_blk_n  |   2|          2|    1|          2|
    |C_stream_41_i_blk_n  |   2|          2|    1|          2|
    |C_stream_42_i_blk_n  |   2|          2|    1|          2|
    |C_stream_43_i_blk_n  |   2|          2|    1|          2|
    |C_stream_44_i_blk_n  |   2|          2|    1|          2|
    |C_stream_45_i_blk_n  |   2|          2|    1|          2|
    |C_stream_46_i_blk_n  |   2|          2|    1|          2|
    |C_stream_47_i_blk_n  |   2|          2|    1|          2|
    |C_stream_48_i_blk_n  |   2|          2|    1|          2|
    |C_stream_49_i_blk_n  |   2|          2|    1|          2|
    |C_stream_4_i_blk_n   |   2|          2|    1|          2|
    |C_stream_50_i_blk_n  |   2|          2|    1|          2|
    |C_stream_51_i_blk_n  |   2|          2|    1|          2|
    |C_stream_52_i_blk_n  |   2|          2|    1|          2|
    |C_stream_53_i_blk_n  |   2|          2|    1|          2|
    |C_stream_54_i_blk_n  |   2|          2|    1|          2|
    |C_stream_55_i_blk_n  |   2|          2|    1|          2|
    |C_stream_56_i_blk_n  |   2|          2|    1|          2|
    |C_stream_57_i_blk_n  |   2|          2|    1|          2|
    |C_stream_58_i_blk_n  |   2|          2|    1|          2|
    |C_stream_59_i_blk_n  |   2|          2|    1|          2|
    |C_stream_5_i_blk_n   |   2|          2|    1|          2|
    |C_stream_60_i_blk_n  |   2|          2|    1|          2|
    |C_stream_61_i_blk_n  |   2|          2|    1|          2|
    |C_stream_62_i_blk_n  |   2|          2|    1|          2|
    |C_stream_63_i_blk_n  |   2|          2|    1|          2|
    |C_stream_6_i_blk_n   |   2|          2|    1|          2|
    |C_stream_7_i_blk_n   |   2|          2|    1|          2|
    |C_stream_8_i_blk_n   |   2|          2|    1|          2|
    |C_stream_9_i_blk_n   |   2|          2|    1|          2|
    |C_stream_i_blk_n     |   2|          2|    1|          2|
    |ap_done              |   2|          2|    1|          2|
    |tileA_blk_n          |   2|          2|    1|          2|
    +---------------------+----+-----------+-----+-----------+
    |Total                |8324|        644| 8258|      16516|
    +---------------------+----+-----------+-----+-----------+

    * Register: 
    +--------------------+----+----+-----+-----------+
    |        Name        | FF | LUT| Bits| Const Bits|
    +--------------------+----+----+-----+-----------+
    |C_BUF_0_1_0_0_preg  |  32|   0|   32|          0|
    |C_BUF_0_1_0_1_preg  |  32|   0|   32|          0|
    |C_BUF_0_1_0_2_preg  |  32|   0|   32|          0|
    |C_BUF_0_1_0_3_preg  |  32|   0|   32|          0|
    |C_BUF_0_1_0_4_preg  |  32|   0|   32|          0|
    |C_BUF_0_1_0_5_preg  |  32|   0|   32|          0|
    |C_BUF_0_1_0_6_preg  |  32|   0|   32|          0|
    |C_BUF_0_1_0_7_preg  |  32|   0|   32|          0|
    |C_BUF_0_1_1_0_preg  |  32|   0|   32|          0|
    |C_BUF_0_1_1_1_preg  |  32|   0|   32|          0|
    |C_BUF_0_1_1_2_preg  |  32|   0|   32|          0|
    |C_BUF_0_1_1_3_preg  |  32|   0|   32|          0|
    |C_BUF_0_1_1_4_preg  |  32|   0|   32|          0|
    |C_BUF_0_1_1_5_preg  |  32|   0|   32|          0|
    |C_BUF_0_1_1_6_preg  |  32|   0|   32|          0|
    |C_BUF_0_1_1_7_preg  |  32|   0|   32|          0|
    |C_BUF_0_1_2_0_preg  |  32|   0|   32|          0|
    |C_BUF_0_1_2_1_preg  |  32|   0|   32|          0|
    |C_BUF_0_1_2_2_preg  |  32|   0|   32|          0|
    |C_BUF_0_1_2_3_preg  |  32|   0|   32|          0|
    |C_BUF_0_1_2_4_preg  |  32|   0|   32|          0|
    |C_BUF_0_1_2_5_preg  |  32|   0|   32|          0|
    |C_BUF_0_1_2_6_preg  |  32|   0|   32|          0|
    |C_BUF_0_1_2_7_preg  |  32|   0|   32|          0|
    |C_BUF_0_1_3_0_preg  |  32|   0|   32|          0|
    |C_BUF_0_1_3_1_preg  |  32|   0|   32|          0|
    |C_BUF_0_1_3_2_preg  |  32|   0|   32|          0|
    |C_BUF_0_1_3_3_preg  |  32|   0|   32|          0|
    |C_BUF_0_1_3_4_preg  |  32|   0|   32|          0|
    |C_BUF_0_1_3_5_preg  |  32|   0|   32|          0|
    |C_BUF_0_1_3_6_preg  |  32|   0|   32|          0|
    |C_BUF_0_1_3_7_preg  |  32|   0|   32|          0|
    |C_BUF_0_1_4_0_preg  |  32|   0|   32|          0|
    |C_BUF_0_1_4_1_preg  |  32|   0|   32|          0|
    |C_BUF_0_1_4_2_preg  |  32|   0|   32|          0|
    |C_BUF_0_1_4_3_preg  |  32|   0|   32|          0|
    |C_BUF_0_1_4_4_preg  |  32|   0|   32|          0|
    |C_BUF_0_1_4_5_preg  |  32|   0|   32|          0|
    |C_BUF_0_1_4_6_preg  |  32|   0|   32|          0|
    |C_BUF_0_1_4_7_preg  |  32|   0|   32|          0|
    |C_BUF_0_1_5_0_preg  |  32|   0|   32|          0|
    |C_BUF_0_1_5_1_preg  |  32|   0|   32|          0|
    |C_BUF_0_1_5_2_preg  |  32|   0|   32|          0|
    |C_BUF_0_1_5_3_preg  |  32|   0|   32|          0|
    |C_BUF_0_1_5_4_preg  |  32|   0|   32|          0|
    |C_BUF_0_1_5_5_preg  |  32|   0|   32|          0|
    |C_BUF_0_1_5_6_preg  |  32|   0|   32|          0|
    |C_BUF_0_1_5_7_preg  |  32|   0|   32|          0|
    |C_BUF_0_1_6_0_preg  |  32|   0|   32|          0|
    |C_BUF_0_1_6_1_preg  |  32|   0|   32|          0|
    |C_BUF_0_1_6_2_preg  |  32|   0|   32|          0|
    |C_BUF_0_1_6_3_preg  |  32|   0|   32|          0|
    |C_BUF_0_1_6_4_preg  |  32|   0|   32|          0|
    |C_BUF_0_1_6_5_preg  |  32|   0|   32|          0|
    |C_BUF_0_1_6_6_preg  |  32|   0|   32|          0|
    |C_BUF_0_1_6_7_preg  |  32|   0|   32|          0|
    |C_BUF_0_1_7_0_preg  |  32|   0|   32|          0|
    |C_BUF_0_1_7_1_preg  |  32|   0|   32|          0|
    |C_BUF_0_1_7_2_preg  |  32|   0|   32|          0|
    |C_BUF_0_1_7_3_preg  |  32|   0|   32|          0|
    |C_BUF_0_1_7_4_preg  |  32|   0|   32|          0|
    |C_BUF_0_1_7_5_preg  |  32|   0|   32|          0|
    |C_BUF_0_1_7_6_preg  |  32|   0|   32|          0|
    |C_BUF_0_1_7_7_preg  |  32|   0|   32|          0|
    |C_BUF_1_1_0_0_preg  |  32|   0|   32|          0|
    |C_BUF_1_1_0_1_preg  |  32|   0|   32|          0|
    |C_BUF_1_1_0_2_preg  |  32|   0|   32|          0|
    |C_BUF_1_1_0_3_preg  |  32|   0|   32|          0|
    |C_BUF_1_1_0_4_preg  |  32|   0|   32|          0|
    |C_BUF_1_1_0_5_preg  |  32|   0|   32|          0|
    |C_BUF_1_1_0_6_preg  |  32|   0|   32|          0|
    |C_BUF_1_1_0_7_preg  |  32|   0|   32|          0|
    |C_BUF_1_1_1_0_preg  |  32|   0|   32|          0|
    |C_BUF_1_1_1_1_preg  |  32|   0|   32|          0|
    |C_BUF_1_1_1_2_preg  |  32|   0|   32|          0|
    |C_BUF_1_1_1_3_preg  |  32|   0|   32|          0|
    |C_BUF_1_1_1_4_preg  |  32|   0|   32|          0|
    |C_BUF_1_1_1_5_preg  |  32|   0|   32|          0|
    |C_BUF_1_1_1_6_preg  |  32|   0|   32|          0|
    |C_BUF_1_1_1_7_preg  |  32|   0|   32|          0|
    |C_BUF_1_1_2_0_preg  |  32|   0|   32|          0|
    |C_BUF_1_1_2_1_preg  |  32|   0|   32|          0|
    |C_BUF_1_1_2_2_preg  |  32|   0|   32|          0|
    |C_BUF_1_1_2_3_preg  |  32|   0|   32|          0|
    |C_BUF_1_1_2_4_preg  |  32|   0|   32|          0|
    |C_BUF_1_1_2_5_preg  |  32|   0|   32|          0|
    |C_BUF_1_1_2_6_preg  |  32|   0|   32|          0|
    |C_BUF_1_1_2_7_preg  |  32|   0|   32|          0|
    |C_BUF_1_1_3_0_preg  |  32|   0|   32|          0|
    |C_BUF_1_1_3_1_preg  |  32|   0|   32|          0|
    |C_BUF_1_1_3_2_preg  |  32|   0|   32|          0|
    |C_BUF_1_1_3_3_preg  |  32|   0|   32|          0|
    |C_BUF_1_1_3_4_preg  |  32|   0|   32|          0|
    |C_BUF_1_1_3_5_preg  |  32|   0|   32|          0|
    |C_BUF_1_1_3_6_preg  |  32|   0|   32|          0|
    |C_BUF_1_1_3_7_preg  |  32|   0|   32|          0|
    |C_BUF_1_1_4_0_preg  |  32|   0|   32|          0|
    |C_BUF_1_1_4_1_preg  |  32|   0|   32|          0|
    |C_BUF_1_1_4_2_preg  |  32|   0|   32|          0|
    |C_BUF_1_1_4_3_preg  |  32|   0|   32|          0|
    |C_BUF_1_1_4_4_preg  |  32|   0|   32|          0|
    |C_BUF_1_1_4_5_preg  |  32|   0|   32|          0|
    |C_BUF_1_1_4_6_preg  |  32|   0|   32|          0|
    |C_BUF_1_1_4_7_preg  |  32|   0|   32|          0|
    |C_BUF_1_1_5_0_preg  |  32|   0|   32|          0|
    |C_BUF_1_1_5_1_preg  |  32|   0|   32|          0|
    |C_BUF_1_1_5_2_preg  |  32|   0|   32|          0|
    |C_BUF_1_1_5_3_preg  |  32|   0|   32|          0|
    |C_BUF_1_1_5_4_preg  |  32|   0|   32|          0|
    |C_BUF_1_1_5_5_preg  |  32|   0|   32|          0|
    |C_BUF_1_1_5_6_preg  |  32|   0|   32|          0|
    |C_BUF_1_1_5_7_preg  |  32|   0|   32|          0|
    |C_BUF_1_1_6_0_preg  |  32|   0|   32|          0|
    |C_BUF_1_1_6_1_preg  |  32|   0|   32|          0|
    |C_BUF_1_1_6_2_preg  |  32|   0|   32|          0|
    |C_BUF_1_1_6_3_preg  |  32|   0|   32|          0|
    |C_BUF_1_1_6_4_preg  |  32|   0|   32|          0|
    |C_BUF_1_1_6_5_preg  |  32|   0|   32|          0|
    |C_BUF_1_1_6_6_preg  |  32|   0|   32|          0|
    |C_BUF_1_1_6_7_preg  |  32|   0|   32|          0|
    |C_BUF_1_1_7_0_preg  |  32|   0|   32|          0|
    |C_BUF_1_1_7_1_preg  |  32|   0|   32|          0|
    |C_BUF_1_1_7_2_preg  |  32|   0|   32|          0|
    |C_BUF_1_1_7_3_preg  |  32|   0|   32|          0|
    |C_BUF_1_1_7_4_preg  |  32|   0|   32|          0|
    |C_BUF_1_1_7_5_preg  |  32|   0|   32|          0|
    |C_BUF_1_1_7_6_preg  |  32|   0|   32|          0|
    |C_BUF_1_1_7_7_preg  |  32|   0|   32|          0|
    |C_BUF_2_1_0_0_preg  |  32|   0|   32|          0|
    |C_BUF_2_1_0_1_preg  |  32|   0|   32|          0|
    |C_BUF_2_1_0_2_preg  |  32|   0|   32|          0|
    |C_BUF_2_1_0_3_preg  |  32|   0|   32|          0|
    |C_BUF_2_1_0_4_preg  |  32|   0|   32|          0|
    |C_BUF_2_1_0_5_preg  |  32|   0|   32|          0|
    |C_BUF_2_1_0_6_preg  |  32|   0|   32|          0|
    |C_BUF_2_1_0_7_preg  |  32|   0|   32|          0|
    |C_BUF_2_1_1_0_preg  |  32|   0|   32|          0|
    |C_BUF_2_1_1_1_preg  |  32|   0|   32|          0|
    |C_BUF_2_1_1_2_preg  |  32|   0|   32|          0|
    |C_BUF_2_1_1_3_preg  |  32|   0|   32|          0|
    |C_BUF_2_1_1_4_preg  |  32|   0|   32|          0|
    |C_BUF_2_1_1_5_preg  |  32|   0|   32|          0|
    |C_BUF_2_1_1_6_preg  |  32|   0|   32|          0|
    |C_BUF_2_1_1_7_preg  |  32|   0|   32|          0|
    |C_BUF_2_1_2_0_preg  |  32|   0|   32|          0|
    |C_BUF_2_1_2_1_preg  |  32|   0|   32|          0|
    |C_BUF_2_1_2_2_preg  |  32|   0|   32|          0|
    |C_BUF_2_1_2_3_preg  |  32|   0|   32|          0|
    |C_BUF_2_1_2_4_preg  |  32|   0|   32|          0|
    |C_BUF_2_1_2_5_preg  |  32|   0|   32|          0|
    |C_BUF_2_1_2_6_preg  |  32|   0|   32|          0|
    |C_BUF_2_1_2_7_preg  |  32|   0|   32|          0|
    |C_BUF_2_1_3_0_preg  |  32|   0|   32|          0|
    |C_BUF_2_1_3_1_preg  |  32|   0|   32|          0|
    |C_BUF_2_1_3_2_preg  |  32|   0|   32|          0|
    |C_BUF_2_1_3_3_preg  |  32|   0|   32|          0|
    |C_BUF_2_1_3_4_preg  |  32|   0|   32|          0|
    |C_BUF_2_1_3_5_preg  |  32|   0|   32|          0|
    |C_BUF_2_1_3_6_preg  |  32|   0|   32|          0|
    |C_BUF_2_1_3_7_preg  |  32|   0|   32|          0|
    |C_BUF_2_1_4_0_preg  |  32|   0|   32|          0|
    |C_BUF_2_1_4_1_preg  |  32|   0|   32|          0|
    |C_BUF_2_1_4_2_preg  |  32|   0|   32|          0|
    |C_BUF_2_1_4_3_preg  |  32|   0|   32|          0|
    |C_BUF_2_1_4_4_preg  |  32|   0|   32|          0|
    |C_BUF_2_1_4_5_preg  |  32|   0|   32|          0|
    |C_BUF_2_1_4_6_preg  |  32|   0|   32|          0|
    |C_BUF_2_1_4_7_preg  |  32|   0|   32|          0|
    |C_BUF_2_1_5_0_preg  |  32|   0|   32|          0|
    |C_BUF_2_1_5_1_preg  |  32|   0|   32|          0|
    |C_BUF_2_1_5_2_preg  |  32|   0|   32|          0|
    |C_BUF_2_1_5_3_preg  |  32|   0|   32|          0|
    |C_BUF_2_1_5_4_preg  |  32|   0|   32|          0|
    |C_BUF_2_1_5_5_preg  |  32|   0|   32|          0|
    |C_BUF_2_1_5_6_preg  |  32|   0|   32|          0|
    |C_BUF_2_1_5_7_preg  |  32|   0|   32|          0|
    |C_BUF_2_1_6_0_preg  |  32|   0|   32|          0|
    |C_BUF_2_1_6_1_preg  |  32|   0|   32|          0|
    |C_BUF_2_1_6_2_preg  |  32|   0|   32|          0|
    |C_BUF_2_1_6_3_preg  |  32|   0|   32|          0|
    |C_BUF_2_1_6_4_preg  |  32|   0|   32|          0|
    |C_BUF_2_1_6_5_preg  |  32|   0|   32|          0|
    |C_BUF_2_1_6_6_preg  |  32|   0|   32|          0|
    |C_BUF_2_1_6_7_preg  |  32|   0|   32|          0|
    |C_BUF_2_1_7_0_preg  |  32|   0|   32|          0|
    |C_BUF_2_1_7_1_preg  |  32|   0|   32|          0|
    |C_BUF_2_1_7_2_preg  |  32|   0|   32|          0|
    |C_BUF_2_1_7_3_preg  |  32|   0|   32|          0|
    |C_BUF_2_1_7_4_preg  |  32|   0|   32|          0|
    |C_BUF_2_1_7_5_preg  |  32|   0|   32|          0|
    |C_BUF_2_1_7_6_preg  |  32|   0|   32|          0|
    |C_BUF_2_1_7_7_preg  |  32|   0|   32|          0|
    |C_BUF_3_1_0_0_preg  |  32|   0|   32|          0|
    |C_BUF_3_1_0_1_preg  |  32|   0|   32|          0|
    |C_BUF_3_1_0_2_preg  |  32|   0|   32|          0|
    |C_BUF_3_1_0_3_preg  |  32|   0|   32|          0|
    |C_BUF_3_1_0_4_preg  |  32|   0|   32|          0|
    |C_BUF_3_1_0_5_preg  |  32|   0|   32|          0|
    |C_BUF_3_1_0_6_preg  |  32|   0|   32|          0|
    |C_BUF_3_1_0_7_preg  |  32|   0|   32|          0|
    |C_BUF_3_1_1_0_preg  |  32|   0|   32|          0|
    |C_BUF_3_1_1_1_preg  |  32|   0|   32|          0|
    |C_BUF_3_1_1_2_preg  |  32|   0|   32|          0|
    |C_BUF_3_1_1_3_preg  |  32|   0|   32|          0|
    |C_BUF_3_1_1_4_preg  |  32|   0|   32|          0|
    |C_BUF_3_1_1_5_preg  |  32|   0|   32|          0|
    |C_BUF_3_1_1_6_preg  |  32|   0|   32|          0|
    |C_BUF_3_1_1_7_preg  |  32|   0|   32|          0|
    |C_BUF_3_1_2_0_preg  |  32|   0|   32|          0|
    |C_BUF_3_1_2_1_preg  |  32|   0|   32|          0|
    |C_BUF_3_1_2_2_preg  |  32|   0|   32|          0|
    |C_BUF_3_1_2_3_preg  |  32|   0|   32|          0|
    |C_BUF_3_1_2_4_preg  |  32|   0|   32|          0|
    |C_BUF_3_1_2_5_preg  |  32|   0|   32|          0|
    |C_BUF_3_1_2_6_preg  |  32|   0|   32|          0|
    |C_BUF_3_1_2_7_preg  |  32|   0|   32|          0|
    |C_BUF_3_1_3_0_preg  |  32|   0|   32|          0|
    |C_BUF_3_1_3_1_preg  |  32|   0|   32|          0|
    |C_BUF_3_1_3_2_preg  |  32|   0|   32|          0|
    |C_BUF_3_1_3_3_preg  |  32|   0|   32|          0|
    |C_BUF_3_1_3_4_preg  |  32|   0|   32|          0|
    |C_BUF_3_1_3_5_preg  |  32|   0|   32|          0|
    |C_BUF_3_1_3_6_preg  |  32|   0|   32|          0|
    |C_BUF_3_1_3_7_preg  |  32|   0|   32|          0|
    |C_BUF_3_1_4_0_preg  |  32|   0|   32|          0|
    |C_BUF_3_1_4_1_preg  |  32|   0|   32|          0|
    |C_BUF_3_1_4_2_preg  |  32|   0|   32|          0|
    |C_BUF_3_1_4_3_preg  |  32|   0|   32|          0|
    |C_BUF_3_1_4_4_preg  |  32|   0|   32|          0|
    |C_BUF_3_1_4_5_preg  |  32|   0|   32|          0|
    |C_BUF_3_1_4_6_preg  |  32|   0|   32|          0|
    |C_BUF_3_1_4_7_preg  |  32|   0|   32|          0|
    |C_BUF_3_1_5_0_preg  |  32|   0|   32|          0|
    |C_BUF_3_1_5_1_preg  |  32|   0|   32|          0|
    |C_BUF_3_1_5_2_preg  |  32|   0|   32|          0|
    |C_BUF_3_1_5_3_preg  |  32|   0|   32|          0|
    |C_BUF_3_1_5_4_preg  |  32|   0|   32|          0|
    |C_BUF_3_1_5_5_preg  |  32|   0|   32|          0|
    |C_BUF_3_1_5_6_preg  |  32|   0|   32|          0|
    |C_BUF_3_1_5_7_preg  |  32|   0|   32|          0|
    |C_BUF_3_1_6_0_preg  |  32|   0|   32|          0|
    |C_BUF_3_1_6_1_preg  |  32|   0|   32|          0|
    |C_BUF_3_1_6_2_preg  |  32|   0|   32|          0|
    |C_BUF_3_1_6_3_preg  |  32|   0|   32|          0|
    |C_BUF_3_1_6_4_preg  |  32|   0|   32|          0|
    |C_BUF_3_1_6_5_preg  |  32|   0|   32|          0|
    |C_BUF_3_1_6_6_preg  |  32|   0|   32|          0|
    |C_BUF_3_1_6_7_preg  |  32|   0|   32|          0|
    |C_BUF_3_1_7_0_preg  |  32|   0|   32|          0|
    |C_BUF_3_1_7_1_preg  |  32|   0|   32|          0|
    |C_BUF_3_1_7_2_preg  |  32|   0|   32|          0|
    |C_BUF_3_1_7_3_preg  |  32|   0|   32|          0|
    |C_BUF_3_1_7_4_preg  |  32|   0|   32|          0|
    |C_BUF_3_1_7_5_preg  |  32|   0|   32|          0|
    |C_BUF_3_1_7_6_preg  |  32|   0|   32|          0|
    |C_BUF_3_1_7_7_preg  |  32|   0|   32|          0|
    |ap_CS_fsm           |   1|   0|    1|          0|
    |ap_done_reg         |   1|   0|    1|          0|
    +--------------------+----+----+-----+-----------+
    |Total               |8194|   0| 8194|          0|
    +--------------------+----+----+-----+-----------+



================================================================
== Interface
================================================================
* Summary: 
+------------------------------+-----+-----+------------+------------------------+--------------+
|           RTL Ports          | Dir | Bits|  Protocol  |      Source Object     |    C Type    |
+------------------------------+-----+-----+------------+------------------------+--------------+
|ap_clk                        |   in|    1|  ap_ctrl_hs|  stream_to_C_Buf.130160|  return value|
|ap_rst                        |   in|    1|  ap_ctrl_hs|  stream_to_C_Buf.130160|  return value|
|ap_start                      |   in|    1|  ap_ctrl_hs|  stream_to_C_Buf.130160|  return value|
|ap_done                       |  out|    1|  ap_ctrl_hs|  stream_to_C_Buf.130160|  return value|
|ap_continue                   |   in|    1|  ap_ctrl_hs|  stream_to_C_Buf.130160|  return value|
|ap_idle                       |  out|    1|  ap_ctrl_hs|  stream_to_C_Buf.130160|  return value|
|ap_ready                      |  out|    1|  ap_ctrl_hs|  stream_to_C_Buf.130160|  return value|
|C_stream_63_i_dout            |   in|   32|     ap_fifo|           C_stream_63_i|       pointer|
|C_stream_63_i_num_data_valid  |   in|    4|     ap_fifo|           C_stream_63_i|       pointer|
|C_stream_63_i_fifo_cap        |   in|    4|     ap_fifo|           C_stream_63_i|       pointer|
|C_stream_63_i_empty_n         |   in|    1|     ap_fifo|           C_stream_63_i|       pointer|
|C_stream_63_i_read            |  out|    1|     ap_fifo|           C_stream_63_i|       pointer|
|C_stream_62_i_dout            |   in|   32|     ap_fifo|           C_stream_62_i|       pointer|
|C_stream_62_i_num_data_valid  |   in|    4|     ap_fifo|           C_stream_62_i|       pointer|
|C_stream_62_i_fifo_cap        |   in|    4|     ap_fifo|           C_stream_62_i|       pointer|
|C_stream_62_i_empty_n         |   in|    1|     ap_fifo|           C_stream_62_i|       pointer|
|C_stream_62_i_read            |  out|    1|     ap_fifo|           C_stream_62_i|       pointer|
|C_stream_61_i_dout            |   in|   32|     ap_fifo|           C_stream_61_i|       pointer|
|C_stream_61_i_num_data_valid  |   in|    4|     ap_fifo|           C_stream_61_i|       pointer|
|C_stream_61_i_fifo_cap        |   in|    4|     ap_fifo|           C_stream_61_i|       pointer|
|C_stream_61_i_empty_n         |   in|    1|     ap_fifo|           C_stream_61_i|       pointer|
|C_stream_61_i_read            |  out|    1|     ap_fifo|           C_stream_61_i|       pointer|
|C_stream_60_i_dout            |   in|   32|     ap_fifo|           C_stream_60_i|       pointer|
|C_stream_60_i_num_data_valid  |   in|    4|     ap_fifo|           C_stream_60_i|       pointer|
|C_stream_60_i_fifo_cap        |   in|    4|     ap_fifo|           C_stream_60_i|       pointer|
|C_stream_60_i_empty_n         |   in|    1|     ap_fifo|           C_stream_60_i|       pointer|
|C_stream_60_i_read            |  out|    1|     ap_fifo|           C_stream_60_i|       pointer|
|C_stream_59_i_dout            |   in|   32|     ap_fifo|           C_stream_59_i|       pointer|
|C_stream_59_i_num_data_valid  |   in|    4|     ap_fifo|           C_stream_59_i|       pointer|
|C_stream_59_i_fifo_cap        |   in|    4|     ap_fifo|           C_stream_59_i|       pointer|
|C_stream_59_i_empty_n         |   in|    1|     ap_fifo|           C_stream_59_i|       pointer|
|C_stream_59_i_read            |  out|    1|     ap_fifo|           C_stream_59_i|       pointer|
|C_stream_58_i_dout            |   in|   32|     ap_fifo|           C_stream_58_i|       pointer|
|C_stream_58_i_num_data_valid  |   in|    4|     ap_fifo|           C_stream_58_i|       pointer|
|C_stream_58_i_fifo_cap        |   in|    4|     ap_fifo|           C_stream_58_i|       pointer|
|C_stream_58_i_empty_n         |   in|    1|     ap_fifo|           C_stream_58_i|       pointer|
|C_stream_58_i_read            |  out|    1|     ap_fifo|           C_stream_58_i|       pointer|
|C_stream_57_i_dout            |   in|   32|     ap_fifo|           C_stream_57_i|       pointer|
|C_stream_57_i_num_data_valid  |   in|    4|     ap_fifo|           C_stream_57_i|       pointer|
|C_stream_57_i_fifo_cap        |   in|    4|     ap_fifo|           C_stream_57_i|       pointer|
|C_stream_57_i_empty_n         |   in|    1|     ap_fifo|           C_stream_57_i|       pointer|
|C_stream_57_i_read            |  out|    1|     ap_fifo|           C_stream_57_i|       pointer|
|C_stream_56_i_dout            |   in|   32|     ap_fifo|           C_stream_56_i|       pointer|
|C_stream_56_i_num_data_valid  |   in|    4|     ap_fifo|           C_stream_56_i|       pointer|
|C_stream_56_i_fifo_cap        |   in|    4|     ap_fifo|           C_stream_56_i|       pointer|
|C_stream_56_i_empty_n         |   in|    1|     ap_fifo|           C_stream_56_i|       pointer|
|C_stream_56_i_read            |  out|    1|     ap_fifo|           C_stream_56_i|       pointer|
|C_stream_55_i_dout            |   in|   32|     ap_fifo|           C_stream_55_i|       pointer|
|C_stream_55_i_num_data_valid  |   in|    4|     ap_fifo|           C_stream_55_i|       pointer|
|C_stream_55_i_fifo_cap        |   in|    4|     ap_fifo|           C_stream_55_i|       pointer|
|C_stream_55_i_empty_n         |   in|    1|     ap_fifo|           C_stream_55_i|       pointer|
|C_stream_55_i_read            |  out|    1|     ap_fifo|           C_stream_55_i|       pointer|
|C_stream_54_i_dout            |   in|   32|     ap_fifo|           C_stream_54_i|       pointer|
|C_stream_54_i_num_data_valid  |   in|    4|     ap_fifo|           C_stream_54_i|       pointer|
|C_stream_54_i_fifo_cap        |   in|    4|     ap_fifo|           C_stream_54_i|       pointer|
|C_stream_54_i_empty_n         |   in|    1|     ap_fifo|           C_stream_54_i|       pointer|
|C_stream_54_i_read            |  out|    1|     ap_fifo|           C_stream_54_i|       pointer|
|C_stream_53_i_dout            |   in|   32|     ap_fifo|           C_stream_53_i|       pointer|
|C_stream_53_i_num_data_valid  |   in|    4|     ap_fifo|           C_stream_53_i|       pointer|
|C_stream_53_i_fifo_cap        |   in|    4|     ap_fifo|           C_stream_53_i|       pointer|
|C_stream_53_i_empty_n         |   in|    1|     ap_fifo|           C_stream_53_i|       pointer|
|C_stream_53_i_read            |  out|    1|     ap_fifo|           C_stream_53_i|       pointer|
|C_stream_52_i_dout            |   in|   32|     ap_fifo|           C_stream_52_i|       pointer|
|C_stream_52_i_num_data_valid  |   in|    4|     ap_fifo|           C_stream_52_i|       pointer|
|C_stream_52_i_fifo_cap        |   in|    4|     ap_fifo|           C_stream_52_i|       pointer|
|C_stream_52_i_empty_n         |   in|    1|     ap_fifo|           C_stream_52_i|       pointer|
|C_stream_52_i_read            |  out|    1|     ap_fifo|           C_stream_52_i|       pointer|
|C_stream_51_i_dout            |   in|   32|     ap_fifo|           C_stream_51_i|       pointer|
|C_stream_51_i_num_data_valid  |   in|    4|     ap_fifo|           C_stream_51_i|       pointer|
|C_stream_51_i_fifo_cap        |   in|    4|     ap_fifo|           C_stream_51_i|       pointer|
|C_stream_51_i_empty_n         |   in|    1|     ap_fifo|           C_stream_51_i|       pointer|
|C_stream_51_i_read            |  out|    1|     ap_fifo|           C_stream_51_i|       pointer|
|C_stream_50_i_dout            |   in|   32|     ap_fifo|           C_stream_50_i|       pointer|
|C_stream_50_i_num_data_valid  |   in|    4|     ap_fifo|           C_stream_50_i|       pointer|
|C_stream_50_i_fifo_cap        |   in|    4|     ap_fifo|           C_stream_50_i|       pointer|
|C_stream_50_i_empty_n         |   in|    1|     ap_fifo|           C_stream_50_i|       pointer|
|C_stream_50_i_read            |  out|    1|     ap_fifo|           C_stream_50_i|       pointer|
|C_stream_49_i_dout            |   in|   32|     ap_fifo|           C_stream_49_i|       pointer|
|C_stream_49_i_num_data_valid  |   in|    4|     ap_fifo|           C_stream_49_i|       pointer|
|C_stream_49_i_fifo_cap        |   in|    4|     ap_fifo|           C_stream_49_i|       pointer|
|C_stream_49_i_empty_n         |   in|    1|     ap_fifo|           C_stream_49_i|       pointer|
|C_stream_49_i_read            |  out|    1|     ap_fifo|           C_stream_49_i|       pointer|
|C_stream_48_i_dout            |   in|   32|     ap_fifo|           C_stream_48_i|       pointer|
|C_stream_48_i_num_data_valid  |   in|    4|     ap_fifo|           C_stream_48_i|       pointer|
|C_stream_48_i_fifo_cap        |   in|    4|     ap_fifo|           C_stream_48_i|       pointer|
|C_stream_48_i_empty_n         |   in|    1|     ap_fifo|           C_stream_48_i|       pointer|
|C_stream_48_i_read            |  out|    1|     ap_fifo|           C_stream_48_i|       pointer|
|C_stream_47_i_dout            |   in|   32|     ap_fifo|           C_stream_47_i|       pointer|
|C_stream_47_i_num_data_valid  |   in|    4|     ap_fifo|           C_stream_47_i|       pointer|
|C_stream_47_i_fifo_cap        |   in|    4|     ap_fifo|           C_stream_47_i|       pointer|
|C_stream_47_i_empty_n         |   in|    1|     ap_fifo|           C_stream_47_i|       pointer|
|C_stream_47_i_read            |  out|    1|     ap_fifo|           C_stream_47_i|       pointer|
|C_stream_46_i_dout            |   in|   32|     ap_fifo|           C_stream_46_i|       pointer|
|C_stream_46_i_num_data_valid  |   in|    4|     ap_fifo|           C_stream_46_i|       pointer|
|C_stream_46_i_fifo_cap        |   in|    4|     ap_fifo|           C_stream_46_i|       pointer|
|C_stream_46_i_empty_n         |   in|    1|     ap_fifo|           C_stream_46_i|       pointer|
|C_stream_46_i_read            |  out|    1|     ap_fifo|           C_stream_46_i|       pointer|
|C_stream_45_i_dout            |   in|   32|     ap_fifo|           C_stream_45_i|       pointer|
|C_stream_45_i_num_data_valid  |   in|    4|     ap_fifo|           C_stream_45_i|       pointer|
|C_stream_45_i_fifo_cap        |   in|    4|     ap_fifo|           C_stream_45_i|       pointer|
|C_stream_45_i_empty_n         |   in|    1|     ap_fifo|           C_stream_45_i|       pointer|
|C_stream_45_i_read            |  out|    1|     ap_fifo|           C_stream_45_i|       pointer|
|C_stream_44_i_dout            |   in|   32|     ap_fifo|           C_stream_44_i|       pointer|
|C_stream_44_i_num_data_valid  |   in|    4|     ap_fifo|           C_stream_44_i|       pointer|
|C_stream_44_i_fifo_cap        |   in|    4|     ap_fifo|           C_stream_44_i|       pointer|
|C_stream_44_i_empty_n         |   in|    1|     ap_fifo|           C_stream_44_i|       pointer|
|C_stream_44_i_read            |  out|    1|     ap_fifo|           C_stream_44_i|       pointer|
|C_stream_43_i_dout            |   in|   32|     ap_fifo|           C_stream_43_i|       pointer|
|C_stream_43_i_num_data_valid  |   in|    4|     ap_fifo|           C_stream_43_i|       pointer|
|C_stream_43_i_fifo_cap        |   in|    4|     ap_fifo|           C_stream_43_i|       pointer|
|C_stream_43_i_empty_n         |   in|    1|     ap_fifo|           C_stream_43_i|       pointer|
|C_stream_43_i_read            |  out|    1|     ap_fifo|           C_stream_43_i|       pointer|
|C_stream_42_i_dout            |   in|   32|     ap_fifo|           C_stream_42_i|       pointer|
|C_stream_42_i_num_data_valid  |   in|    4|     ap_fifo|           C_stream_42_i|       pointer|
|C_stream_42_i_fifo_cap        |   in|    4|     ap_fifo|           C_stream_42_i|       pointer|
|C_stream_42_i_empty_n         |   in|    1|     ap_fifo|           C_stream_42_i|       pointer|
|C_stream_42_i_read            |  out|    1|     ap_fifo|           C_stream_42_i|       pointer|
|C_stream_41_i_dout            |   in|   32|     ap_fifo|           C_stream_41_i|       pointer|
|C_stream_41_i_num_data_valid  |   in|    4|     ap_fifo|           C_stream_41_i|       pointer|
|C_stream_41_i_fifo_cap        |   in|    4|     ap_fifo|           C_stream_41_i|       pointer|
|C_stream_41_i_empty_n         |   in|    1|     ap_fifo|           C_stream_41_i|       pointer|
|C_stream_41_i_read            |  out|    1|     ap_fifo|           C_stream_41_i|       pointer|
|C_stream_40_i_dout            |   in|   32|     ap_fifo|           C_stream_40_i|       pointer|
|C_stream_40_i_num_data_valid  |   in|    4|     ap_fifo|           C_stream_40_i|       pointer|
|C_stream_40_i_fifo_cap        |   in|    4|     ap_fifo|           C_stream_40_i|       pointer|
|C_stream_40_i_empty_n         |   in|    1|     ap_fifo|           C_stream_40_i|       pointer|
|C_stream_40_i_read            |  out|    1|     ap_fifo|           C_stream_40_i|       pointer|
|C_stream_39_i_dout            |   in|   32|     ap_fifo|           C_stream_39_i|       pointer|
|C_stream_39_i_num_data_valid  |   in|    4|     ap_fifo|           C_stream_39_i|       pointer|
|C_stream_39_i_fifo_cap        |   in|    4|     ap_fifo|           C_stream_39_i|       pointer|
|C_stream_39_i_empty_n         |   in|    1|     ap_fifo|           C_stream_39_i|       pointer|
|C_stream_39_i_read            |  out|    1|     ap_fifo|           C_stream_39_i|       pointer|
|C_stream_38_i_dout            |   in|   32|     ap_fifo|           C_stream_38_i|       pointer|
|C_stream_38_i_num_data_valid  |   in|    4|     ap_fifo|           C_stream_38_i|       pointer|
|C_stream_38_i_fifo_cap        |   in|    4|     ap_fifo|           C_stream_38_i|       pointer|
|C_stream_38_i_empty_n         |   in|    1|     ap_fifo|           C_stream_38_i|       pointer|
|C_stream_38_i_read            |  out|    1|     ap_fifo|           C_stream_38_i|       pointer|
|C_stream_37_i_dout            |   in|   32|     ap_fifo|           C_stream_37_i|       pointer|
|C_stream_37_i_num_data_valid  |   in|    4|     ap_fifo|           C_stream_37_i|       pointer|
|C_stream_37_i_fifo_cap        |   in|    4|     ap_fifo|           C_stream_37_i|       pointer|
|C_stream_37_i_empty_n         |   in|    1|     ap_fifo|           C_stream_37_i|       pointer|
|C_stream_37_i_read            |  out|    1|     ap_fifo|           C_stream_37_i|       pointer|
|C_stream_36_i_dout            |   in|   32|     ap_fifo|           C_stream_36_i|       pointer|
|C_stream_36_i_num_data_valid  |   in|    4|     ap_fifo|           C_stream_36_i|       pointer|
|C_stream_36_i_fifo_cap        |   in|    4|     ap_fifo|           C_stream_36_i|       pointer|
|C_stream_36_i_empty_n         |   in|    1|     ap_fifo|           C_stream_36_i|       pointer|
|C_stream_36_i_read            |  out|    1|     ap_fifo|           C_stream_36_i|       pointer|
|C_stream_35_i_dout            |   in|   32|     ap_fifo|           C_stream_35_i|       pointer|
|C_stream_35_i_num_data_valid  |   in|    4|     ap_fifo|           C_stream_35_i|       pointer|
|C_stream_35_i_fifo_cap        |   in|    4|     ap_fifo|           C_stream_35_i|       pointer|
|C_stream_35_i_empty_n         |   in|    1|     ap_fifo|           C_stream_35_i|       pointer|
|C_stream_35_i_read            |  out|    1|     ap_fifo|           C_stream_35_i|       pointer|
|C_stream_34_i_dout            |   in|   32|     ap_fifo|           C_stream_34_i|       pointer|
|C_stream_34_i_num_data_valid  |   in|    4|     ap_fifo|           C_stream_34_i|       pointer|
|C_stream_34_i_fifo_cap        |   in|    4|     ap_fifo|           C_stream_34_i|       pointer|
|C_stream_34_i_empty_n         |   in|    1|     ap_fifo|           C_stream_34_i|       pointer|
|C_stream_34_i_read            |  out|    1|     ap_fifo|           C_stream_34_i|       pointer|
|C_stream_33_i_dout            |   in|   32|     ap_fifo|           C_stream_33_i|       pointer|
|C_stream_33_i_num_data_valid  |   in|    4|     ap_fifo|           C_stream_33_i|       pointer|
|C_stream_33_i_fifo_cap        |   in|    4|     ap_fifo|           C_stream_33_i|       pointer|
|C_stream_33_i_empty_n         |   in|    1|     ap_fifo|           C_stream_33_i|       pointer|
|C_stream_33_i_read            |  out|    1|     ap_fifo|           C_stream_33_i|       pointer|
|C_stream_32_i_dout            |   in|   32|     ap_fifo|           C_stream_32_i|       pointer|
|C_stream_32_i_num_data_valid  |   in|    4|     ap_fifo|           C_stream_32_i|       pointer|
|C_stream_32_i_fifo_cap        |   in|    4|     ap_fifo|           C_stream_32_i|       pointer|
|C_stream_32_i_empty_n         |   in|    1|     ap_fifo|           C_stream_32_i|       pointer|
|C_stream_32_i_read            |  out|    1|     ap_fifo|           C_stream_32_i|       pointer|
|C_stream_31_i_dout            |   in|   32|     ap_fifo|           C_stream_31_i|       pointer|
|C_stream_31_i_num_data_valid  |   in|    4|     ap_fifo|           C_stream_31_i|       pointer|
|C_stream_31_i_fifo_cap        |   in|    4|     ap_fifo|           C_stream_31_i|       pointer|
|C_stream_31_i_empty_n         |   in|    1|     ap_fifo|           C_stream_31_i|       pointer|
|C_stream_31_i_read            |  out|    1|     ap_fifo|           C_stream_31_i|       pointer|
|C_stream_30_i_dout            |   in|   32|     ap_fifo|           C_stream_30_i|       pointer|
|C_stream_30_i_num_data_valid  |   in|    4|     ap_fifo|           C_stream_30_i|       pointer|
|C_stream_30_i_fifo_cap        |   in|    4|     ap_fifo|           C_stream_30_i|       pointer|
|C_stream_30_i_empty_n         |   in|    1|     ap_fifo|           C_stream_30_i|       pointer|
|C_stream_30_i_read            |  out|    1|     ap_fifo|           C_stream_30_i|       pointer|
|C_stream_29_i_dout            |   in|   32|     ap_fifo|           C_stream_29_i|       pointer|
|C_stream_29_i_num_data_valid  |   in|    4|     ap_fifo|           C_stream_29_i|       pointer|
|C_stream_29_i_fifo_cap        |   in|    4|     ap_fifo|           C_stream_29_i|       pointer|
|C_stream_29_i_empty_n         |   in|    1|     ap_fifo|           C_stream_29_i|       pointer|
|C_stream_29_i_read            |  out|    1|     ap_fifo|           C_stream_29_i|       pointer|
|C_stream_28_i_dout            |   in|   32|     ap_fifo|           C_stream_28_i|       pointer|
|C_stream_28_i_num_data_valid  |   in|    4|     ap_fifo|           C_stream_28_i|       pointer|
|C_stream_28_i_fifo_cap        |   in|    4|     ap_fifo|           C_stream_28_i|       pointer|
|C_stream_28_i_empty_n         |   in|    1|     ap_fifo|           C_stream_28_i|       pointer|
|C_stream_28_i_read            |  out|    1|     ap_fifo|           C_stream_28_i|       pointer|
|C_stream_27_i_dout            |   in|   32|     ap_fifo|           C_stream_27_i|       pointer|
|C_stream_27_i_num_data_valid  |   in|    4|     ap_fifo|           C_stream_27_i|       pointer|
|C_stream_27_i_fifo_cap        |   in|    4|     ap_fifo|           C_stream_27_i|       pointer|
|C_stream_27_i_empty_n         |   in|    1|     ap_fifo|           C_stream_27_i|       pointer|
|C_stream_27_i_read            |  out|    1|     ap_fifo|           C_stream_27_i|       pointer|
|C_stream_26_i_dout            |   in|   32|     ap_fifo|           C_stream_26_i|       pointer|
|C_stream_26_i_num_data_valid  |   in|    4|     ap_fifo|           C_stream_26_i|       pointer|
|C_stream_26_i_fifo_cap        |   in|    4|     ap_fifo|           C_stream_26_i|       pointer|
|C_stream_26_i_empty_n         |   in|    1|     ap_fifo|           C_stream_26_i|       pointer|
|C_stream_26_i_read            |  out|    1|     ap_fifo|           C_stream_26_i|       pointer|
|C_stream_25_i_dout            |   in|   32|     ap_fifo|           C_stream_25_i|       pointer|
|C_stream_25_i_num_data_valid  |   in|    4|     ap_fifo|           C_stream_25_i|       pointer|
|C_stream_25_i_fifo_cap        |   in|    4|     ap_fifo|           C_stream_25_i|       pointer|
|C_stream_25_i_empty_n         |   in|    1|     ap_fifo|           C_stream_25_i|       pointer|
|C_stream_25_i_read            |  out|    1|     ap_fifo|           C_stream_25_i|       pointer|
|C_stream_24_i_dout            |   in|   32|     ap_fifo|           C_stream_24_i|       pointer|
|C_stream_24_i_num_data_valid  |   in|    4|     ap_fifo|           C_stream_24_i|       pointer|
|C_stream_24_i_fifo_cap        |   in|    4|     ap_fifo|           C_stream_24_i|       pointer|
|C_stream_24_i_empty_n         |   in|    1|     ap_fifo|           C_stream_24_i|       pointer|
|C_stream_24_i_read            |  out|    1|     ap_fifo|           C_stream_24_i|       pointer|
|C_stream_23_i_dout            |   in|   32|     ap_fifo|           C_stream_23_i|       pointer|
|C_stream_23_i_num_data_valid  |   in|    4|     ap_fifo|           C_stream_23_i|       pointer|
|C_stream_23_i_fifo_cap        |   in|    4|     ap_fifo|           C_stream_23_i|       pointer|
|C_stream_23_i_empty_n         |   in|    1|     ap_fifo|           C_stream_23_i|       pointer|
|C_stream_23_i_read            |  out|    1|     ap_fifo|           C_stream_23_i|       pointer|
|C_stream_22_i_dout            |   in|   32|     ap_fifo|           C_stream_22_i|       pointer|
|C_stream_22_i_num_data_valid  |   in|    4|     ap_fifo|           C_stream_22_i|       pointer|
|C_stream_22_i_fifo_cap        |   in|    4|     ap_fifo|           C_stream_22_i|       pointer|
|C_stream_22_i_empty_n         |   in|    1|     ap_fifo|           C_stream_22_i|       pointer|
|C_stream_22_i_read            |  out|    1|     ap_fifo|           C_stream_22_i|       pointer|
|C_stream_21_i_dout            |   in|   32|     ap_fifo|           C_stream_21_i|       pointer|
|C_stream_21_i_num_data_valid  |   in|    4|     ap_fifo|           C_stream_21_i|       pointer|
|C_stream_21_i_fifo_cap        |   in|    4|     ap_fifo|           C_stream_21_i|       pointer|
|C_stream_21_i_empty_n         |   in|    1|     ap_fifo|           C_stream_21_i|       pointer|
|C_stream_21_i_read            |  out|    1|     ap_fifo|           C_stream_21_i|       pointer|
|C_stream_20_i_dout            |   in|   32|     ap_fifo|           C_stream_20_i|       pointer|
|C_stream_20_i_num_data_valid  |   in|    4|     ap_fifo|           C_stream_20_i|       pointer|
|C_stream_20_i_fifo_cap        |   in|    4|     ap_fifo|           C_stream_20_i|       pointer|
|C_stream_20_i_empty_n         |   in|    1|     ap_fifo|           C_stream_20_i|       pointer|
|C_stream_20_i_read            |  out|    1|     ap_fifo|           C_stream_20_i|       pointer|
|C_stream_19_i_dout            |   in|   32|     ap_fifo|           C_stream_19_i|       pointer|
|C_stream_19_i_num_data_valid  |   in|    4|     ap_fifo|           C_stream_19_i|       pointer|
|C_stream_19_i_fifo_cap        |   in|    4|     ap_fifo|           C_stream_19_i|       pointer|
|C_stream_19_i_empty_n         |   in|    1|     ap_fifo|           C_stream_19_i|       pointer|
|C_stream_19_i_read            |  out|    1|     ap_fifo|           C_stream_19_i|       pointer|
|C_stream_18_i_dout            |   in|   32|     ap_fifo|           C_stream_18_i|       pointer|
|C_stream_18_i_num_data_valid  |   in|    4|     ap_fifo|           C_stream_18_i|       pointer|
|C_stream_18_i_fifo_cap        |   in|    4|     ap_fifo|           C_stream_18_i|       pointer|
|C_stream_18_i_empty_n         |   in|    1|     ap_fifo|           C_stream_18_i|       pointer|
|C_stream_18_i_read            |  out|    1|     ap_fifo|           C_stream_18_i|       pointer|
|C_stream_17_i_dout            |   in|   32|     ap_fifo|           C_stream_17_i|       pointer|
|C_stream_17_i_num_data_valid  |   in|    4|     ap_fifo|           C_stream_17_i|       pointer|
|C_stream_17_i_fifo_cap        |   in|    4|     ap_fifo|           C_stream_17_i|       pointer|
|C_stream_17_i_empty_n         |   in|    1|     ap_fifo|           C_stream_17_i|       pointer|
|C_stream_17_i_read            |  out|    1|     ap_fifo|           C_stream_17_i|       pointer|
|C_stream_16_i_dout            |   in|   32|     ap_fifo|           C_stream_16_i|       pointer|
|C_stream_16_i_num_data_valid  |   in|    4|     ap_fifo|           C_stream_16_i|       pointer|
|C_stream_16_i_fifo_cap        |   in|    4|     ap_fifo|           C_stream_16_i|       pointer|
|C_stream_16_i_empty_n         |   in|    1|     ap_fifo|           C_stream_16_i|       pointer|
|C_stream_16_i_read            |  out|    1|     ap_fifo|           C_stream_16_i|       pointer|
|C_stream_15_i_dout            |   in|   32|     ap_fifo|           C_stream_15_i|       pointer|
|C_stream_15_i_num_data_valid  |   in|    4|     ap_fifo|           C_stream_15_i|       pointer|
|C_stream_15_i_fifo_cap        |   in|    4|     ap_fifo|           C_stream_15_i|       pointer|
|C_stream_15_i_empty_n         |   in|    1|     ap_fifo|           C_stream_15_i|       pointer|
|C_stream_15_i_read            |  out|    1|     ap_fifo|           C_stream_15_i|       pointer|
|C_stream_14_i_dout            |   in|   32|     ap_fifo|           C_stream_14_i|       pointer|
|C_stream_14_i_num_data_valid  |   in|    4|     ap_fifo|           C_stream_14_i|       pointer|
|C_stream_14_i_fifo_cap        |   in|    4|     ap_fifo|           C_stream_14_i|       pointer|
|C_stream_14_i_empty_n         |   in|    1|     ap_fifo|           C_stream_14_i|       pointer|
|C_stream_14_i_read            |  out|    1|     ap_fifo|           C_stream_14_i|       pointer|
|C_stream_13_i_dout            |   in|   32|     ap_fifo|           C_stream_13_i|       pointer|
|C_stream_13_i_num_data_valid  |   in|    4|     ap_fifo|           C_stream_13_i|       pointer|
|C_stream_13_i_fifo_cap        |   in|    4|     ap_fifo|           C_stream_13_i|       pointer|
|C_stream_13_i_empty_n         |   in|    1|     ap_fifo|           C_stream_13_i|       pointer|
|C_stream_13_i_read            |  out|    1|     ap_fifo|           C_stream_13_i|       pointer|
|C_stream_12_i_dout            |   in|   32|     ap_fifo|           C_stream_12_i|       pointer|
|C_stream_12_i_num_data_valid  |   in|    4|     ap_fifo|           C_stream_12_i|       pointer|
|C_stream_12_i_fifo_cap        |   in|    4|     ap_fifo|           C_stream_12_i|       pointer|
|C_stream_12_i_empty_n         |   in|    1|     ap_fifo|           C_stream_12_i|       pointer|
|C_stream_12_i_read            |  out|    1|     ap_fifo|           C_stream_12_i|       pointer|
|C_stream_11_i_dout            |   in|   32|     ap_fifo|           C_stream_11_i|       pointer|
|C_stream_11_i_num_data_valid  |   in|    4|     ap_fifo|           C_stream_11_i|       pointer|
|C_stream_11_i_fifo_cap        |   in|    4|     ap_fifo|           C_stream_11_i|       pointer|
|C_stream_11_i_empty_n         |   in|    1|     ap_fifo|           C_stream_11_i|       pointer|
|C_stream_11_i_read            |  out|    1|     ap_fifo|           C_stream_11_i|       pointer|
|C_stream_10_i_dout            |   in|   32|     ap_fifo|           C_stream_10_i|       pointer|
|C_stream_10_i_num_data_valid  |   in|    4|     ap_fifo|           C_stream_10_i|       pointer|
|C_stream_10_i_fifo_cap        |   in|    4|     ap_fifo|           C_stream_10_i|       pointer|
|C_stream_10_i_empty_n         |   in|    1|     ap_fifo|           C_stream_10_i|       pointer|
|C_stream_10_i_read            |  out|    1|     ap_fifo|           C_stream_10_i|       pointer|
|C_stream_9_i_dout             |   in|   32|     ap_fifo|            C_stream_9_i|       pointer|
|C_stream_9_i_num_data_valid   |   in|    4|     ap_fifo|            C_stream_9_i|       pointer|
|C_stream_9_i_fifo_cap         |   in|    4|     ap_fifo|            C_stream_9_i|       pointer|
|C_stream_9_i_empty_n          |   in|    1|     ap_fifo|            C_stream_9_i|       pointer|
|C_stream_9_i_read             |  out|    1|     ap_fifo|            C_stream_9_i|       pointer|
|C_stream_8_i_dout             |   in|   32|     ap_fifo|            C_stream_8_i|       pointer|
|C_stream_8_i_num_data_valid   |   in|    4|     ap_fifo|            C_stream_8_i|       pointer|
|C_stream_8_i_fifo_cap         |   in|    4|     ap_fifo|            C_stream_8_i|       pointer|
|C_stream_8_i_empty_n          |   in|    1|     ap_fifo|            C_stream_8_i|       pointer|
|C_stream_8_i_read             |  out|    1|     ap_fifo|            C_stream_8_i|       pointer|
|C_stream_7_i_dout             |   in|   32|     ap_fifo|            C_stream_7_i|       pointer|
|C_stream_7_i_num_data_valid   |   in|    4|     ap_fifo|            C_stream_7_i|       pointer|
|C_stream_7_i_fifo_cap         |   in|    4|     ap_fifo|            C_stream_7_i|       pointer|
|C_stream_7_i_empty_n          |   in|    1|     ap_fifo|            C_stream_7_i|       pointer|
|C_stream_7_i_read             |  out|    1|     ap_fifo|            C_stream_7_i|       pointer|
|C_stream_6_i_dout             |   in|   32|     ap_fifo|            C_stream_6_i|       pointer|
|C_stream_6_i_num_data_valid   |   in|    4|     ap_fifo|            C_stream_6_i|       pointer|
|C_stream_6_i_fifo_cap         |   in|    4|     ap_fifo|            C_stream_6_i|       pointer|
|C_stream_6_i_empty_n          |   in|    1|     ap_fifo|            C_stream_6_i|       pointer|
|C_stream_6_i_read             |  out|    1|     ap_fifo|            C_stream_6_i|       pointer|
|C_stream_5_i_dout             |   in|   32|     ap_fifo|            C_stream_5_i|       pointer|
|C_stream_5_i_num_data_valid   |   in|    4|     ap_fifo|            C_stream_5_i|       pointer|
|C_stream_5_i_fifo_cap         |   in|    4|     ap_fifo|            C_stream_5_i|       pointer|
|C_stream_5_i_empty_n          |   in|    1|     ap_fifo|            C_stream_5_i|       pointer|
|C_stream_5_i_read             |  out|    1|     ap_fifo|            C_stream_5_i|       pointer|
|C_stream_4_i_dout             |   in|   32|     ap_fifo|            C_stream_4_i|       pointer|
|C_stream_4_i_num_data_valid   |   in|    4|     ap_fifo|            C_stream_4_i|       pointer|
|C_stream_4_i_fifo_cap         |   in|    4|     ap_fifo|            C_stream_4_i|       pointer|
|C_stream_4_i_empty_n          |   in|    1|     ap_fifo|            C_stream_4_i|       pointer|
|C_stream_4_i_read             |  out|    1|     ap_fifo|            C_stream_4_i|       pointer|
|C_stream_3_i_dout             |   in|   32|     ap_fifo|            C_stream_3_i|       pointer|
|C_stream_3_i_num_data_valid   |   in|    4|     ap_fifo|            C_stream_3_i|       pointer|
|C_stream_3_i_fifo_cap         |   in|    4|     ap_fifo|            C_stream_3_i|       pointer|
|C_stream_3_i_empty_n          |   in|    1|     ap_fifo|            C_stream_3_i|       pointer|
|C_stream_3_i_read             |  out|    1|     ap_fifo|            C_stream_3_i|       pointer|
|C_stream_2_i_dout             |   in|   32|     ap_fifo|            C_stream_2_i|       pointer|
|C_stream_2_i_num_data_valid   |   in|    4|     ap_fifo|            C_stream_2_i|       pointer|
|C_stream_2_i_fifo_cap         |   in|    4|     ap_fifo|            C_stream_2_i|       pointer|
|C_stream_2_i_empty_n          |   in|    1|     ap_fifo|            C_stream_2_i|       pointer|
|C_stream_2_i_read             |  out|    1|     ap_fifo|            C_stream_2_i|       pointer|
|C_stream_1_i_dout             |   in|   32|     ap_fifo|            C_stream_1_i|       pointer|
|C_stream_1_i_num_data_valid   |   in|    4|     ap_fifo|            C_stream_1_i|       pointer|
|C_stream_1_i_fifo_cap         |   in|    4|     ap_fifo|            C_stream_1_i|       pointer|
|C_stream_1_i_empty_n          |   in|    1|     ap_fifo|            C_stream_1_i|       pointer|
|C_stream_1_i_read             |  out|    1|     ap_fifo|            C_stream_1_i|       pointer|
|C_stream_i_dout               |   in|   32|     ap_fifo|              C_stream_i|       pointer|
|C_stream_i_num_data_valid     |   in|    4|     ap_fifo|              C_stream_i|       pointer|
|C_stream_i_fifo_cap           |   in|    4|     ap_fifo|              C_stream_i|       pointer|
|C_stream_i_empty_n            |   in|    1|     ap_fifo|              C_stream_i|       pointer|
|C_stream_i_read               |  out|    1|     ap_fifo|              C_stream_i|       pointer|
|C_BUF_0_1_0_0                 |  out|   32|      ap_vld|           C_BUF_0_1_0_0|       pointer|
|C_BUF_0_1_0_0_ap_vld          |  out|    1|      ap_vld|           C_BUF_0_1_0_0|       pointer|
|C_BUF_0_1_0_1                 |  out|   32|      ap_vld|           C_BUF_0_1_0_1|       pointer|
|C_BUF_0_1_0_1_ap_vld          |  out|    1|      ap_vld|           C_BUF_0_1_0_1|       pointer|
|C_BUF_0_1_0_2                 |  out|   32|      ap_vld|           C_BUF_0_1_0_2|       pointer|
|C_BUF_0_1_0_2_ap_vld          |  out|    1|      ap_vld|           C_BUF_0_1_0_2|       pointer|
|C_BUF_0_1_0_3                 |  out|   32|      ap_vld|           C_BUF_0_1_0_3|       pointer|
|C_BUF_0_1_0_3_ap_vld          |  out|    1|      ap_vld|           C_BUF_0_1_0_3|       pointer|
|C_BUF_0_1_0_4                 |  out|   32|      ap_vld|           C_BUF_0_1_0_4|       pointer|
|C_BUF_0_1_0_4_ap_vld          |  out|    1|      ap_vld|           C_BUF_0_1_0_4|       pointer|
|C_BUF_0_1_0_5                 |  out|   32|      ap_vld|           C_BUF_0_1_0_5|       pointer|
|C_BUF_0_1_0_5_ap_vld          |  out|    1|      ap_vld|           C_BUF_0_1_0_5|       pointer|
|C_BUF_0_1_0_6                 |  out|   32|      ap_vld|           C_BUF_0_1_0_6|       pointer|
|C_BUF_0_1_0_6_ap_vld          |  out|    1|      ap_vld|           C_BUF_0_1_0_6|       pointer|
|C_BUF_0_1_0_7                 |  out|   32|      ap_vld|           C_BUF_0_1_0_7|       pointer|
|C_BUF_0_1_0_7_ap_vld          |  out|    1|      ap_vld|           C_BUF_0_1_0_7|       pointer|
|C_BUF_0_1_1_0                 |  out|   32|      ap_vld|           C_BUF_0_1_1_0|       pointer|
|C_BUF_0_1_1_0_ap_vld          |  out|    1|      ap_vld|           C_BUF_0_1_1_0|       pointer|
|C_BUF_0_1_1_1                 |  out|   32|      ap_vld|           C_BUF_0_1_1_1|       pointer|
|C_BUF_0_1_1_1_ap_vld          |  out|    1|      ap_vld|           C_BUF_0_1_1_1|       pointer|
|C_BUF_0_1_1_2                 |  out|   32|      ap_vld|           C_BUF_0_1_1_2|       pointer|
|C_BUF_0_1_1_2_ap_vld          |  out|    1|      ap_vld|           C_BUF_0_1_1_2|       pointer|
|C_BUF_0_1_1_3                 |  out|   32|      ap_vld|           C_BUF_0_1_1_3|       pointer|
|C_BUF_0_1_1_3_ap_vld          |  out|    1|      ap_vld|           C_BUF_0_1_1_3|       pointer|
|C_BUF_0_1_1_4                 |  out|   32|      ap_vld|           C_BUF_0_1_1_4|       pointer|
|C_BUF_0_1_1_4_ap_vld          |  out|    1|      ap_vld|           C_BUF_0_1_1_4|       pointer|
|C_BUF_0_1_1_5                 |  out|   32|      ap_vld|           C_BUF_0_1_1_5|       pointer|
|C_BUF_0_1_1_5_ap_vld          |  out|    1|      ap_vld|           C_BUF_0_1_1_5|       pointer|
|C_BUF_0_1_1_6                 |  out|   32|      ap_vld|           C_BUF_0_1_1_6|       pointer|
|C_BUF_0_1_1_6_ap_vld          |  out|    1|      ap_vld|           C_BUF_0_1_1_6|       pointer|
|C_BUF_0_1_1_7                 |  out|   32|      ap_vld|           C_BUF_0_1_1_7|       pointer|
|C_BUF_0_1_1_7_ap_vld          |  out|    1|      ap_vld|           C_BUF_0_1_1_7|       pointer|
|C_BUF_0_1_2_0                 |  out|   32|      ap_vld|           C_BUF_0_1_2_0|       pointer|
|C_BUF_0_1_2_0_ap_vld          |  out|    1|      ap_vld|           C_BUF_0_1_2_0|       pointer|
|C_BUF_0_1_2_1                 |  out|   32|      ap_vld|           C_BUF_0_1_2_1|       pointer|
|C_BUF_0_1_2_1_ap_vld          |  out|    1|      ap_vld|           C_BUF_0_1_2_1|       pointer|
|C_BUF_0_1_2_2                 |  out|   32|      ap_vld|           C_BUF_0_1_2_2|       pointer|
|C_BUF_0_1_2_2_ap_vld          |  out|    1|      ap_vld|           C_BUF_0_1_2_2|       pointer|
|C_BUF_0_1_2_3                 |  out|   32|      ap_vld|           C_BUF_0_1_2_3|       pointer|
|C_BUF_0_1_2_3_ap_vld          |  out|    1|      ap_vld|           C_BUF_0_1_2_3|       pointer|
|C_BUF_0_1_2_4                 |  out|   32|      ap_vld|           C_BUF_0_1_2_4|       pointer|
|C_BUF_0_1_2_4_ap_vld          |  out|    1|      ap_vld|           C_BUF_0_1_2_4|       pointer|
|C_BUF_0_1_2_5                 |  out|   32|      ap_vld|           C_BUF_0_1_2_5|       pointer|
|C_BUF_0_1_2_5_ap_vld          |  out|    1|      ap_vld|           C_BUF_0_1_2_5|       pointer|
|C_BUF_0_1_2_6                 |  out|   32|      ap_vld|           C_BUF_0_1_2_6|       pointer|
|C_BUF_0_1_2_6_ap_vld          |  out|    1|      ap_vld|           C_BUF_0_1_2_6|       pointer|
|C_BUF_0_1_2_7                 |  out|   32|      ap_vld|           C_BUF_0_1_2_7|       pointer|
|C_BUF_0_1_2_7_ap_vld          |  out|    1|      ap_vld|           C_BUF_0_1_2_7|       pointer|
|C_BUF_0_1_3_0                 |  out|   32|      ap_vld|           C_BUF_0_1_3_0|       pointer|
|C_BUF_0_1_3_0_ap_vld          |  out|    1|      ap_vld|           C_BUF_0_1_3_0|       pointer|
|C_BUF_0_1_3_1                 |  out|   32|      ap_vld|           C_BUF_0_1_3_1|       pointer|
|C_BUF_0_1_3_1_ap_vld          |  out|    1|      ap_vld|           C_BUF_0_1_3_1|       pointer|
|C_BUF_0_1_3_2                 |  out|   32|      ap_vld|           C_BUF_0_1_3_2|       pointer|
|C_BUF_0_1_3_2_ap_vld          |  out|    1|      ap_vld|           C_BUF_0_1_3_2|       pointer|
|C_BUF_0_1_3_3                 |  out|   32|      ap_vld|           C_BUF_0_1_3_3|       pointer|
|C_BUF_0_1_3_3_ap_vld          |  out|    1|      ap_vld|           C_BUF_0_1_3_3|       pointer|
|C_BUF_0_1_3_4                 |  out|   32|      ap_vld|           C_BUF_0_1_3_4|       pointer|
|C_BUF_0_1_3_4_ap_vld          |  out|    1|      ap_vld|           C_BUF_0_1_3_4|       pointer|
|C_BUF_0_1_3_5                 |  out|   32|      ap_vld|           C_BUF_0_1_3_5|       pointer|
|C_BUF_0_1_3_5_ap_vld          |  out|    1|      ap_vld|           C_BUF_0_1_3_5|       pointer|
|C_BUF_0_1_3_6                 |  out|   32|      ap_vld|           C_BUF_0_1_3_6|       pointer|
|C_BUF_0_1_3_6_ap_vld          |  out|    1|      ap_vld|           C_BUF_0_1_3_6|       pointer|
|C_BUF_0_1_3_7                 |  out|   32|      ap_vld|           C_BUF_0_1_3_7|       pointer|
|C_BUF_0_1_3_7_ap_vld          |  out|    1|      ap_vld|           C_BUF_0_1_3_7|       pointer|
|C_BUF_0_1_4_0                 |  out|   32|      ap_vld|           C_BUF_0_1_4_0|       pointer|
|C_BUF_0_1_4_0_ap_vld          |  out|    1|      ap_vld|           C_BUF_0_1_4_0|       pointer|
|C_BUF_0_1_4_1                 |  out|   32|      ap_vld|           C_BUF_0_1_4_1|       pointer|
|C_BUF_0_1_4_1_ap_vld          |  out|    1|      ap_vld|           C_BUF_0_1_4_1|       pointer|
|C_BUF_0_1_4_2                 |  out|   32|      ap_vld|           C_BUF_0_1_4_2|       pointer|
|C_BUF_0_1_4_2_ap_vld          |  out|    1|      ap_vld|           C_BUF_0_1_4_2|       pointer|
|C_BUF_0_1_4_3                 |  out|   32|      ap_vld|           C_BUF_0_1_4_3|       pointer|
|C_BUF_0_1_4_3_ap_vld          |  out|    1|      ap_vld|           C_BUF_0_1_4_3|       pointer|
|C_BUF_0_1_4_4                 |  out|   32|      ap_vld|           C_BUF_0_1_4_4|       pointer|
|C_BUF_0_1_4_4_ap_vld          |  out|    1|      ap_vld|           C_BUF_0_1_4_4|       pointer|
|C_BUF_0_1_4_5                 |  out|   32|      ap_vld|           C_BUF_0_1_4_5|       pointer|
|C_BUF_0_1_4_5_ap_vld          |  out|    1|      ap_vld|           C_BUF_0_1_4_5|       pointer|
|C_BUF_0_1_4_6                 |  out|   32|      ap_vld|           C_BUF_0_1_4_6|       pointer|
|C_BUF_0_1_4_6_ap_vld          |  out|    1|      ap_vld|           C_BUF_0_1_4_6|       pointer|
|C_BUF_0_1_4_7                 |  out|   32|      ap_vld|           C_BUF_0_1_4_7|       pointer|
|C_BUF_0_1_4_7_ap_vld          |  out|    1|      ap_vld|           C_BUF_0_1_4_7|       pointer|
|C_BUF_0_1_5_0                 |  out|   32|      ap_vld|           C_BUF_0_1_5_0|       pointer|
|C_BUF_0_1_5_0_ap_vld          |  out|    1|      ap_vld|           C_BUF_0_1_5_0|       pointer|
|C_BUF_0_1_5_1                 |  out|   32|      ap_vld|           C_BUF_0_1_5_1|       pointer|
|C_BUF_0_1_5_1_ap_vld          |  out|    1|      ap_vld|           C_BUF_0_1_5_1|       pointer|
|C_BUF_0_1_5_2                 |  out|   32|      ap_vld|           C_BUF_0_1_5_2|       pointer|
|C_BUF_0_1_5_2_ap_vld          |  out|    1|      ap_vld|           C_BUF_0_1_5_2|       pointer|
|C_BUF_0_1_5_3                 |  out|   32|      ap_vld|           C_BUF_0_1_5_3|       pointer|
|C_BUF_0_1_5_3_ap_vld          |  out|    1|      ap_vld|           C_BUF_0_1_5_3|       pointer|
|C_BUF_0_1_5_4                 |  out|   32|      ap_vld|           C_BUF_0_1_5_4|       pointer|
|C_BUF_0_1_5_4_ap_vld          |  out|    1|      ap_vld|           C_BUF_0_1_5_4|       pointer|
|C_BUF_0_1_5_5                 |  out|   32|      ap_vld|           C_BUF_0_1_5_5|       pointer|
|C_BUF_0_1_5_5_ap_vld          |  out|    1|      ap_vld|           C_BUF_0_1_5_5|       pointer|
|C_BUF_0_1_5_6                 |  out|   32|      ap_vld|           C_BUF_0_1_5_6|       pointer|
|C_BUF_0_1_5_6_ap_vld          |  out|    1|      ap_vld|           C_BUF_0_1_5_6|       pointer|
|C_BUF_0_1_5_7                 |  out|   32|      ap_vld|           C_BUF_0_1_5_7|       pointer|
|C_BUF_0_1_5_7_ap_vld          |  out|    1|      ap_vld|           C_BUF_0_1_5_7|       pointer|
|C_BUF_0_1_6_0                 |  out|   32|      ap_vld|           C_BUF_0_1_6_0|       pointer|
|C_BUF_0_1_6_0_ap_vld          |  out|    1|      ap_vld|           C_BUF_0_1_6_0|       pointer|
|C_BUF_0_1_6_1                 |  out|   32|      ap_vld|           C_BUF_0_1_6_1|       pointer|
|C_BUF_0_1_6_1_ap_vld          |  out|    1|      ap_vld|           C_BUF_0_1_6_1|       pointer|
|C_BUF_0_1_6_2                 |  out|   32|      ap_vld|           C_BUF_0_1_6_2|       pointer|
|C_BUF_0_1_6_2_ap_vld          |  out|    1|      ap_vld|           C_BUF_0_1_6_2|       pointer|
|C_BUF_0_1_6_3                 |  out|   32|      ap_vld|           C_BUF_0_1_6_3|       pointer|
|C_BUF_0_1_6_3_ap_vld          |  out|    1|      ap_vld|           C_BUF_0_1_6_3|       pointer|
|C_BUF_0_1_6_4                 |  out|   32|      ap_vld|           C_BUF_0_1_6_4|       pointer|
|C_BUF_0_1_6_4_ap_vld          |  out|    1|      ap_vld|           C_BUF_0_1_6_4|       pointer|
|C_BUF_0_1_6_5                 |  out|   32|      ap_vld|           C_BUF_0_1_6_5|       pointer|
|C_BUF_0_1_6_5_ap_vld          |  out|    1|      ap_vld|           C_BUF_0_1_6_5|       pointer|
|C_BUF_0_1_6_6                 |  out|   32|      ap_vld|           C_BUF_0_1_6_6|       pointer|
|C_BUF_0_1_6_6_ap_vld          |  out|    1|      ap_vld|           C_BUF_0_1_6_6|       pointer|
|C_BUF_0_1_6_7                 |  out|   32|      ap_vld|           C_BUF_0_1_6_7|       pointer|
|C_BUF_0_1_6_7_ap_vld          |  out|    1|      ap_vld|           C_BUF_0_1_6_7|       pointer|
|C_BUF_0_1_7_0                 |  out|   32|      ap_vld|           C_BUF_0_1_7_0|       pointer|
|C_BUF_0_1_7_0_ap_vld          |  out|    1|      ap_vld|           C_BUF_0_1_7_0|       pointer|
|C_BUF_0_1_7_1                 |  out|   32|      ap_vld|           C_BUF_0_1_7_1|       pointer|
|C_BUF_0_1_7_1_ap_vld          |  out|    1|      ap_vld|           C_BUF_0_1_7_1|       pointer|
|C_BUF_0_1_7_2                 |  out|   32|      ap_vld|           C_BUF_0_1_7_2|       pointer|
|C_BUF_0_1_7_2_ap_vld          |  out|    1|      ap_vld|           C_BUF_0_1_7_2|       pointer|
|C_BUF_0_1_7_3                 |  out|   32|      ap_vld|           C_BUF_0_1_7_3|       pointer|
|C_BUF_0_1_7_3_ap_vld          |  out|    1|      ap_vld|           C_BUF_0_1_7_3|       pointer|
|C_BUF_0_1_7_4                 |  out|   32|      ap_vld|           C_BUF_0_1_7_4|       pointer|
|C_BUF_0_1_7_4_ap_vld          |  out|    1|      ap_vld|           C_BUF_0_1_7_4|       pointer|
|C_BUF_0_1_7_5                 |  out|   32|      ap_vld|           C_BUF_0_1_7_5|       pointer|
|C_BUF_0_1_7_5_ap_vld          |  out|    1|      ap_vld|           C_BUF_0_1_7_5|       pointer|
|C_BUF_0_1_7_6                 |  out|   32|      ap_vld|           C_BUF_0_1_7_6|       pointer|
|C_BUF_0_1_7_6_ap_vld          |  out|    1|      ap_vld|           C_BUF_0_1_7_6|       pointer|
|C_BUF_0_1_7_7                 |  out|   32|      ap_vld|           C_BUF_0_1_7_7|       pointer|
|C_BUF_0_1_7_7_ap_vld          |  out|    1|      ap_vld|           C_BUF_0_1_7_7|       pointer|
|C_BUF_1_1_0_0                 |  out|   32|      ap_vld|           C_BUF_1_1_0_0|       pointer|
|C_BUF_1_1_0_0_ap_vld          |  out|    1|      ap_vld|           C_BUF_1_1_0_0|       pointer|
|C_BUF_1_1_0_1                 |  out|   32|      ap_vld|           C_BUF_1_1_0_1|       pointer|
|C_BUF_1_1_0_1_ap_vld          |  out|    1|      ap_vld|           C_BUF_1_1_0_1|       pointer|
|C_BUF_1_1_0_2                 |  out|   32|      ap_vld|           C_BUF_1_1_0_2|       pointer|
|C_BUF_1_1_0_2_ap_vld          |  out|    1|      ap_vld|           C_BUF_1_1_0_2|       pointer|
|C_BUF_1_1_0_3                 |  out|   32|      ap_vld|           C_BUF_1_1_0_3|       pointer|
|C_BUF_1_1_0_3_ap_vld          |  out|    1|      ap_vld|           C_BUF_1_1_0_3|       pointer|
|C_BUF_1_1_0_4                 |  out|   32|      ap_vld|           C_BUF_1_1_0_4|       pointer|
|C_BUF_1_1_0_4_ap_vld          |  out|    1|      ap_vld|           C_BUF_1_1_0_4|       pointer|
|C_BUF_1_1_0_5                 |  out|   32|      ap_vld|           C_BUF_1_1_0_5|       pointer|
|C_BUF_1_1_0_5_ap_vld          |  out|    1|      ap_vld|           C_BUF_1_1_0_5|       pointer|
|C_BUF_1_1_0_6                 |  out|   32|      ap_vld|           C_BUF_1_1_0_6|       pointer|
|C_BUF_1_1_0_6_ap_vld          |  out|    1|      ap_vld|           C_BUF_1_1_0_6|       pointer|
|C_BUF_1_1_0_7                 |  out|   32|      ap_vld|           C_BUF_1_1_0_7|       pointer|
|C_BUF_1_1_0_7_ap_vld          |  out|    1|      ap_vld|           C_BUF_1_1_0_7|       pointer|
|C_BUF_1_1_1_0                 |  out|   32|      ap_vld|           C_BUF_1_1_1_0|       pointer|
|C_BUF_1_1_1_0_ap_vld          |  out|    1|      ap_vld|           C_BUF_1_1_1_0|       pointer|
|C_BUF_1_1_1_1                 |  out|   32|      ap_vld|           C_BUF_1_1_1_1|       pointer|
|C_BUF_1_1_1_1_ap_vld          |  out|    1|      ap_vld|           C_BUF_1_1_1_1|       pointer|
|C_BUF_1_1_1_2                 |  out|   32|      ap_vld|           C_BUF_1_1_1_2|       pointer|
|C_BUF_1_1_1_2_ap_vld          |  out|    1|      ap_vld|           C_BUF_1_1_1_2|       pointer|
|C_BUF_1_1_1_3                 |  out|   32|      ap_vld|           C_BUF_1_1_1_3|       pointer|
|C_BUF_1_1_1_3_ap_vld          |  out|    1|      ap_vld|           C_BUF_1_1_1_3|       pointer|
|C_BUF_1_1_1_4                 |  out|   32|      ap_vld|           C_BUF_1_1_1_4|       pointer|
|C_BUF_1_1_1_4_ap_vld          |  out|    1|      ap_vld|           C_BUF_1_1_1_4|       pointer|
|C_BUF_1_1_1_5                 |  out|   32|      ap_vld|           C_BUF_1_1_1_5|       pointer|
|C_BUF_1_1_1_5_ap_vld          |  out|    1|      ap_vld|           C_BUF_1_1_1_5|       pointer|
|C_BUF_1_1_1_6                 |  out|   32|      ap_vld|           C_BUF_1_1_1_6|       pointer|
|C_BUF_1_1_1_6_ap_vld          |  out|    1|      ap_vld|           C_BUF_1_1_1_6|       pointer|
|C_BUF_1_1_1_7                 |  out|   32|      ap_vld|           C_BUF_1_1_1_7|       pointer|
|C_BUF_1_1_1_7_ap_vld          |  out|    1|      ap_vld|           C_BUF_1_1_1_7|       pointer|
|C_BUF_1_1_2_0                 |  out|   32|      ap_vld|           C_BUF_1_1_2_0|       pointer|
|C_BUF_1_1_2_0_ap_vld          |  out|    1|      ap_vld|           C_BUF_1_1_2_0|       pointer|
|C_BUF_1_1_2_1                 |  out|   32|      ap_vld|           C_BUF_1_1_2_1|       pointer|
|C_BUF_1_1_2_1_ap_vld          |  out|    1|      ap_vld|           C_BUF_1_1_2_1|       pointer|
|C_BUF_1_1_2_2                 |  out|   32|      ap_vld|           C_BUF_1_1_2_2|       pointer|
|C_BUF_1_1_2_2_ap_vld          |  out|    1|      ap_vld|           C_BUF_1_1_2_2|       pointer|
|C_BUF_1_1_2_3                 |  out|   32|      ap_vld|           C_BUF_1_1_2_3|       pointer|
|C_BUF_1_1_2_3_ap_vld          |  out|    1|      ap_vld|           C_BUF_1_1_2_3|       pointer|
|C_BUF_1_1_2_4                 |  out|   32|      ap_vld|           C_BUF_1_1_2_4|       pointer|
|C_BUF_1_1_2_4_ap_vld          |  out|    1|      ap_vld|           C_BUF_1_1_2_4|       pointer|
|C_BUF_1_1_2_5                 |  out|   32|      ap_vld|           C_BUF_1_1_2_5|       pointer|
|C_BUF_1_1_2_5_ap_vld          |  out|    1|      ap_vld|           C_BUF_1_1_2_5|       pointer|
|C_BUF_1_1_2_6                 |  out|   32|      ap_vld|           C_BUF_1_1_2_6|       pointer|
|C_BUF_1_1_2_6_ap_vld          |  out|    1|      ap_vld|           C_BUF_1_1_2_6|       pointer|
|C_BUF_1_1_2_7                 |  out|   32|      ap_vld|           C_BUF_1_1_2_7|       pointer|
|C_BUF_1_1_2_7_ap_vld          |  out|    1|      ap_vld|           C_BUF_1_1_2_7|       pointer|
|C_BUF_1_1_3_0                 |  out|   32|      ap_vld|           C_BUF_1_1_3_0|       pointer|
|C_BUF_1_1_3_0_ap_vld          |  out|    1|      ap_vld|           C_BUF_1_1_3_0|       pointer|
|C_BUF_1_1_3_1                 |  out|   32|      ap_vld|           C_BUF_1_1_3_1|       pointer|
|C_BUF_1_1_3_1_ap_vld          |  out|    1|      ap_vld|           C_BUF_1_1_3_1|       pointer|
|C_BUF_1_1_3_2                 |  out|   32|      ap_vld|           C_BUF_1_1_3_2|       pointer|
|C_BUF_1_1_3_2_ap_vld          |  out|    1|      ap_vld|           C_BUF_1_1_3_2|       pointer|
|C_BUF_1_1_3_3                 |  out|   32|      ap_vld|           C_BUF_1_1_3_3|       pointer|
|C_BUF_1_1_3_3_ap_vld          |  out|    1|      ap_vld|           C_BUF_1_1_3_3|       pointer|
|C_BUF_1_1_3_4                 |  out|   32|      ap_vld|           C_BUF_1_1_3_4|       pointer|
|C_BUF_1_1_3_4_ap_vld          |  out|    1|      ap_vld|           C_BUF_1_1_3_4|       pointer|
|C_BUF_1_1_3_5                 |  out|   32|      ap_vld|           C_BUF_1_1_3_5|       pointer|
|C_BUF_1_1_3_5_ap_vld          |  out|    1|      ap_vld|           C_BUF_1_1_3_5|       pointer|
|C_BUF_1_1_3_6                 |  out|   32|      ap_vld|           C_BUF_1_1_3_6|       pointer|
|C_BUF_1_1_3_6_ap_vld          |  out|    1|      ap_vld|           C_BUF_1_1_3_6|       pointer|
|C_BUF_1_1_3_7                 |  out|   32|      ap_vld|           C_BUF_1_1_3_7|       pointer|
|C_BUF_1_1_3_7_ap_vld          |  out|    1|      ap_vld|           C_BUF_1_1_3_7|       pointer|
|C_BUF_1_1_4_0                 |  out|   32|      ap_vld|           C_BUF_1_1_4_0|       pointer|
|C_BUF_1_1_4_0_ap_vld          |  out|    1|      ap_vld|           C_BUF_1_1_4_0|       pointer|
|C_BUF_1_1_4_1                 |  out|   32|      ap_vld|           C_BUF_1_1_4_1|       pointer|
|C_BUF_1_1_4_1_ap_vld          |  out|    1|      ap_vld|           C_BUF_1_1_4_1|       pointer|
|C_BUF_1_1_4_2                 |  out|   32|      ap_vld|           C_BUF_1_1_4_2|       pointer|
|C_BUF_1_1_4_2_ap_vld          |  out|    1|      ap_vld|           C_BUF_1_1_4_2|       pointer|
|C_BUF_1_1_4_3                 |  out|   32|      ap_vld|           C_BUF_1_1_4_3|       pointer|
|C_BUF_1_1_4_3_ap_vld          |  out|    1|      ap_vld|           C_BUF_1_1_4_3|       pointer|
|C_BUF_1_1_4_4                 |  out|   32|      ap_vld|           C_BUF_1_1_4_4|       pointer|
|C_BUF_1_1_4_4_ap_vld          |  out|    1|      ap_vld|           C_BUF_1_1_4_4|       pointer|
|C_BUF_1_1_4_5                 |  out|   32|      ap_vld|           C_BUF_1_1_4_5|       pointer|
|C_BUF_1_1_4_5_ap_vld          |  out|    1|      ap_vld|           C_BUF_1_1_4_5|       pointer|
|C_BUF_1_1_4_6                 |  out|   32|      ap_vld|           C_BUF_1_1_4_6|       pointer|
|C_BUF_1_1_4_6_ap_vld          |  out|    1|      ap_vld|           C_BUF_1_1_4_6|       pointer|
|C_BUF_1_1_4_7                 |  out|   32|      ap_vld|           C_BUF_1_1_4_7|       pointer|
|C_BUF_1_1_4_7_ap_vld          |  out|    1|      ap_vld|           C_BUF_1_1_4_7|       pointer|
|C_BUF_1_1_5_0                 |  out|   32|      ap_vld|           C_BUF_1_1_5_0|       pointer|
|C_BUF_1_1_5_0_ap_vld          |  out|    1|      ap_vld|           C_BUF_1_1_5_0|       pointer|
|C_BUF_1_1_5_1                 |  out|   32|      ap_vld|           C_BUF_1_1_5_1|       pointer|
|C_BUF_1_1_5_1_ap_vld          |  out|    1|      ap_vld|           C_BUF_1_1_5_1|       pointer|
|C_BUF_1_1_5_2                 |  out|   32|      ap_vld|           C_BUF_1_1_5_2|       pointer|
|C_BUF_1_1_5_2_ap_vld          |  out|    1|      ap_vld|           C_BUF_1_1_5_2|       pointer|
|C_BUF_1_1_5_3                 |  out|   32|      ap_vld|           C_BUF_1_1_5_3|       pointer|
|C_BUF_1_1_5_3_ap_vld          |  out|    1|      ap_vld|           C_BUF_1_1_5_3|       pointer|
|C_BUF_1_1_5_4                 |  out|   32|      ap_vld|           C_BUF_1_1_5_4|       pointer|
|C_BUF_1_1_5_4_ap_vld          |  out|    1|      ap_vld|           C_BUF_1_1_5_4|       pointer|
|C_BUF_1_1_5_5                 |  out|   32|      ap_vld|           C_BUF_1_1_5_5|       pointer|
|C_BUF_1_1_5_5_ap_vld          |  out|    1|      ap_vld|           C_BUF_1_1_5_5|       pointer|
|C_BUF_1_1_5_6                 |  out|   32|      ap_vld|           C_BUF_1_1_5_6|       pointer|
|C_BUF_1_1_5_6_ap_vld          |  out|    1|      ap_vld|           C_BUF_1_1_5_6|       pointer|
|C_BUF_1_1_5_7                 |  out|   32|      ap_vld|           C_BUF_1_1_5_7|       pointer|
|C_BUF_1_1_5_7_ap_vld          |  out|    1|      ap_vld|           C_BUF_1_1_5_7|       pointer|
|C_BUF_1_1_6_0                 |  out|   32|      ap_vld|           C_BUF_1_1_6_0|       pointer|
|C_BUF_1_1_6_0_ap_vld          |  out|    1|      ap_vld|           C_BUF_1_1_6_0|       pointer|
|C_BUF_1_1_6_1                 |  out|   32|      ap_vld|           C_BUF_1_1_6_1|       pointer|
|C_BUF_1_1_6_1_ap_vld          |  out|    1|      ap_vld|           C_BUF_1_1_6_1|       pointer|
|C_BUF_1_1_6_2                 |  out|   32|      ap_vld|           C_BUF_1_1_6_2|       pointer|
|C_BUF_1_1_6_2_ap_vld          |  out|    1|      ap_vld|           C_BUF_1_1_6_2|       pointer|
|C_BUF_1_1_6_3                 |  out|   32|      ap_vld|           C_BUF_1_1_6_3|       pointer|
|C_BUF_1_1_6_3_ap_vld          |  out|    1|      ap_vld|           C_BUF_1_1_6_3|       pointer|
|C_BUF_1_1_6_4                 |  out|   32|      ap_vld|           C_BUF_1_1_6_4|       pointer|
|C_BUF_1_1_6_4_ap_vld          |  out|    1|      ap_vld|           C_BUF_1_1_6_4|       pointer|
|C_BUF_1_1_6_5                 |  out|   32|      ap_vld|           C_BUF_1_1_6_5|       pointer|
|C_BUF_1_1_6_5_ap_vld          |  out|    1|      ap_vld|           C_BUF_1_1_6_5|       pointer|
|C_BUF_1_1_6_6                 |  out|   32|      ap_vld|           C_BUF_1_1_6_6|       pointer|
|C_BUF_1_1_6_6_ap_vld          |  out|    1|      ap_vld|           C_BUF_1_1_6_6|       pointer|
|C_BUF_1_1_6_7                 |  out|   32|      ap_vld|           C_BUF_1_1_6_7|       pointer|
|C_BUF_1_1_6_7_ap_vld          |  out|    1|      ap_vld|           C_BUF_1_1_6_7|       pointer|
|C_BUF_1_1_7_0                 |  out|   32|      ap_vld|           C_BUF_1_1_7_0|       pointer|
|C_BUF_1_1_7_0_ap_vld          |  out|    1|      ap_vld|           C_BUF_1_1_7_0|       pointer|
|C_BUF_1_1_7_1                 |  out|   32|      ap_vld|           C_BUF_1_1_7_1|       pointer|
|C_BUF_1_1_7_1_ap_vld          |  out|    1|      ap_vld|           C_BUF_1_1_7_1|       pointer|
|C_BUF_1_1_7_2                 |  out|   32|      ap_vld|           C_BUF_1_1_7_2|       pointer|
|C_BUF_1_1_7_2_ap_vld          |  out|    1|      ap_vld|           C_BUF_1_1_7_2|       pointer|
|C_BUF_1_1_7_3                 |  out|   32|      ap_vld|           C_BUF_1_1_7_3|       pointer|
|C_BUF_1_1_7_3_ap_vld          |  out|    1|      ap_vld|           C_BUF_1_1_7_3|       pointer|
|C_BUF_1_1_7_4                 |  out|   32|      ap_vld|           C_BUF_1_1_7_4|       pointer|
|C_BUF_1_1_7_4_ap_vld          |  out|    1|      ap_vld|           C_BUF_1_1_7_4|       pointer|
|C_BUF_1_1_7_5                 |  out|   32|      ap_vld|           C_BUF_1_1_7_5|       pointer|
|C_BUF_1_1_7_5_ap_vld          |  out|    1|      ap_vld|           C_BUF_1_1_7_5|       pointer|
|C_BUF_1_1_7_6                 |  out|   32|      ap_vld|           C_BUF_1_1_7_6|       pointer|
|C_BUF_1_1_7_6_ap_vld          |  out|    1|      ap_vld|           C_BUF_1_1_7_6|       pointer|
|C_BUF_1_1_7_7                 |  out|   32|      ap_vld|           C_BUF_1_1_7_7|       pointer|
|C_BUF_1_1_7_7_ap_vld          |  out|    1|      ap_vld|           C_BUF_1_1_7_7|       pointer|
|C_BUF_2_1_0_0                 |  out|   32|      ap_vld|           C_BUF_2_1_0_0|       pointer|
|C_BUF_2_1_0_0_ap_vld          |  out|    1|      ap_vld|           C_BUF_2_1_0_0|       pointer|
|C_BUF_2_1_0_1                 |  out|   32|      ap_vld|           C_BUF_2_1_0_1|       pointer|
|C_BUF_2_1_0_1_ap_vld          |  out|    1|      ap_vld|           C_BUF_2_1_0_1|       pointer|
|C_BUF_2_1_0_2                 |  out|   32|      ap_vld|           C_BUF_2_1_0_2|       pointer|
|C_BUF_2_1_0_2_ap_vld          |  out|    1|      ap_vld|           C_BUF_2_1_0_2|       pointer|
|C_BUF_2_1_0_3                 |  out|   32|      ap_vld|           C_BUF_2_1_0_3|       pointer|
|C_BUF_2_1_0_3_ap_vld          |  out|    1|      ap_vld|           C_BUF_2_1_0_3|       pointer|
|C_BUF_2_1_0_4                 |  out|   32|      ap_vld|           C_BUF_2_1_0_4|       pointer|
|C_BUF_2_1_0_4_ap_vld          |  out|    1|      ap_vld|           C_BUF_2_1_0_4|       pointer|
|C_BUF_2_1_0_5                 |  out|   32|      ap_vld|           C_BUF_2_1_0_5|       pointer|
|C_BUF_2_1_0_5_ap_vld          |  out|    1|      ap_vld|           C_BUF_2_1_0_5|       pointer|
|C_BUF_2_1_0_6                 |  out|   32|      ap_vld|           C_BUF_2_1_0_6|       pointer|
|C_BUF_2_1_0_6_ap_vld          |  out|    1|      ap_vld|           C_BUF_2_1_0_6|       pointer|
|C_BUF_2_1_0_7                 |  out|   32|      ap_vld|           C_BUF_2_1_0_7|       pointer|
|C_BUF_2_1_0_7_ap_vld          |  out|    1|      ap_vld|           C_BUF_2_1_0_7|       pointer|
|C_BUF_2_1_1_0                 |  out|   32|      ap_vld|           C_BUF_2_1_1_0|       pointer|
|C_BUF_2_1_1_0_ap_vld          |  out|    1|      ap_vld|           C_BUF_2_1_1_0|       pointer|
|C_BUF_2_1_1_1                 |  out|   32|      ap_vld|           C_BUF_2_1_1_1|       pointer|
|C_BUF_2_1_1_1_ap_vld          |  out|    1|      ap_vld|           C_BUF_2_1_1_1|       pointer|
|C_BUF_2_1_1_2                 |  out|   32|      ap_vld|           C_BUF_2_1_1_2|       pointer|
|C_BUF_2_1_1_2_ap_vld          |  out|    1|      ap_vld|           C_BUF_2_1_1_2|       pointer|
|C_BUF_2_1_1_3                 |  out|   32|      ap_vld|           C_BUF_2_1_1_3|       pointer|
|C_BUF_2_1_1_3_ap_vld          |  out|    1|      ap_vld|           C_BUF_2_1_1_3|       pointer|
|C_BUF_2_1_1_4                 |  out|   32|      ap_vld|           C_BUF_2_1_1_4|       pointer|
|C_BUF_2_1_1_4_ap_vld          |  out|    1|      ap_vld|           C_BUF_2_1_1_4|       pointer|
|C_BUF_2_1_1_5                 |  out|   32|      ap_vld|           C_BUF_2_1_1_5|       pointer|
|C_BUF_2_1_1_5_ap_vld          |  out|    1|      ap_vld|           C_BUF_2_1_1_5|       pointer|
|C_BUF_2_1_1_6                 |  out|   32|      ap_vld|           C_BUF_2_1_1_6|       pointer|
|C_BUF_2_1_1_6_ap_vld          |  out|    1|      ap_vld|           C_BUF_2_1_1_6|       pointer|
|C_BUF_2_1_1_7                 |  out|   32|      ap_vld|           C_BUF_2_1_1_7|       pointer|
|C_BUF_2_1_1_7_ap_vld          |  out|    1|      ap_vld|           C_BUF_2_1_1_7|       pointer|
|C_BUF_2_1_2_0                 |  out|   32|      ap_vld|           C_BUF_2_1_2_0|       pointer|
|C_BUF_2_1_2_0_ap_vld          |  out|    1|      ap_vld|           C_BUF_2_1_2_0|       pointer|
|C_BUF_2_1_2_1                 |  out|   32|      ap_vld|           C_BUF_2_1_2_1|       pointer|
|C_BUF_2_1_2_1_ap_vld          |  out|    1|      ap_vld|           C_BUF_2_1_2_1|       pointer|
|C_BUF_2_1_2_2                 |  out|   32|      ap_vld|           C_BUF_2_1_2_2|       pointer|
|C_BUF_2_1_2_2_ap_vld          |  out|    1|      ap_vld|           C_BUF_2_1_2_2|       pointer|
|C_BUF_2_1_2_3                 |  out|   32|      ap_vld|           C_BUF_2_1_2_3|       pointer|
|C_BUF_2_1_2_3_ap_vld          |  out|    1|      ap_vld|           C_BUF_2_1_2_3|       pointer|
|C_BUF_2_1_2_4                 |  out|   32|      ap_vld|           C_BUF_2_1_2_4|       pointer|
|C_BUF_2_1_2_4_ap_vld          |  out|    1|      ap_vld|           C_BUF_2_1_2_4|       pointer|
|C_BUF_2_1_2_5                 |  out|   32|      ap_vld|           C_BUF_2_1_2_5|       pointer|
|C_BUF_2_1_2_5_ap_vld          |  out|    1|      ap_vld|           C_BUF_2_1_2_5|       pointer|
|C_BUF_2_1_2_6                 |  out|   32|      ap_vld|           C_BUF_2_1_2_6|       pointer|
|C_BUF_2_1_2_6_ap_vld          |  out|    1|      ap_vld|           C_BUF_2_1_2_6|       pointer|
|C_BUF_2_1_2_7                 |  out|   32|      ap_vld|           C_BUF_2_1_2_7|       pointer|
|C_BUF_2_1_2_7_ap_vld          |  out|    1|      ap_vld|           C_BUF_2_1_2_7|       pointer|
|C_BUF_2_1_3_0                 |  out|   32|      ap_vld|           C_BUF_2_1_3_0|       pointer|
|C_BUF_2_1_3_0_ap_vld          |  out|    1|      ap_vld|           C_BUF_2_1_3_0|       pointer|
|C_BUF_2_1_3_1                 |  out|   32|      ap_vld|           C_BUF_2_1_3_1|       pointer|
|C_BUF_2_1_3_1_ap_vld          |  out|    1|      ap_vld|           C_BUF_2_1_3_1|       pointer|
|C_BUF_2_1_3_2                 |  out|   32|      ap_vld|           C_BUF_2_1_3_2|       pointer|
|C_BUF_2_1_3_2_ap_vld          |  out|    1|      ap_vld|           C_BUF_2_1_3_2|       pointer|
|C_BUF_2_1_3_3                 |  out|   32|      ap_vld|           C_BUF_2_1_3_3|       pointer|
|C_BUF_2_1_3_3_ap_vld          |  out|    1|      ap_vld|           C_BUF_2_1_3_3|       pointer|
|C_BUF_2_1_3_4                 |  out|   32|      ap_vld|           C_BUF_2_1_3_4|       pointer|
|C_BUF_2_1_3_4_ap_vld          |  out|    1|      ap_vld|           C_BUF_2_1_3_4|       pointer|
|C_BUF_2_1_3_5                 |  out|   32|      ap_vld|           C_BUF_2_1_3_5|       pointer|
|C_BUF_2_1_3_5_ap_vld          |  out|    1|      ap_vld|           C_BUF_2_1_3_5|       pointer|
|C_BUF_2_1_3_6                 |  out|   32|      ap_vld|           C_BUF_2_1_3_6|       pointer|
|C_BUF_2_1_3_6_ap_vld          |  out|    1|      ap_vld|           C_BUF_2_1_3_6|       pointer|
|C_BUF_2_1_3_7                 |  out|   32|      ap_vld|           C_BUF_2_1_3_7|       pointer|
|C_BUF_2_1_3_7_ap_vld          |  out|    1|      ap_vld|           C_BUF_2_1_3_7|       pointer|
|C_BUF_2_1_4_0                 |  out|   32|      ap_vld|           C_BUF_2_1_4_0|       pointer|
|C_BUF_2_1_4_0_ap_vld          |  out|    1|      ap_vld|           C_BUF_2_1_4_0|       pointer|
|C_BUF_2_1_4_1                 |  out|   32|      ap_vld|           C_BUF_2_1_4_1|       pointer|
|C_BUF_2_1_4_1_ap_vld          |  out|    1|      ap_vld|           C_BUF_2_1_4_1|       pointer|
|C_BUF_2_1_4_2                 |  out|   32|      ap_vld|           C_BUF_2_1_4_2|       pointer|
|C_BUF_2_1_4_2_ap_vld          |  out|    1|      ap_vld|           C_BUF_2_1_4_2|       pointer|
|C_BUF_2_1_4_3                 |  out|   32|      ap_vld|           C_BUF_2_1_4_3|       pointer|
|C_BUF_2_1_4_3_ap_vld          |  out|    1|      ap_vld|           C_BUF_2_1_4_3|       pointer|
|C_BUF_2_1_4_4                 |  out|   32|      ap_vld|           C_BUF_2_1_4_4|       pointer|
|C_BUF_2_1_4_4_ap_vld          |  out|    1|      ap_vld|           C_BUF_2_1_4_4|       pointer|
|C_BUF_2_1_4_5                 |  out|   32|      ap_vld|           C_BUF_2_1_4_5|       pointer|
|C_BUF_2_1_4_5_ap_vld          |  out|    1|      ap_vld|           C_BUF_2_1_4_5|       pointer|
|C_BUF_2_1_4_6                 |  out|   32|      ap_vld|           C_BUF_2_1_4_6|       pointer|
|C_BUF_2_1_4_6_ap_vld          |  out|    1|      ap_vld|           C_BUF_2_1_4_6|       pointer|
|C_BUF_2_1_4_7                 |  out|   32|      ap_vld|           C_BUF_2_1_4_7|       pointer|
|C_BUF_2_1_4_7_ap_vld          |  out|    1|      ap_vld|           C_BUF_2_1_4_7|       pointer|
|C_BUF_2_1_5_0                 |  out|   32|      ap_vld|           C_BUF_2_1_5_0|       pointer|
|C_BUF_2_1_5_0_ap_vld          |  out|    1|      ap_vld|           C_BUF_2_1_5_0|       pointer|
|C_BUF_2_1_5_1                 |  out|   32|      ap_vld|           C_BUF_2_1_5_1|       pointer|
|C_BUF_2_1_5_1_ap_vld          |  out|    1|      ap_vld|           C_BUF_2_1_5_1|       pointer|
|C_BUF_2_1_5_2                 |  out|   32|      ap_vld|           C_BUF_2_1_5_2|       pointer|
|C_BUF_2_1_5_2_ap_vld          |  out|    1|      ap_vld|           C_BUF_2_1_5_2|       pointer|
|C_BUF_2_1_5_3                 |  out|   32|      ap_vld|           C_BUF_2_1_5_3|       pointer|
|C_BUF_2_1_5_3_ap_vld          |  out|    1|      ap_vld|           C_BUF_2_1_5_3|       pointer|
|C_BUF_2_1_5_4                 |  out|   32|      ap_vld|           C_BUF_2_1_5_4|       pointer|
|C_BUF_2_1_5_4_ap_vld          |  out|    1|      ap_vld|           C_BUF_2_1_5_4|       pointer|
|C_BUF_2_1_5_5                 |  out|   32|      ap_vld|           C_BUF_2_1_5_5|       pointer|
|C_BUF_2_1_5_5_ap_vld          |  out|    1|      ap_vld|           C_BUF_2_1_5_5|       pointer|
|C_BUF_2_1_5_6                 |  out|   32|      ap_vld|           C_BUF_2_1_5_6|       pointer|
|C_BUF_2_1_5_6_ap_vld          |  out|    1|      ap_vld|           C_BUF_2_1_5_6|       pointer|
|C_BUF_2_1_5_7                 |  out|   32|      ap_vld|           C_BUF_2_1_5_7|       pointer|
|C_BUF_2_1_5_7_ap_vld          |  out|    1|      ap_vld|           C_BUF_2_1_5_7|       pointer|
|C_BUF_2_1_6_0                 |  out|   32|      ap_vld|           C_BUF_2_1_6_0|       pointer|
|C_BUF_2_1_6_0_ap_vld          |  out|    1|      ap_vld|           C_BUF_2_1_6_0|       pointer|
|C_BUF_2_1_6_1                 |  out|   32|      ap_vld|           C_BUF_2_1_6_1|       pointer|
|C_BUF_2_1_6_1_ap_vld          |  out|    1|      ap_vld|           C_BUF_2_1_6_1|       pointer|
|C_BUF_2_1_6_2                 |  out|   32|      ap_vld|           C_BUF_2_1_6_2|       pointer|
|C_BUF_2_1_6_2_ap_vld          |  out|    1|      ap_vld|           C_BUF_2_1_6_2|       pointer|
|C_BUF_2_1_6_3                 |  out|   32|      ap_vld|           C_BUF_2_1_6_3|       pointer|
|C_BUF_2_1_6_3_ap_vld          |  out|    1|      ap_vld|           C_BUF_2_1_6_3|       pointer|
|C_BUF_2_1_6_4                 |  out|   32|      ap_vld|           C_BUF_2_1_6_4|       pointer|
|C_BUF_2_1_6_4_ap_vld          |  out|    1|      ap_vld|           C_BUF_2_1_6_4|       pointer|
|C_BUF_2_1_6_5                 |  out|   32|      ap_vld|           C_BUF_2_1_6_5|       pointer|
|C_BUF_2_1_6_5_ap_vld          |  out|    1|      ap_vld|           C_BUF_2_1_6_5|       pointer|
|C_BUF_2_1_6_6                 |  out|   32|      ap_vld|           C_BUF_2_1_6_6|       pointer|
|C_BUF_2_1_6_6_ap_vld          |  out|    1|      ap_vld|           C_BUF_2_1_6_6|       pointer|
|C_BUF_2_1_6_7                 |  out|   32|      ap_vld|           C_BUF_2_1_6_7|       pointer|
|C_BUF_2_1_6_7_ap_vld          |  out|    1|      ap_vld|           C_BUF_2_1_6_7|       pointer|
|C_BUF_2_1_7_0                 |  out|   32|      ap_vld|           C_BUF_2_1_7_0|       pointer|
|C_BUF_2_1_7_0_ap_vld          |  out|    1|      ap_vld|           C_BUF_2_1_7_0|       pointer|
|C_BUF_2_1_7_1                 |  out|   32|      ap_vld|           C_BUF_2_1_7_1|       pointer|
|C_BUF_2_1_7_1_ap_vld          |  out|    1|      ap_vld|           C_BUF_2_1_7_1|       pointer|
|C_BUF_2_1_7_2                 |  out|   32|      ap_vld|           C_BUF_2_1_7_2|       pointer|
|C_BUF_2_1_7_2_ap_vld          |  out|    1|      ap_vld|           C_BUF_2_1_7_2|       pointer|
|C_BUF_2_1_7_3                 |  out|   32|      ap_vld|           C_BUF_2_1_7_3|       pointer|
|C_BUF_2_1_7_3_ap_vld          |  out|    1|      ap_vld|           C_BUF_2_1_7_3|       pointer|
|C_BUF_2_1_7_4                 |  out|   32|      ap_vld|           C_BUF_2_1_7_4|       pointer|
|C_BUF_2_1_7_4_ap_vld          |  out|    1|      ap_vld|           C_BUF_2_1_7_4|       pointer|
|C_BUF_2_1_7_5                 |  out|   32|      ap_vld|           C_BUF_2_1_7_5|       pointer|
|C_BUF_2_1_7_5_ap_vld          |  out|    1|      ap_vld|           C_BUF_2_1_7_5|       pointer|
|C_BUF_2_1_7_6                 |  out|   32|      ap_vld|           C_BUF_2_1_7_6|       pointer|
|C_BUF_2_1_7_6_ap_vld          |  out|    1|      ap_vld|           C_BUF_2_1_7_6|       pointer|
|C_BUF_2_1_7_7                 |  out|   32|      ap_vld|           C_BUF_2_1_7_7|       pointer|
|C_BUF_2_1_7_7_ap_vld          |  out|    1|      ap_vld|           C_BUF_2_1_7_7|       pointer|
|C_BUF_3_1_0_0                 |  out|   32|      ap_vld|           C_BUF_3_1_0_0|       pointer|
|C_BUF_3_1_0_0_ap_vld          |  out|    1|      ap_vld|           C_BUF_3_1_0_0|       pointer|
|C_BUF_3_1_0_1                 |  out|   32|      ap_vld|           C_BUF_3_1_0_1|       pointer|
|C_BUF_3_1_0_1_ap_vld          |  out|    1|      ap_vld|           C_BUF_3_1_0_1|       pointer|
|C_BUF_3_1_0_2                 |  out|   32|      ap_vld|           C_BUF_3_1_0_2|       pointer|
|C_BUF_3_1_0_2_ap_vld          |  out|    1|      ap_vld|           C_BUF_3_1_0_2|       pointer|
|C_BUF_3_1_0_3                 |  out|   32|      ap_vld|           C_BUF_3_1_0_3|       pointer|
|C_BUF_3_1_0_3_ap_vld          |  out|    1|      ap_vld|           C_BUF_3_1_0_3|       pointer|
|C_BUF_3_1_0_4                 |  out|   32|      ap_vld|           C_BUF_3_1_0_4|       pointer|
|C_BUF_3_1_0_4_ap_vld          |  out|    1|      ap_vld|           C_BUF_3_1_0_4|       pointer|
|C_BUF_3_1_0_5                 |  out|   32|      ap_vld|           C_BUF_3_1_0_5|       pointer|
|C_BUF_3_1_0_5_ap_vld          |  out|    1|      ap_vld|           C_BUF_3_1_0_5|       pointer|
|C_BUF_3_1_0_6                 |  out|   32|      ap_vld|           C_BUF_3_1_0_6|       pointer|
|C_BUF_3_1_0_6_ap_vld          |  out|    1|      ap_vld|           C_BUF_3_1_0_6|       pointer|
|C_BUF_3_1_0_7                 |  out|   32|      ap_vld|           C_BUF_3_1_0_7|       pointer|
|C_BUF_3_1_0_7_ap_vld          |  out|    1|      ap_vld|           C_BUF_3_1_0_7|       pointer|
|C_BUF_3_1_1_0                 |  out|   32|      ap_vld|           C_BUF_3_1_1_0|       pointer|
|C_BUF_3_1_1_0_ap_vld          |  out|    1|      ap_vld|           C_BUF_3_1_1_0|       pointer|
|C_BUF_3_1_1_1                 |  out|   32|      ap_vld|           C_BUF_3_1_1_1|       pointer|
|C_BUF_3_1_1_1_ap_vld          |  out|    1|      ap_vld|           C_BUF_3_1_1_1|       pointer|
|C_BUF_3_1_1_2                 |  out|   32|      ap_vld|           C_BUF_3_1_1_2|       pointer|
|C_BUF_3_1_1_2_ap_vld          |  out|    1|      ap_vld|           C_BUF_3_1_1_2|       pointer|
|C_BUF_3_1_1_3                 |  out|   32|      ap_vld|           C_BUF_3_1_1_3|       pointer|
|C_BUF_3_1_1_3_ap_vld          |  out|    1|      ap_vld|           C_BUF_3_1_1_3|       pointer|
|C_BUF_3_1_1_4                 |  out|   32|      ap_vld|           C_BUF_3_1_1_4|       pointer|
|C_BUF_3_1_1_4_ap_vld          |  out|    1|      ap_vld|           C_BUF_3_1_1_4|       pointer|
|C_BUF_3_1_1_5                 |  out|   32|      ap_vld|           C_BUF_3_1_1_5|       pointer|
|C_BUF_3_1_1_5_ap_vld          |  out|    1|      ap_vld|           C_BUF_3_1_1_5|       pointer|
|C_BUF_3_1_1_6                 |  out|   32|      ap_vld|           C_BUF_3_1_1_6|       pointer|
|C_BUF_3_1_1_6_ap_vld          |  out|    1|      ap_vld|           C_BUF_3_1_1_6|       pointer|
|C_BUF_3_1_1_7                 |  out|   32|      ap_vld|           C_BUF_3_1_1_7|       pointer|
|C_BUF_3_1_1_7_ap_vld          |  out|    1|      ap_vld|           C_BUF_3_1_1_7|       pointer|
|C_BUF_3_1_2_0                 |  out|   32|      ap_vld|           C_BUF_3_1_2_0|       pointer|
|C_BUF_3_1_2_0_ap_vld          |  out|    1|      ap_vld|           C_BUF_3_1_2_0|       pointer|
|C_BUF_3_1_2_1                 |  out|   32|      ap_vld|           C_BUF_3_1_2_1|       pointer|
|C_BUF_3_1_2_1_ap_vld          |  out|    1|      ap_vld|           C_BUF_3_1_2_1|       pointer|
|C_BUF_3_1_2_2                 |  out|   32|      ap_vld|           C_BUF_3_1_2_2|       pointer|
|C_BUF_3_1_2_2_ap_vld          |  out|    1|      ap_vld|           C_BUF_3_1_2_2|       pointer|
|C_BUF_3_1_2_3                 |  out|   32|      ap_vld|           C_BUF_3_1_2_3|       pointer|
|C_BUF_3_1_2_3_ap_vld          |  out|    1|      ap_vld|           C_BUF_3_1_2_3|       pointer|
|C_BUF_3_1_2_4                 |  out|   32|      ap_vld|           C_BUF_3_1_2_4|       pointer|
|C_BUF_3_1_2_4_ap_vld          |  out|    1|      ap_vld|           C_BUF_3_1_2_4|       pointer|
|C_BUF_3_1_2_5                 |  out|   32|      ap_vld|           C_BUF_3_1_2_5|       pointer|
|C_BUF_3_1_2_5_ap_vld          |  out|    1|      ap_vld|           C_BUF_3_1_2_5|       pointer|
|C_BUF_3_1_2_6                 |  out|   32|      ap_vld|           C_BUF_3_1_2_6|       pointer|
|C_BUF_3_1_2_6_ap_vld          |  out|    1|      ap_vld|           C_BUF_3_1_2_6|       pointer|
|C_BUF_3_1_2_7                 |  out|   32|      ap_vld|           C_BUF_3_1_2_7|       pointer|
|C_BUF_3_1_2_7_ap_vld          |  out|    1|      ap_vld|           C_BUF_3_1_2_7|       pointer|
|C_BUF_3_1_3_0                 |  out|   32|      ap_vld|           C_BUF_3_1_3_0|       pointer|
|C_BUF_3_1_3_0_ap_vld          |  out|    1|      ap_vld|           C_BUF_3_1_3_0|       pointer|
|C_BUF_3_1_3_1                 |  out|   32|      ap_vld|           C_BUF_3_1_3_1|       pointer|
|C_BUF_3_1_3_1_ap_vld          |  out|    1|      ap_vld|           C_BUF_3_1_3_1|       pointer|
|C_BUF_3_1_3_2                 |  out|   32|      ap_vld|           C_BUF_3_1_3_2|       pointer|
|C_BUF_3_1_3_2_ap_vld          |  out|    1|      ap_vld|           C_BUF_3_1_3_2|       pointer|
|C_BUF_3_1_3_3                 |  out|   32|      ap_vld|           C_BUF_3_1_3_3|       pointer|
|C_BUF_3_1_3_3_ap_vld          |  out|    1|      ap_vld|           C_BUF_3_1_3_3|       pointer|
|C_BUF_3_1_3_4                 |  out|   32|      ap_vld|           C_BUF_3_1_3_4|       pointer|
|C_BUF_3_1_3_4_ap_vld          |  out|    1|      ap_vld|           C_BUF_3_1_3_4|       pointer|
|C_BUF_3_1_3_5                 |  out|   32|      ap_vld|           C_BUF_3_1_3_5|       pointer|
|C_BUF_3_1_3_5_ap_vld          |  out|    1|      ap_vld|           C_BUF_3_1_3_5|       pointer|
|C_BUF_3_1_3_6                 |  out|   32|      ap_vld|           C_BUF_3_1_3_6|       pointer|
|C_BUF_3_1_3_6_ap_vld          |  out|    1|      ap_vld|           C_BUF_3_1_3_6|       pointer|
|C_BUF_3_1_3_7                 |  out|   32|      ap_vld|           C_BUF_3_1_3_7|       pointer|
|C_BUF_3_1_3_7_ap_vld          |  out|    1|      ap_vld|           C_BUF_3_1_3_7|       pointer|
|C_BUF_3_1_4_0                 |  out|   32|      ap_vld|           C_BUF_3_1_4_0|       pointer|
|C_BUF_3_1_4_0_ap_vld          |  out|    1|      ap_vld|           C_BUF_3_1_4_0|       pointer|
|C_BUF_3_1_4_1                 |  out|   32|      ap_vld|           C_BUF_3_1_4_1|       pointer|
|C_BUF_3_1_4_1_ap_vld          |  out|    1|      ap_vld|           C_BUF_3_1_4_1|       pointer|
|C_BUF_3_1_4_2                 |  out|   32|      ap_vld|           C_BUF_3_1_4_2|       pointer|
|C_BUF_3_1_4_2_ap_vld          |  out|    1|      ap_vld|           C_BUF_3_1_4_2|       pointer|
|C_BUF_3_1_4_3                 |  out|   32|      ap_vld|           C_BUF_3_1_4_3|       pointer|
|C_BUF_3_1_4_3_ap_vld          |  out|    1|      ap_vld|           C_BUF_3_1_4_3|       pointer|
|C_BUF_3_1_4_4                 |  out|   32|      ap_vld|           C_BUF_3_1_4_4|       pointer|
|C_BUF_3_1_4_4_ap_vld          |  out|    1|      ap_vld|           C_BUF_3_1_4_4|       pointer|
|C_BUF_3_1_4_5                 |  out|   32|      ap_vld|           C_BUF_3_1_4_5|       pointer|
|C_BUF_3_1_4_5_ap_vld          |  out|    1|      ap_vld|           C_BUF_3_1_4_5|       pointer|
|C_BUF_3_1_4_6                 |  out|   32|      ap_vld|           C_BUF_3_1_4_6|       pointer|
|C_BUF_3_1_4_6_ap_vld          |  out|    1|      ap_vld|           C_BUF_3_1_4_6|       pointer|
|C_BUF_3_1_4_7                 |  out|   32|      ap_vld|           C_BUF_3_1_4_7|       pointer|
|C_BUF_3_1_4_7_ap_vld          |  out|    1|      ap_vld|           C_BUF_3_1_4_7|       pointer|
|C_BUF_3_1_5_0                 |  out|   32|      ap_vld|           C_BUF_3_1_5_0|       pointer|
|C_BUF_3_1_5_0_ap_vld          |  out|    1|      ap_vld|           C_BUF_3_1_5_0|       pointer|
|C_BUF_3_1_5_1                 |  out|   32|      ap_vld|           C_BUF_3_1_5_1|       pointer|
|C_BUF_3_1_5_1_ap_vld          |  out|    1|      ap_vld|           C_BUF_3_1_5_1|       pointer|
|C_BUF_3_1_5_2                 |  out|   32|      ap_vld|           C_BUF_3_1_5_2|       pointer|
|C_BUF_3_1_5_2_ap_vld          |  out|    1|      ap_vld|           C_BUF_3_1_5_2|       pointer|
|C_BUF_3_1_5_3                 |  out|   32|      ap_vld|           C_BUF_3_1_5_3|       pointer|
|C_BUF_3_1_5_3_ap_vld          |  out|    1|      ap_vld|           C_BUF_3_1_5_3|       pointer|
|C_BUF_3_1_5_4                 |  out|   32|      ap_vld|           C_BUF_3_1_5_4|       pointer|
|C_BUF_3_1_5_4_ap_vld          |  out|    1|      ap_vld|           C_BUF_3_1_5_4|       pointer|
|C_BUF_3_1_5_5                 |  out|   32|      ap_vld|           C_BUF_3_1_5_5|       pointer|
|C_BUF_3_1_5_5_ap_vld          |  out|    1|      ap_vld|           C_BUF_3_1_5_5|       pointer|
|C_BUF_3_1_5_6                 |  out|   32|      ap_vld|           C_BUF_3_1_5_6|       pointer|
|C_BUF_3_1_5_6_ap_vld          |  out|    1|      ap_vld|           C_BUF_3_1_5_6|       pointer|
|C_BUF_3_1_5_7                 |  out|   32|      ap_vld|           C_BUF_3_1_5_7|       pointer|
|C_BUF_3_1_5_7_ap_vld          |  out|    1|      ap_vld|           C_BUF_3_1_5_7|       pointer|
|C_BUF_3_1_6_0                 |  out|   32|      ap_vld|           C_BUF_3_1_6_0|       pointer|
|C_BUF_3_1_6_0_ap_vld          |  out|    1|      ap_vld|           C_BUF_3_1_6_0|       pointer|
|C_BUF_3_1_6_1                 |  out|   32|      ap_vld|           C_BUF_3_1_6_1|       pointer|
|C_BUF_3_1_6_1_ap_vld          |  out|    1|      ap_vld|           C_BUF_3_1_6_1|       pointer|
|C_BUF_3_1_6_2                 |  out|   32|      ap_vld|           C_BUF_3_1_6_2|       pointer|
|C_BUF_3_1_6_2_ap_vld          |  out|    1|      ap_vld|           C_BUF_3_1_6_2|       pointer|
|C_BUF_3_1_6_3                 |  out|   32|      ap_vld|           C_BUF_3_1_6_3|       pointer|
|C_BUF_3_1_6_3_ap_vld          |  out|    1|      ap_vld|           C_BUF_3_1_6_3|       pointer|
|C_BUF_3_1_6_4                 |  out|   32|      ap_vld|           C_BUF_3_1_6_4|       pointer|
|C_BUF_3_1_6_4_ap_vld          |  out|    1|      ap_vld|           C_BUF_3_1_6_4|       pointer|
|C_BUF_3_1_6_5                 |  out|   32|      ap_vld|           C_BUF_3_1_6_5|       pointer|
|C_BUF_3_1_6_5_ap_vld          |  out|    1|      ap_vld|           C_BUF_3_1_6_5|       pointer|
|C_BUF_3_1_6_6                 |  out|   32|      ap_vld|           C_BUF_3_1_6_6|       pointer|
|C_BUF_3_1_6_6_ap_vld          |  out|    1|      ap_vld|           C_BUF_3_1_6_6|       pointer|
|C_BUF_3_1_6_7                 |  out|   32|      ap_vld|           C_BUF_3_1_6_7|       pointer|
|C_BUF_3_1_6_7_ap_vld          |  out|    1|      ap_vld|           C_BUF_3_1_6_7|       pointer|
|C_BUF_3_1_7_0                 |  out|   32|      ap_vld|           C_BUF_3_1_7_0|       pointer|
|C_BUF_3_1_7_0_ap_vld          |  out|    1|      ap_vld|           C_BUF_3_1_7_0|       pointer|
|C_BUF_3_1_7_1                 |  out|   32|      ap_vld|           C_BUF_3_1_7_1|       pointer|
|C_BUF_3_1_7_1_ap_vld          |  out|    1|      ap_vld|           C_BUF_3_1_7_1|       pointer|
|C_BUF_3_1_7_2                 |  out|   32|      ap_vld|           C_BUF_3_1_7_2|       pointer|
|C_BUF_3_1_7_2_ap_vld          |  out|    1|      ap_vld|           C_BUF_3_1_7_2|       pointer|
|C_BUF_3_1_7_3                 |  out|   32|      ap_vld|           C_BUF_3_1_7_3|       pointer|
|C_BUF_3_1_7_3_ap_vld          |  out|    1|      ap_vld|           C_BUF_3_1_7_3|       pointer|
|C_BUF_3_1_7_4                 |  out|   32|      ap_vld|           C_BUF_3_1_7_4|       pointer|
|C_BUF_3_1_7_4_ap_vld          |  out|    1|      ap_vld|           C_BUF_3_1_7_4|       pointer|
|C_BUF_3_1_7_5                 |  out|   32|      ap_vld|           C_BUF_3_1_7_5|       pointer|
|C_BUF_3_1_7_5_ap_vld          |  out|    1|      ap_vld|           C_BUF_3_1_7_5|       pointer|
|C_BUF_3_1_7_6                 |  out|   32|      ap_vld|           C_BUF_3_1_7_6|       pointer|
|C_BUF_3_1_7_6_ap_vld          |  out|    1|      ap_vld|           C_BUF_3_1_7_6|       pointer|
|C_BUF_3_1_7_7                 |  out|   32|      ap_vld|           C_BUF_3_1_7_7|       pointer|
|C_BUF_3_1_7_7_ap_vld          |  out|    1|      ap_vld|           C_BUF_3_1_7_7|       pointer|
|tileA_dout                    |   in|    2|     ap_fifo|                   tileA|       pointer|
|tileA_num_data_valid          |   in|    6|     ap_fifo|                   tileA|       pointer|
|tileA_fifo_cap                |   in|    6|     ap_fifo|                   tileA|       pointer|
|tileA_empty_n                 |   in|    1|     ap_fifo|                   tileA|       pointer|
|tileA_read                    |  out|    1|     ap_fifo|                   tileA|       pointer|
+------------------------------+-----+-----+------------+------------------------+--------------+

