

================================================================
== Vitis HLS Report for 'stream_to_C_Buf93'
================================================================
* Date:           Fri Jul 24 12:49:30 2026

* Version:        2023.2 (Build 4023990 on Oct 11 2023)
* Project:        hls_project
* Solution:       gemm2 (Vitis Kernel Flow Target)
* Product family: versalaicore
* Target device:  xcvc1902-vsva2197-2MP-e-S


================================================================
== Performance Estimates
================================================================
+ Timing: 
    * Summary: 
    +--------+---------+----------+------------+
    |  Clock |  Target | Estimated| Uncertainty|
    +--------+---------+----------+------------+
    |ap_clk  |  3.33 ns|  1.382 ns|     0.90 ns|
    +--------+---------+----------+------------+

+ Latency: 
    * Summary: 
    +---------+---------+----------+----------+-----+-----+---------+
    |  Latency (cycles) |  Latency (absolute) |  Interval | Pipeline|
    |   min   |   max   |    min   |    max   | min | max |   Type  |
    +---------+---------+----------+----------+-----+-----+---------+
    |        0|        0|      0 ns|      0 ns|    0|    0|       no|
    +---------+---------+----------+----------+-----+-----+---------+

    + Detail: 
        * Instance: 
        N/A

        * Loop: 
        N/A



================================================================
== Utilization Estimates
================================================================
* Summary: 
+-----------------+---------+------+---------+--------+-----+
|       Name      | BRAM_18K|  DSP |    FF   |   LUT  | URAM|
+-----------------+---------+------+---------+--------+-----+
|DSP              |        -|     -|        -|       -|    -|
|Expression       |        -|     -|        0|       2|    -|
|FIFO             |        -|     -|        -|       -|    -|
|Instance         |        -|     -|        -|       -|    -|
|Memory           |        -|     -|        -|       -|    -|
|Multiplexer      |        -|     -|        -|    8324|    -|
|Register         |        -|     -|     8194|       -|    -|
+-----------------+---------+------+---------+--------+-----+
|Total            |        0|     0|     8194|    8326|    0|
+-----------------+---------+------+---------+--------+-----+
|Available        |     1934|  1968|  1799680|  899840|  463|
+-----------------+---------+------+---------+--------+-----+
|Utilization (%)  |        0|     0|       ~0|      ~0|    0|
+-----------------+---------+------+---------+--------+-----+

+ Detail: 
    * Instance: 
    N/A

    * DSP: 
    N/A

    * Memory: 
    N/A

    * FIFO: 
    N/A

    * Expression: 
    +-----------------+----------+----+---+----+------------+------------+
    |  Variable Name  | Operation| DSP| FF| LUT| Bitwidth P0| Bitwidth P1|
    +-----------------+----------+----+---+----+------------+------------+
    |ap_block_state1  |        or|   0|  0|   2|           1|           1|
    +-----------------+----------+----+---+----+------------+------------+
    |Total            |          |   0|  0|   2|           1|           1|
    +-----------------+----------+----+---+----+------------+------------+

    * Multiplexer: 
    +----------------------+----+-----------+-----+-----------+
    |         Name         | LUT| Input Size| Bits| Total Bits|
    +----------------------+----+-----------+-----+-----------+
    |C_BUF_0_0_0_0         |  32|          2|   32|         64|
    |C_BUF_0_0_0_1         |  32|          2|   32|         64|
    |C_BUF_0_0_0_2         |  32|          2|   32|         64|
    |C_BUF_0_0_0_3         |  32|          2|   32|         64|
    |C_BUF_0_0_0_4         |  32|          2|   32|         64|
    |C_BUF_0_0_0_5         |  32|          2|   32|         64|
    |C_BUF_0_0_0_6         |  32|          2|   32|         64|
    |C_BUF_0_0_0_7         |  32|          2|   32|         64|
    |C_BUF_0_0_1_0         |  32|          2|   32|         64|
    |C_BUF_0_0_1_1         |  32|          2|   32|         64|
    |C_BUF_0_0_1_2         |  32|          2|   32|         64|
    |C_BUF_0_0_1_3         |  32|          2|   32|         64|
    |C_BUF_0_0_1_4         |  32|          2|   32|         64|
    |C_BUF_0_0_1_5         |  32|          2|   32|         64|
    |C_BUF_0_0_1_6         |  32|          2|   32|         64|
    |C_BUF_0_0_1_7         |  32|          2|   32|         64|
    |C_BUF_0_0_2_0         |  32|          2|   32|         64|
    |C_BUF_0_0_2_1         |  32|          2|   32|         64|
    |C_BUF_0_0_2_2         |  32|          2|   32|         64|
    |C_BUF_0_0_2_3         |  32|          2|   32|         64|
    |C_BUF_0_0_2_4         |  32|          2|   32|         64|
    |C_BUF_0_0_2_5         |  32|          2|   32|         64|
    |C_BUF_0_0_2_6         |  32|          2|   32|         64|
    |C_BUF_0_0_2_7         |  32|          2|   32|         64|
    |C_BUF_0_0_3_0         |  32|          2|   32|         64|
    |C_BUF_0_0_3_1         |  32|          2|   32|         64|
    |C_BUF_0_0_3_2         |  32|          2|   32|         64|
    |C_BUF_0_0_3_3         |  32|          2|   32|         64|
    |C_BUF_0_0_3_4         |  32|          2|   32|         64|
    |C_BUF_0_0_3_5         |  32|          2|   32|         64|
    |C_BUF_0_0_3_6         |  32|          2|   32|         64|
    |C_BUF_0_0_3_7         |  32|          2|   32|         64|
    |C_BUF_0_0_4_0         |  32|          2|   32|         64|
    |C_BUF_0_0_4_1         |  32|          2|   32|         64|
    |C_BUF_0_0_4_2         |  32|          2|   32|         64|
    |C_BUF_0_0_4_3         |  32|          2|   32|         64|
    |C_BUF_0_0_4_4         |  32|          2|   32|         64|
    |C_BUF_0_0_4_5         |  32|          2|   32|         64|
    |C_BUF_0_0_4_6         |  32|          2|   32|         64|
    |C_BUF_0_0_4_7         |  32|          2|   32|         64|
    |C_BUF_0_0_5_0         |  32|          2|   32|         64|
    |C_BUF_0_0_5_1         |  32|          2|   32|         64|
    |C_BUF_0_0_5_2         |  32|          2|   32|         64|
    |C_BUF_0_0_5_3         |  32|          2|   32|         64|
    |C_BUF_0_0_5_4         |  32|          2|   32|         64|
    |C_BUF_0_0_5_5         |  32|          2|   32|         64|
    |C_BUF_0_0_5_6         |  32|          2|   32|         64|
    |C_BUF_0_0_5_7         |  32|          2|   32|         64|
    |C_BUF_0_0_6_0         |  32|          2|   32|         64|
    |C_BUF_0_0_6_1         |  32|          2|   32|         64|
    |C_BUF_0_0_6_2         |  32|          2|   32|         64|
    |C_BUF_0_0_6_3         |  32|          2|   32|         64|
    |C_BUF_0_0_6_4         |  32|          2|   32|         64|
    |C_BUF_0_0_6_5         |  32|          2|   32|         64|
    |C_BUF_0_0_6_6         |  32|          2|   32|         64|
    |C_BUF_0_0_6_7         |  32|          2|   32|         64|
    |C_BUF_0_0_7_0         |  32|          2|   32|         64|
    |C_BUF_0_0_7_1         |  32|          2|   32|         64|
    |C_BUF_0_0_7_2         |  32|          2|   32|         64|
    |C_BUF_0_0_7_3         |  32|          2|   32|         64|
    |C_BUF_0_0_7_4         |  32|          2|   32|         64|
    |C_BUF_0_0_7_5         |  32|          2|   32|         64|
    |C_BUF_0_0_7_6         |  32|          2|   32|         64|
    |C_BUF_0_0_7_7         |  32|          2|   32|         64|
    |C_BUF_1_0_0_0         |  32|          2|   32|         64|
    |C_BUF_1_0_0_1         |  32|          2|   32|         64|
    |C_BUF_1_0_0_2         |  32|          2|   32|         64|
    |C_BUF_1_0_0_3         |  32|          2|   32|         64|
    |C_BUF_1_0_0_4         |  32|          2|   32|         64|
    |C_BUF_1_0_0_5         |  32|          2|   32|         64|
    |C_BUF_1_0_0_6         |  32|          2|   32|         64|
    |C_BUF_1_0_0_7         |  32|          2|   32|         64|
    |C_BUF_1_0_1_0         |  32|          2|   32|         64|
    |C_BUF_1_0_1_1         |  32|          2|   32|         64|
    |C_BUF_1_0_1_2         |  32|          2|   32|         64|
    |C_BUF_1_0_1_3         |  32|          2|   32|         64|
    |C_BUF_1_0_1_4         |  32|          2|   32|         64|
    |C_BUF_1_0_1_5         |  32|          2|   32|         64|
    |C_BUF_1_0_1_6         |  32|          2|   32|         64|
    |C_BUF_1_0_1_7         |  32|          2|   32|         64|
    |C_BUF_1_0_2_0         |  32|          2|   32|         64|
    |C_BUF_1_0_2_1         |  32|          2|   32|         64|
    |C_BUF_1_0_2_2         |  32|          2|   32|         64|
    |C_BUF_1_0_2_3         |  32|          2|   32|         64|
    |C_BUF_1_0_2_4         |  32|          2|   32|         64|
    |C_BUF_1_0_2_5         |  32|          2|   32|         64|
    |C_BUF_1_0_2_6         |  32|          2|   32|         64|
    |C_BUF_1_0_2_7         |  32|          2|   32|         64|
    |C_BUF_1_0_3_0         |  32|          2|   32|         64|
    |C_BUF_1_0_3_1         |  32|          2|   32|         64|
    |C_BUF_1_0_3_2         |  32|          2|   32|         64|
    |C_BUF_1_0_3_3         |  32|          2|   32|         64|
    |C_BUF_1_0_3_4         |  32|          2|   32|         64|
    |C_BUF_1_0_3_5         |  32|          2|   32|         64|
    |C_BUF_1_0_3_6         |  32|          2|   32|         64|
    |C_BUF_1_0_3_7         |  32|          2|   32|         64|
    |C_BUF_1_0_4_0         |  32|          2|   32|         64|
    |C_BUF_1_0_4_1         |  32|          2|   32|         64|
    |C_BUF_1_0_4_2         |  32|          2|   32|         64|
    |C_BUF_1_0_4_3         |  32|          2|   32|         64|
    |C_BUF_1_0_4_4         |  32|          2|   32|         64|
    |C_BUF_1_0_4_5         |  32|          2|   32|         64|
    |C_BUF_1_0_4_6         |  32|          2|   32|         64|
    |C_BUF_1_0_4_7         |  32|          2|   32|         64|
    |C_BUF_1_0_5_0         |  32|          2|   32|         64|
    |C_BUF_1_0_5_1         |  32|          2|   32|         64|
    |C_BUF_1_0_5_2         |  32|          2|   32|         64|
    |C_BUF_1_0_5_3         |  32|          2|   32|         64|
    |C_BUF_1_0_5_4         |  32|          2|   32|         64|
    |C_BUF_1_0_5_5         |  32|          2|   32|         64|
    |C_BUF_1_0_5_6         |  32|          2|   32|         64|
    |C_BUF_1_0_5_7         |  32|          2|   32|         64|
    |C_BUF_1_0_6_0         |  32|          2|   32|         64|
    |C_BUF_1_0_6_1         |  32|          2|   32|         64|
    |C_BUF_1_0_6_2         |  32|          2|   32|         64|
    |C_BUF_1_0_6_3         |  32|          2|   32|         64|
    |C_BUF_1_0_6_4         |  32|          2|   32|         64|
    |C_BUF_1_0_6_5         |  32|          2|   32|         64|
    |C_BUF_1_0_6_6         |  32|          2|   32|         64|
    |C_BUF_1_0_6_7         |  32|          2|   32|         64|
    |C_BUF_1_0_7_0         |  32|          2|   32|         64|
    |C_BUF_1_0_7_1         |  32|          2|   32|         64|
    |C_BUF_1_0_7_2         |  32|          2|   32|         64|
    |C_BUF_1_0_7_3         |  32|          2|   32|         64|
    |C_BUF_1_0_7_4         |  32|          2|   32|         64|
    |C_BUF_1_0_7_5         |  32|          2|   32|         64|
    |C_BUF_1_0_7_6         |  32|          2|   32|         64|
    |C_BUF_1_0_7_7         |  32|          2|   32|         64|
    |C_BUF_2_0_0_0         |  32|          2|   32|         64|
    |C_BUF_2_0_0_1         |  32|          2|   32|         64|
    |C_BUF_2_0_0_2         |  32|          2|   32|         64|
    |C_BUF_2_0_0_3         |  32|          2|   32|         64|
    |C_BUF_2_0_0_4         |  32|          2|   32|         64|
    |C_BUF_2_0_0_5         |  32|          2|   32|         64|
    |C_BUF_2_0_0_6         |  32|          2|   32|         64|
    |C_BUF_2_0_0_7         |  32|          2|   32|         64|
    |C_BUF_2_0_1_0         |  32|          2|   32|         64|
    |C_BUF_2_0_1_1         |  32|          2|   32|         64|
    |C_BUF_2_0_1_2         |  32|          2|   32|         64|
    |C_BUF_2_0_1_3         |  32|          2|   32|         64|
    |C_BUF_2_0_1_4         |  32|          2|   32|         64|
    |C_BUF_2_0_1_5         |  32|          2|   32|         64|
    |C_BUF_2_0_1_6         |  32|          2|   32|         64|
    |C_BUF_2_0_1_7         |  32|          2|   32|         64|
    |C_BUF_2_0_2_0         |  32|          2|   32|         64|
    |C_BUF_2_0_2_1         |  32|          2|   32|         64|
    |C_BUF_2_0_2_2         |  32|          2|   32|         64|
    |C_BUF_2_0_2_3         |  32|          2|   32|         64|
    |C_BUF_2_0_2_4         |  32|          2|   32|         64|
    |C_BUF_2_0_2_5         |  32|          2|   32|         64|
    |C_BUF_2_0_2_6         |  32|          2|   32|         64|
    |C_BUF_2_0_2_7         |  32|          2|   32|         64|
    |C_BUF_2_0_3_0         |  32|          2|   32|         64|
    |C_BUF_2_0_3_1         |  32|          2|   32|         64|
    |C_BUF_2_0_3_2         |  32|          2|   32|         64|
    |C_BUF_2_0_3_3         |  32|          2|   32|         64|
    |C_BUF_2_0_3_4         |  32|          2|   32|         64|
    |C_BUF_2_0_3_5         |  32|          2|   32|         64|
    |C_BUF_2_0_3_6         |  32|          2|   32|         64|
    |C_BUF_2_0_3_7         |  32|          2|   32|         64|
    |C_BUF_2_0_4_0         |  32|          2|   32|         64|
    |C_BUF_2_0_4_1         |  32|          2|   32|         64|
    |C_BUF_2_0_4_2         |  32|          2|   32|         64|
    |C_BUF_2_0_4_3         |  32|          2|   32|         64|
    |C_BUF_2_0_4_4         |  32|          2|   32|         64|
    |C_BUF_2_0_4_5         |  32|          2|   32|         64|
    |C_BUF_2_0_4_6         |  32|          2|   32|         64|
    |C_BUF_2_0_4_7         |  32|          2|   32|         64|
    |C_BUF_2_0_5_0         |  32|          2|   32|         64|
    |C_BUF_2_0_5_1         |  32|          2|   32|         64|
    |C_BUF_2_0_5_2         |  32|          2|   32|         64|
    |C_BUF_2_0_5_3         |  32|          2|   32|         64|
    |C_BUF_2_0_5_4         |  32|          2|   32|         64|
    |C_BUF_2_0_5_5         |  32|          2|   32|         64|
    |C_BUF_2_0_5_6         |  32|          2|   32|         64|
    |C_BUF_2_0_5_7         |  32|          2|   32|         64|
    |C_BUF_2_0_6_0         |  32|          2|   32|         64|
    |C_BUF_2_0_6_1         |  32|          2|   32|         64|
    |C_BUF_2_0_6_2         |  32|          2|   32|         64|
    |C_BUF_2_0_6_3         |  32|          2|   32|         64|
    |C_BUF_2_0_6_4         |  32|          2|   32|         64|
    |C_BUF_2_0_6_5         |  32|          2|   32|         64|
    |C_BUF_2_0_6_6         |  32|          2|   32|         64|
    |C_BUF_2_0_6_7         |  32|          2|   32|         64|
    |C_BUF_2_0_7_0         |  32|          2|   32|         64|
    |C_BUF_2_0_7_1         |  32|          2|   32|         64|
    |C_BUF_2_0_7_2         |  32|          2|   32|         64|
    |C_BUF_2_0_7_3         |  32|          2|   32|         64|
    |C_BUF_2_0_7_4         |  32|          2|   32|         64|
    |C_BUF_2_0_7_5         |  32|          2|   32|         64|
    |C_BUF_2_0_7_6         |  32|          2|   32|         64|
    |C_BUF_2_0_7_7         |  32|          2|   32|         64|
    |C_BUF_3_0_0_0         |  32|          2|   32|         64|
    |C_BUF_3_0_0_1         |  32|          2|   32|         64|
    |C_BUF_3_0_0_2         |  32|          2|   32|         64|
    |C_BUF_3_0_0_3         |  32|          2|   32|         64|
    |C_BUF_3_0_0_4         |  32|          2|   32|         64|
    |C_BUF_3_0_0_5         |  32|          2|   32|         64|
    |C_BUF_3_0_0_6         |  32|          2|   32|         64|
    |C_BUF_3_0_0_7         |  32|          2|   32|         64|
    |C_BUF_3_0_1_0         |  32|          2|   32|         64|
    |C_BUF_3_0_1_1         |  32|          2|   32|         64|
    |C_BUF_3_0_1_2         |  32|          2|   32|         64|
    |C_BUF_3_0_1_3         |  32|          2|   32|         64|
    |C_BUF_3_0_1_4         |  32|          2|   32|         64|
    |C_BUF_3_0_1_5         |  32|          2|   32|         64|
    |C_BUF_3_0_1_6         |  32|          2|   32|         64|
    |C_BUF_3_0_1_7         |  32|          2|   32|         64|
    |C_BUF_3_0_2_0         |  32|          2|   32|         64|
    |C_BUF_3_0_2_1         |  32|          2|   32|         64|
    |C_BUF_3_0_2_2         |  32|          2|   32|         64|
    |C_BUF_3_0_2_3         |  32|          2|   32|         64|
    |C_BUF_3_0_2_4         |  32|          2|   32|         64|
    |C_BUF_3_0_2_5         |  32|          2|   32|         64|
    |C_BUF_3_0_2_6         |  32|          2|   32|         64|
    |C_BUF_3_0_2_7         |  32|          2|   32|         64|
    |C_BUF_3_0_3_0         |  32|          2|   32|         64|
    |C_BUF_3_0_3_1         |  32|          2|   32|         64|
    |C_BUF_3_0_3_2         |  32|          2|   32|         64|
    |C_BUF_3_0_3_3         |  32|          2|   32|         64|
    |C_BUF_3_0_3_4         |  32|          2|   32|         64|
    |C_BUF_3_0_3_5         |  32|          2|   32|         64|
    |C_BUF_3_0_3_6         |  32|          2|   32|         64|
    |C_BUF_3_0_3_7         |  32|          2|   32|         64|
    |C_BUF_3_0_4_0         |  32|          2|   32|         64|
    |C_BUF_3_0_4_1         |  32|          2|   32|         64|
    |C_BUF_3_0_4_2         |  32|          2|   32|         64|
    |C_BUF_3_0_4_3         |  32|          2|   32|         64|
    |C_BUF_3_0_4_4         |  32|          2|   32|         64|
    |C_BUF_3_0_4_5         |  32|          2|   32|         64|
    |C_BUF_3_0_4_6         |  32|          2|   32|         64|
    |C_BUF_3_0_4_7         |  32|          2|   32|         64|
    |C_BUF_3_0_5_0         |  32|          2|   32|         64|
    |C_BUF_3_0_5_1         |  32|          2|   32|         64|
    |C_BUF_3_0_5_2         |  32|          2|   32|         64|
    |C_BUF_3_0_5_3         |  32|          2|   32|         64|
    |C_BUF_3_0_5_4         |  32|          2|   32|         64|
    |C_BUF_3_0_5_5         |  32|          2|   32|         64|
    |C_BUF_3_0_5_6         |  32|          2|   32|         64|
    |C_BUF_3_0_5_7         |  32|          2|   32|         64|
    |C_BUF_3_0_6_0         |  32|          2|   32|         64|
    |C_BUF_3_0_6_1         |  32|          2|   32|         64|
    |C_BUF_3_0_6_2         |  32|          2|   32|         64|
    |C_BUF_3_0_6_3         |  32|          2|   32|         64|
    |C_BUF_3_0_6_4         |  32|          2|   32|         64|
    |C_BUF_3_0_6_5         |  32|          2|   32|         64|
    |C_BUF_3_0_6_6         |  32|          2|   32|         64|
    |C_BUF_3_0_6_7         |  32|          2|   32|         64|
    |C_BUF_3_0_7_0         |  32|          2|   32|         64|
    |C_BUF_3_0_7_1         |  32|          2|   32|         64|
    |C_BUF_3_0_7_2         |  32|          2|   32|         64|
    |C_BUF_3_0_7_3         |  32|          2|   32|         64|
    |C_BUF_3_0_7_4         |  32|          2|   32|         64|
    |C_BUF_3_0_7_5         |  32|          2|   32|         64|
    |C_BUF_3_0_7_6         |  32|          2|   32|         64|
    |C_BUF_3_0_7_7         |  32|          2|   32|         64|
    |C_stream_100_i_blk_n  |   2|          2|    1|          2|
    |C_stream_101_i_blk_n  |   2|          2|    1|          2|
    |C_stream_102_i_blk_n  |   2|          2|    1|          2|
    |C_stream_103_i_blk_n  |   2|          2|    1|          2|
    |C_stream_104_i_blk_n  |   2|          2|    1|          2|
    |C_stream_105_i_blk_n  |   2|          2|    1|          2|
    |C_stream_106_i_blk_n  |   2|          2|    1|          2|
    |C_stream_107_i_blk_n  |   2|          2|    1|          2|
    |C_stream_108_i_blk_n  |   2|          2|    1|          2|
    |C_stream_109_i_blk_n  |   2|          2|    1|          2|
    |C_stream_110_i_blk_n  |   2|          2|    1|          2|
    |C_stream_111_i_blk_n  |   2|          2|    1|          2|
    |C_stream_112_i_blk_n  |   2|          2|    1|          2|
    |C_stream_113_i_blk_n  |   2|          2|    1|          2|
    |C_stream_114_i_blk_n  |   2|          2|    1|          2|
    |C_stream_115_i_blk_n  |   2|          2|    1|          2|
    |C_stream_116_i_blk_n  |   2|          2|    1|          2|
    |C_stream_117_i_blk_n  |   2|          2|    1|          2|
    |C_stream_118_i_blk_n  |   2|          2|    1|          2|
    |C_stream_119_i_blk_n  |   2|          2|    1|          2|
    |C_stream_120_i_blk_n  |   2|          2|    1|          2|
    |C_stream_121_i_blk_n  |   2|          2|    1|          2|
    |C_stream_122_i_blk_n  |   2|          2|    1|          2|
    |C_stream_123_i_blk_n  |   2|          2|    1|          2|
    |C_stream_124_i_blk_n  |   2|          2|    1|          2|
    |C_stream_125_i_blk_n  |   2|          2|    1|          2|
    |C_stream_126_i_blk_n  |   2|          2|    1|          2|
    |C_stream_127_i_blk_n  |   2|          2|    1|          2|
    |C_stream_64_i_blk_n   |   2|          2|    1|          2|
    |C_stream_65_i_blk_n   |   2|          2|    1|          2|
    |C_stream_66_i_blk_n   |   2|          2|    1|          2|
    |C_stream_67_i_blk_n   |   2|          2|    1|          2|
    |C_stream_68_i_blk_n   |   2|          2|    1|          2|
    |C_stream_69_i_blk_n   |   2|          2|    1|          2|
    |C_stream_70_i_blk_n   |   2|          2|    1|          2|
    |C_stream_71_i_blk_n   |   2|          2|    1|          2|
    |C_stream_72_i_blk_n   |   2|          2|    1|          2|
    |C_stream_73_i_blk_n   |   2|          2|    1|          2|
    |C_stream_74_i_blk_n   |   2|          2|    1|          2|
    |C_stream_75_i_blk_n   |   2|          2|    1|          2|
    |C_stream_76_i_blk_n   |   2|          2|    1|          2|
    |C_stream_77_i_blk_n   |   2|          2|    1|          2|
    |C_stream_78_i_blk_n   |   2|          2|    1|          2|
    |C_stream_79_i_blk_n   |   2|          2|    1|          2|
    |C_stream_80_i_blk_n   |   2|          2|    1|          2|
    |C_stream_81_i_blk_n   |   2|          2|    1|          2|
    |C_stream_82_i_blk_n   |   2|          2|    1|          2|
    |C_stream_83_i_blk_n   |   2|          2|    1|          2|
    |C_stream_84_i_blk_n   |   2|          2|    1|          2|
    |C_stream_85_i_blk_n   |   2|          2|    1|          2|
    |C_stream_86_i_blk_n   |   2|          2|    1|          2|
    |C_stream_87_i_blk_n   |   2|          2|    1|          2|
    |C_stream_88_i_blk_n   |   2|          2|    1|          2|
    |C_stream_89_i_blk_n   |   2|          2|    1|          2|
    |C_stream_90_i_blk_n   |   2|          2|    1|          2|
    |C_stream_91_i_blk_n   |   2|          2|    1|          2|
    |C_stream_92_i_blk_n   |   2|          2|    1|          2|
    |C_stream_93_i_blk_n   |   2|          2|    1|          2|
    |C_stream_94_i_blk_n   |   2|          2|    1|          2|
    |C_stream_95_i_blk_n   |   2|          2|    1|          2|
    |C_stream_96_i_blk_n   |   2|          2|    1|          2|
    |C_stream_97_i_blk_n   |   2|          2|    1|          2|
    |C_stream_98_i_blk_n   |   2|          2|    1|          2|
    |C_stream_99_i_blk_n   |   2|          2|    1|          2|
    |ap_done               |   2|          2|    1|          2|
    |tileA_blk_n           |   2|          2|    1|          2|
    +----------------------+----+-----------+-----+-----------+
    |Total                 |8324|        644| 8258|      16516|
    +----------------------+----+-----------+-----+-----------+

    * Register: 
    +--------------------+----+----+-----+-----------+
    |        Name        | FF | LUT| Bits| Const Bits|
    +--------------------+----+----+-----+-----------+
    |C_BUF_0_0_0_0_preg  |  32|   0|   32|          0|
    |C_BUF_0_0_0_1_preg  |  32|   0|   32|          0|
    |C_BUF_0_0_0_2_preg  |  32|   0|   32|          0|
    |C_BUF_0_0_0_3_preg  |  32|   0|   32|          0|
    |C_BUF_0_0_0_4_preg  |  32|   0|   32|          0|
    |C_BUF_0_0_0_5_preg  |  32|   0|   32|          0|
    |C_BUF_0_0_0_6_preg  |  32|   0|   32|          0|
    |C_BUF_0_0_0_7_preg  |  32|   0|   32|          0|
    |C_BUF_0_0_1_0_preg  |  32|   0|   32|          0|
    |C_BUF_0_0_1_1_preg  |  32|   0|   32|          0|
    |C_BUF_0_0_1_2_preg  |  32|   0|   32|          0|
    |C_BUF_0_0_1_3_preg  |  32|   0|   32|          0|
    |C_BUF_0_0_1_4_preg  |  32|   0|   32|          0|
    |C_BUF_0_0_1_5_preg  |  32|   0|   32|          0|
    |C_BUF_0_0_1_6_preg  |  32|   0|   32|          0|
    |C_BUF_0_0_1_7_preg  |  32|   0|   32|          0|
    |C_BUF_0_0_2_0_preg  |  32|   0|   32|          0|
    |C_BUF_0_0_2_1_preg  |  32|   0|   32|          0|
    |C_BUF_0_0_2_2_preg  |  32|   0|   32|          0|
    |C_BUF_0_0_2_3_preg  |  32|   0|   32|          0|
    |C_BUF_0_0_2_4_preg  |  32|   0|   32|          0|
    |C_BUF_0_0_2_5_preg  |  32|   0|   32|          0|
    |C_BUF_0_0_2_6_preg  |  32|   0|   32|          0|
    |C_BUF_0_0_2_7_preg  |  32|   0|   32|          0|
    |C_BUF_0_0_3_0_preg  |  32|   0|   32|          0|
    |C_BUF_0_0_3_1_preg  |  32|   0|   32|          0|
    |C_BUF_0_0_3_2_preg  |  32|   0|   32|          0|
    |C_BUF_0_0_3_3_preg  |  32|   0|   32|          0|
    |C_BUF_0_0_3_4_preg  |  32|   0|   32|          0|
    |C_BUF_0_0_3_5_preg  |  32|   0|   32|          0|
    |C_BUF_0_0_3_6_preg  |  32|   0|   32|          0|
    |C_BUF_0_0_3_7_preg  |  32|   0|   32|          0|
    |C_BUF_0_0_4_0_preg  |  32|   0|   32|          0|
    |C_BUF_0_0_4_1_preg  |  32|   0|   32|          0|
    |C_BUF_0_0_4_2_preg  |  32|   0|   32|          0|
    |C_BUF_0_0_4_3_preg  |  32|   0|   32|          0|
    |C_BUF_0_0_4_4_preg  |  32|   0|   32|          0|
    |C_BUF_0_0_4_5_preg  |  32|   0|   32|          0|
    |C_BUF_0_0_4_6_preg  |  32|   0|   32|          0|
    |C_BUF_0_0_4_7_preg  |  32|   0|   32|          0|
    |C_BUF_0_0_5_0_preg  |  32|   0|   32|          0|
    |C_BUF_0_0_5_1_preg  |  32|   0|   32|          0|
    |C_BUF_0_0_5_2_preg  |  32|   0|   32|          0|
    |C_BUF_0_0_5_3_preg  |  32|   0|   32|          0|
    |C_BUF_0_0_5_4_preg  |  32|   0|   32|          0|
    |C_BUF_0_0_5_5_preg  |  32|   0|   32|          0|
    |C_BUF_0_0_5_6_preg  |  32|   0|   32|          0|
    |C_BUF_0_0_5_7_preg  |  32|   0|   32|          0|
    |C_BUF_0_0_6_0_preg  |  32|   0|   32|          0|
    |C_BUF_0_0_6_1_preg  |  32|   0|   32|          0|
    |C_BUF_0_0_6_2_preg  |  32|   0|   32|          0|
    |C_BUF_0_0_6_3_preg  |  32|   0|   32|          0|
    |C_BUF_0_0_6_4_preg  |  32|   0|   32|          0|
    |C_BUF_0_0_6_5_preg  |  32|   0|   32|          0|
    |C_BUF_0_0_6_6_preg  |  32|   0|   32|          0|
    |C_BUF_0_0_6_7_preg  |  32|   0|   32|          0|
    |C_BUF_0_0_7_0_preg  |  32|   0|   32|          0|
    |C_BUF_0_0_7_1_preg  |  32|   0|   32|          0|
    |C_BUF_0_0_7_2_preg  |  32|   0|   32|          0|
    |C_BUF_0_0_7_3_preg  |  32|   0|   32|          0|
    |C_BUF_0_0_7_4_preg  |  32|   0|   32|          0|
    |C_BUF_0_0_7_5_preg  |  32|   0|   32|          0|
    |C_BUF_0_0_7_6_preg  |  32|   0|   32|          0|
    |C_BUF_0_0_7_7_preg  |  32|   0|   32|          0|
    |C_BUF_1_0_0_0_preg  |  32|   0|   32|          0|
    |C_BUF_1_0_0_1_preg  |  32|   0|   32|          0|
    |C_BUF_1_0_0_2_preg  |  32|   0|   32|          0|
    |C_BUF_1_0_0_3_preg  |  32|   0|   32|          0|
    |C_BUF_1_0_0_4_preg  |  32|   0|   32|          0|
    |C_BUF_1_0_0_5_preg  |  32|   0|   32|          0|
    |C_BUF_1_0_0_6_preg  |  32|   0|   32|          0|
    |C_BUF_1_0_0_7_preg  |  32|   0|   32|          0|
    |C_BUF_1_0_1_0_preg  |  32|   0|   32|          0|
    |C_BUF_1_0_1_1_preg  |  32|   0|   32|          0|
    |C_BUF_1_0_1_2_preg  |  32|   0|   32|          0|
    |C_BUF_1_0_1_3_preg  |  32|   0|   32|          0|
    |C_BUF_1_0_1_4_preg  |  32|   0|   32|          0|
    |C_BUF_1_0_1_5_preg  |  32|   0|   32|          0|
    |C_BUF_1_0_1_6_preg  |  32|   0|   32|          0|
    |C_BUF_1_0_1_7_preg  |  32|   0|   32|          0|
    |C_BUF_1_0_2_0_preg  |  32|   0|   32|          0|
    |C_BUF_1_0_2_1_preg  |  32|   0|   32|          0|
    |C_BUF_1_0_2_2_preg  |  32|   0|   32|          0|
    |C_BUF_1_0_2_3_preg  |  32|   0|   32|          0|
    |C_BUF_1_0_2_4_preg  |  32|   0|   32|          0|
    |C_BUF_1_0_2_5_preg  |  32|   0|   32|          0|
    |C_BUF_1_0_2_6_preg  |  32|   0|   32|          0|
    |C_BUF_1_0_2_7_preg  |  32|   0|   32|          0|
    |C_BUF_1_0_3_0_preg  |  32|   0|   32|          0|
    |C_BUF_1_0_3_1_preg  |  32|   0|   32|          0|
    |C_BUF_1_0_3_2_preg  |  32|   0|   32|          0|
    |C_BUF_1_0_3_3_preg  |  32|   0|   32|          0|
    |C_BUF_1_0_3_4_preg  |  32|   0|   32|          0|
    |C_BUF_1_0_3_5_preg  |  32|   0|   32|          0|
    |C_BUF_1_0_3_6_preg  |  32|   0|   32|          0|
    |C_BUF_1_0_3_7_preg  |  32|   0|   32|          0|
    |C_BUF_1_0_4_0_preg  |  32|   0|   32|          0|
    |C_BUF_1_0_4_1_preg  |  32|   0|   32|          0|
    |C_BUF_1_0_4_2_preg  |  32|   0|   32|          0|
    |C_BUF_1_0_4_3_preg  |  32|   0|   32|          0|
    |C_BUF_1_0_4_4_preg  |  32|   0|   32|          0|
    |C_BUF_1_0_4_5_preg  |  32|   0|   32|          0|
    |C_BUF_1_0_4_6_preg  |  32|   0|   32|          0|
    |C_BUF_1_0_4_7_preg  |  32|   0|   32|          0|
    |C_BUF_1_0_5_0_preg  |  32|   0|   32|          0|
    |C_BUF_1_0_5_1_preg  |  32|   0|   32|          0|
    |C_BUF_1_0_5_2_preg  |  32|   0|   32|          0|
    |C_BUF_1_0_5_3_preg  |  32|   0|   32|          0|
    |C_BUF_1_0_5_4_preg  |  32|   0|   32|          0|
    |C_BUF_1_0_5_5_preg  |  32|   0|   32|          0|
    |C_BUF_1_0_5_6_preg  |  32|   0|   32|          0|
    |C_BUF_1_0_5_7_preg  |  32|   0|   32|          0|
    |C_BUF_1_0_6_0_preg  |  32|   0|   32|          0|
    |C_BUF_1_0_6_1_preg  |  32|   0|   32|          0|
    |C_BUF_1_0_6_2_preg  |  32|   0|   32|          0|
    |C_BUF_1_0_6_3_preg  |  32|   0|   32|          0|
    |C_BUF_1_0_6_4_preg  |  32|   0|   32|          0|
    |C_BUF_1_0_6_5_preg  |  32|   0|   32|          0|
    |C_BUF_1_0_6_6_preg  |  32|   0|   32|          0|
    |C_BUF_1_0_6_7_preg  |  32|   0|   32|          0|
    |C_BUF_1_0_7_0_preg  |  32|   0|   32|          0|
    |C_BUF_1_0_7_1_preg  |  32|   0|   32|          0|
    |C_BUF_1_0_7_2_preg  |  32|   0|   32|          0|
    |C_BUF_1_0_7_3_preg  |  32|   0|   32|          0|
    |C_BUF_1_0_7_4_preg  |  32|   0|   32|          0|
    |C_BUF_1_0_7_5_preg  |  32|   0|   32|          0|
    |C_BUF_1_0_7_6_preg  |  32|   0|   32|          0|
    |C_BUF_1_0_7_7_preg  |  32|   0|   32|          0|
    |C_BUF_2_0_0_0_preg  |  32|   0|   32|          0|
    |C_BUF_2_0_0_1_preg  |  32|   0|   32|          0|
    |C_BUF_2_0_0_2_preg  |  32|   0|   32|          0|
    |C_BUF_2_0_0_3_preg  |  32|   0|   32|          0|
    |C_BUF_2_0_0_4_preg  |  32|   0|   32|          0|
    |C_BUF_2_0_0_5_preg  |  32|   0|   32|          0|
    |C_BUF_2_0_0_6_preg  |  32|   0|   32|          0|
    |C_BUF_2_0_0_7_preg  |  32|   0|   32|          0|
    |C_BUF_2_0_1_0_preg  |  32|   0|   32|          0|
    |C_BUF_2_0_1_1_preg  |  32|   0|   32|          0|
    |C_BUF_2_0_1_2_preg  |  32|   0|   32|          0|
    |C_BUF_2_0_1_3_preg  |  32|   0|   32|          0|
    |C_BUF_2_0_1_4_preg  |  32|   0|   32|          0|
    |C_BUF_2_0_1_5_preg  |  32|   0|   32|          0|
    |C_BUF_2_0_1_6_preg  |  32|   0|   32|          0|
    |C_BUF_2_0_1_7_preg  |  32|   0|   32|          0|
    |C_BUF_2_0_2_0_preg  |  32|   0|   32|          0|
    |C_BUF_2_0_2_1_preg  |  32|   0|   32|          0|
    |C_BUF_2_0_2_2_preg  |  32|   0|   32|          0|
    |C_BUF_2_0_2_3_preg  |  32|   0|   32|          0|
    |C_BUF_2_0_2_4_preg  |  32|   0|   32|          0|
    |C_BUF_2_0_2_5_preg  |  32|   0|   32|          0|
    |C_BUF_2_0_2_6_preg  |  32|   0|   32|          0|
    |C_BUF_2_0_2_7_preg  |  32|   0|   32|          0|
    |C_BUF_2_0_3_0_preg  |  32|   0|   32|          0|
    |C_BUF_2_0_3_1_preg  |  32|   0|   32|          0|
    |C_BUF_2_0_3_2_preg  |  32|   0|   32|          0|
    |C_BUF_2_0_3_3_preg  |  32|   0|   32|          0|
    |C_BUF_2_0_3_4_preg  |  32|   0|   32|          0|
    |C_BUF_2_0_3_5_preg  |  32|   0|   32|          0|
    |C_BUF_2_0_3_6_preg  |  32|   0|   32|          0|
    |C_BUF_2_0_3_7_preg  |  32|   0|   32|          0|
    |C_BUF_2_0_4_0_preg  |  32|   0|   32|          0|
    |C_BUF_2_0_4_1_preg  |  32|   0|   32|          0|
    |C_BUF_2_0_4_2_preg  |  32|   0|   32|          0|
    |C_BUF_2_0_4_3_preg  |  32|   0|   32|          0|
    |C_BUF_2_0_4_4_preg  |  32|   0|   32|          0|
    |C_BUF_2_0_4_5_preg  |  32|   0|   32|          0|
    |C_BUF_2_0_4_6_preg  |  32|   0|   32|          0|
    |C_BUF_2_0_4_7_preg  |  32|   0|   32|          0|
    |C_BUF_2_0_5_0_preg  |  32|   0|   32|          0|
    |C_BUF_2_0_5_1_preg  |  32|   0|   32|          0|
    |C_BUF_2_0_5_2_preg  |  32|   0|   32|          0|
    |C_BUF_2_0_5_3_preg  |  32|   0|   32|          0|
    |C_BUF_2_0_5_4_preg  |  32|   0|   32|          0|
    |C_BUF_2_0_5_5_preg  |  32|   0|   32|          0|
    |C_BUF_2_0_5_6_preg  |  32|   0|   32|          0|
    |C_BUF_2_0_5_7_preg  |  32|   0|   32|          0|
    |C_BUF_2_0_6_0_preg  |  32|   0|   32|          0|
    |C_BUF_2_0_6_1_preg  |  32|   0|   32|          0|
    |C_BUF_2_0_6_2_preg  |  32|   0|   32|          0|
    |C_BUF_2_0_6_3_preg  |  32|   0|   32|          0|
    |C_BUF_2_0_6_4_preg  |  32|   0|   32|          0|
    |C_BUF_2_0_6_5_preg  |  32|   0|   32|          0|
    |C_BUF_2_0_6_6_preg  |  32|   0|   32|          0|
    |C_BUF_2_0_6_7_preg  |  32|   0|   32|          0|
    |C_BUF_2_0_7_0_preg  |  32|   0|   32|          0|
    |C_BUF_2_0_7_1_preg  |  32|   0|   32|          0|
    |C_BUF_2_0_7_2_preg  |  32|   0|   32|          0|
    |C_BUF_2_0_7_3_preg  |  32|   0|   32|          0|
    |C_BUF_2_0_7_4_preg  |  32|   0|   32|          0|
    |C_BUF_2_0_7_5_preg  |  32|   0|   32|          0|
    |C_BUF_2_0_7_6_preg  |  32|   0|   32|          0|
    |C_BUF_2_0_7_7_preg  |  32|   0|   32|          0|
    |C_BUF_3_0_0_0_preg  |  32|   0|   32|          0|
    |C_BUF_3_0_0_1_preg  |  32|   0|   32|          0|
    |C_BUF_3_0_0_2_preg  |  32|   0|   32|          0|
    |C_BUF_3_0_0_3_preg  |  32|   0|   32|          0|
    |C_BUF_3_0_0_4_preg  |  32|   0|   32|          0|
    |C_BUF_3_0_0_5_preg  |  32|   0|   32|          0|
    |C_BUF_3_0_0_6_preg  |  32|   0|   32|          0|
    |C_BUF_3_0_0_7_preg  |  32|   0|   32|          0|
    |C_BUF_3_0_1_0_preg  |  32|   0|   32|          0|
    |C_BUF_3_0_1_1_preg  |  32|   0|   32|          0|
    |C_BUF_3_0_1_2_preg  |  32|   0|   32|          0|
    |C_BUF_3_0_1_3_preg  |  32|   0|   32|          0|
    |C_BUF_3_0_1_4_preg  |  32|   0|   32|          0|
    |C_BUF_3_0_1_5_preg  |  32|   0|   32|          0|
    |C_BUF_3_0_1_6_preg  |  32|   0|   32|          0|
    |C_BUF_3_0_1_7_preg  |  32|   0|   32|          0|
    |C_BUF_3_0_2_0_preg  |  32|   0|   32|          0|
    |C_BUF_3_0_2_1_preg  |  32|   0|   32|          0|
    |C_BUF_3_0_2_2_preg  |  32|   0|   32|          0|
    |C_BUF_3_0_2_3_preg  |  32|   0|   32|          0|
    |C_BUF_3_0_2_4_preg  |  32|   0|   32|          0|
    |C_BUF_3_0_2_5_preg  |  32|   0|   32|          0|
    |C_BUF_3_0_2_6_preg  |  32|   0|   32|          0|
    |C_BUF_3_0_2_7_preg  |  32|   0|   32|          0|
    |C_BUF_3_0_3_0_preg  |  32|   0|   32|          0|
    |C_BUF_3_0_3_1_preg  |  32|   0|   32|          0|
    |C_BUF_3_0_3_2_preg  |  32|   0|   32|          0|
    |C_BUF_3_0_3_3_preg  |  32|   0|   32|          0|
    |C_BUF_3_0_3_4_preg  |  32|   0|   32|          0|
    |C_BUF_3_0_3_5_preg  |  32|   0|   32|          0|
    |C_BUF_3_0_3_6_preg  |  32|   0|   32|          0|
    |C_BUF_3_0_3_7_preg  |  32|   0|   32|          0|
    |C_BUF_3_0_4_0_preg  |  32|   0|   32|          0|
    |C_BUF_3_0_4_1_preg  |  32|   0|   32|          0|
    |C_BUF_3_0_4_2_preg  |  32|   0|   32|          0|
    |C_BUF_3_0_4_3_preg  |  32|   0|   32|          0|
    |C_BUF_3_0_4_4_preg  |  32|   0|   32|          0|
    |C_BUF_3_0_4_5_preg  |  32|   0|   32|          0|
    |C_BUF_3_0_4_6_preg  |  32|   0|   32|          0|
    |C_BUF_3_0_4_7_preg  |  32|   0|   32|          0|
    |C_BUF_3_0_5_0_preg  |  32|   0|   32|          0|
    |C_BUF_3_0_5_1_preg  |  32|   0|   32|          0|
    |C_BUF_3_0_5_2_preg  |  32|   0|   32|          0|
    |C_BUF_3_0_5_3_preg  |  32|   0|   32|          0|
    |C_BUF_3_0_5_4_preg  |  32|   0|   32|          0|
    |C_BUF_3_0_5_5_preg  |  32|   0|   32|          0|
    |C_BUF_3_0_5_6_preg  |  32|   0|   32|          0|
    |C_BUF_3_0_5_7_preg  |  32|   0|   32|          0|
    |C_BUF_3_0_6_0_preg  |  32|   0|   32|          0|
    |C_BUF_3_0_6_1_preg  |  32|   0|   32|          0|
    |C_BUF_3_0_6_2_preg  |  32|   0|   32|          0|
    |C_BUF_3_0_6_3_preg  |  32|   0|   32|          0|
    |C_BUF_3_0_6_4_preg  |  32|   0|   32|          0|
    |C_BUF_3_0_6_5_preg  |  32|   0|   32|          0|
    |C_BUF_3_0_6_6_preg  |  32|   0|   32|          0|
    |C_BUF_3_0_6_7_preg  |  32|   0|   32|          0|
    |C_BUF_3_0_7_0_preg  |  32|   0|   32|          0|
    |C_BUF_3_0_7_1_preg  |  32|   0|   32|          0|
    |C_BUF_3_0_7_2_preg  |  32|   0|   32|          0|
    |C_BUF_3_0_7_3_preg  |  32|   0|   32|          0|
    |C_BUF_3_0_7_4_preg  |  32|   0|   32|          0|
    |C_BUF_3_0_7_5_preg  |  32|   0|   32|          0|
    |C_BUF_3_0_7_6_preg  |  32|   0|   32|          0|
    |C_BUF_3_0_7_7_preg  |  32|   0|   32|          0|
    |ap_CS_fsm           |   1|   0|    1|          0|
    |ap_done_reg         |   1|   0|    1|          0|
    +--------------------+----+----+-----+-----------+
    |Total               |8194|   0| 8194|          0|
    +--------------------+----+----+-----+-----------+



================================================================
== Interface
================================================================
* Summary: 
+-------------------------------+-----+-----+------------+-------------------+--------------+
|           RTL Ports           | Dir | Bits|  Protocol  |   Source Object   |    C Type    |
+-------------------------------+-----+-----+------------+-------------------+--------------+
|ap_clk                         |   in|    1|  ap_ctrl_hs|  stream_to_C_Buf93|  return value|
|ap_rst                         |   in|    1|  ap_ctrl_hs|  stream_to_C_Buf93|  return value|
|ap_start                       |   in|    1|  ap_ctrl_hs|  stream_to_C_Buf93|  return value|
|ap_done                        |  out|    1|  ap_ctrl_hs|  stream_to_C_Buf93|  return value|
|ap_continue                    |   in|    1|  ap_ctrl_hs|  stream_to_C_Buf93|  return value|
|ap_idle                        |  out|    1|  ap_ctrl_hs|  stream_to_C_Buf93|  return value|
|ap_ready                       |  out|    1|  ap_ctrl_hs|  stream_to_C_Buf93|  return value|
|C_stream_127_i_dout            |   in|   32|     ap_fifo|     C_stream_127_i|       pointer|
|C_stream_127_i_num_data_valid  |   in|    4|     ap_fifo|     C_stream_127_i|       pointer|
|C_stream_127_i_fifo_cap        |   in|    4|     ap_fifo|     C_stream_127_i|       pointer|
|C_stream_127_i_empty_n         |   in|    1|     ap_fifo|     C_stream_127_i|       pointer|
|C_stream_127_i_read            |  out|    1|     ap_fifo|     C_stream_127_i|       pointer|
|C_stream_126_i_dout            |   in|   32|     ap_fifo|     C_stream_126_i|       pointer|
|C_stream_126_i_num_data_valid  |   in|    4|     ap_fifo|     C_stream_126_i|       pointer|
|C_stream_126_i_fifo_cap        |   in|    4|     ap_fifo|     C_stream_126_i|       pointer|
|C_stream_126_i_empty_n         |   in|    1|     ap_fifo|     C_stream_126_i|       pointer|
|C_stream_126_i_read            |  out|    1|     ap_fifo|     C_stream_126_i|       pointer|
|C_stream_125_i_dout            |   in|   32|     ap_fifo|     C_stream_125_i|       pointer|
|C_stream_125_i_num_data_valid  |   in|    4|     ap_fifo|     C_stream_125_i|       pointer|
|C_stream_125_i_fifo_cap        |   in|    4|     ap_fifo|     C_stream_125_i|       pointer|
|C_stream_125_i_empty_n         |   in|    1|     ap_fifo|     C_stream_125_i|       pointer|
|C_stream_125_i_read            |  out|    1|     ap_fifo|     C_stream_125_i|       pointer|
|C_stream_124_i_dout            |   in|   32|     ap_fifo|     C_stream_124_i|       pointer|
|C_stream_124_i_num_data_valid  |   in|    4|     ap_fifo|     C_stream_124_i|       pointer|
|C_stream_124_i_fifo_cap        |   in|    4|     ap_fifo|     C_stream_124_i|       pointer|
|C_stream_124_i_empty_n         |   in|    1|     ap_fifo|     C_stream_124_i|       pointer|
|C_stream_124_i_read            |  out|    1|     ap_fifo|     C_stream_124_i|       pointer|
|C_stream_123_i_dout            |   in|   32|     ap_fifo|     C_stream_123_i|       pointer|
|C_stream_123_i_num_data_valid  |   in|    4|     ap_fifo|     C_stream_123_i|       pointer|
|C_stream_123_i_fifo_cap        |   in|    4|     ap_fifo|     C_stream_123_i|       pointer|
|C_stream_123_i_empty_n         |   in|    1|     ap_fifo|     C_stream_123_i|       pointer|
|C_stream_123_i_read            |  out|    1|     ap_fifo|     C_stream_123_i|       pointer|
|C_stream_122_i_dout            |   in|   32|     ap_fifo|     C_stream_122_i|       pointer|
|C_stream_122_i_num_data_valid  |   in|    4|     ap_fifo|     C_stream_122_i|       pointer|
|C_stream_122_i_fifo_cap        |   in|    4|     ap_fifo|     C_stream_122_i|       pointer|
|C_stream_122_i_empty_n         |   in|    1|     ap_fifo|     C_stream_122_i|       pointer|
|C_stream_122_i_read            |  out|    1|     ap_fifo|     C_stream_122_i|       pointer|
|C_stream_121_i_dout            |   in|   32|     ap_fifo|     C_stream_121_i|       pointer|
|C_stream_121_i_num_data_valid  |   in|    4|     ap_fifo|     C_stream_121_i|       pointer|
|C_stream_121_i_fifo_cap        |   in|    4|     ap_fifo|     C_stream_121_i|       pointer|
|C_stream_121_i_empty_n         |   in|    1|     ap_fifo|     C_stream_121_i|       pointer|
|C_stream_121_i_read            |  out|    1|     ap_fifo|     C_stream_121_i|       pointer|
|C_stream_120_i_dout            |   in|   32|     ap_fifo|     C_stream_120_i|       pointer|
|C_stream_120_i_num_data_valid  |   in|    4|     ap_fifo|     C_stream_120_i|       pointer|
|C_stream_120_i_fifo_cap        |   in|    4|     ap_fifo|     C_stream_120_i|       pointer|
|C_stream_120_i_empty_n         |   in|    1|     ap_fifo|     C_stream_120_i|       pointer|
|C_stream_120_i_read            |  out|    1|     ap_fifo|     C_stream_120_i|       pointer|
|C_stream_119_i_dout            |   in|   32|     ap_fifo|     C_stream_119_i|       pointer|
|C_stream_119_i_num_data_valid  |   in|    4|     ap_fifo|     C_stream_119_i|       pointer|
|C_stream_119_i_fifo_cap        |   in|    4|     ap_fifo|     C_stream_119_i|       pointer|
|C_stream_119_i_empty_n         |   in|    1|     ap_fifo|     C_stream_119_i|       pointer|
|C_stream_119_i_read            |  out|    1|     ap_fifo|     C_stream_119_i|       pointer|
|C_stream_118_i_dout            |   in|   32|     ap_fifo|     C_stream_118_i|       pointer|
|C_stream_118_i_num_data_valid  |   in|    4|     ap_fifo|     C_stream_118_i|       pointer|
|C_stream_118_i_fifo_cap        |   in|    4|     ap_fifo|     C_stream_118_i|       pointer|
|C_stream_118_i_empty_n         |   in|    1|     ap_fifo|     C_stream_118_i|       pointer|
|C_stream_118_i_read            |  out|    1|     ap_fifo|     C_stream_118_i|       pointer|
|C_stream_117_i_dout            |   in|   32|     ap_fifo|     C_stream_117_i|       pointer|
|C_stream_117_i_num_data_valid  |   in|    4|     ap_fifo|     C_stream_117_i|       pointer|
|C_stream_117_i_fifo_cap        |   in|    4|     ap_fifo|     C_stream_117_i|       pointer|
|C_stream_117_i_empty_n         |   in|    1|     ap_fifo|     C_stream_117_i|       pointer|
|C_stream_117_i_read            |  out|    1|     ap_fifo|     C_stream_117_i|       pointer|
|C_stream_116_i_dout            |   in|   32|     ap_fifo|     C_stream_116_i|       pointer|
|C_stream_116_i_num_data_valid  |   in|    4|     ap_fifo|     C_stream_116_i|       pointer|
|C_stream_116_i_fifo_cap        |   in|    4|     ap_fifo|     C_stream_116_i|       pointer|
|C_stream_116_i_empty_n         |   in|    1|     ap_fifo|     C_stream_116_i|       pointer|
|C_stream_116_i_read            |  out|    1|     ap_fifo|     C_stream_116_i|       pointer|
|C_stream_115_i_dout            |   in|   32|     ap_fifo|     C_stream_115_i|       pointer|
|C_stream_115_i_num_data_valid  |   in|    4|     ap_fifo|     C_stream_115_i|       pointer|
|C_stream_115_i_fifo_cap        |   in|    4|     ap_fifo|     C_stream_115_i|       pointer|
|C_stream_115_i_empty_n         |   in|    1|     ap_fifo|     C_stream_115_i|       pointer|
|C_stream_115_i_read            |  out|    1|     ap_fifo|     C_stream_115_i|       pointer|
|C_stream_114_i_dout            |   in|   32|     ap_fifo|     C_stream_114_i|       pointer|
|C_stream_114_i_num_data_valid  |   in|    4|     ap_fifo|     C_stream_114_i|       pointer|
|C_stream_114_i_fifo_cap        |   in|    4|     ap_fifo|     C_stream_114_i|       pointer|
|C_stream_114_i_empty_n         |   in|    1|     ap_fifo|     C_stream_114_i|       pointer|
|C_stream_114_i_read            |  out|    1|     ap_fifo|     C_stream_114_i|       pointer|
|C_stream_113_i_dout            |   in|   32|     ap_fifo|     C_stream_113_i|       pointer|
|C_stream_113_i_num_data_valid  |   in|    4|     ap_fifo|     C_stream_113_i|       pointer|
|C_stream_113_i_fifo_cap        |   in|    4|     ap_fifo|     C_stream_113_i|       pointer|
|C_stream_113_i_empty_n         |   in|    1|     ap_fifo|     C_stream_113_i|       pointer|
|C_stream_113_i_read            |  out|    1|     ap_fifo|     C_stream_113_i|       pointer|
|C_stream_112_i_dout            |   in|   32|     ap_fifo|     C_stream_112_i|       pointer|
|C_stream_112_i_num_data_valid  |   in|    4|     ap_fifo|     C_stream_112_i|       pointer|
|C_stream_112_i_fifo_cap        |   in|    4|     ap_fifo|     C_stream_112_i|       pointer|
|C_stream_112_i_empty_n         |   in|    1|     ap_fifo|     C_stream_112_i|       pointer|
|C_stream_112_i_read            |  out|    1|     ap_fifo|     C_stream_112_i|       pointer|
|C_stream_111_i_dout            |   in|   32|     ap_fifo|     C_stream_111_i|       pointer|
|C_stream_111_i_num_data_valid  |   in|    4|     ap_fifo|     C_stream_111_i|       pointer|
|C_stream_111_i_fifo_cap        |   in|    4|     ap_fifo|     C_stream_111_i|       pointer|
|C_stream_111_i_empty_n         |   in|    1|     ap_fifo|     C_stream_111_i|       pointer|
|C_stream_111_i_read            |  out|    1|     ap_fifo|     C_stream_111_i|       pointer|
|C_stream_110_i_dout            |   in|   32|     ap_fifo|     C_stream_110_i|       pointer|
|C_stream_110_i_num_data_valid  |   in|    4|     ap_fifo|     C_stream_110_i|       pointer|
|C_stream_110_i_fifo_cap        |   in|    4|     ap_fifo|     C_stream_110_i|       pointer|
|C_stream_110_i_empty_n         |   in|    1|     ap_fifo|     C_stream_110_i|       pointer|
|C_stream_110_i_read            |  out|    1|     ap_fifo|     C_stream_110_i|       pointer|
|C_stream_109_i_dout            |   in|   32|     ap_fifo|     C_stream_109_i|       pointer|
|C_stream_109_i_num_data_valid  |   in|    4|     ap_fifo|     C_stream_109_i|       pointer|
|C_stream_109_i_fifo_cap        |   in|    4|     ap_fifo|     C_stream_109_i|       pointer|
|C_stream_109_i_empty_n         |   in|    1|     ap_fifo|     C_stream_109_i|       pointer|
|C_stream_109_i_read            |  out|    1|     ap_fifo|     C_stream_109_i|       pointer|
|C_stream_108_i_dout            |   in|   32|     ap_fifo|     C_stream_108_i|       pointer|
|C_stream_108_i_num_data_valid  |   in|    4|     ap_fifo|     C_stream_108_i|       pointer|
|C_stream_108_i_fifo_cap        |   in|    4|     ap_fifo|     C_stream_108_i|       pointer|
|C_stream_108_i_empty_n         |   in|    1|     ap_fifo|     C_stream_108_i|       pointer|
|C_stream_108_i_read            |  out|    1|     ap_fifo|     C_stream_108_i|       pointer|
|C_stream_107_i_dout            |   in|   32|     ap_fifo|     C_stream_107_i|       pointer|
|C_stream_107_i_num_data_valid  |   in|    4|     ap_fifo|     C_stream_107_i|       pointer|
|C_stream_107_i_fifo_cap        |   in|    4|     ap_fifo|     C_stream_107_i|       pointer|
|C_stream_107_i_empty_n         |   in|    1|     ap_fifo|     C_stream_107_i|       pointer|
|C_stream_107_i_read            |  out|    1|     ap_fifo|     C_stream_107_i|       pointer|
|C_stream_106_i_dout            |   in|   32|     ap_fifo|     C_stream_106_i|       pointer|
|C_stream_106_i_num_data_valid  |   in|    4|     ap_fifo|     C_stream_106_i|       pointer|
|C_stream_106_i_fifo_cap        |   in|    4|     ap_fifo|     C_stream_106_i|       pointer|
|C_stream_106_i_empty_n         |   in|    1|     ap_fifo|     C_stream_106_i|       pointer|
|C_stream_106_i_read            |  out|    1|     ap_fifo|     C_stream_106_i|       pointer|
|C_stream_105_i_dout            |   in|   32|     ap_fifo|     C_stream_105_i|       pointer|
|C_stream_105_i_num_data_valid  |   in|    4|     ap_fifo|     C_stream_105_i|       pointer|
|C_stream_105_i_fifo_cap        |   in|    4|     ap_fifo|     C_stream_105_i|       pointer|
|C_stream_105_i_empty_n         |   in|    1|     ap_fifo|     C_stream_105_i|       pointer|
|C_stream_105_i_read            |  out|    1|     ap_fifo|     C_stream_105_i|       pointer|
|C_stream_104_i_dout            |   in|   32|     ap_fifo|     C_stream_104_i|       pointer|
|C_stream_104_i_num_data_valid  |   in|    4|     ap_fifo|     C_stream_104_i|       pointer|
|C_stream_104_i_fifo_cap        |   in|    4|     ap_fifo|     C_stream_104_i|       pointer|
|C_stream_104_i_empty_n         |   in|    1|     ap_fifo|     C_stream_104_i|       pointer|
|C_stream_104_i_read            |  out|    1|     ap_fifo|     C_stream_104_i|       pointer|
|C_stream_103_i_dout            |   in|   32|     ap_fifo|     C_stream_103_i|       pointer|
|C_stream_103_i_num_data_valid  |   in|    4|     ap_fifo|     C_stream_103_i|       pointer|
|C_stream_103_i_fifo_cap        |   in|    4|     ap_fifo|     C_stream_103_i|       pointer|
|C_stream_103_i_empty_n         |   in|    1|     ap_fifo|     C_stream_103_i|       pointer|
|C_stream_103_i_read            |  out|    1|     ap_fifo|     C_stream_103_i|       pointer|
|C_stream_102_i_dout            |   in|   32|     ap_fifo|     C_stream_102_i|       pointer|
|C_stream_102_i_num_data_valid  |   in|    4|     ap_fifo|     C_stream_102_i|       pointer|
|C_stream_102_i_fifo_cap        |   in|    4|     ap_fifo|     C_stream_102_i|       pointer|
|C_stream_102_i_empty_n         |   in|    1|     ap_fifo|     C_stream_102_i|       pointer|
|C_stream_102_i_read            |  out|    1|     ap_fifo|     C_stream_102_i|       pointer|
|C_stream_101_i_dout            |   in|   32|     ap_fifo|     C_stream_101_i|       pointer|
|C_stream_101_i_num_data_valid  |   in|    4|     ap_fifo|     C_stream_101_i|       pointer|
|C_stream_101_i_fifo_cap        |   in|    4|     ap_fifo|     C_stream_101_i|       pointer|
|C_stream_101_i_empty_n         |   in|    1|     ap_fifo|     C_stream_101_i|       pointer|
|C_stream_101_i_read            |  out|    1|     ap_fifo|     C_stream_101_i|       pointer|
|C_stream_100_i_dout            |   in|   32|     ap_fifo|     C_stream_100_i|       pointer|
|C_stream_100_i_num_data_valid  |   in|    4|     ap_fifo|     C_stream_100_i|       pointer|
|C_stream_100_i_fifo_cap        |   in|    4|     ap_fifo|     C_stream_100_i|       pointer|
|C_stream_100_i_empty_n         |   in|    1|     ap_fifo|     C_stream_100_i|       pointer|
|C_stream_100_i_read            |  out|    1|     ap_fifo|     C_stream_100_i|       pointer|
|C_stream_99_i_dout             |   in|   32|     ap_fifo|      C_stream_99_i|       pointer|
|C_stream_99_i_num_data_valid   |   in|    4|     ap_fifo|      C_stream_99_i|       pointer|
|C_stream_99_i_fifo_cap         |   in|    4|     ap_fifo|      C_stream_99_i|       pointer|
|C_stream_99_i_empty_n          |   in|    1|     ap_fifo|      C_stream_99_i|       pointer|
|C_stream_99_i_read             |  out|    1|     ap_fifo|      C_stream_99_i|       pointer|
|C_stream_98_i_dout             |   in|   32|     ap_fifo|      C_stream_98_i|       pointer|
|C_stream_98_i_num_data_valid   |   in|    4|     ap_fifo|      C_stream_98_i|       pointer|
|C_stream_98_i_fifo_cap         |   in|    4|     ap_fifo|      C_stream_98_i|       pointer|
|C_stream_98_i_empty_n          |   in|    1|     ap_fifo|      C_stream_98_i|       pointer|
|C_stream_98_i_read             |  out|    1|     ap_fifo|      C_stream_98_i|       pointer|
|C_stream_97_i_dout             |   in|   32|     ap_fifo|      C_stream_97_i|       pointer|
|C_stream_97_i_num_data_valid   |   in|    4|     ap_fifo|      C_stream_97_i|       pointer|
|C_stream_97_i_fifo_cap         |   in|    4|     ap_fifo|      C_stream_97_i|       pointer|
|C_stream_97_i_empty_n          |   in|    1|     ap_fifo|      C_stream_97_i|       pointer|
|C_stream_97_i_read             |  out|    1|     ap_fifo|      C_stream_97_i|       pointer|
|C_stream_96_i_dout             |   in|   32|     ap_fifo|      C_stream_96_i|       pointer|
|C_stream_96_i_num_data_valid   |   in|    4|     ap_fifo|      C_stream_96_i|       pointer|
|C_stream_96_i_fifo_cap         |   in|    4|     ap_fifo|      C_stream_96_i|       pointer|
|C_stream_96_i_empty_n          |   in|    1|     ap_fifo|      C_stream_96_i|       pointer|
|C_stream_96_i_read             |  out|    1|     ap_fifo|      C_stream_96_i|       pointer|
|C_stream_95_i_dout             |   in|   32|     ap_fifo|      C_stream_95_i|       pointer|
|C_stream_95_i_num_data_valid   |   in|    4|     ap_fifo|      C_stream_95_i|       pointer|
|C_stream_95_i_fifo_cap         |   in|    4|     ap_fifo|      C_stream_95_i|       pointer|
|C_stream_95_i_empty_n          |   in|    1|     ap_fifo|      C_stream_95_i|       pointer|
|C_stream_95_i_read             |  out|    1|     ap_fifo|      C_stream_95_i|       pointer|
|C_stream_94_i_dout             |   in|   32|     ap_fifo|      C_stream_94_i|       pointer|
|C_stream_94_i_num_data_valid   |   in|    4|     ap_fifo|      C_stream_94_i|       pointer|
|C_stream_94_i_fifo_cap         |   in|    4|     ap_fifo|      C_stream_94_i|       pointer|
|C_stream_94_i_empty_n          |   in|    1|     ap_fifo|      C_stream_94_i|       pointer|
|C_stream_94_i_read             |  out|    1|     ap_fifo|      C_stream_94_i|       pointer|
|C_stream_93_i_dout             |   in|   32|     ap_fifo|      C_stream_93_i|       pointer|
|C_stream_93_i_num_data_valid   |   in|    4|     ap_fifo|      C_stream_93_i|       pointer|
|C_stream_93_i_fifo_cap         |   in|    4|     ap_fifo|      C_stream_93_i|       pointer|
|C_stream_93_i_empty_n          |   in|    1|     ap_fifo|      C_stream_93_i|       pointer|
|C_stream_93_i_read             |  out|    1|     ap_fifo|      C_stream_93_i|       pointer|
|C_stream_92_i_dout             |   in|   32|     ap_fifo|      C_stream_92_i|       pointer|
|C_stream_92_i_num_data_valid   |   in|    4|     ap_fifo|      C_stream_92_i|       pointer|
|C_stream_92_i_fifo_cap         |   in|    4|     ap_fifo|      C_stream_92_i|       pointer|
|C_stream_92_i_empty_n          |   in|    1|     ap_fifo|      C_stream_92_i|       pointer|
|C_stream_92_i_read             |  out|    1|     ap_fifo|      C_stream_92_i|       pointer|
|C_stream_91_i_dout             |   in|   32|     ap_fifo|      C_stream_91_i|       pointer|
|C_stream_91_i_num_data_valid   |   in|    4|     ap_fifo|      C_stream_91_i|       pointer|
|C_stream_91_i_fifo_cap         |   in|    4|     ap_fifo|      C_stream_91_i|       pointer|
|C_stream_91_i_empty_n          |   in|    1|     ap_fifo|      C_stream_91_i|       pointer|
|C_stream_91_i_read             |  out|    1|     ap_fifo|      C_stream_91_i|       pointer|
|C_stream_90_i_dout             |   in|   32|     ap_fifo|      C_stream_90_i|       pointer|
|C_stream_90_i_num_data_valid   |   in|    4|     ap_fifo|      C_stream_90_i|       pointer|
|C_stream_90_i_fifo_cap         |   in|    4|     ap_fifo|      C_stream_90_i|       pointer|
|C_stream_90_i_empty_n          |   in|    1|     ap_fifo|      C_stream_90_i|       pointer|
|C_stream_90_i_read             |  out|    1|     ap_fifo|      C_stream_90_i|       pointer|
|C_stream_89_i_dout             |   in|   32|     ap_fifo|      C_stream_89_i|       pointer|
|C_stream_89_i_num_data_valid   |   in|    4|     ap_fifo|      C_stream_89_i|       pointer|
|C_stream_89_i_fifo_cap         |   in|    4|     ap_fifo|      C_stream_89_i|       pointer|
|C_stream_89_i_empty_n          |   in|    1|     ap_fifo|      C_stream_89_i|       pointer|
|C_stream_89_i_read             |  out|    1|     ap_fifo|      C_stream_89_i|       pointer|
|C_stream_88_i_dout             |   in|   32|     ap_fifo|      C_stream_88_i|       pointer|
|C_stream_88_i_num_data_valid   |   in|    4|     ap_fifo|      C_stream_88_i|       pointer|
|C_stream_88_i_fifo_cap         |   in|    4|     ap_fifo|      C_stream_88_i|       pointer|
|C_stream_88_i_empty_n          |   in|    1|     ap_fifo|      C_stream_88_i|       pointer|
|C_stream_88_i_read             |  out|    1|     ap_fifo|      C_stream_88_i|       pointer|
|C_stream_87_i_dout             |   in|   32|     ap_fifo|      C_stream_87_i|       pointer|
|C_stream_87_i_num_data_valid   |   in|    4|     ap_fifo|      C_stream_87_i|       pointer|
|C_stream_87_i_fifo_cap         |   in|    4|     ap_fifo|      C_stream_87_i|       pointer|
|C_stream_87_i_empty_n          |   in|    1|     ap_fifo|      C_stream_87_i|       pointer|
|C_stream_87_i_read             |  out|    1|     ap_fifo|      C_stream_87_i|       pointer|
|C_stream_86_i_dout             |   in|   32|     ap_fifo|      C_stream_86_i|       pointer|
|C_stream_86_i_num_data_valid   |   in|    4|     ap_fifo|      C_stream_86_i|       pointer|
|C_stream_86_i_fifo_cap         |   in|    4|     ap_fifo|      C_stream_86_i|       pointer|
|C_stream_86_i_empty_n          |   in|    1|     ap_fifo|      C_stream_86_i|       pointer|
|C_stream_86_i_read             |  out|    1|     ap_fifo|      C_stream_86_i|       pointer|
|C_stream_85_i_dout             |   in|   32|     ap_fifo|      C_stream_85_i|       pointer|
|C_stream_85_i_num_data_valid   |   in|    4|     ap_fifo|      C_stream_85_i|       pointer|
|C_stream_85_i_fifo_cap         |   in|    4|     ap_fifo|      C_stream_85_i|       pointer|
|C_stream_85_i_empty_n          |   in|    1|     ap_fifo|      C_stream_85_i|       pointer|
|C_stream_85_i_read             |  out|    1|     ap_fifo|      C_stream_85_i|       pointer|
|C_stream_84_i_dout             |   in|   32|     ap_fifo|      C_stream_84_i|       pointer|
|C_stream_84_i_num_data_valid   |   in|    4|     ap_fifo|      C_stream_84_i|       pointer|
|C_stream_84_i_fifo_cap         |   in|    4|     ap_fifo|      C_stream_84_i|       pointer|
|C_stream_84_i_empty_n          |   in|    1|     ap_fifo|      C_stream_84_i|       pointer|
|C_stream_84_i_read             |  out|    1|     ap_fifo|      C_stream_84_i|       pointer|
|C_stream_83_i_dout             |   in|   32|     ap_fifo|      C_stream_83_i|       pointer|
|C_stream_83_i_num_data_valid   |   in|    4|     ap_fifo|      C_stream_83_i|       pointer|
|C_stream_83_i_fifo_cap         |   in|    4|     ap_fifo|      C_stream_83_i|       pointer|
|C_stream_83_i_empty_n          |   in|    1|     ap_fifo|      C_stream_83_i|       pointer|
|C_stream_83_i_read             |  out|    1|     ap_fifo|      C_stream_83_i|       pointer|
|C_stream_82_i_dout             |   in|   32|     ap_fifo|      C_stream_82_i|       pointer|
|C_stream_82_i_num_data_valid   |   in|    4|     ap_fifo|      C_stream_82_i|       pointer|
|C_stream_82_i_fifo_cap         |   in|    4|     ap_fifo|      C_stream_82_i|       pointer|
|C_stream_82_i_empty_n          |   in|    1|     ap_fifo|      C_stream_82_i|       pointer|
|C_stream_82_i_read             |  out|    1|     ap_fifo|      C_stream_82_i|       pointer|
|C_stream_81_i_dout             |   in|   32|     ap_fifo|      C_stream_81_i|       pointer|
|C_stream_81_i_num_data_valid   |   in|    4|     ap_fifo|      C_stream_81_i|       pointer|
|C_stream_81_i_fifo_cap         |   in|    4|     ap_fifo|      C_stream_81_i|       pointer|
|C_stream_81_i_empty_n          |   in|    1|     ap_fifo|      C_stream_81_i|       pointer|
|C_stream_81_i_read             |  out|    1|     ap_fifo|      C_stream_81_i|       pointer|
|C_stream_80_i_dout             |   in|   32|     ap_fifo|      C_stream_80_i|       pointer|
|C_stream_80_i_num_data_valid   |   in|    4|     ap_fifo|      C_stream_80_i|       pointer|
|C_stream_80_i_fifo_cap         |   in|    4|     ap_fifo|      C_stream_80_i|       pointer|
|C_stream_80_i_empty_n          |   in|    1|     ap_fifo|      C_stream_80_i|       pointer|
|C_stream_80_i_read             |  out|    1|     ap_fifo|      C_stream_80_i|       pointer|
|C_stream_79_i_dout             |   in|   32|     ap_fifo|      C_stream_79_i|       pointer|
|C_stream_79_i_num_data_valid   |   in|    4|     ap_fifo|      C_stream_79_i|       pointer|
|C_stream_79_i_fifo_cap         |   in|    4|     ap_fifo|      C_stream_79_i|       pointer|
|C_stream_79_i_empty_n          |   in|    1|     ap_fifo|      C_stream_79_i|       pointer|
|C_stream_79_i_read             |  out|    1|     ap_fifo|      C_stream_79_i|       pointer|
|C_stream_78_i_dout             |   in|   32|     ap_fifo|      C_stream_78_i|       pointer|
|C_stream_78_i_num_data_valid   |   in|    4|     ap_fifo|      C_stream_78_i|       pointer|
|C_stream_78_i_fifo_cap         |   in|    4|     ap_fifo|      C_stream_78_i|       pointer|
|C_stream_78_i_empty_n          |   in|    1|     ap_fifo|      C_stream_78_i|       pointer|
|C_stream_78_i_read             |  out|    1|     ap_fifo|      C_stream_78_i|       pointer|
|C_stream_77_i_dout             |   in|   32|     ap_fifo|      C_stream_77_i|       pointer|
|C_stream_77_i_num_data_valid   |   in|    4|     ap_fifo|      C_stream_77_i|       pointer|
|C_stream_77_i_fifo_cap         |   in|    4|     ap_fifo|      C_stream_77_i|       pointer|
|C_stream_77_i_empty_n          |   in|    1|     ap_fifo|      C_stream_77_i|       pointer|
|C_stream_77_i_read             |  out|    1|     ap_fifo|      C_stream_77_i|       pointer|
|C_stream_76_i_dout             |   in|   32|     ap_fifo|      C_stream_76_i|       pointer|
|C_stream_76_i_num_data_valid   |   in|    4|     ap_fifo|      C_stream_76_i|       pointer|
|C_stream_76_i_fifo_cap         |   in|    4|     ap_fifo|      C_stream_76_i|       pointer|
|C_stream_76_i_empty_n          |   in|    1|     ap_fifo|      C_stream_76_i|       pointer|
|C_stream_76_i_read             |  out|    1|     ap_fifo|      C_stream_76_i|       pointer|
|C_stream_75_i_dout             |   in|   32|     ap_fifo|      C_stream_75_i|       pointer|
|C_stream_75_i_num_data_valid   |   in|    4|     ap_fifo|      C_stream_75_i|       pointer|
|C_stream_75_i_fifo_cap         |   in|    4|     ap_fifo|      C_stream_75_i|       pointer|
|C_stream_75_i_empty_n          |   in|    1|     ap_fifo|      C_stream_75_i|       pointer|
|C_stream_75_i_read             |  out|    1|     ap_fifo|      C_stream_75_i|       pointer|
|C_stream_74_i_dout             |   in|   32|     ap_fifo|      C_stream_74_i|       pointer|
|C_stream_74_i_num_data_valid   |   in|    4|     ap_fifo|      C_stream_74_i|       pointer|
|C_stream_74_i_fifo_cap         |   in|    4|     ap_fifo|      C_stream_74_i|       pointer|
|C_stream_74_i_empty_n          |   in|    1|     ap_fifo|      C_stream_74_i|       pointer|
|C_stream_74_i_read             |  out|    1|     ap_fifo|      C_stream_74_i|       pointer|
|C_stream_73_i_dout             |   in|   32|     ap_fifo|      C_stream_73_i|       pointer|
|C_stream_73_i_num_data_valid   |   in|    4|     ap_fifo|      C_stream_73_i|       pointer|
|C_stream_73_i_fifo_cap         |   in|    4|     ap_fifo|      C_stream_73_i|       pointer|
|C_stream_73_i_empty_n          |   in|    1|     ap_fifo|      C_stream_73_i|       pointer|
|C_stream_73_i_read             |  out|    1|     ap_fifo|      C_stream_73_i|       pointer|
|C_stream_72_i_dout             |   in|   32|     ap_fifo|      C_stream_72_i|       pointer|
|C_stream_72_i_num_data_valid   |   in|    4|     ap_fifo|      C_stream_72_i|       pointer|
|C_stream_72_i_fifo_cap         |   in|    4|     ap_fifo|      C_stream_72_i|       pointer|
|C_stream_72_i_empty_n          |   in|    1|     ap_fifo|      C_stream_72_i|       pointer|
|C_stream_72_i_read             |  out|    1|     ap_fifo|      C_stream_72_i|       pointer|
|C_stream_71_i_dout             |   in|   32|     ap_fifo|      C_stream_71_i|       pointer|
|C_stream_71_i_num_data_valid   |   in|    4|     ap_fifo|      C_stream_71_i|       pointer|
|C_stream_71_i_fifo_cap         |   in|    4|     ap_fifo|      C_stream_71_i|       pointer|
|C_stream_71_i_empty_n          |   in|    1|     ap_fifo|      C_stream_71_i|       pointer|
|C_stream_71_i_read             |  out|    1|     ap_fifo|      C_stream_71_i|       pointer|
|C_stream_70_i_dout             |   in|   32|     ap_fifo|      C_stream_70_i|       pointer|
|C_stream_70_i_num_data_valid   |   in|    4|     ap_fifo|      C_stream_70_i|       pointer|
|C_stream_70_i_fifo_cap         |   in|    4|     ap_fifo|      C_stream_70_i|       pointer|
|C_stream_70_i_empty_n          |   in|    1|     ap_fifo|      C_stream_70_i|       pointer|
|C_stream_70_i_read             |  out|    1|     ap_fifo|      C_stream_70_i|       pointer|
|C_stream_69_i_dout             |   in|   32|     ap_fifo|      C_stream_69_i|       pointer|
|C_stream_69_i_num_data_valid   |   in|    4|     ap_fifo|      C_stream_69_i|       pointer|
|C_stream_69_i_fifo_cap         |   in|    4|     ap_fifo|      C_stream_69_i|       pointer|
|C_stream_69_i_empty_n          |   in|    1|     ap_fifo|      C_stream_69_i|       pointer|
|C_stream_69_i_read             |  out|    1|     ap_fifo|      C_stream_69_i|       pointer|
|C_stream_68_i_dout             |   in|   32|     ap_fifo|      C_stream_68_i|       pointer|
|C_stream_68_i_num_data_valid   |   in|    4|     ap_fifo|      C_stream_68_i|       pointer|
|C_stream_68_i_fifo_cap         |   in|    4|     ap_fifo|      C_stream_68_i|       pointer|
|C_stream_68_i_empty_n          |   in|    1|     ap_fifo|      C_stream_68_i|       pointer|
|C_stream_68_i_read             |  out|    1|     ap_fifo|      C_stream_68_i|       pointer|
|C_stream_67_i_dout             |   in|   32|     ap_fifo|      C_stream_67_i|       pointer|
|C_stream_67_i_num_data_valid   |   in|    4|     ap_fifo|      C_stream_67_i|       pointer|
|C_stream_67_i_fifo_cap         |   in|    4|     ap_fifo|      C_stream_67_i|       pointer|
|C_stream_67_i_empty_n          |   in|    1|     ap_fifo|      C_stream_67_i|       pointer|
|C_stream_67_i_read             |  out|    1|     ap_fifo|      C_stream_67_i|       pointer|
|C_stream_66_i_dout             |   in|   32|     ap_fifo|      C_stream_66_i|       pointer|
|C_stream_66_i_num_data_valid   |   in|    4|     ap_fifo|      C_stream_66_i|       pointer|
|C_stream_66_i_fifo_cap         |   in|    4|     ap_fifo|      C_stream_66_i|       pointer|
|C_stream_66_i_empty_n          |   in|    1|     ap_fifo|      C_stream_66_i|       pointer|
|C_stream_66_i_read             |  out|    1|     ap_fifo|      C_stream_66_i|       pointer|
|C_stream_65_i_dout             |   in|   32|     ap_fifo|      C_stream_65_i|       pointer|
|C_stream_65_i_num_data_valid   |   in|    4|     ap_fifo|      C_stream_65_i|       pointer|
|C_stream_65_i_fifo_cap         |   in|    4|     ap_fifo|      C_stream_65_i|       pointer|
|C_stream_65_i_empty_n          |   in|    1|     ap_fifo|      C_stream_65_i|       pointer|
|C_stream_65_i_read             |  out|    1|     ap_fifo|      C_stream_65_i|       pointer|
|C_stream_64_i_dout             |   in|   32|     ap_fifo|      C_stream_64_i|       pointer|
|C_stream_64_i_num_data_valid   |   in|    4|     ap_fifo|      C_stream_64_i|       pointer|
|C_stream_64_i_fifo_cap         |   in|    4|     ap_fifo|      C_stream_64_i|       pointer|
|C_stream_64_i_empty_n          |   in|    1|     ap_fifo|      C_stream_64_i|       pointer|
|C_stream_64_i_read             |  out|    1|     ap_fifo|      C_stream_64_i|       pointer|
|C_BUF_0_0_0_0                  |  out|   32|      ap_vld|      C_BUF_0_0_0_0|       pointer|
|C_BUF_0_0_0_0_ap_vld           |  out|    1|      ap_vld|      C_BUF_0_0_0_0|       pointer|
|C_BUF_0_0_0_1                  |  out|   32|      ap_vld|      C_BUF_0_0_0_1|       pointer|
|C_BUF_0_0_0_1_ap_vld           |  out|    1|      ap_vld|      C_BUF_0_0_0_1|       pointer|
|C_BUF_0_0_0_2                  |  out|   32|      ap_vld|      C_BUF_0_0_0_2|       pointer|
|C_BUF_0_0_0_2_ap_vld           |  out|    1|      ap_vld|      C_BUF_0_0_0_2|       pointer|
|C_BUF_0_0_0_3                  |  out|   32|      ap_vld|      C_BUF_0_0_0_3|       pointer|
|C_BUF_0_0_0_3_ap_vld           |  out|    1|      ap_vld|      C_BUF_0_0_0_3|       pointer|
|C_BUF_0_0_0_4                  |  out|   32|      ap_vld|      C_BUF_0_0_0_4|       pointer|
|C_BUF_0_0_0_4_ap_vld           |  out|    1|      ap_vld|      C_BUF_0_0_0_4|       pointer|
|C_BUF_0_0_0_5                  |  out|   32|      ap_vld|      C_BUF_0_0_0_5|       pointer|
|C_BUF_0_0_0_5_ap_vld           |  out|    1|      ap_vld|      C_BUF_0_0_0_5|       pointer|
|C_BUF_0_0_0_6                  |  out|   32|      ap_vld|      C_BUF_0_0_0_6|       pointer|
|C_BUF_0_0_0_6_ap_vld           |  out|    1|      ap_vld|      C_BUF_0_0_0_6|       pointer|
|C_BUF_0_0_0_7                  |  out|   32|      ap_vld|      C_BUF_0_0_0_7|       pointer|
|C_BUF_0_0_0_7_ap_vld           |  out|    1|      ap_vld|      C_BUF_0_0_0_7|       pointer|
|C_BUF_0_0_1_0                  |  out|   32|      ap_vld|      C_BUF_0_0_1_0|       pointer|
|C_BUF_0_0_1_0_ap_vld           |  out|    1|      ap_vld|      C_BUF_0_0_1_0|       pointer|
|C_BUF_0_0_1_1                  |  out|   32|      ap_vld|      C_BUF_0_0_1_1|       pointer|
|C_BUF_0_0_1_1_ap_vld           |  out|    1|      ap_vld|      C_BUF_0_0_1_1|       pointer|
|C_BUF_0_0_1_2                  |  out|   32|      ap_vld|      C_BUF_0_0_1_2|       pointer|
|C_BUF_0_0_1_2_ap_vld           |  out|    1|      ap_vld|      C_BUF_0_0_1_2|       pointer|
|C_BUF_0_0_1_3                  |  out|   32|      ap_vld|      C_BUF_0_0_1_3|       pointer|
|C_BUF_0_0_1_3_ap_vld           |  out|    1|      ap_vld|      C_BUF_0_0_1_3|       pointer|
|C_BUF_0_0_1_4                  |  out|   32|      ap_vld|      C_BUF_0_0_1_4|       pointer|
|C_BUF_0_0_1_4_ap_vld           |  out|    1|      ap_vld|      C_BUF_0_0_1_4|       pointer|
|C_BUF_0_0_1_5                  |  out|   32|      ap_vld|      C_BUF_0_0_1_5|       pointer|
|C_BUF_0_0_1_5_ap_vld           |  out|    1|      ap_vld|      C_BUF_0_0_1_5|       pointer|
|C_BUF_0_0_1_6                  |  out|   32|      ap_vld|      C_BUF_0_0_1_6|       pointer|
|C_BUF_0_0_1_6_ap_vld           |  out|    1|      ap_vld|      C_BUF_0_0_1_6|       pointer|
|C_BUF_0_0_1_7                  |  out|   32|      ap_vld|      C_BUF_0_0_1_7|       pointer|
|C_BUF_0_0_1_7_ap_vld           |  out|    1|      ap_vld|      C_BUF_0_0_1_7|       pointer|
|C_BUF_0_0_2_0                  |  out|   32|      ap_vld|      C_BUF_0_0_2_0|       pointer|
|C_BUF_0_0_2_0_ap_vld           |  out|    1|      ap_vld|      C_BUF_0_0_2_0|       pointer|
|C_BUF_0_0_2_1                  |  out|   32|      ap_vld|      C_BUF_0_0_2_1|       pointer|
|C_BUF_0_0_2_1_ap_vld           |  out|    1|      ap_vld|      C_BUF_0_0_2_1|       pointer|
|C_BUF_0_0_2_2                  |  out|   32|      ap_vld|      C_BUF_0_0_2_2|       pointer|
|C_BUF_0_0_2_2_ap_vld           |  out|    1|      ap_vld|      C_BUF_0_0_2_2|       pointer|
|C_BUF_0_0_2_3                  |  out|   32|      ap_vld|      C_BUF_0_0_2_3|       pointer|
|C_BUF_0_0_2_3_ap_vld           |  out|    1|      ap_vld|      C_BUF_0_0_2_3|       pointer|
|C_BUF_0_0_2_4                  |  out|   32|      ap_vld|      C_BUF_0_0_2_4|       pointer|
|C_BUF_0_0_2_4_ap_vld           |  out|    1|      ap_vld|      C_BUF_0_0_2_4|       pointer|
|C_BUF_0_0_2_5                  |  out|   32|      ap_vld|      C_BUF_0_0_2_5|       pointer|
|C_BUF_0_0_2_5_ap_vld           |  out|    1|      ap_vld|      C_BUF_0_0_2_5|       pointer|
|C_BUF_0_0_2_6                  |  out|   32|      ap_vld|      C_BUF_0_0_2_6|       pointer|
|C_BUF_0_0_2_6_ap_vld           |  out|    1|      ap_vld|      C_BUF_0_0_2_6|       pointer|
|C_BUF_0_0_2_7                  |  out|   32|      ap_vld|      C_BUF_0_0_2_7|       pointer|
|C_BUF_0_0_2_7_ap_vld           |  out|    1|      ap_vld|      C_BUF_0_0_2_7|       pointer|
|C_BUF_0_0_3_0                  |  out|   32|      ap_vld|      C_BUF_0_0_3_0|       pointer|
|C_BUF_0_0_3_0_ap_vld           |  out|    1|      ap_vld|      C_BUF_0_0_3_0|       pointer|
|C_BUF_0_0_3_1                  |  out|   32|      ap_vld|      C_BUF_0_0_3_1|       pointer|
|C_BUF_0_0_3_1_ap_vld           |  out|    1|      ap_vld|      C_BUF_0_0_3_1|       pointer|
|C_BUF_0_0_3_2                  |  out|   32|      ap_vld|      C_BUF_0_0_3_2|       pointer|
|C_BUF_0_0_3_2_ap_vld           |  out|    1|      ap_vld|      C_BUF_0_0_3_2|       pointer|
|C_BUF_0_0_3_3                  |  out|   32|      ap_vld|      C_BUF_0_0_3_3|       pointer|
|C_BUF_0_0_3_3_ap_vld           |  out|    1|      ap_vld|      C_BUF_0_0_3_3|       pointer|
|C_BUF_0_0_3_4                  |  out|   32|      ap_vld|      C_BUF_0_0_3_4|       pointer|
|C_BUF_0_0_3_4_ap_vld           |  out|    1|      ap_vld|      C_BUF_0_0_3_4|       pointer|
|C_BUF_0_0_3_5                  |  out|   32|      ap_vld|      C_BUF_0_0_3_5|       pointer|
|C_BUF_0_0_3_5_ap_vld           |  out|    1|      ap_vld|      C_BUF_0_0_3_5|       pointer|
|C_BUF_0_0_3_6                  |  out|   32|      ap_vld|      C_BUF_0_0_3_6|       pointer|
|C_BUF_0_0_3_6_ap_vld           |  out|    1|      ap_vld|      C_BUF_0_0_3_6|       pointer|
|C_BUF_0_0_3_7                  |  out|   32|      ap_vld|      C_BUF_0_0_3_7|       pointer|
|C_BUF_0_0_3_7_ap_vld           |  out|    1|      ap_vld|      C_BUF_0_0_3_7|       pointer|
|C_BUF_0_0_4_0                  |  out|   32|      ap_vld|      C_BUF_0_0_4_0|       pointer|
|C_BUF_0_0_4_0_ap_vld           |  out|    1|      ap_vld|      C_BUF_0_0_4_0|       pointer|
|C_BUF_0_0_4_1                  |  out|   32|      ap_vld|      C_BUF_0_0_4_1|       pointer|
|C_BUF_0_0_4_1_ap_vld           |  out|    1|      ap_vld|      C_BUF_0_0_4_1|       pointer|
|C_BUF_0_0_4_2                  |  out|   32|      ap_vld|      C_BUF_0_0_4_2|       pointer|
|C_BUF_0_0_4_2_ap_vld           |  out|    1|      ap_vld|      C_BUF_0_0_4_2|       pointer|
|C_BUF_0_0_4_3                  |  out|   32|      ap_vld|      C_BUF_0_0_4_3|       pointer|
|C_BUF_0_0_4_3_ap_vld           |  out|    1|      ap_vld|      C_BUF_0_0_4_3|       pointer|
|C_BUF_0_0_4_4                  |  out|   32|      ap_vld|      C_BUF_0_0_4_4|       pointer|
|C_BUF_0_0_4_4_ap_vld           |  out|    1|      ap_vld|      C_BUF_0_0_4_4|       pointer|
|C_BUF_0_0_4_5                  |  out|   32|      ap_vld|      C_BUF_0_0_4_5|       pointer|
|C_BUF_0_0_4_5_ap_vld           |  out|    1|      ap_vld|      C_BUF_0_0_4_5|       pointer|
|C_BUF_0_0_4_6                  |  out|   32|      ap_vld|      C_BUF_0_0_4_6|       pointer|
|C_BUF_0_0_4_6_ap_vld           |  out|    1|      ap_vld|      C_BUF_0_0_4_6|       pointer|
|C_BUF_0_0_4_7                  |  out|   32|      ap_vld|      C_BUF_0_0_4_7|       pointer|
|C_BUF_0_0_4_7_ap_vld           |  out|    1|      ap_vld|      C_BUF_0_0_4_7|       pointer|
|C_BUF_0_0_5_0                  |  out|   32|      ap_vld|      C_BUF_0_0_5_0|       pointer|
|C_BUF_0_0_5_0_ap_vld           |  out|    1|      ap_vld|      C_BUF_0_0_5_0|       pointer|
|C_BUF_0_0_5_1                  |  out|   32|      ap_vld|      C_BUF_0_0_5_1|       pointer|
|C_BUF_0_0_5_1_ap_vld           |  out|    1|      ap_vld|      C_BUF_0_0_5_1|       pointer|
|C_BUF_0_0_5_2                  |  out|   32|      ap_vld|      C_BUF_0_0_5_2|       pointer|
|C_BUF_0_0_5_2_ap_vld           |  out|    1|      ap_vld|      C_BUF_0_0_5_2|       pointer|
|C_BUF_0_0_5_3                  |  out|   32|      ap_vld|      C_BUF_0_0_5_3|       pointer|
|C_BUF_0_0_5_3_ap_vld           |  out|    1|      ap_vld|      C_BUF_0_0_5_3|       pointer|
|C_BUF_0_0_5_4                  |  out|   32|      ap_vld|      C_BUF_0_0_5_4|       pointer|
|C_BUF_0_0_5_4_ap_vld           |  out|    1|      ap_vld|      C_BUF_0_0_5_4|       pointer|
|C_BUF_0_0_5_5                  |  out|   32|      ap_vld|      C_BUF_0_0_5_5|       pointer|
|C_BUF_0_0_5_5_ap_vld           |  out|    1|      ap_vld|      C_BUF_0_0_5_5|       pointer|
|C_BUF_0_0_5_6                  |  out|   32|      ap_vld|      C_BUF_0_0_5_6|       pointer|
|C_BUF_0_0_5_6_ap_vld           |  out|    1|      ap_vld|      C_BUF_0_0_5_6|       pointer|
|C_BUF_0_0_5_7                  |  out|   32|      ap_vld|      C_BUF_0_0_5_7|       pointer|
|C_BUF_0_0_5_7_ap_vld           |  out|    1|      ap_vld|      C_BUF_0_0_5_7|       pointer|
|C_BUF_0_0_6_0                  |  out|   32|      ap_vld|      C_BUF_0_0_6_0|       pointer|
|C_BUF_0_0_6_0_ap_vld           |  out|    1|      ap_vld|      C_BUF_0_0_6_0|       pointer|
|C_BUF_0_0_6_1                  |  out|   32|      ap_vld|      C_BUF_0_0_6_1|       pointer|
|C_BUF_0_0_6_1_ap_vld           |  out|    1|      ap_vld|      C_BUF_0_0_6_1|       pointer|
|C_BUF_0_0_6_2                  |  out|   32|      ap_vld|      C_BUF_0_0_6_2|       pointer|
|C_BUF_0_0_6_2_ap_vld           |  out|    1|      ap_vld|      C_BUF_0_0_6_2|       pointer|
|C_BUF_0_0_6_3                  |  out|   32|      ap_vld|      C_BUF_0_0_6_3|       pointer|
|C_BUF_0_0_6_3_ap_vld           |  out|    1|      ap_vld|      C_BUF_0_0_6_3|       pointer|
|C_BUF_0_0_6_4                  |  out|   32|      ap_vld|      C_BUF_0_0_6_4|       pointer|
|C_BUF_0_0_6_4_ap_vld           |  out|    1|      ap_vld|      C_BUF_0_0_6_4|       pointer|
|C_BUF_0_0_6_5                  |  out|   32|      ap_vld|      C_BUF_0_0_6_5|       pointer|
|C_BUF_0_0_6_5_ap_vld           |  out|    1|      ap_vld|      C_BUF_0_0_6_5|       pointer|
|C_BUF_0_0_6_6                  |  out|   32|      ap_vld|      C_BUF_0_0_6_6|       pointer|
|C_BUF_0_0_6_6_ap_vld           |  out|    1|      ap_vld|      C_BUF_0_0_6_6|       pointer|
|C_BUF_0_0_6_7                  |  out|   32|      ap_vld|      C_BUF_0_0_6_7|       pointer|
|C_BUF_0_0_6_7_ap_vld           |  out|    1|      ap_vld|      C_BUF_0_0_6_7|       pointer|
|C_BUF_0_0_7_0                  |  out|   32|      ap_vld|      C_BUF_0_0_7_0|       pointer|
|C_BUF_0_0_7_0_ap_vld           |  out|    1|      ap_vld|      C_BUF_0_0_7_0|       pointer|
|C_BUF_0_0_7_1                  |  out|   32|      ap_vld|      C_BUF_0_0_7_1|       pointer|
|C_BUF_0_0_7_1_ap_vld           |  out|    1|      ap_vld|      C_BUF_0_0_7_1|       pointer|
|C_BUF_0_0_7_2                  |  out|   32|      ap_vld|      C_BUF_0_0_7_2|       pointer|
|C_BUF_0_0_7_2_ap_vld           |  out|    1|      ap_vld|      C_BUF_0_0_7_2|       pointer|
|C_BUF_0_0_7_3                  |  out|   32|      ap_vld|      C_BUF_0_0_7_3|       pointer|
|C_BUF_0_0_7_3_ap_vld           |  out|    1|      ap_vld|      C_BUF_0_0_7_3|       pointer|
|C_BUF_0_0_7_4                  |  out|   32|      ap_vld|      C_BUF_0_0_7_4|       pointer|
|C_BUF_0_0_7_4_ap_vld           |  out|    1|      ap_vld|      C_BUF_0_0_7_4|       pointer|
|C_BUF_0_0_7_5                  |  out|   32|      ap_vld|      C_BUF_0_0_7_5|       pointer|
|C_BUF_0_0_7_5_ap_vld           |  out|    1|      ap_vld|      C_BUF_0_0_7_5|       pointer|
|C_BUF_0_0_7_6                  |  out|   32|      ap_vld|      C_BUF_0_0_7_6|       pointer|
|C_BUF_0_0_7_6_ap_vld           |  out|    1|      ap_vld|      C_BUF_0_0_7_6|       pointer|
|C_BUF_0_0_7_7                  |  out|   32|      ap_vld|      C_BUF_0_0_7_7|       pointer|
|C_BUF_0_0_7_7_ap_vld           |  out|    1|      ap_vld|      C_BUF_0_0_7_7|       pointer|
|C_BUF_1_0_0_0                  |  out|   32|      ap_vld|      C_BUF_1_0_0_0|       pointer|
|C_BUF_1_0_0_0_ap_vld           |  out|    1|      ap_vld|      C_BUF_1_0_0_0|       pointer|
|C_BUF_1_0_0_1                  |  out|   32|      ap_vld|      C_BUF_1_0_0_1|       pointer|
|C_BUF_1_0_0_1_ap_vld           |  out|    1|      ap_vld|      C_BUF_1_0_0_1|       pointer|
|C_BUF_1_0_0_2                  |  out|   32|      ap_vld|      C_BUF_1_0_0_2|       pointer|
|C_BUF_1_0_0_2_ap_vld           |  out|    1|      ap_vld|      C_BUF_1_0_0_2|       pointer|
|C_BUF_1_0_0_3                  |  out|   32|      ap_vld|      C_BUF_1_0_0_3|       pointer|
|C_BUF_1_0_0_3_ap_vld           |  out|    1|      ap_vld|      C_BUF_1_0_0_3|       pointer|
|C_BUF_1_0_0_4                  |  out|   32|      ap_vld|      C_BUF_1_0_0_4|       pointer|
|C_BUF_1_0_0_4_ap_vld           |  out|    1|      ap_vld|      C_BUF_1_0_0_4|       pointer|
|C_BUF_1_0_0_5                  |  out|   32|      ap_vld|      C_BUF_1_0_0_5|       pointer|
|C_BUF_1_0_0_5_ap_vld           |  out|    1|      ap_vld|      C_BUF_1_0_0_5|       pointer|
|C_BUF_1_0_0_6                  |  out|   32|      ap_vld|      C_BUF_1_0_0_6|       pointer|
|C_BUF_1_0_0_6_ap_vld           |  out|    1|      ap_vld|      C_BUF_1_0_0_6|       pointer|
|C_BUF_1_0_0_7                  |  out|   32|      ap_vld|      C_BUF_1_0_0_7|       pointer|
|C_BUF_1_0_0_7_ap_vld           |  out|    1|      ap_vld|      C_BUF_1_0_0_7|       pointer|
|C_BUF_1_0_1_0                  |  out|   32|      ap_vld|      C_BUF_1_0_1_0|       pointer|
|C_BUF_1_0_1_0_ap_vld           |  out|    1|      ap_vld|      C_BUF_1_0_1_0|       pointer|
|C_BUF_1_0_1_1                  |  out|   32|      ap_vld|      C_BUF_1_0_1_1|       pointer|
|C_BUF_1_0_1_1_ap_vld           |  out|    1|      ap_vld|      C_BUF_1_0_1_1|       pointer|
|C_BUF_1_0_1_2                  |  out|   32|      ap_vld|      C_BUF_1_0_1_2|       pointer|
|C_BUF_1_0_1_2_ap_vld           |  out|    1|      ap_vld|      C_BUF_1_0_1_2|       pointer|
|C_BUF_1_0_1_3                  |  out|   32|      ap_vld|      C_BUF_1_0_1_3|       pointer|
|C_BUF_1_0_1_3_ap_vld           |  out|    1|      ap_vld|      C_BUF_1_0_1_3|       pointer|
|C_BUF_1_0_1_4                  |  out|   32|      ap_vld|      C_BUF_1_0_1_4|       pointer|
|C_BUF_1_0_1_4_ap_vld           |  out|    1|      ap_vld|      C_BUF_1_0_1_4|       pointer|
|C_BUF_1_0_1_5                  |  out|   32|      ap_vld|      C_BUF_1_0_1_5|       pointer|
|C_BUF_1_0_1_5_ap_vld           |  out|    1|      ap_vld|      C_BUF_1_0_1_5|       pointer|
|C_BUF_1_0_1_6                  |  out|   32|      ap_vld|      C_BUF_1_0_1_6|       pointer|
|C_BUF_1_0_1_6_ap_vld           |  out|    1|      ap_vld|      C_BUF_1_0_1_6|       pointer|
|C_BUF_1_0_1_7                  |  out|   32|      ap_vld|      C_BUF_1_0_1_7|       pointer|
|C_BUF_1_0_1_7_ap_vld           |  out|    1|      ap_vld|      C_BUF_1_0_1_7|       pointer|
|C_BUF_1_0_2_0                  |  out|   32|      ap_vld|      C_BUF_1_0_2_0|       pointer|
|C_BUF_1_0_2_0_ap_vld           |  out|    1|      ap_vld|      C_BUF_1_0_2_0|       pointer|
|C_BUF_1_0_2_1                  |  out|   32|      ap_vld|      C_BUF_1_0_2_1|       pointer|
|C_BUF_1_0_2_1_ap_vld           |  out|    1|      ap_vld|      C_BUF_1_0_2_1|       pointer|
|C_BUF_1_0_2_2                  |  out|   32|      ap_vld|      C_BUF_1_0_2_2|       pointer|
|C_BUF_1_0_2_2_ap_vld           |  out|    1|      ap_vld|      C_BUF_1_0_2_2|       pointer|
|C_BUF_1_0_2_3                  |  out|   32|      ap_vld|      C_BUF_1_0_2_3|       pointer|
|C_BUF_1_0_2_3_ap_vld           |  out|    1|      ap_vld|      C_BUF_1_0_2_3|       pointer|
|C_BUF_1_0_2_4                  |  out|   32|      ap_vld|      C_BUF_1_0_2_4|       pointer|
|C_BUF_1_0_2_4_ap_vld           |  out|    1|      ap_vld|      C_BUF_1_0_2_4|       pointer|
|C_BUF_1_0_2_5                  |  out|   32|      ap_vld|      C_BUF_1_0_2_5|       pointer|
|C_BUF_1_0_2_5_ap_vld           |  out|    1|      ap_vld|      C_BUF_1_0_2_5|       pointer|
|C_BUF_1_0_2_6                  |  out|   32|      ap_vld|      C_BUF_1_0_2_6|       pointer|
|C_BUF_1_0_2_6_ap_vld           |  out|    1|      ap_vld|      C_BUF_1_0_2_6|       pointer|
|C_BUF_1_0_2_7                  |  out|   32|      ap_vld|      C_BUF_1_0_2_7|       pointer|
|C_BUF_1_0_2_7_ap_vld           |  out|    1|      ap_vld|      C_BUF_1_0_2_7|       pointer|
|C_BUF_1_0_3_0                  |  out|   32|      ap_vld|      C_BUF_1_0_3_0|       pointer|
|C_BUF_1_0_3_0_ap_vld           |  out|    1|      ap_vld|      C_BUF_1_0_3_0|       pointer|
|C_BUF_1_0_3_1                  |  out|   32|      ap_vld|      C_BUF_1_0_3_1|       pointer|
|C_BUF_1_0_3_1_ap_vld           |  out|    1|      ap_vld|      C_BUF_1_0_3_1|       pointer|
|C_BUF_1_0_3_2                  |  out|   32|      ap_vld|      C_BUF_1_0_3_2|       pointer|
|C_BUF_1_0_3_2_ap_vld           |  out|    1|      ap_vld|      C_BUF_1_0_3_2|       pointer|
|C_BUF_1_0_3_3                  |  out|   32|      ap_vld|      C_BUF_1_0_3_3|       pointer|
|C_BUF_1_0_3_3_ap_vld           |  out|    1|      ap_vld|      C_BUF_1_0_3_3|       pointer|
|C_BUF_1_0_3_4                  |  out|   32|      ap_vld|      C_BUF_1_0_3_4|       pointer|
|C_BUF_1_0_3_4_ap_vld           |  out|    1|      ap_vld|      C_BUF_1_0_3_4|       pointer|
|C_BUF_1_0_3_5                  |  out|   32|      ap_vld|      C_BUF_1_0_3_5|       pointer|
|C_BUF_1_0_3_5_ap_vld           |  out|    1|      ap_vld|      C_BUF_1_0_3_5|       pointer|
|C_BUF_1_0_3_6                  |  out|   32|      ap_vld|      C_BUF_1_0_3_6|       pointer|
|C_BUF_1_0_3_6_ap_vld           |  out|    1|      ap_vld|      C_BUF_1_0_3_6|       pointer|
|C_BUF_1_0_3_7                  |  out|   32|      ap_vld|      C_BUF_1_0_3_7|       pointer|
|C_BUF_1_0_3_7_ap_vld           |  out|    1|      ap_vld|      C_BUF_1_0_3_7|       pointer|
|C_BUF_1_0_4_0                  |  out|   32|      ap_vld|      C_BUF_1_0_4_0|       pointer|
|C_BUF_1_0_4_0_ap_vld           |  out|    1|      ap_vld|      C_BUF_1_0_4_0|       pointer|
|C_BUF_1_0_4_1                  |  out|   32|      ap_vld|      C_BUF_1_0_4_1|       pointer|
|C_BUF_1_0_4_1_ap_vld           |  out|    1|      ap_vld|      C_BUF_1_0_4_1|       pointer|
|C_BUF_1_0_4_2                  |  out|   32|      ap_vld|      C_BUF_1_0_4_2|       pointer|
|C_BUF_1_0_4_2_ap_vld           |  out|    1|      ap_vld|      C_BUF_1_0_4_2|       pointer|
|C_BUF_1_0_4_3                  |  out|   32|      ap_vld|      C_BUF_1_0_4_3|       pointer|
|C_BUF_1_0_4_3_ap_vld           |  out|    1|      ap_vld|      C_BUF_1_0_4_3|       pointer|
|C_BUF_1_0_4_4                  |  out|   32|      ap_vld|      C_BUF_1_0_4_4|       pointer|
|C_BUF_1_0_4_4_ap_vld           |  out|    1|      ap_vld|      C_BUF_1_0_4_4|       pointer|
|C_BUF_1_0_4_5                  |  out|   32|      ap_vld|      C_BUF_1_0_4_5|       pointer|
|C_BUF_1_0_4_5_ap_vld           |  out|    1|      ap_vld|      C_BUF_1_0_4_5|       pointer|
|C_BUF_1_0_4_6                  |  out|   32|      ap_vld|      C_BUF_1_0_4_6|       pointer|
|C_BUF_1_0_4_6_ap_vld           |  out|    1|      ap_vld|      C_BUF_1_0_4_6|       pointer|
|C_BUF_1_0_4_7                  |  out|   32|      ap_vld|      C_BUF_1_0_4_7|       pointer|
|C_BUF_1_0_4_7_ap_vld           |  out|    1|      ap_vld|      C_BUF_1_0_4_7|       pointer|
|C_BUF_1_0_5_0                  |  out|   32|      ap_vld|      C_BUF_1_0_5_0|       pointer|
|C_BUF_1_0_5_0_ap_vld           |  out|    1|      ap_vld|      C_BUF_1_0_5_0|       pointer|
|C_BUF_1_0_5_1                  |  out|   32|      ap_vld|      C_BUF_1_0_5_1|       pointer|
|C_BUF_1_0_5_1_ap_vld           |  out|    1|      ap_vld|      C_BUF_1_0_5_1|       pointer|
|C_BUF_1_0_5_2                  |  out|   32|      ap_vld|      C_BUF_1_0_5_2|       pointer|
|C_BUF_1_0_5_2_ap_vld           |  out|    1|      ap_vld|      C_BUF_1_0_5_2|       pointer|
|C_BUF_1_0_5_3                  |  out|   32|      ap_vld|      C_BUF_1_0_5_3|       pointer|
|C_BUF_1_0_5_3_ap_vld           |  out|    1|      ap_vld|      C_BUF_1_0_5_3|       pointer|
|C_BUF_1_0_5_4                  |  out|   32|      ap_vld|      C_BUF_1_0_5_4|       pointer|
|C_BUF_1_0_5_4_ap_vld           |  out|    1|      ap_vld|      C_BUF_1_0_5_4|       pointer|
|C_BUF_1_0_5_5                  |  out|   32|      ap_vld|      C_BUF_1_0_5_5|       pointer|
|C_BUF_1_0_5_5_ap_vld           |  out|    1|      ap_vld|      C_BUF_1_0_5_5|       pointer|
|C_BUF_1_0_5_6                  |  out|   32|      ap_vld|      C_BUF_1_0_5_6|       pointer|
|C_BUF_1_0_5_6_ap_vld           |  out|    1|      ap_vld|      C_BUF_1_0_5_6|       pointer|
|C_BUF_1_0_5_7                  |  out|   32|      ap_vld|      C_BUF_1_0_5_7|       pointer|
|C_BUF_1_0_5_7_ap_vld           |  out|    1|      ap_vld|      C_BUF_1_0_5_7|       pointer|
|C_BUF_1_0_6_0                  |  out|   32|      ap_vld|      C_BUF_1_0_6_0|       pointer|
|C_BUF_1_0_6_0_ap_vld           |  out|    1|      ap_vld|      C_BUF_1_0_6_0|       pointer|
|C_BUF_1_0_6_1                  |  out|   32|      ap_vld|      C_BUF_1_0_6_1|       pointer|
|C_BUF_1_0_6_1_ap_vld           |  out|    1|      ap_vld|      C_BUF_1_0_6_1|       pointer|
|C_BUF_1_0_6_2                  |  out|   32|      ap_vld|      C_BUF_1_0_6_2|       pointer|
|C_BUF_1_0_6_2_ap_vld           |  out|    1|      ap_vld|      C_BUF_1_0_6_2|       pointer|
|C_BUF_1_0_6_3                  |  out|   32|      ap_vld|      C_BUF_1_0_6_3|       pointer|
|C_BUF_1_0_6_3_ap_vld           |  out|    1|      ap_vld|      C_BUF_1_0_6_3|       pointer|
|C_BUF_1_0_6_4                  |  out|   32|      ap_vld|      C_BUF_1_0_6_4|       pointer|
|C_BUF_1_0_6_4_ap_vld           |  out|    1|      ap_vld|      C_BUF_1_0_6_4|       pointer|
|C_BUF_1_0_6_5                  |  out|   32|      ap_vld|      C_BUF_1_0_6_5|       pointer|
|C_BUF_1_0_6_5_ap_vld           |  out|    1|      ap_vld|      C_BUF_1_0_6_5|       pointer|
|C_BUF_1_0_6_6                  |  out|   32|      ap_vld|      C_BUF_1_0_6_6|       pointer|
|C_BUF_1_0_6_6_ap_vld           |  out|    1|      ap_vld|      C_BUF_1_0_6_6|       pointer|
|C_BUF_1_0_6_7                  |  out|   32|      ap_vld|      C_BUF_1_0_6_7|       pointer|
|C_BUF_1_0_6_7_ap_vld           |  out|    1|      ap_vld|      C_BUF_1_0_6_7|       pointer|
|C_BUF_1_0_7_0                  |  out|   32|      ap_vld|      C_BUF_1_0_7_0|       pointer|
|C_BUF_1_0_7_0_ap_vld           |  out|    1|      ap_vld|      C_BUF_1_0_7_0|       pointer|
|C_BUF_1_0_7_1                  |  out|   32|      ap_vld|      C_BUF_1_0_7_1|       pointer|
|C_BUF_1_0_7_1_ap_vld           |  out|    1|      ap_vld|      C_BUF_1_0_7_1|       pointer|
|C_BUF_1_0_7_2                  |  out|   32|      ap_vld|      C_BUF_1_0_7_2|       pointer|
|C_BUF_1_0_7_2_ap_vld           |  out|    1|      ap_vld|      C_BUF_1_0_7_2|       pointer|
|C_BUF_1_0_7_3                  |  out|   32|      ap_vld|      C_BUF_1_0_7_3|       pointer|
|C_BUF_1_0_7_3_ap_vld           |  out|    1|      ap_vld|      C_BUF_1_0_7_3|       pointer|
|C_BUF_1_0_7_4                  |  out|   32|      ap_vld|      C_BUF_1_0_7_4|       pointer|
|C_BUF_1_0_7_4_ap_vld           |  out|    1|      ap_vld|      C_BUF_1_0_7_4|       pointer|
|C_BUF_1_0_7_5                  |  out|   32|      ap_vld|      C_BUF_1_0_7_5|       pointer|
|C_BUF_1_0_7_5_ap_vld           |  out|    1|      ap_vld|      C_BUF_1_0_7_5|       pointer|
|C_BUF_1_0_7_6                  |  out|   32|      ap_vld|      C_BUF_1_0_7_6|       pointer|
|C_BUF_1_0_7_6_ap_vld           |  out|    1|      ap_vld|      C_BUF_1_0_7_6|       pointer|
|C_BUF_1_0_7_7                  |  out|   32|      ap_vld|      C_BUF_1_0_7_7|       pointer|
|C_BUF_1_0_7_7_ap_vld           |  out|    1|      ap_vld|      C_BUF_1_0_7_7|       pointer|
|C_BUF_2_0_0_0                  |  out|   32|      ap_vld|      C_BUF_2_0_0_0|       pointer|
|C_BUF_2_0_0_0_ap_vld           |  out|    1|      ap_vld|      C_BUF_2_0_0_0|       pointer|
|C_BUF_2_0_0_1                  |  out|   32|      ap_vld|      C_BUF_2_0_0_1|       pointer|
|C_BUF_2_0_0_1_ap_vld           |  out|    1|      ap_vld|      C_BUF_2_0_0_1|       pointer|
|C_BUF_2_0_0_2                  |  out|   32|      ap_vld|      C_BUF_2_0_0_2|       pointer|
|C_BUF_2_0_0_2_ap_vld           |  out|    1|      ap_vld|      C_BUF_2_0_0_2|       pointer|
|C_BUF_2_0_0_3                  |  out|   32|      ap_vld|      C_BUF_2_0_0_3|       pointer|
|C_BUF_2_0_0_3_ap_vld           |  out|    1|      ap_vld|      C_BUF_2_0_0_3|       pointer|
|C_BUF_2_0_0_4                  |  out|   32|      ap_vld|      C_BUF_2_0_0_4|       pointer|
|C_BUF_2_0_0_4_ap_vld           |  out|    1|      ap_vld|      C_BUF_2_0_0_4|       pointer|
|C_BUF_2_0_0_5                  |  out|   32|      ap_vld|      C_BUF_2_0_0_5|       pointer|
|C_BUF_2_0_0_5_ap_vld           |  out|    1|      ap_vld|      C_BUF_2_0_0_5|       pointer|
|C_BUF_2_0_0_6                  |  out|   32|      ap_vld|      C_BUF_2_0_0_6|       pointer|
|C_BUF_2_0_0_6_ap_vld           |  out|    1|      ap_vld|      C_BUF_2_0_0_6|       pointer|
|C_BUF_2_0_0_7                  |  out|   32|      ap_vld|      C_BUF_2_0_0_7|       pointer|
|C_BUF_2_0_0_7_ap_vld           |  out|    1|      ap_vld|      C_BUF_2_0_0_7|       pointer|
|C_BUF_2_0_1_0                  |  out|   32|      ap_vld|      C_BUF_2_0_1_0|       pointer|
|C_BUF_2_0_1_0_ap_vld           |  out|    1|      ap_vld|      C_BUF_2_0_1_0|       pointer|
|C_BUF_2_0_1_1                  |  out|   32|      ap_vld|      C_BUF_2_0_1_1|       pointer|
|C_BUF_2_0_1_1_ap_vld           |  out|    1|      ap_vld|      C_BUF_2_0_1_1|       pointer|
|C_BUF_2_0_1_2                  |  out|   32|      ap_vld|      C_BUF_2_0_1_2|       pointer|
|C_BUF_2_0_1_2_ap_vld           |  out|    1|      ap_vld|      C_BUF_2_0_1_2|       pointer|
|C_BUF_2_0_1_3                  |  out|   32|      ap_vld|      C_BUF_2_0_1_3|       pointer|
|C_BUF_2_0_1_3_ap_vld           |  out|    1|      ap_vld|      C_BUF_2_0_1_3|       pointer|
|C_BUF_2_0_1_4                  |  out|   32|      ap_vld|      C_BUF_2_0_1_4|       pointer|
|C_BUF_2_0_1_4_ap_vld           |  out|    1|      ap_vld|      C_BUF_2_0_1_4|       pointer|
|C_BUF_2_0_1_5                  |  out|   32|      ap_vld|      C_BUF_2_0_1_5|       pointer|
|C_BUF_2_0_1_5_ap_vld           |  out|    1|      ap_vld|      C_BUF_2_0_1_5|       pointer|
|C_BUF_2_0_1_6                  |  out|   32|      ap_vld|      C_BUF_2_0_1_6|       pointer|
|C_BUF_2_0_1_6_ap_vld           |  out|    1|      ap_vld|      C_BUF_2_0_1_6|       pointer|
|C_BUF_2_0_1_7                  |  out|   32|      ap_vld|      C_BUF_2_0_1_7|       pointer|
|C_BUF_2_0_1_7_ap_vld           |  out|    1|      ap_vld|      C_BUF_2_0_1_7|       pointer|
|C_BUF_2_0_2_0                  |  out|   32|      ap_vld|      C_BUF_2_0_2_0|       pointer|
|C_BUF_2_0_2_0_ap_vld           |  out|    1|      ap_vld|      C_BUF_2_0_2_0|       pointer|
|C_BUF_2_0_2_1                  |  out|   32|      ap_vld|      C_BUF_2_0_2_1|       pointer|
|C_BUF_2_0_2_1_ap_vld           |  out|    1|      ap_vld|      C_BUF_2_0_2_1|       pointer|
|C_BUF_2_0_2_2                  |  out|   32|      ap_vld|      C_BUF_2_0_2_2|       pointer|
|C_BUF_2_0_2_2_ap_vld           |  out|    1|      ap_vld|      C_BUF_2_0_2_2|       pointer|
|C_BUF_2_0_2_3                  |  out|   32|      ap_vld|      C_BUF_2_0_2_3|       pointer|
|C_BUF_2_0_2_3_ap_vld           |  out|    1|      ap_vld|      C_BUF_2_0_2_3|       pointer|
|C_BUF_2_0_2_4                  |  out|   32|      ap_vld|      C_BUF_2_0_2_4|       pointer|
|C_BUF_2_0_2_4_ap_vld           |  out|    1|      ap_vld|      C_BUF_2_0_2_4|       pointer|
|C_BUF_2_0_2_5                  |  out|   32|      ap_vld|      C_BUF_2_0_2_5|       pointer|
|C_BUF_2_0_2_5_ap_vld           |  out|    1|      ap_vld|      C_BUF_2_0_2_5|       pointer|
|C_BUF_2_0_2_6                  |  out|   32|      ap_vld|      C_BUF_2_0_2_6|       pointer|
|C_BUF_2_0_2_6_ap_vld           |  out|    1|      ap_vld|      C_BUF_2_0_2_6|       pointer|
|C_BUF_2_0_2_7                  |  out|   32|      ap_vld|      C_BUF_2_0_2_7|       pointer|
|C_BUF_2_0_2_7_ap_vld           |  out|    1|      ap_vld|      C_BUF_2_0_2_7|       pointer|
|C_BUF_2_0_3_0                  |  out|   32|      ap_vld|      C_BUF_2_0_3_0|       pointer|
|C_BUF_2_0_3_0_ap_vld           |  out|    1|      ap_vld|      C_BUF_2_0_3_0|       pointer|
|C_BUF_2_0_3_1                  |  out|   32|      ap_vld|      C_BUF_2_0_3_1|       pointer|
|C_BUF_2_0_3_1_ap_vld           |  out|    1|      ap_vld|      C_BUF_2_0_3_1|       pointer|
|C_BUF_2_0_3_2                  |  out|   32|      ap_vld|      C_BUF_2_0_3_2|       pointer|
|C_BUF_2_0_3_2_ap_vld           |  out|    1|      ap_vld|      C_BUF_2_0_3_2|       pointer|
|C_BUF_2_0_3_3                  |  out|   32|      ap_vld|      C_BUF_2_0_3_3|       pointer|
|C_BUF_2_0_3_3_ap_vld           |  out|    1|      ap_vld|      C_BUF_2_0_3_3|       pointer|
|C_BUF_2_0_3_4                  |  out|   32|      ap_vld|      C_BUF_2_0_3_4|       pointer|
|C_BUF_2_0_3_4_ap_vld           |  out|    1|      ap_vld|      C_BUF_2_0_3_4|       pointer|
|C_BUF_2_0_3_5                  |  out|   32|      ap_vld|      C_BUF_2_0_3_5|       pointer|
|C_BUF_2_0_3_5_ap_vld           |  out|    1|      ap_vld|      C_BUF_2_0_3_5|       pointer|
|C_BUF_2_0_3_6                  |  out|   32|      ap_vld|      C_BUF_2_0_3_6|       pointer|
|C_BUF_2_0_3_6_ap_vld           |  out|    1|      ap_vld|      C_BUF_2_0_3_6|       pointer|
|C_BUF_2_0_3_7                  |  out|   32|      ap_vld|      C_BUF_2_0_3_7|       pointer|
|C_BUF_2_0_3_7_ap_vld           |  out|    1|      ap_vld|      C_BUF_2_0_3_7|       pointer|
|C_BUF_2_0_4_0                  |  out|   32|      ap_vld|      C_BUF_2_0_4_0|       pointer|
|C_BUF_2_0_4_0_ap_vld           |  out|    1|      ap_vld|      C_BUF_2_0_4_0|       pointer|
|C_BUF_2_0_4_1                  |  out|   32|      ap_vld|      C_BUF_2_0_4_1|       pointer|
|C_BUF_2_0_4_1_ap_vld           |  out|    1|      ap_vld|      C_BUF_2_0_4_1|       pointer|
|C_BUF_2_0_4_2                  |  out|   32|      ap_vld|      C_BUF_2_0_4_2|       pointer|
|C_BUF_2_0_4_2_ap_vld           |  out|    1|      ap_vld|      C_BUF_2_0_4_2|       pointer|
|C_BUF_2_0_4_3                  |  out|   32|      ap_vld|      C_BUF_2_0_4_3|       pointer|
|C_BUF_2_0_4_3_ap_vld           |  out|    1|      ap_vld|      C_BUF_2_0_4_3|       pointer|
|C_BUF_2_0_4_4                  |  out|   32|      ap_vld|      C_BUF_2_0_4_4|       pointer|
|C_BUF_2_0_4_4_ap_vld           |  out|    1|      ap_vld|      C_BUF_2_0_4_4|       pointer|
|C_BUF_2_0_4_5                  |  out|   32|      ap_vld|      C_BUF_2_0_4_5|       pointer|
|C_BUF_2_0_4_5_ap_vld           |  out|    1|      ap_vld|      C_BUF_2_0_4_5|       pointer|
|C_BUF_2_0_4_6                  |  out|   32|      ap_vld|      C_BUF_2_0_4_6|       pointer|
|C_BUF_2_0_4_6_ap_vld           |  out|    1|      ap_vld|      C_BUF_2_0_4_6|       pointer|
|C_BUF_2_0_4_7                  |  out|   32|      ap_vld|      C_BUF_2_0_4_7|       pointer|
|C_BUF_2_0_4_7_ap_vld           |  out|    1|      ap_vld|      C_BUF_2_0_4_7|       pointer|
|C_BUF_2_0_5_0                  |  out|   32|      ap_vld|      C_BUF_2_0_5_0|       pointer|
|C_BUF_2_0_5_0_ap_vld           |  out|    1|      ap_vld|      C_BUF_2_0_5_0|       pointer|
|C_BUF_2_0_5_1                  |  out|   32|      ap_vld|      C_BUF_2_0_5_1|       pointer|
|C_BUF_2_0_5_1_ap_vld           |  out|    1|      ap_vld|      C_BUF_2_0_5_1|       pointer|
|C_BUF_2_0_5_2                  |  out|   32|      ap_vld|      C_BUF_2_0_5_2|       pointer|
|C_BUF_2_0_5_2_ap_vld           |  out|    1|      ap_vld|      C_BUF_2_0_5_2|       pointer|
|C_BUF_2_0_5_3                  |  out|   32|      ap_vld|      C_BUF_2_0_5_3|       pointer|
|C_BUF_2_0_5_3_ap_vld           |  out|    1|      ap_vld|      C_BUF_2_0_5_3|       pointer|
|C_BUF_2_0_5_4                  |  out|   32|      ap_vld|      C_BUF_2_0_5_4|       pointer|
|C_BUF_2_0_5_4_ap_vld           |  out|    1|      ap_vld|      C_BUF_2_0_5_4|       pointer|
|C_BUF_2_0_5_5                  |  out|   32|      ap_vld|      C_BUF_2_0_5_5|       pointer|
|C_BUF_2_0_5_5_ap_vld           |  out|    1|      ap_vld|      C_BUF_2_0_5_5|       pointer|
|C_BUF_2_0_5_6                  |  out|   32|      ap_vld|      C_BUF_2_0_5_6|       pointer|
|C_BUF_2_0_5_6_ap_vld           |  out|    1|      ap_vld|      C_BUF_2_0_5_6|       pointer|
|C_BUF_2_0_5_7                  |  out|   32|      ap_vld|      C_BUF_2_0_5_7|       pointer|
|C_BUF_2_0_5_7_ap_vld           |  out|    1|      ap_vld|      C_BUF_2_0_5_7|       pointer|
|C_BUF_2_0_6_0                  |  out|   32|      ap_vld|      C_BUF_2_0_6_0|       pointer|
|C_BUF_2_0_6_0_ap_vld           |  out|    1|      ap_vld|      C_BUF_2_0_6_0|       pointer|
|C_BUF_2_0_6_1                  |  out|   32|      ap_vld|      C_BUF_2_0_6_1|       pointer|
|C_BUF_2_0_6_1_ap_vld           |  out|    1|      ap_vld|      C_BUF_2_0_6_1|       pointer|
|C_BUF_2_0_6_2                  |  out|   32|      ap_vld|      C_BUF_2_0_6_2|       pointer|
|C_BUF_2_0_6_2_ap_vld           |  out|    1|      ap_vld|      C_BUF_2_0_6_2|       pointer|
|C_BUF_2_0_6_3                  |  out|   32|      ap_vld|      C_BUF_2_0_6_3|       pointer|
|C_BUF_2_0_6_3_ap_vld           |  out|    1|      ap_vld|      C_BUF_2_0_6_3|       pointer|
|C_BUF_2_0_6_4                  |  out|   32|      ap_vld|      C_BUF_2_0_6_4|       pointer|
|C_BUF_2_0_6_4_ap_vld           |  out|    1|      ap_vld|      C_BUF_2_0_6_4|       pointer|
|C_BUF_2_0_6_5                  |  out|   32|      ap_vld|      C_BUF_2_0_6_5|       pointer|
|C_BUF_2_0_6_5_ap_vld           |  out|    1|      ap_vld|      C_BUF_2_0_6_5|       pointer|
|C_BUF_2_0_6_6                  |  out|   32|      ap_vld|      C_BUF_2_0_6_6|       pointer|
|C_BUF_2_0_6_6_ap_vld           |  out|    1|      ap_vld|      C_BUF_2_0_6_6|       pointer|
|C_BUF_2_0_6_7                  |  out|   32|      ap_vld|      C_BUF_2_0_6_7|       pointer|
|C_BUF_2_0_6_7_ap_vld           |  out|    1|      ap_vld|      C_BUF_2_0_6_7|       pointer|
|C_BUF_2_0_7_0                  |  out|   32|      ap_vld|      C_BUF_2_0_7_0|       pointer|
|C_BUF_2_0_7_0_ap_vld           |  out|    1|      ap_vld|      C_BUF_2_0_7_0|       pointer|
|C_BUF_2_0_7_1                  |  out|   32|      ap_vld|      C_BUF_2_0_7_1|       pointer|
|C_BUF_2_0_7_1_ap_vld           |  out|    1|      ap_vld|      C_BUF_2_0_7_1|       pointer|
|C_BUF_2_0_7_2                  |  out|   32|      ap_vld|      C_BUF_2_0_7_2|       pointer|
|C_BUF_2_0_7_2_ap_vld           |  out|    1|      ap_vld|      C_BUF_2_0_7_2|       pointer|
|C_BUF_2_0_7_3                  |  out|   32|      ap_vld|      C_BUF_2_0_7_3|       pointer|
|C_BUF_2_0_7_3_ap_vld           |  out|    1|      ap_vld|      C_BUF_2_0_7_3|       pointer|
|C_BUF_2_0_7_4                  |  out|   32|      ap_vld|      C_BUF_2_0_7_4|       pointer|
|C_BUF_2_0_7_4_ap_vld           |  out|    1|      ap_vld|      C_BUF_2_0_7_4|       pointer|
|C_BUF_2_0_7_5                  |  out|   32|      ap_vld|      C_BUF_2_0_7_5|       pointer|
|C_BUF_2_0_7_5_ap_vld           |  out|    1|      ap_vld|      C_BUF_2_0_7_5|       pointer|
|C_BUF_2_0_7_6                  |  out|   32|      ap_vld|      C_BUF_2_0_7_6|       pointer|
|C_BUF_2_0_7_6_ap_vld           |  out|    1|      ap_vld|      C_BUF_2_0_7_6|       pointer|
|C_BUF_2_0_7_7                  |  out|   32|      ap_vld|      C_BUF_2_0_7_7|       pointer|
|C_BUF_2_0_7_7_ap_vld           |  out|    1|      ap_vld|      C_BUF_2_0_7_7|       pointer|
|C_BUF_3_0_0_0                  |  out|   32|      ap_vld|      C_BUF_3_0_0_0|       pointer|
|C_BUF_3_0_0_0_ap_vld           |  out|    1|      ap_vld|      C_BUF_3_0_0_0|       pointer|
|C_BUF_3_0_0_1                  |  out|   32|      ap_vld|      C_BUF_3_0_0_1|       pointer|
|C_BUF_3_0_0_1_ap_vld           |  out|    1|      ap_vld|      C_BUF_3_0_0_1|       pointer|
|C_BUF_3_0_0_2                  |  out|   32|      ap_vld|      C_BUF_3_0_0_2|       pointer|
|C_BUF_3_0_0_2_ap_vld           |  out|    1|      ap_vld|      C_BUF_3_0_0_2|       pointer|
|C_BUF_3_0_0_3                  |  out|   32|      ap_vld|      C_BUF_3_0_0_3|       pointer|
|C_BUF_3_0_0_3_ap_vld           |  out|    1|      ap_vld|      C_BUF_3_0_0_3|       pointer|
|C_BUF_3_0_0_4                  |  out|   32|      ap_vld|      C_BUF_3_0_0_4|       pointer|
|C_BUF_3_0_0_4_ap_vld           |  out|    1|      ap_vld|      C_BUF_3_0_0_4|       pointer|
|C_BUF_3_0_0_5                  |  out|   32|      ap_vld|      C_BUF_3_0_0_5|       pointer|
|C_BUF_3_0_0_5_ap_vld           |  out|    1|      ap_vld|      C_BUF_3_0_0_5|       pointer|
|C_BUF_3_0_0_6                  |  out|   32|      ap_vld|      C_BUF_3_0_0_6|       pointer|
|C_BUF_3_0_0_6_ap_vld           |  out|    1|      ap_vld|      C_BUF_3_0_0_6|       pointer|
|C_BUF_3_0_0_7                  |  out|   32|      ap_vld|      C_BUF_3_0_0_7|       pointer|
|C_BUF_3_0_0_7_ap_vld           |  out|    1|      ap_vld|      C_BUF_3_0_0_7|       pointer|
|C_BUF_3_0_1_0                  |  out|   32|      ap_vld|      C_BUF_3_0_1_0|       pointer|
|C_BUF_3_0_1_0_ap_vld           |  out|    1|      ap_vld|      C_BUF_3_0_1_0|       pointer|
|C_BUF_3_0_1_1                  |  out|   32|      ap_vld|      C_BUF_3_0_1_1|       pointer|
|C_BUF_3_0_1_1_ap_vld           |  out|    1|      ap_vld|      C_BUF_3_0_1_1|       pointer|
|C_BUF_3_0_1_2                  |  out|   32|      ap_vld|      C_BUF_3_0_1_2|       pointer|
|C_BUF_3_0_1_2_ap_vld           |  out|    1|      ap_vld|      C_BUF_3_0_1_2|       pointer|
|C_BUF_3_0_1_3                  |  out|   32|      ap_vld|      C_BUF_3_0_1_3|       pointer|
|C_BUF_3_0_1_3_ap_vld           |  out|    1|      ap_vld|      C_BUF_3_0_1_3|       pointer|
|C_BUF_3_0_1_4                  |  out|   32|      ap_vld|      C_BUF_3_0_1_4|       pointer|
|C_BUF_3_0_1_4_ap_vld           |  out|    1|      ap_vld|      C_BUF_3_0_1_4|       pointer|
|C_BUF_3_0_1_5                  |  out|   32|      ap_vld|      C_BUF_3_0_1_5|       pointer|
|C_BUF_3_0_1_5_ap_vld           |  out|    1|      ap_vld|      C_BUF_3_0_1_5|       pointer|
|C_BUF_3_0_1_6                  |  out|   32|      ap_vld|      C_BUF_3_0_1_6|       pointer|
|C_BUF_3_0_1_6_ap_vld           |  out|    1|      ap_vld|      C_BUF_3_0_1_6|       pointer|
|C_BUF_3_0_1_7                  |  out|   32|      ap_vld|      C_BUF_3_0_1_7|       pointer|
|C_BUF_3_0_1_7_ap_vld           |  out|    1|      ap_vld|      C_BUF_3_0_1_7|       pointer|
|C_BUF_3_0_2_0                  |  out|   32|      ap_vld|      C_BUF_3_0_2_0|       pointer|
|C_BUF_3_0_2_0_ap_vld           |  out|    1|      ap_vld|      C_BUF_3_0_2_0|       pointer|
|C_BUF_3_0_2_1                  |  out|   32|      ap_vld|      C_BUF_3_0_2_1|       pointer|
|C_BUF_3_0_2_1_ap_vld           |  out|    1|      ap_vld|      C_BUF_3_0_2_1|       pointer|
|C_BUF_3_0_2_2                  |  out|   32|      ap_vld|      C_BUF_3_0_2_2|       pointer|
|C_BUF_3_0_2_2_ap_vld           |  out|    1|      ap_vld|      C_BUF_3_0_2_2|       pointer|
|C_BUF_3_0_2_3                  |  out|   32|      ap_vld|      C_BUF_3_0_2_3|       pointer|
|C_BUF_3_0_2_3_ap_vld           |  out|    1|      ap_vld|      C_BUF_3_0_2_3|       pointer|
|C_BUF_3_0_2_4                  |  out|   32|      ap_vld|      C_BUF_3_0_2_4|       pointer|
|C_BUF_3_0_2_4_ap_vld           |  out|    1|      ap_vld|      C_BUF_3_0_2_4|       pointer|
|C_BUF_3_0_2_5                  |  out|   32|      ap_vld|      C_BUF_3_0_2_5|       pointer|
|C_BUF_3_0_2_5_ap_vld           |  out|    1|      ap_vld|      C_BUF_3_0_2_5|       pointer|
|C_BUF_3_0_2_6                  |  out|   32|      ap_vld|      C_BUF_3_0_2_6|       pointer|
|C_BUF_3_0_2_6_ap_vld           |  out|    1|      ap_vld|      C_BUF_3_0_2_6|       pointer|
|C_BUF_3_0_2_7                  |  out|   32|      ap_vld|      C_BUF_3_0_2_7|       pointer|
|C_BUF_3_0_2_7_ap_vld           |  out|    1|      ap_vld|      C_BUF_3_0_2_7|       pointer|
|C_BUF_3_0_3_0                  |  out|   32|      ap_vld|      C_BUF_3_0_3_0|       pointer|
|C_BUF_3_0_3_0_ap_vld           |  out|    1|      ap_vld|      C_BUF_3_0_3_0|       pointer|
|C_BUF_3_0_3_1                  |  out|   32|      ap_vld|      C_BUF_3_0_3_1|       pointer|
|C_BUF_3_0_3_1_ap_vld           |  out|    1|      ap_vld|      C_BUF_3_0_3_1|       pointer|
|C_BUF_3_0_3_2                  |  out|   32|      ap_vld|      C_BUF_3_0_3_2|       pointer|
|C_BUF_3_0_3_2_ap_vld           |  out|    1|      ap_vld|      C_BUF_3_0_3_2|       pointer|
|C_BUF_3_0_3_3                  |  out|   32|      ap_vld|      C_BUF_3_0_3_3|       pointer|
|C_BUF_3_0_3_3_ap_vld           |  out|    1|      ap_vld|      C_BUF_3_0_3_3|       pointer|
|C_BUF_3_0_3_4                  |  out|   32|      ap_vld|      C_BUF_3_0_3_4|       pointer|
|C_BUF_3_0_3_4_ap_vld           |  out|    1|      ap_vld|      C_BUF_3_0_3_4|       pointer|
|C_BUF_3_0_3_5                  |  out|   32|      ap_vld|      C_BUF_3_0_3_5|       pointer|
|C_BUF_3_0_3_5_ap_vld           |  out|    1|      ap_vld|      C_BUF_3_0_3_5|       pointer|
|C_BUF_3_0_3_6                  |  out|   32|      ap_vld|      C_BUF_3_0_3_6|       pointer|
|C_BUF_3_0_3_6_ap_vld           |  out|    1|      ap_vld|      C_BUF_3_0_3_6|       pointer|
|C_BUF_3_0_3_7                  |  out|   32|      ap_vld|      C_BUF_3_0_3_7|       pointer|
|C_BUF_3_0_3_7_ap_vld           |  out|    1|      ap_vld|      C_BUF_3_0_3_7|       pointer|
|C_BUF_3_0_4_0                  |  out|   32|      ap_vld|      C_BUF_3_0_4_0|       pointer|
|C_BUF_3_0_4_0_ap_vld           |  out|    1|      ap_vld|      C_BUF_3_0_4_0|       pointer|
|C_BUF_3_0_4_1                  |  out|   32|      ap_vld|      C_BUF_3_0_4_1|       pointer|
|C_BUF_3_0_4_1_ap_vld           |  out|    1|      ap_vld|      C_BUF_3_0_4_1|       pointer|
|C_BUF_3_0_4_2                  |  out|   32|      ap_vld|      C_BUF_3_0_4_2|       pointer|
|C_BUF_3_0_4_2_ap_vld           |  out|    1|      ap_vld|      C_BUF_3_0_4_2|       pointer|
|C_BUF_3_0_4_3                  |  out|   32|      ap_vld|      C_BUF_3_0_4_3|       pointer|
|C_BUF_3_0_4_3_ap_vld           |  out|    1|      ap_vld|      C_BUF_3_0_4_3|       pointer|
|C_BUF_3_0_4_4                  |  out|   32|      ap_vld|      C_BUF_3_0_4_4|       pointer|
|C_BUF_3_0_4_4_ap_vld           |  out|    1|      ap_vld|      C_BUF_3_0_4_4|       pointer|
|C_BUF_3_0_4_5                  |  out|   32|      ap_vld|      C_BUF_3_0_4_5|       pointer|
|C_BUF_3_0_4_5_ap_vld           |  out|    1|      ap_vld|      C_BUF_3_0_4_5|       pointer|
|C_BUF_3_0_4_6                  |  out|   32|      ap_vld|      C_BUF_3_0_4_6|       pointer|
|C_BUF_3_0_4_6_ap_vld           |  out|    1|      ap_vld|      C_BUF_3_0_4_6|       pointer|
|C_BUF_3_0_4_7                  |  out|   32|      ap_vld|      C_BUF_3_0_4_7|       pointer|
|C_BUF_3_0_4_7_ap_vld           |  out|    1|      ap_vld|      C_BUF_3_0_4_7|       pointer|
|C_BUF_3_0_5_0                  |  out|   32|      ap_vld|      C_BUF_3_0_5_0|       pointer|
|C_BUF_3_0_5_0_ap_vld           |  out|    1|      ap_vld|      C_BUF_3_0_5_0|       pointer|
|C_BUF_3_0_5_1                  |  out|   32|      ap_vld|      C_BUF_3_0_5_1|       pointer|
|C_BUF_3_0_5_1_ap_vld           |  out|    1|      ap_vld|      C_BUF_3_0_5_1|       pointer|
|C_BUF_3_0_5_2                  |  out|   32|      ap_vld|      C_BUF_3_0_5_2|       pointer|
|C_BUF_3_0_5_2_ap_vld           |  out|    1|      ap_vld|      C_BUF_3_0_5_2|       pointer|
|C_BUF_3_0_5_3                  |  out|   32|      ap_vld|      C_BUF_3_0_5_3|       pointer|
|C_BUF_3_0_5_3_ap_vld           |  out|    1|      ap_vld|      C_BUF_3_0_5_3|       pointer|
|C_BUF_3_0_5_4                  |  out|   32|      ap_vld|      C_BUF_3_0_5_4|       pointer|
|C_BUF_3_0_5_4_ap_vld           |  out|    1|      ap_vld|      C_BUF_3_0_5_4|       pointer|
|C_BUF_3_0_5_5                  |  out|   32|      ap_vld|      C_BUF_3_0_5_5|       pointer|
|C_BUF_3_0_5_5_ap_vld           |  out|    1|      ap_vld|      C_BUF_3_0_5_5|       pointer|
|C_BUF_3_0_5_6                  |  out|   32|      ap_vld|      C_BUF_3_0_5_6|       pointer|
|C_BUF_3_0_5_6_ap_vld           |  out|    1|      ap_vld|      C_BUF_3_0_5_6|       pointer|
|C_BUF_3_0_5_7                  |  out|   32|      ap_vld|      C_BUF_3_0_5_7|       pointer|
|C_BUF_3_0_5_7_ap_vld           |  out|    1|      ap_vld|      C_BUF_3_0_5_7|       pointer|
|C_BUF_3_0_6_0                  |  out|   32|      ap_vld|      C_BUF_3_0_6_0|       pointer|
|C_BUF_3_0_6_0_ap_vld           |  out|    1|      ap_vld|      C_BUF_3_0_6_0|       pointer|
|C_BUF_3_0_6_1                  |  out|   32|      ap_vld|      C_BUF_3_0_6_1|       pointer|
|C_BUF_3_0_6_1_ap_vld           |  out|    1|      ap_vld|      C_BUF_3_0_6_1|       pointer|
|C_BUF_3_0_6_2                  |  out|   32|      ap_vld|      C_BUF_3_0_6_2|       pointer|
|C_BUF_3_0_6_2_ap_vld           |  out|    1|      ap_vld|      C_BUF_3_0_6_2|       pointer|
|C_BUF_3_0_6_3                  |  out|   32|      ap_vld|      C_BUF_3_0_6_3|       pointer|
|C_BUF_3_0_6_3_ap_vld           |  out|    1|      ap_vld|      C_BUF_3_0_6_3|       pointer|
|C_BUF_3_0_6_4                  |  out|   32|      ap_vld|      C_BUF_3_0_6_4|       pointer|
|C_BUF_3_0_6_4_ap_vld           |  out|    1|      ap_vld|      C_BUF_3_0_6_4|       pointer|
|C_BUF_3_0_6_5                  |  out|   32|      ap_vld|      C_BUF_3_0_6_5|       pointer|
|C_BUF_3_0_6_5_ap_vld           |  out|    1|      ap_vld|      C_BUF_3_0_6_5|       pointer|
|C_BUF_3_0_6_6                  |  out|   32|      ap_vld|      C_BUF_3_0_6_6|       pointer|
|C_BUF_3_0_6_6_ap_vld           |  out|    1|      ap_vld|      C_BUF_3_0_6_6|       pointer|
|C_BUF_3_0_6_7                  |  out|   32|      ap_vld|      C_BUF_3_0_6_7|       pointer|
|C_BUF_3_0_6_7_ap_vld           |  out|    1|      ap_vld|      C_BUF_3_0_6_7|       pointer|
|C_BUF_3_0_7_0                  |  out|   32|      ap_vld|      C_BUF_3_0_7_0|       pointer|
|C_BUF_3_0_7_0_ap_vld           |  out|    1|      ap_vld|      C_BUF_3_0_7_0|       pointer|
|C_BUF_3_0_7_1                  |  out|   32|      ap_vld|      C_BUF_3_0_7_1|       pointer|
|C_BUF_3_0_7_1_ap_vld           |  out|    1|      ap_vld|      C_BUF_3_0_7_1|       pointer|
|C_BUF_3_0_7_2                  |  out|   32|      ap_vld|      C_BUF_3_0_7_2|       pointer|
|C_BUF_3_0_7_2_ap_vld           |  out|    1|      ap_vld|      C_BUF_3_0_7_2|       pointer|
|C_BUF_3_0_7_3                  |  out|   32|      ap_vld|      C_BUF_3_0_7_3|       pointer|
|C_BUF_3_0_7_3_ap_vld           |  out|    1|      ap_vld|      C_BUF_3_0_7_3|       pointer|
|C_BUF_3_0_7_4                  |  out|   32|      ap_vld|      C_BUF_3_0_7_4|       pointer|
|C_BUF_3_0_7_4_ap_vld           |  out|    1|      ap_vld|      C_BUF_3_0_7_4|       pointer|
|C_BUF_3_0_7_5                  |  out|   32|      ap_vld|      C_BUF_3_0_7_5|       pointer|
|C_BUF_3_0_7_5_ap_vld           |  out|    1|      ap_vld|      C_BUF_3_0_7_5|       pointer|
|C_BUF_3_0_7_6                  |  out|   32|      ap_vld|      C_BUF_3_0_7_6|       pointer|
|C_BUF_3_0_7_6_ap_vld           |  out|    1|      ap_vld|      C_BUF_3_0_7_6|       pointer|
|C_BUF_3_0_7_7                  |  out|   32|      ap_vld|      C_BUF_3_0_7_7|       pointer|
|C_BUF_3_0_7_7_ap_vld           |  out|    1|      ap_vld|      C_BUF_3_0_7_7|       pointer|
|tileA_dout                     |   in|    2|     ap_fifo|              tileA|       pointer|
|tileA_num_data_valid           |   in|    6|     ap_fifo|              tileA|       pointer|
|tileA_fifo_cap                 |   in|    6|     ap_fifo|              tileA|       pointer|
|tileA_empty_n                  |   in|    1|     ap_fifo|              tileA|       pointer|
|tileA_read                     |  out|    1|     ap_fifo|              tileA|       pointer|
+-------------------------------+-----+-----+------------+-------------------+--------------+

