

================================================================
== Vitis HLS Report for 'tile_loop_A_proc278_wrapper'
================================================================
* Date:           Tue Sep  1 15:27:07 2026

* Version:        2023.2 (Build 4023990 on Oct 11 2023)
* Project:        hls_project
* Solution:       gemm2 (Vitis Kernel Flow Target)
* Product family: versalaicore
* Target device:  xcvc1902-vsva2197-2MP-e-S


================================================================
== Performance Estimates
================================================================
+ Timing: 
    * Summary: 
    +--------+---------+----------+------------+
    |  Clock |  Target | Estimated| Uncertainty|
    +--------+---------+----------+------------+
    |ap_clk  |  3.33 ns|  3.299 ns|     0.90 ns|
    +--------+---------+----------+------------+

+ Latency: 
    * Summary: 
    +---------+---------+----------+----------+-----+-----+----------+
    |  Latency (cycles) |  Latency (absolute) |  Interval | Pipeline |
    |   min   |   max   |    min   |    max   | min | max |   Type   |
    +---------+---------+----------+----------+-----+-----+----------+
    |      373|      374|  1.243 us|  1.247 us|  373|  374|  dataflow|
    +---------+---------+----------+----------+-----+-----+----------+

    + Detail: 
        * Instance: 
        +------------------------+---------------------+---------+---------+----------+----------+-----+-----+---------+
        |                        |                     |  Latency (cycles) |  Latency (absolute) |  Interval | Pipeline|
        |        Instance        |        Module       |   min   |   max   |    min   |    max   | min | max |   Type  |
        +------------------------+---------------------+---------+---------+----------+----------+-----+-----+---------+
        |entry_proc547_U0        |entry_proc547        |        0|        0|      0 ns|      0 ns|    0|    0|       no|
        |tile_loop_A_proc278_U0  |tile_loop_A_proc278  |      372|      373|  1.240 us|  1.243 us|  372|  373|       no|
        +------------------------+---------------------+---------+---------+----------+----------+-----+-----+---------+

        * Loop: 
        N/A



================================================================
== Utilization Estimates
================================================================
* Summary: 
+-----------------+---------+------+---------+--------+-----+
|       Name      | BRAM_18K|  DSP |    FF   |   LUT  | URAM|
+-----------------+---------+------+---------+--------+-----+
|DSP              |        -|     -|        -|       -|    -|
|Expression       |        -|     -|        0|      12|    -|
|FIFO             |        0|     -|       19|      20|    -|
|Instance         |        0|   256|   200651|  175399|    -|
|Memory           |        -|     -|        -|       -|    -|
|Multiplexer      |        -|     -|        -|       4|    -|
|Register         |        -|     -|        2|       -|    -|
+-----------------+---------+------+---------+--------+-----+
|Total            |        0|   256|   200672|  175435|    0|
+-----------------+---------+------+---------+--------+-----+
|Available        |     1934|  1968|  1799680|  899840|  463|
+-----------------+---------+------+---------+--------+-----+
|Utilization (%)  |        0|    13|       11|      19|    0|
+-----------------+---------+------+---------+--------+-----+

+ Detail: 
    * Instance: 
    +------------------------+---------------------+---------+-----+--------+--------+-----+
    |        Instance        |        Module       | BRAM_18K| DSP |   FF   |   LUT  | URAM|
    +------------------------+---------------------+---------+-----+--------+--------+-----+
    |entry_proc547_U0        |entry_proc547        |        0|    0|       5|       9|    0|
    |tile_loop_A_proc278_U0  |tile_loop_A_proc278  |        0|  256|  200646|  175390|    0|
    +------------------------+---------------------+---------+-----+--------+--------+-----+
    |Total                   |                     |        0|  256|  200651|  175399|    0|
    +------------------------+---------------------+---------+-----+--------+--------+-----+

    * DSP: 
    N/A

    * Memory: 
    N/A

    * FIFO: 
    +-------------+---------+----+----+-----+------+-----+---------+
    |     Name    | BRAM_18K| FF | LUT| URAM| Depth| Bits| Size:D*B|
    +-------------+---------+----+----+-----+------+-----+---------+
    |p_channel_U  |        0|  19|   0|    -|     2|    3|        6|
    +-------------+---------+----+----+-----+------+-----+---------+
    |Total        |        0|  19|   0|    0|     2|    3|        6|
    +-------------+---------+----+----+-----+------+-----+---------+

    * Expression: 
    +-----------------------------------------+----------+----+---+----+------------+------------+
    |              Variable Name              | Operation| DSP| FF| LUT| Bitwidth P0| Bitwidth P1|
    +-----------------------------------------+----------+----+---+----+------------+------------+
    |ap_idle                                  |       and|   0|  0|   2|           1|           1|
    |ap_sync_ready                            |       and|   0|  0|   2|           1|           1|
    |entry_proc547_U0_ap_start                |       and|   0|  0|   2|           1|           1|
    |tile_loop_A_proc278_U0_ap_start          |       and|   0|  0|   2|           1|           1|
    |ap_sync_entry_proc547_U0_ap_ready        |        or|   0|  0|   2|           1|           1|
    |ap_sync_tile_loop_A_proc278_U0_ap_ready  |        or|   0|  0|   2|           1|           1|
    +-----------------------------------------+----------+----+---+----+------------+------------+
    |Total                                    |          |   0|  0|  12|           6|           6|
    +-----------------------------------------+----------+----+---+----+------------+------------+

    * Multiplexer: 
    +---------------------------------------------+----+-----------+-----+-----------+
    |                     Name                    | LUT| Input Size| Bits| Total Bits|
    +---------------------------------------------+----+-----------+-----+-----------+
    |ap_sync_reg_entry_proc547_U0_ap_ready        |   2|          2|    1|          2|
    |ap_sync_reg_tile_loop_A_proc278_U0_ap_ready  |   2|          2|    1|          2|
    +---------------------------------------------+----+-----------+-----+-----------+
    |Total                                        |   4|          4|    2|          4|
    +---------------------------------------------+----+-----------+-----+-----------+

    * Register: 
    +---------------------------------------------+---+----+-----+-----------+
    |                     Name                    | FF| LUT| Bits| Const Bits|
    +---------------------------------------------+---+----+-----+-----------+
    |ap_sync_reg_entry_proc547_U0_ap_ready        |  1|   0|    1|          0|
    |ap_sync_reg_tile_loop_A_proc278_U0_ap_ready  |  1|   0|    1|          0|
    +---------------------------------------------+---+----+-----+-----------+
    |Total                                        |  2|   0|    2|          0|
    +---------------------------------------------+---+----+-----+-----------+



================================================================
== Interface
================================================================
* Summary: 
+---------------------+-----+------+------------+-----------------------------+--------------+
|      RTL Ports      | Dir | Bits |  Protocol  |        Source Object        |    C Type    |
+---------------------+-----+------+------------+-----------------------------+--------------+
|B_TILE_i             |   in|    32|     ap_none|                     B_TILE_i|       pointer|
|B_TILE_i_ap_vld      |   in|     1|     ap_none|                     B_TILE_i|       pointer|
|B_TILE_1_i           |   in|    32|     ap_none|                   B_TILE_1_i|       pointer|
|B_TILE_1_i_ap_vld    |   in|     1|     ap_none|                   B_TILE_1_i|       pointer|
|B_TILE_2_i           |   in|    32|     ap_none|                   B_TILE_2_i|       pointer|
|B_TILE_2_i_ap_vld    |   in|     1|     ap_none|                   B_TILE_2_i|       pointer|
|B_TILE_3_i           |   in|    32|     ap_none|                   B_TILE_3_i|       pointer|
|B_TILE_3_i_ap_vld    |   in|     1|     ap_none|                   B_TILE_3_i|       pointer|
|B_TILE_4_i           |   in|    32|     ap_none|                   B_TILE_4_i|       pointer|
|B_TILE_4_i_ap_vld    |   in|     1|     ap_none|                   B_TILE_4_i|       pointer|
|B_TILE_5_i           |   in|    32|     ap_none|                   B_TILE_5_i|       pointer|
|B_TILE_5_i_ap_vld    |   in|     1|     ap_none|                   B_TILE_5_i|       pointer|
|B_TILE_6_i           |   in|    32|     ap_none|                   B_TILE_6_i|       pointer|
|B_TILE_6_i_ap_vld    |   in|     1|     ap_none|                   B_TILE_6_i|       pointer|
|B_TILE_7_i           |   in|    32|     ap_none|                   B_TILE_7_i|       pointer|
|B_TILE_7_i_ap_vld    |   in|     1|     ap_none|                   B_TILE_7_i|       pointer|
|B_TILE_8_i           |   in|    32|     ap_none|                   B_TILE_8_i|       pointer|
|B_TILE_8_i_ap_vld    |   in|     1|     ap_none|                   B_TILE_8_i|       pointer|
|B_TILE_9_i           |   in|    32|     ap_none|                   B_TILE_9_i|       pointer|
|B_TILE_9_i_ap_vld    |   in|     1|     ap_none|                   B_TILE_9_i|       pointer|
|B_TILE_10_i          |   in|    32|     ap_none|                  B_TILE_10_i|       pointer|
|B_TILE_10_i_ap_vld   |   in|     1|     ap_none|                  B_TILE_10_i|       pointer|
|B_TILE_11_i          |   in|    32|     ap_none|                  B_TILE_11_i|       pointer|
|B_TILE_11_i_ap_vld   |   in|     1|     ap_none|                  B_TILE_11_i|       pointer|
|B_TILE_12_i          |   in|    32|     ap_none|                  B_TILE_12_i|       pointer|
|B_TILE_12_i_ap_vld   |   in|     1|     ap_none|                  B_TILE_12_i|       pointer|
|B_TILE_13_i          |   in|    32|     ap_none|                  B_TILE_13_i|       pointer|
|B_TILE_13_i_ap_vld   |   in|     1|     ap_none|                  B_TILE_13_i|       pointer|
|B_TILE_14_i          |   in|    32|     ap_none|                  B_TILE_14_i|       pointer|
|B_TILE_14_i_ap_vld   |   in|     1|     ap_none|                  B_TILE_14_i|       pointer|
|B_TILE_15_i          |   in|    32|     ap_none|                  B_TILE_15_i|       pointer|
|B_TILE_15_i_ap_vld   |   in|     1|     ap_none|                  B_TILE_15_i|       pointer|
|B_TILE_16_i          |   in|    32|     ap_none|                  B_TILE_16_i|       pointer|
|B_TILE_16_i_ap_vld   |   in|     1|     ap_none|                  B_TILE_16_i|       pointer|
|B_TILE_17_i          |   in|    32|     ap_none|                  B_TILE_17_i|       pointer|
|B_TILE_17_i_ap_vld   |   in|     1|     ap_none|                  B_TILE_17_i|       pointer|
|B_TILE_18_i          |   in|    32|     ap_none|                  B_TILE_18_i|       pointer|
|B_TILE_18_i_ap_vld   |   in|     1|     ap_none|                  B_TILE_18_i|       pointer|
|B_TILE_19_i          |   in|    32|     ap_none|                  B_TILE_19_i|       pointer|
|B_TILE_19_i_ap_vld   |   in|     1|     ap_none|                  B_TILE_19_i|       pointer|
|B_TILE_20_i          |   in|    32|     ap_none|                  B_TILE_20_i|       pointer|
|B_TILE_20_i_ap_vld   |   in|     1|     ap_none|                  B_TILE_20_i|       pointer|
|B_TILE_21_i          |   in|    32|     ap_none|                  B_TILE_21_i|       pointer|
|B_TILE_21_i_ap_vld   |   in|     1|     ap_none|                  B_TILE_21_i|       pointer|
|B_TILE_22_i          |   in|    32|     ap_none|                  B_TILE_22_i|       pointer|
|B_TILE_22_i_ap_vld   |   in|     1|     ap_none|                  B_TILE_22_i|       pointer|
|B_TILE_23_i          |   in|    32|     ap_none|                  B_TILE_23_i|       pointer|
|B_TILE_23_i_ap_vld   |   in|     1|     ap_none|                  B_TILE_23_i|       pointer|
|B_TILE_24_i          |   in|    32|     ap_none|                  B_TILE_24_i|       pointer|
|B_TILE_24_i_ap_vld   |   in|     1|     ap_none|                  B_TILE_24_i|       pointer|
|B_TILE_25_i          |   in|    32|     ap_none|                  B_TILE_25_i|       pointer|
|B_TILE_25_i_ap_vld   |   in|     1|     ap_none|                  B_TILE_25_i|       pointer|
|B_TILE_26_i          |   in|    32|     ap_none|                  B_TILE_26_i|       pointer|
|B_TILE_26_i_ap_vld   |   in|     1|     ap_none|                  B_TILE_26_i|       pointer|
|B_TILE_27_i          |   in|    32|     ap_none|                  B_TILE_27_i|       pointer|
|B_TILE_27_i_ap_vld   |   in|     1|     ap_none|                  B_TILE_27_i|       pointer|
|B_TILE_28_i          |   in|    32|     ap_none|                  B_TILE_28_i|       pointer|
|B_TILE_28_i_ap_vld   |   in|     1|     ap_none|                  B_TILE_28_i|       pointer|
|B_TILE_29_i          |   in|    32|     ap_none|                  B_TILE_29_i|       pointer|
|B_TILE_29_i_ap_vld   |   in|     1|     ap_none|                  B_TILE_29_i|       pointer|
|B_TILE_30_i          |   in|    32|     ap_none|                  B_TILE_30_i|       pointer|
|B_TILE_30_i_ap_vld   |   in|     1|     ap_none|                  B_TILE_30_i|       pointer|
|B_TILE_31_i          |   in|    32|     ap_none|                  B_TILE_31_i|       pointer|
|B_TILE_31_i_ap_vld   |   in|     1|     ap_none|                  B_TILE_31_i|       pointer|
|B_TILE_32_i          |   in|    32|     ap_none|                  B_TILE_32_i|       pointer|
|B_TILE_32_i_ap_vld   |   in|     1|     ap_none|                  B_TILE_32_i|       pointer|
|B_TILE_33_i          |   in|    32|     ap_none|                  B_TILE_33_i|       pointer|
|B_TILE_33_i_ap_vld   |   in|     1|     ap_none|                  B_TILE_33_i|       pointer|
|B_TILE_34_i          |   in|    32|     ap_none|                  B_TILE_34_i|       pointer|
|B_TILE_34_i_ap_vld   |   in|     1|     ap_none|                  B_TILE_34_i|       pointer|
|B_TILE_35_i          |   in|    32|     ap_none|                  B_TILE_35_i|       pointer|
|B_TILE_35_i_ap_vld   |   in|     1|     ap_none|                  B_TILE_35_i|       pointer|
|B_TILE_36_i          |   in|    32|     ap_none|                  B_TILE_36_i|       pointer|
|B_TILE_36_i_ap_vld   |   in|     1|     ap_none|                  B_TILE_36_i|       pointer|
|B_TILE_37_i          |   in|    32|     ap_none|                  B_TILE_37_i|       pointer|
|B_TILE_37_i_ap_vld   |   in|     1|     ap_none|                  B_TILE_37_i|       pointer|
|B_TILE_38_i          |   in|    32|     ap_none|                  B_TILE_38_i|       pointer|
|B_TILE_38_i_ap_vld   |   in|     1|     ap_none|                  B_TILE_38_i|       pointer|
|B_TILE_39_i          |   in|    32|     ap_none|                  B_TILE_39_i|       pointer|
|B_TILE_39_i_ap_vld   |   in|     1|     ap_none|                  B_TILE_39_i|       pointer|
|B_TILE_40_i          |   in|    32|     ap_none|                  B_TILE_40_i|       pointer|
|B_TILE_40_i_ap_vld   |   in|     1|     ap_none|                  B_TILE_40_i|       pointer|
|B_TILE_41_i          |   in|    32|     ap_none|                  B_TILE_41_i|       pointer|
|B_TILE_41_i_ap_vld   |   in|     1|     ap_none|                  B_TILE_41_i|       pointer|
|B_TILE_42_i          |   in|    32|     ap_none|                  B_TILE_42_i|       pointer|
|B_TILE_42_i_ap_vld   |   in|     1|     ap_none|                  B_TILE_42_i|       pointer|
|B_TILE_43_i          |   in|    32|     ap_none|                  B_TILE_43_i|       pointer|
|B_TILE_43_i_ap_vld   |   in|     1|     ap_none|                  B_TILE_43_i|       pointer|
|B_TILE_44_i          |   in|    32|     ap_none|                  B_TILE_44_i|       pointer|
|B_TILE_44_i_ap_vld   |   in|     1|     ap_none|                  B_TILE_44_i|       pointer|
|B_TILE_45_i          |   in|    32|     ap_none|                  B_TILE_45_i|       pointer|
|B_TILE_45_i_ap_vld   |   in|     1|     ap_none|                  B_TILE_45_i|       pointer|
|B_TILE_46_i          |   in|    32|     ap_none|                  B_TILE_46_i|       pointer|
|B_TILE_46_i_ap_vld   |   in|     1|     ap_none|                  B_TILE_46_i|       pointer|
|B_TILE_47_i          |   in|    32|     ap_none|                  B_TILE_47_i|       pointer|
|B_TILE_47_i_ap_vld   |   in|     1|     ap_none|                  B_TILE_47_i|       pointer|
|B_TILE_48_i          |   in|    32|     ap_none|                  B_TILE_48_i|       pointer|
|B_TILE_48_i_ap_vld   |   in|     1|     ap_none|                  B_TILE_48_i|       pointer|
|B_TILE_49_i          |   in|    32|     ap_none|                  B_TILE_49_i|       pointer|
|B_TILE_49_i_ap_vld   |   in|     1|     ap_none|                  B_TILE_49_i|       pointer|
|B_TILE_50_i          |   in|    32|     ap_none|                  B_TILE_50_i|       pointer|
|B_TILE_50_i_ap_vld   |   in|     1|     ap_none|                  B_TILE_50_i|       pointer|
|B_TILE_51_i          |   in|    32|     ap_none|                  B_TILE_51_i|       pointer|
|B_TILE_51_i_ap_vld   |   in|     1|     ap_none|                  B_TILE_51_i|       pointer|
|B_TILE_52_i          |   in|    32|     ap_none|                  B_TILE_52_i|       pointer|
|B_TILE_52_i_ap_vld   |   in|     1|     ap_none|                  B_TILE_52_i|       pointer|
|B_TILE_53_i          |   in|    32|     ap_none|                  B_TILE_53_i|       pointer|
|B_TILE_53_i_ap_vld   |   in|     1|     ap_none|                  B_TILE_53_i|       pointer|
|B_TILE_54_i          |   in|    32|     ap_none|                  B_TILE_54_i|       pointer|
|B_TILE_54_i_ap_vld   |   in|     1|     ap_none|                  B_TILE_54_i|       pointer|
|B_TILE_55_i          |   in|    32|     ap_none|                  B_TILE_55_i|       pointer|
|B_TILE_55_i_ap_vld   |   in|     1|     ap_none|                  B_TILE_55_i|       pointer|
|B_TILE_56_i          |   in|    32|     ap_none|                  B_TILE_56_i|       pointer|
|B_TILE_56_i_ap_vld   |   in|     1|     ap_none|                  B_TILE_56_i|       pointer|
|B_TILE_57_i          |   in|    32|     ap_none|                  B_TILE_57_i|       pointer|
|B_TILE_57_i_ap_vld   |   in|     1|     ap_none|                  B_TILE_57_i|       pointer|
|B_TILE_58_i          |   in|    32|     ap_none|                  B_TILE_58_i|       pointer|
|B_TILE_58_i_ap_vld   |   in|     1|     ap_none|                  B_TILE_58_i|       pointer|
|B_TILE_59_i          |   in|    32|     ap_none|                  B_TILE_59_i|       pointer|
|B_TILE_59_i_ap_vld   |   in|     1|     ap_none|                  B_TILE_59_i|       pointer|
|B_TILE_60_i          |   in|    32|     ap_none|                  B_TILE_60_i|       pointer|
|B_TILE_60_i_ap_vld   |   in|     1|     ap_none|                  B_TILE_60_i|       pointer|
|B_TILE_61_i          |   in|    32|     ap_none|                  B_TILE_61_i|       pointer|
|B_TILE_61_i_ap_vld   |   in|     1|     ap_none|                  B_TILE_61_i|       pointer|
|B_TILE_62_i          |   in|    32|     ap_none|                  B_TILE_62_i|       pointer|
|B_TILE_62_i_ap_vld   |   in|     1|     ap_none|                  B_TILE_62_i|       pointer|
|B_TILE_63_i          |   in|    32|     ap_none|                  B_TILE_63_i|       pointer|
|B_TILE_63_i_ap_vld   |   in|     1|     ap_none|                  B_TILE_63_i|       pointer|
|B_TILE_64_i          |   in|    32|     ap_none|                  B_TILE_64_i|       pointer|
|B_TILE_64_i_ap_vld   |   in|     1|     ap_none|                  B_TILE_64_i|       pointer|
|B_TILE_65_i          |   in|    32|     ap_none|                  B_TILE_65_i|       pointer|
|B_TILE_65_i_ap_vld   |   in|     1|     ap_none|                  B_TILE_65_i|       pointer|
|B_TILE_66_i          |   in|    32|     ap_none|                  B_TILE_66_i|       pointer|
|B_TILE_66_i_ap_vld   |   in|     1|     ap_none|                  B_TILE_66_i|       pointer|
|B_TILE_67_i          |   in|    32|     ap_none|                  B_TILE_67_i|       pointer|
|B_TILE_67_i_ap_vld   |   in|     1|     ap_none|                  B_TILE_67_i|       pointer|
|B_TILE_68_i          |   in|    32|     ap_none|                  B_TILE_68_i|       pointer|
|B_TILE_68_i_ap_vld   |   in|     1|     ap_none|                  B_TILE_68_i|       pointer|
|B_TILE_69_i          |   in|    32|     ap_none|                  B_TILE_69_i|       pointer|
|B_TILE_69_i_ap_vld   |   in|     1|     ap_none|                  B_TILE_69_i|       pointer|
|B_TILE_70_i          |   in|    32|     ap_none|                  B_TILE_70_i|       pointer|
|B_TILE_70_i_ap_vld   |   in|     1|     ap_none|                  B_TILE_70_i|       pointer|
|B_TILE_71_i          |   in|    32|     ap_none|                  B_TILE_71_i|       pointer|
|B_TILE_71_i_ap_vld   |   in|     1|     ap_none|                  B_TILE_71_i|       pointer|
|B_TILE_72_i          |   in|    32|     ap_none|                  B_TILE_72_i|       pointer|
|B_TILE_72_i_ap_vld   |   in|     1|     ap_none|                  B_TILE_72_i|       pointer|
|B_TILE_73_i          |   in|    32|     ap_none|                  B_TILE_73_i|       pointer|
|B_TILE_73_i_ap_vld   |   in|     1|     ap_none|                  B_TILE_73_i|       pointer|
|B_TILE_74_i          |   in|    32|     ap_none|                  B_TILE_74_i|       pointer|
|B_TILE_74_i_ap_vld   |   in|     1|     ap_none|                  B_TILE_74_i|       pointer|
|B_TILE_75_i          |   in|    32|     ap_none|                  B_TILE_75_i|       pointer|
|B_TILE_75_i_ap_vld   |   in|     1|     ap_none|                  B_TILE_75_i|       pointer|
|B_TILE_76_i          |   in|    32|     ap_none|                  B_TILE_76_i|       pointer|
|B_TILE_76_i_ap_vld   |   in|     1|     ap_none|                  B_TILE_76_i|       pointer|
|B_TILE_77_i          |   in|    32|     ap_none|                  B_TILE_77_i|       pointer|
|B_TILE_77_i_ap_vld   |   in|     1|     ap_none|                  B_TILE_77_i|       pointer|
|B_TILE_78_i          |   in|    32|     ap_none|                  B_TILE_78_i|       pointer|
|B_TILE_78_i_ap_vld   |   in|     1|     ap_none|                  B_TILE_78_i|       pointer|
|B_TILE_79_i          |   in|    32|     ap_none|                  B_TILE_79_i|       pointer|
|B_TILE_79_i_ap_vld   |   in|     1|     ap_none|                  B_TILE_79_i|       pointer|
|B_TILE_80_i          |   in|    32|     ap_none|                  B_TILE_80_i|       pointer|
|B_TILE_80_i_ap_vld   |   in|     1|     ap_none|                  B_TILE_80_i|       pointer|
|B_TILE_81_i          |   in|    32|     ap_none|                  B_TILE_81_i|       pointer|
|B_TILE_81_i_ap_vld   |   in|     1|     ap_none|                  B_TILE_81_i|       pointer|
|B_TILE_82_i          |   in|    32|     ap_none|                  B_TILE_82_i|       pointer|
|B_TILE_82_i_ap_vld   |   in|     1|     ap_none|                  B_TILE_82_i|       pointer|
|B_TILE_83_i          |   in|    32|     ap_none|                  B_TILE_83_i|       pointer|
|B_TILE_83_i_ap_vld   |   in|     1|     ap_none|                  B_TILE_83_i|       pointer|
|B_TILE_84_i          |   in|    32|     ap_none|                  B_TILE_84_i|       pointer|
|B_TILE_84_i_ap_vld   |   in|     1|     ap_none|                  B_TILE_84_i|       pointer|
|B_TILE_85_i          |   in|    32|     ap_none|                  B_TILE_85_i|       pointer|
|B_TILE_85_i_ap_vld   |   in|     1|     ap_none|                  B_TILE_85_i|       pointer|
|B_TILE_86_i          |   in|    32|     ap_none|                  B_TILE_86_i|       pointer|
|B_TILE_86_i_ap_vld   |   in|     1|     ap_none|                  B_TILE_86_i|       pointer|
|B_TILE_87_i          |   in|    32|     ap_none|                  B_TILE_87_i|       pointer|
|B_TILE_87_i_ap_vld   |   in|     1|     ap_none|                  B_TILE_87_i|       pointer|
|B_TILE_88_i          |   in|    32|     ap_none|                  B_TILE_88_i|       pointer|
|B_TILE_88_i_ap_vld   |   in|     1|     ap_none|                  B_TILE_88_i|       pointer|
|B_TILE_89_i          |   in|    32|     ap_none|                  B_TILE_89_i|       pointer|
|B_TILE_89_i_ap_vld   |   in|     1|     ap_none|                  B_TILE_89_i|       pointer|
|B_TILE_90_i          |   in|    32|     ap_none|                  B_TILE_90_i|       pointer|
|B_TILE_90_i_ap_vld   |   in|     1|     ap_none|                  B_TILE_90_i|       pointer|
|B_TILE_91_i          |   in|    32|     ap_none|                  B_TILE_91_i|       pointer|
|B_TILE_91_i_ap_vld   |   in|     1|     ap_none|                  B_TILE_91_i|       pointer|
|B_TILE_92_i          |   in|    32|     ap_none|                  B_TILE_92_i|       pointer|
|B_TILE_92_i_ap_vld   |   in|     1|     ap_none|                  B_TILE_92_i|       pointer|
|B_TILE_93_i          |   in|    32|     ap_none|                  B_TILE_93_i|       pointer|
|B_TILE_93_i_ap_vld   |   in|     1|     ap_none|                  B_TILE_93_i|       pointer|
|B_TILE_94_i          |   in|    32|     ap_none|                  B_TILE_94_i|       pointer|
|B_TILE_94_i_ap_vld   |   in|     1|     ap_none|                  B_TILE_94_i|       pointer|
|B_TILE_95_i          |   in|    32|     ap_none|                  B_TILE_95_i|       pointer|
|B_TILE_95_i_ap_vld   |   in|     1|     ap_none|                  B_TILE_95_i|       pointer|
|B_TILE_96_i          |   in|    32|     ap_none|                  B_TILE_96_i|       pointer|
|B_TILE_96_i_ap_vld   |   in|     1|     ap_none|                  B_TILE_96_i|       pointer|
|B_TILE_97_i          |   in|    32|     ap_none|                  B_TILE_97_i|       pointer|
|B_TILE_97_i_ap_vld   |   in|     1|     ap_none|                  B_TILE_97_i|       pointer|
|B_TILE_98_i          |   in|    32|     ap_none|                  B_TILE_98_i|       pointer|
|B_TILE_98_i_ap_vld   |   in|     1|     ap_none|                  B_TILE_98_i|       pointer|
|B_TILE_99_i          |   in|    32|     ap_none|                  B_TILE_99_i|       pointer|
|B_TILE_99_i_ap_vld   |   in|     1|     ap_none|                  B_TILE_99_i|       pointer|
|B_TILE_100_i         |   in|    32|     ap_none|                 B_TILE_100_i|       pointer|
|B_TILE_100_i_ap_vld  |   in|     1|     ap_none|                 B_TILE_100_i|       pointer|
|B_TILE_101_i         |   in|    32|     ap_none|                 B_TILE_101_i|       pointer|
|B_TILE_101_i_ap_vld  |   in|     1|     ap_none|                 B_TILE_101_i|       pointer|
|B_TILE_102_i         |   in|    32|     ap_none|                 B_TILE_102_i|       pointer|
|B_TILE_102_i_ap_vld  |   in|     1|     ap_none|                 B_TILE_102_i|       pointer|
|B_TILE_103_i         |   in|    32|     ap_none|                 B_TILE_103_i|       pointer|
|B_TILE_103_i_ap_vld  |   in|     1|     ap_none|                 B_TILE_103_i|       pointer|
|B_TILE_104_i         |   in|    32|     ap_none|                 B_TILE_104_i|       pointer|
|B_TILE_104_i_ap_vld  |   in|     1|     ap_none|                 B_TILE_104_i|       pointer|
|B_TILE_105_i         |   in|    32|     ap_none|                 B_TILE_105_i|       pointer|
|B_TILE_105_i_ap_vld  |   in|     1|     ap_none|                 B_TILE_105_i|       pointer|
|B_TILE_106_i         |   in|    32|     ap_none|                 B_TILE_106_i|       pointer|
|B_TILE_106_i_ap_vld  |   in|     1|     ap_none|                 B_TILE_106_i|       pointer|
|B_TILE_107_i         |   in|    32|     ap_none|                 B_TILE_107_i|       pointer|
|B_TILE_107_i_ap_vld  |   in|     1|     ap_none|                 B_TILE_107_i|       pointer|
|B_TILE_108_i         |   in|    32|     ap_none|                 B_TILE_108_i|       pointer|
|B_TILE_108_i_ap_vld  |   in|     1|     ap_none|                 B_TILE_108_i|       pointer|
|B_TILE_109_i         |   in|    32|     ap_none|                 B_TILE_109_i|       pointer|
|B_TILE_109_i_ap_vld  |   in|     1|     ap_none|                 B_TILE_109_i|       pointer|
|B_TILE_110_i         |   in|    32|     ap_none|                 B_TILE_110_i|       pointer|
|B_TILE_110_i_ap_vld  |   in|     1|     ap_none|                 B_TILE_110_i|       pointer|
|B_TILE_111_i         |   in|    32|     ap_none|                 B_TILE_111_i|       pointer|
|B_TILE_111_i_ap_vld  |   in|     1|     ap_none|                 B_TILE_111_i|       pointer|
|B_TILE_112_i         |   in|    32|     ap_none|                 B_TILE_112_i|       pointer|
|B_TILE_112_i_ap_vld  |   in|     1|     ap_none|                 B_TILE_112_i|       pointer|
|B_TILE_113_i         |   in|    32|     ap_none|                 B_TILE_113_i|       pointer|
|B_TILE_113_i_ap_vld  |   in|     1|     ap_none|                 B_TILE_113_i|       pointer|
|B_TILE_114_i         |   in|    32|     ap_none|                 B_TILE_114_i|       pointer|
|B_TILE_114_i_ap_vld  |   in|     1|     ap_none|                 B_TILE_114_i|       pointer|
|B_TILE_115_i         |   in|    32|     ap_none|                 B_TILE_115_i|       pointer|
|B_TILE_115_i_ap_vld  |   in|     1|     ap_none|                 B_TILE_115_i|       pointer|
|B_TILE_116_i         |   in|    32|     ap_none|                 B_TILE_116_i|       pointer|
|B_TILE_116_i_ap_vld  |   in|     1|     ap_none|                 B_TILE_116_i|       pointer|
|B_TILE_117_i         |   in|    32|     ap_none|                 B_TILE_117_i|       pointer|
|B_TILE_117_i_ap_vld  |   in|     1|     ap_none|                 B_TILE_117_i|       pointer|
|B_TILE_118_i         |   in|    32|     ap_none|                 B_TILE_118_i|       pointer|
|B_TILE_118_i_ap_vld  |   in|     1|     ap_none|                 B_TILE_118_i|       pointer|
|B_TILE_119_i         |   in|    32|     ap_none|                 B_TILE_119_i|       pointer|
|B_TILE_119_i_ap_vld  |   in|     1|     ap_none|                 B_TILE_119_i|       pointer|
|B_TILE_120_i         |   in|    32|     ap_none|                 B_TILE_120_i|       pointer|
|B_TILE_120_i_ap_vld  |   in|     1|     ap_none|                 B_TILE_120_i|       pointer|
|B_TILE_121_i         |   in|    32|     ap_none|                 B_TILE_121_i|       pointer|
|B_TILE_121_i_ap_vld  |   in|     1|     ap_none|                 B_TILE_121_i|       pointer|
|B_TILE_122_i         |   in|    32|     ap_none|                 B_TILE_122_i|       pointer|
|B_TILE_122_i_ap_vld  |   in|     1|     ap_none|                 B_TILE_122_i|       pointer|
|B_TILE_123_i         |   in|    32|     ap_none|                 B_TILE_123_i|       pointer|
|B_TILE_123_i_ap_vld  |   in|     1|     ap_none|                 B_TILE_123_i|       pointer|
|B_TILE_124_i         |   in|    32|     ap_none|                 B_TILE_124_i|       pointer|
|B_TILE_124_i_ap_vld  |   in|     1|     ap_none|                 B_TILE_124_i|       pointer|
|B_TILE_125_i         |   in|    32|     ap_none|                 B_TILE_125_i|       pointer|
|B_TILE_125_i_ap_vld  |   in|     1|     ap_none|                 B_TILE_125_i|       pointer|
|B_TILE_126_i         |   in|    32|     ap_none|                 B_TILE_126_i|       pointer|
|B_TILE_126_i_ap_vld  |   in|     1|     ap_none|                 B_TILE_126_i|       pointer|
|B_TILE_127_i         |   in|    32|     ap_none|                 B_TILE_127_i|       pointer|
|B_TILE_127_i_ap_vld  |   in|     1|     ap_none|                 B_TILE_127_i|       pointer|
|B_TILE_128_i         |   in|    32|     ap_none|                 B_TILE_128_i|       pointer|
|B_TILE_128_i_ap_vld  |   in|     1|     ap_none|                 B_TILE_128_i|       pointer|
|B_TILE_129_i         |   in|    32|     ap_none|                 B_TILE_129_i|       pointer|
|B_TILE_129_i_ap_vld  |   in|     1|     ap_none|                 B_TILE_129_i|       pointer|
|B_TILE_130_i         |   in|    32|     ap_none|                 B_TILE_130_i|       pointer|
|B_TILE_130_i_ap_vld  |   in|     1|     ap_none|                 B_TILE_130_i|       pointer|
|B_TILE_131_i         |   in|    32|     ap_none|                 B_TILE_131_i|       pointer|
|B_TILE_131_i_ap_vld  |   in|     1|     ap_none|                 B_TILE_131_i|       pointer|
|B_TILE_132_i         |   in|    32|     ap_none|                 B_TILE_132_i|       pointer|
|B_TILE_132_i_ap_vld  |   in|     1|     ap_none|                 B_TILE_132_i|       pointer|
|B_TILE_133_i         |   in|    32|     ap_none|                 B_TILE_133_i|       pointer|
|B_TILE_133_i_ap_vld  |   in|     1|     ap_none|                 B_TILE_133_i|       pointer|
|B_TILE_134_i         |   in|    32|     ap_none|                 B_TILE_134_i|       pointer|
|B_TILE_134_i_ap_vld  |   in|     1|     ap_none|                 B_TILE_134_i|       pointer|
|B_TILE_135_i         |   in|    32|     ap_none|                 B_TILE_135_i|       pointer|
|B_TILE_135_i_ap_vld  |   in|     1|     ap_none|                 B_TILE_135_i|       pointer|
|B_TILE_136_i         |   in|    32|     ap_none|                 B_TILE_136_i|       pointer|
|B_TILE_136_i_ap_vld  |   in|     1|     ap_none|                 B_TILE_136_i|       pointer|
|B_TILE_137_i         |   in|    32|     ap_none|                 B_TILE_137_i|       pointer|
|B_TILE_137_i_ap_vld  |   in|     1|     ap_none|                 B_TILE_137_i|       pointer|
|B_TILE_138_i         |   in|    32|     ap_none|                 B_TILE_138_i|       pointer|
|B_TILE_138_i_ap_vld  |   in|     1|     ap_none|                 B_TILE_138_i|       pointer|
|B_TILE_139_i         |   in|    32|     ap_none|                 B_TILE_139_i|       pointer|
|B_TILE_139_i_ap_vld  |   in|     1|     ap_none|                 B_TILE_139_i|       pointer|
|B_TILE_140_i         |   in|    32|     ap_none|                 B_TILE_140_i|       pointer|
|B_TILE_140_i_ap_vld  |   in|     1|     ap_none|                 B_TILE_140_i|       pointer|
|B_TILE_141_i         |   in|    32|     ap_none|                 B_TILE_141_i|       pointer|
|B_TILE_141_i_ap_vld  |   in|     1|     ap_none|                 B_TILE_141_i|       pointer|
|B_TILE_142_i         |   in|    32|     ap_none|                 B_TILE_142_i|       pointer|
|B_TILE_142_i_ap_vld  |   in|     1|     ap_none|                 B_TILE_142_i|       pointer|
|B_TILE_143_i         |   in|    32|     ap_none|                 B_TILE_143_i|       pointer|
|B_TILE_143_i_ap_vld  |   in|     1|     ap_none|                 B_TILE_143_i|       pointer|
|B_TILE_144_i         |   in|    32|     ap_none|                 B_TILE_144_i|       pointer|
|B_TILE_144_i_ap_vld  |   in|     1|     ap_none|                 B_TILE_144_i|       pointer|
|B_TILE_145_i         |   in|    32|     ap_none|                 B_TILE_145_i|       pointer|
|B_TILE_145_i_ap_vld  |   in|     1|     ap_none|                 B_TILE_145_i|       pointer|
|B_TILE_146_i         |   in|    32|     ap_none|                 B_TILE_146_i|       pointer|
|B_TILE_146_i_ap_vld  |   in|     1|     ap_none|                 B_TILE_146_i|       pointer|
|B_TILE_147_i         |   in|    32|     ap_none|                 B_TILE_147_i|       pointer|
|B_TILE_147_i_ap_vld  |   in|     1|     ap_none|                 B_TILE_147_i|       pointer|
|B_TILE_148_i         |   in|    32|     ap_none|                 B_TILE_148_i|       pointer|
|B_TILE_148_i_ap_vld  |   in|     1|     ap_none|                 B_TILE_148_i|       pointer|
|B_TILE_149_i         |   in|    32|     ap_none|                 B_TILE_149_i|       pointer|
|B_TILE_149_i_ap_vld  |   in|     1|     ap_none|                 B_TILE_149_i|       pointer|
|B_TILE_150_i         |   in|    32|     ap_none|                 B_TILE_150_i|       pointer|
|B_TILE_150_i_ap_vld  |   in|     1|     ap_none|                 B_TILE_150_i|       pointer|
|B_TILE_151_i         |   in|    32|     ap_none|                 B_TILE_151_i|       pointer|
|B_TILE_151_i_ap_vld  |   in|     1|     ap_none|                 B_TILE_151_i|       pointer|
|B_TILE_152_i         |   in|    32|     ap_none|                 B_TILE_152_i|       pointer|
|B_TILE_152_i_ap_vld  |   in|     1|     ap_none|                 B_TILE_152_i|       pointer|
|B_TILE_153_i         |   in|    32|     ap_none|                 B_TILE_153_i|       pointer|
|B_TILE_153_i_ap_vld  |   in|     1|     ap_none|                 B_TILE_153_i|       pointer|
|B_TILE_154_i         |   in|    32|     ap_none|                 B_TILE_154_i|       pointer|
|B_TILE_154_i_ap_vld  |   in|     1|     ap_none|                 B_TILE_154_i|       pointer|
|B_TILE_155_i         |   in|    32|     ap_none|                 B_TILE_155_i|       pointer|
|B_TILE_155_i_ap_vld  |   in|     1|     ap_none|                 B_TILE_155_i|       pointer|
|B_TILE_156_i         |   in|    32|     ap_none|                 B_TILE_156_i|       pointer|
|B_TILE_156_i_ap_vld  |   in|     1|     ap_none|                 B_TILE_156_i|       pointer|
|B_TILE_157_i         |   in|    32|     ap_none|                 B_TILE_157_i|       pointer|
|B_TILE_157_i_ap_vld  |   in|     1|     ap_none|                 B_TILE_157_i|       pointer|
|B_TILE_158_i         |   in|    32|     ap_none|                 B_TILE_158_i|       pointer|
|B_TILE_158_i_ap_vld  |   in|     1|     ap_none|                 B_TILE_158_i|       pointer|
|B_TILE_159_i         |   in|    32|     ap_none|                 B_TILE_159_i|       pointer|
|B_TILE_159_i_ap_vld  |   in|     1|     ap_none|                 B_TILE_159_i|       pointer|
|B_TILE_160_i         |   in|    32|     ap_none|                 B_TILE_160_i|       pointer|
|B_TILE_160_i_ap_vld  |   in|     1|     ap_none|                 B_TILE_160_i|       pointer|
|B_TILE_161_i         |   in|    32|     ap_none|                 B_TILE_161_i|       pointer|
|B_TILE_161_i_ap_vld  |   in|     1|     ap_none|                 B_TILE_161_i|       pointer|
|B_TILE_162_i         |   in|    32|     ap_none|                 B_TILE_162_i|       pointer|
|B_TILE_162_i_ap_vld  |   in|     1|     ap_none|                 B_TILE_162_i|       pointer|
|B_TILE_163_i         |   in|    32|     ap_none|                 B_TILE_163_i|       pointer|
|B_TILE_163_i_ap_vld  |   in|     1|     ap_none|                 B_TILE_163_i|       pointer|
|B_TILE_164_i         |   in|    32|     ap_none|                 B_TILE_164_i|       pointer|
|B_TILE_164_i_ap_vld  |   in|     1|     ap_none|                 B_TILE_164_i|       pointer|
|B_TILE_165_i         |   in|    32|     ap_none|                 B_TILE_165_i|       pointer|
|B_TILE_165_i_ap_vld  |   in|     1|     ap_none|                 B_TILE_165_i|       pointer|
|B_TILE_166_i         |   in|    32|     ap_none|                 B_TILE_166_i|       pointer|
|B_TILE_166_i_ap_vld  |   in|     1|     ap_none|                 B_TILE_166_i|       pointer|
|B_TILE_167_i         |   in|    32|     ap_none|                 B_TILE_167_i|       pointer|
|B_TILE_167_i_ap_vld  |   in|     1|     ap_none|                 B_TILE_167_i|       pointer|
|B_TILE_168_i         |   in|    32|     ap_none|                 B_TILE_168_i|       pointer|
|B_TILE_168_i_ap_vld  |   in|     1|     ap_none|                 B_TILE_168_i|       pointer|
|B_TILE_169_i         |   in|    32|     ap_none|                 B_TILE_169_i|       pointer|
|B_TILE_169_i_ap_vld  |   in|     1|     ap_none|                 B_TILE_169_i|       pointer|
|B_TILE_170_i         |   in|    32|     ap_none|                 B_TILE_170_i|       pointer|
|B_TILE_170_i_ap_vld  |   in|     1|     ap_none|                 B_TILE_170_i|       pointer|
|B_TILE_171_i         |   in|    32|     ap_none|                 B_TILE_171_i|       pointer|
|B_TILE_171_i_ap_vld  |   in|     1|     ap_none|                 B_TILE_171_i|       pointer|
|B_TILE_172_i         |   in|    32|     ap_none|                 B_TILE_172_i|       pointer|
|B_TILE_172_i_ap_vld  |   in|     1|     ap_none|                 B_TILE_172_i|       pointer|
|B_TILE_173_i         |   in|    32|     ap_none|                 B_TILE_173_i|       pointer|
|B_TILE_173_i_ap_vld  |   in|     1|     ap_none|                 B_TILE_173_i|       pointer|
|B_TILE_174_i         |   in|    32|     ap_none|                 B_TILE_174_i|       pointer|
|B_TILE_174_i_ap_vld  |   in|     1|     ap_none|                 B_TILE_174_i|       pointer|
|B_TILE_175_i         |   in|    32|     ap_none|                 B_TILE_175_i|       pointer|
|B_TILE_175_i_ap_vld  |   in|     1|     ap_none|                 B_TILE_175_i|       pointer|
|B_TILE_176_i         |   in|    32|     ap_none|                 B_TILE_176_i|       pointer|
|B_TILE_176_i_ap_vld  |   in|     1|     ap_none|                 B_TILE_176_i|       pointer|
|B_TILE_177_i         |   in|    32|     ap_none|                 B_TILE_177_i|       pointer|
|B_TILE_177_i_ap_vld  |   in|     1|     ap_none|                 B_TILE_177_i|       pointer|
|B_TILE_178_i         |   in|    32|     ap_none|                 B_TILE_178_i|       pointer|
|B_TILE_178_i_ap_vld  |   in|     1|     ap_none|                 B_TILE_178_i|       pointer|
|B_TILE_179_i         |   in|    32|     ap_none|                 B_TILE_179_i|       pointer|
|B_TILE_179_i_ap_vld  |   in|     1|     ap_none|                 B_TILE_179_i|       pointer|
|B_TILE_180_i         |   in|    32|     ap_none|                 B_TILE_180_i|       pointer|
|B_TILE_180_i_ap_vld  |   in|     1|     ap_none|                 B_TILE_180_i|       pointer|
|B_TILE_181_i         |   in|    32|     ap_none|                 B_TILE_181_i|       pointer|
|B_TILE_181_i_ap_vld  |   in|     1|     ap_none|                 B_TILE_181_i|       pointer|
|B_TILE_182_i         |   in|    32|     ap_none|                 B_TILE_182_i|       pointer|
|B_TILE_182_i_ap_vld  |   in|     1|     ap_none|                 B_TILE_182_i|       pointer|
|B_TILE_183_i         |   in|    32|     ap_none|                 B_TILE_183_i|       pointer|
|B_TILE_183_i_ap_vld  |   in|     1|     ap_none|                 B_TILE_183_i|       pointer|
|B_TILE_184_i         |   in|    32|     ap_none|                 B_TILE_184_i|       pointer|
|B_TILE_184_i_ap_vld  |   in|     1|     ap_none|                 B_TILE_184_i|       pointer|
|B_TILE_185_i         |   in|    32|     ap_none|                 B_TILE_185_i|       pointer|
|B_TILE_185_i_ap_vld  |   in|     1|     ap_none|                 B_TILE_185_i|       pointer|
|B_TILE_186_i         |   in|    32|     ap_none|                 B_TILE_186_i|       pointer|
|B_TILE_186_i_ap_vld  |   in|     1|     ap_none|                 B_TILE_186_i|       pointer|
|B_TILE_187_i         |   in|    32|     ap_none|                 B_TILE_187_i|       pointer|
|B_TILE_187_i_ap_vld  |   in|     1|     ap_none|                 B_TILE_187_i|       pointer|
|B_TILE_188_i         |   in|    32|     ap_none|                 B_TILE_188_i|       pointer|
|B_TILE_188_i_ap_vld  |   in|     1|     ap_none|                 B_TILE_188_i|       pointer|
|B_TILE_189_i         |   in|    32|     ap_none|                 B_TILE_189_i|       pointer|
|B_TILE_189_i_ap_vld  |   in|     1|     ap_none|                 B_TILE_189_i|       pointer|
|B_TILE_190_i         |   in|    32|     ap_none|                 B_TILE_190_i|       pointer|
|B_TILE_190_i_ap_vld  |   in|     1|     ap_none|                 B_TILE_190_i|       pointer|
|B_TILE_191_i         |   in|    32|     ap_none|                 B_TILE_191_i|       pointer|
|B_TILE_191_i_ap_vld  |   in|     1|     ap_none|                 B_TILE_191_i|       pointer|
|B_TILE_192_i         |   in|    32|     ap_none|                 B_TILE_192_i|       pointer|
|B_TILE_192_i_ap_vld  |   in|     1|     ap_none|                 B_TILE_192_i|       pointer|
|B_TILE_193_i         |   in|    32|     ap_none|                 B_TILE_193_i|       pointer|
|B_TILE_193_i_ap_vld  |   in|     1|     ap_none|                 B_TILE_193_i|       pointer|
|B_TILE_194_i         |   in|    32|     ap_none|                 B_TILE_194_i|       pointer|
|B_TILE_194_i_ap_vld  |   in|     1|     ap_none|                 B_TILE_194_i|       pointer|
|B_TILE_195_i         |   in|    32|     ap_none|                 B_TILE_195_i|       pointer|
|B_TILE_195_i_ap_vld  |   in|     1|     ap_none|                 B_TILE_195_i|       pointer|
|B_TILE_196_i         |   in|    32|     ap_none|                 B_TILE_196_i|       pointer|
|B_TILE_196_i_ap_vld  |   in|     1|     ap_none|                 B_TILE_196_i|       pointer|
|B_TILE_197_i         |   in|    32|     ap_none|                 B_TILE_197_i|       pointer|
|B_TILE_197_i_ap_vld  |   in|     1|     ap_none|                 B_TILE_197_i|       pointer|
|B_TILE_198_i         |   in|    32|     ap_none|                 B_TILE_198_i|       pointer|
|B_TILE_198_i_ap_vld  |   in|     1|     ap_none|                 B_TILE_198_i|       pointer|
|B_TILE_199_i         |   in|    32|     ap_none|                 B_TILE_199_i|       pointer|
|B_TILE_199_i_ap_vld  |   in|     1|     ap_none|                 B_TILE_199_i|       pointer|
|B_TILE_200_i         |   in|    32|     ap_none|                 B_TILE_200_i|       pointer|
|B_TILE_200_i_ap_vld  |   in|     1|     ap_none|                 B_TILE_200_i|       pointer|
|B_TILE_201_i         |   in|    32|     ap_none|                 B_TILE_201_i|       pointer|
|B_TILE_201_i_ap_vld  |   in|     1|     ap_none|                 B_TILE_201_i|       pointer|
|B_TILE_202_i         |   in|    32|     ap_none|                 B_TILE_202_i|       pointer|
|B_TILE_202_i_ap_vld  |   in|     1|     ap_none|                 B_TILE_202_i|       pointer|
|B_TILE_203_i         |   in|    32|     ap_none|                 B_TILE_203_i|       pointer|
|B_TILE_203_i_ap_vld  |   in|     1|     ap_none|                 B_TILE_203_i|       pointer|
|B_TILE_204_i         |   in|    32|     ap_none|                 B_TILE_204_i|       pointer|
|B_TILE_204_i_ap_vld  |   in|     1|     ap_none|                 B_TILE_204_i|       pointer|
|B_TILE_205_i         |   in|    32|     ap_none|                 B_TILE_205_i|       pointer|
|B_TILE_205_i_ap_vld  |   in|     1|     ap_none|                 B_TILE_205_i|       pointer|
|B_TILE_206_i         |   in|    32|     ap_none|                 B_TILE_206_i|       pointer|
|B_TILE_206_i_ap_vld  |   in|     1|     ap_none|                 B_TILE_206_i|       pointer|
|B_TILE_207_i         |   in|    32|     ap_none|                 B_TILE_207_i|       pointer|
|B_TILE_207_i_ap_vld  |   in|     1|     ap_none|                 B_TILE_207_i|       pointer|
|B_TILE_208_i         |   in|    32|     ap_none|                 B_TILE_208_i|       pointer|
|B_TILE_208_i_ap_vld  |   in|     1|     ap_none|                 B_TILE_208_i|       pointer|
|B_TILE_209_i         |   in|    32|     ap_none|                 B_TILE_209_i|       pointer|
|B_TILE_209_i_ap_vld  |   in|     1|     ap_none|                 B_TILE_209_i|       pointer|
|B_TILE_210_i         |   in|    32|     ap_none|                 B_TILE_210_i|       pointer|
|B_TILE_210_i_ap_vld  |   in|     1|     ap_none|                 B_TILE_210_i|       pointer|
|B_TILE_211_i         |   in|    32|     ap_none|                 B_TILE_211_i|       pointer|
|B_TILE_211_i_ap_vld  |   in|     1|     ap_none|                 B_TILE_211_i|       pointer|
|B_TILE_212_i         |   in|    32|     ap_none|                 B_TILE_212_i|       pointer|
|B_TILE_212_i_ap_vld  |   in|     1|     ap_none|                 B_TILE_212_i|       pointer|
|B_TILE_213_i         |   in|    32|     ap_none|                 B_TILE_213_i|       pointer|
|B_TILE_213_i_ap_vld  |   in|     1|     ap_none|                 B_TILE_213_i|       pointer|
|B_TILE_214_i         |   in|    32|     ap_none|                 B_TILE_214_i|       pointer|
|B_TILE_214_i_ap_vld  |   in|     1|     ap_none|                 B_TILE_214_i|       pointer|
|B_TILE_215_i         |   in|    32|     ap_none|                 B_TILE_215_i|       pointer|
|B_TILE_215_i_ap_vld  |   in|     1|     ap_none|                 B_TILE_215_i|       pointer|
|B_TILE_216_i         |   in|    32|     ap_none|                 B_TILE_216_i|       pointer|
|B_TILE_216_i_ap_vld  |   in|     1|     ap_none|                 B_TILE_216_i|       pointer|
|B_TILE_217_i         |   in|    32|     ap_none|                 B_TILE_217_i|       pointer|
|B_TILE_217_i_ap_vld  |   in|     1|     ap_none|                 B_TILE_217_i|       pointer|
|B_TILE_218_i         |   in|    32|     ap_none|                 B_TILE_218_i|       pointer|
|B_TILE_218_i_ap_vld  |   in|     1|     ap_none|                 B_TILE_218_i|       pointer|
|B_TILE_219_i         |   in|    32|     ap_none|                 B_TILE_219_i|       pointer|
|B_TILE_219_i_ap_vld  |   in|     1|     ap_none|                 B_TILE_219_i|       pointer|
|B_TILE_220_i         |   in|    32|     ap_none|                 B_TILE_220_i|       pointer|
|B_TILE_220_i_ap_vld  |   in|     1|     ap_none|                 B_TILE_220_i|       pointer|
|B_TILE_221_i         |   in|    32|     ap_none|                 B_TILE_221_i|       pointer|
|B_TILE_221_i_ap_vld  |   in|     1|     ap_none|                 B_TILE_221_i|       pointer|
|B_TILE_222_i         |   in|    32|     ap_none|                 B_TILE_222_i|       pointer|
|B_TILE_222_i_ap_vld  |   in|     1|     ap_none|                 B_TILE_222_i|       pointer|
|B_TILE_223_i         |   in|    32|     ap_none|                 B_TILE_223_i|       pointer|
|B_TILE_223_i_ap_vld  |   in|     1|     ap_none|                 B_TILE_223_i|       pointer|
|B_TILE_224_i         |   in|    32|     ap_none|                 B_TILE_224_i|       pointer|
|B_TILE_224_i_ap_vld  |   in|     1|     ap_none|                 B_TILE_224_i|       pointer|
|B_TILE_225_i         |   in|    32|     ap_none|                 B_TILE_225_i|       pointer|
|B_TILE_225_i_ap_vld  |   in|     1|     ap_none|                 B_TILE_225_i|       pointer|
|B_TILE_226_i         |   in|    32|     ap_none|                 B_TILE_226_i|       pointer|
|B_TILE_226_i_ap_vld  |   in|     1|     ap_none|                 B_TILE_226_i|       pointer|
|B_TILE_227_i         |   in|    32|     ap_none|                 B_TILE_227_i|       pointer|
|B_TILE_227_i_ap_vld  |   in|     1|     ap_none|                 B_TILE_227_i|       pointer|
|B_TILE_228_i         |   in|    32|     ap_none|                 B_TILE_228_i|       pointer|
|B_TILE_228_i_ap_vld  |   in|     1|     ap_none|                 B_TILE_228_i|       pointer|
|B_TILE_229_i         |   in|    32|     ap_none|                 B_TILE_229_i|       pointer|
|B_TILE_229_i_ap_vld  |   in|     1|     ap_none|                 B_TILE_229_i|       pointer|
|B_TILE_230_i         |   in|    32|     ap_none|                 B_TILE_230_i|       pointer|
|B_TILE_230_i_ap_vld  |   in|     1|     ap_none|                 B_TILE_230_i|       pointer|
|B_TILE_231_i         |   in|    32|     ap_none|                 B_TILE_231_i|       pointer|
|B_TILE_231_i_ap_vld  |   in|     1|     ap_none|                 B_TILE_231_i|       pointer|
|B_TILE_232_i         |   in|    32|     ap_none|                 B_TILE_232_i|       pointer|
|B_TILE_232_i_ap_vld  |   in|     1|     ap_none|                 B_TILE_232_i|       pointer|
|B_TILE_233_i         |   in|    32|     ap_none|                 B_TILE_233_i|       pointer|
|B_TILE_233_i_ap_vld  |   in|     1|     ap_none|                 B_TILE_233_i|       pointer|
|B_TILE_234_i         |   in|    32|     ap_none|                 B_TILE_234_i|       pointer|
|B_TILE_234_i_ap_vld  |   in|     1|     ap_none|                 B_TILE_234_i|       pointer|
|B_TILE_235_i         |   in|    32|     ap_none|                 B_TILE_235_i|       pointer|
|B_TILE_235_i_ap_vld  |   in|     1|     ap_none|                 B_TILE_235_i|       pointer|
|B_TILE_236_i         |   in|    32|     ap_none|                 B_TILE_236_i|       pointer|
|B_TILE_236_i_ap_vld  |   in|     1|     ap_none|                 B_TILE_236_i|       pointer|
|B_TILE_237_i         |   in|    32|     ap_none|                 B_TILE_237_i|       pointer|
|B_TILE_237_i_ap_vld  |   in|     1|     ap_none|                 B_TILE_237_i|       pointer|
|B_TILE_238_i         |   in|    32|     ap_none|                 B_TILE_238_i|       pointer|
|B_TILE_238_i_ap_vld  |   in|     1|     ap_none|                 B_TILE_238_i|       pointer|
|B_TILE_239_i         |   in|    32|     ap_none|                 B_TILE_239_i|       pointer|
|B_TILE_239_i_ap_vld  |   in|     1|     ap_none|                 B_TILE_239_i|       pointer|
|B_TILE_240_i         |   in|    32|     ap_none|                 B_TILE_240_i|       pointer|
|B_TILE_240_i_ap_vld  |   in|     1|     ap_none|                 B_TILE_240_i|       pointer|
|B_TILE_241_i         |   in|    32|     ap_none|                 B_TILE_241_i|       pointer|
|B_TILE_241_i_ap_vld  |   in|     1|     ap_none|                 B_TILE_241_i|       pointer|
|B_TILE_242_i         |   in|    32|     ap_none|                 B_TILE_242_i|       pointer|
|B_TILE_242_i_ap_vld  |   in|     1|     ap_none|                 B_TILE_242_i|       pointer|
|B_TILE_243_i         |   in|    32|     ap_none|                 B_TILE_243_i|       pointer|
|B_TILE_243_i_ap_vld  |   in|     1|     ap_none|                 B_TILE_243_i|       pointer|
|B_TILE_244_i         |   in|    32|     ap_none|                 B_TILE_244_i|       pointer|
|B_TILE_244_i_ap_vld  |   in|     1|     ap_none|                 B_TILE_244_i|       pointer|
|B_TILE_245_i         |   in|    32|     ap_none|                 B_TILE_245_i|       pointer|
|B_TILE_245_i_ap_vld  |   in|     1|     ap_none|                 B_TILE_245_i|       pointer|
|B_TILE_246_i         |   in|    32|     ap_none|                 B_TILE_246_i|       pointer|
|B_TILE_246_i_ap_vld  |   in|     1|     ap_none|                 B_TILE_246_i|       pointer|
|B_TILE_247_i         |   in|    32|     ap_none|                 B_TILE_247_i|       pointer|
|B_TILE_247_i_ap_vld  |   in|     1|     ap_none|                 B_TILE_247_i|       pointer|
|B_TILE_248_i         |   in|    32|     ap_none|                 B_TILE_248_i|       pointer|
|B_TILE_248_i_ap_vld  |   in|     1|     ap_none|                 B_TILE_248_i|       pointer|
|B_TILE_249_i         |   in|    32|     ap_none|                 B_TILE_249_i|       pointer|
|B_TILE_249_i_ap_vld  |   in|     1|     ap_none|                 B_TILE_249_i|       pointer|
|B_TILE_250_i         |   in|    32|     ap_none|                 B_TILE_250_i|       pointer|
|B_TILE_250_i_ap_vld  |   in|     1|     ap_none|                 B_TILE_250_i|       pointer|
|B_TILE_251_i         |   in|    32|     ap_none|                 B_TILE_251_i|       pointer|
|B_TILE_251_i_ap_vld  |   in|     1|     ap_none|                 B_TILE_251_i|       pointer|
|B_TILE_252_i         |   in|    32|     ap_none|                 B_TILE_252_i|       pointer|
|B_TILE_252_i_ap_vld  |   in|     1|     ap_none|                 B_TILE_252_i|       pointer|
|B_TILE_253_i         |   in|    32|     ap_none|                 B_TILE_253_i|       pointer|
|B_TILE_253_i_ap_vld  |   in|     1|     ap_none|                 B_TILE_253_i|       pointer|
|B_TILE_254_i         |   in|    32|     ap_none|                 B_TILE_254_i|       pointer|
|B_TILE_254_i_ap_vld  |   in|     1|     ap_none|                 B_TILE_254_i|       pointer|
|B_TILE_255_i         |   in|    32|     ap_none|                 B_TILE_255_i|       pointer|
|B_TILE_255_i_ap_vld  |   in|     1|     ap_none|                 B_TILE_255_i|       pointer|
|B_TILE_256_i         |   in|    32|     ap_none|                 B_TILE_256_i|       pointer|
|B_TILE_256_i_ap_vld  |   in|     1|     ap_none|                 B_TILE_256_i|       pointer|
|B_TILE_257_i         |   in|    32|     ap_none|                 B_TILE_257_i|       pointer|
|B_TILE_257_i_ap_vld  |   in|     1|     ap_none|                 B_TILE_257_i|       pointer|
|B_TILE_258_i         |   in|    32|     ap_none|                 B_TILE_258_i|       pointer|
|B_TILE_258_i_ap_vld  |   in|     1|     ap_none|                 B_TILE_258_i|       pointer|
|B_TILE_259_i         |   in|    32|     ap_none|                 B_TILE_259_i|       pointer|
|B_TILE_259_i_ap_vld  |   in|     1|     ap_none|                 B_TILE_259_i|       pointer|
|B_TILE_260_i         |   in|    32|     ap_none|                 B_TILE_260_i|       pointer|
|B_TILE_260_i_ap_vld  |   in|     1|     ap_none|                 B_TILE_260_i|       pointer|
|B_TILE_261_i         |   in|    32|     ap_none|                 B_TILE_261_i|       pointer|
|B_TILE_261_i_ap_vld  |   in|     1|     ap_none|                 B_TILE_261_i|       pointer|
|B_TILE_262_i         |   in|    32|     ap_none|                 B_TILE_262_i|       pointer|
|B_TILE_262_i_ap_vld  |   in|     1|     ap_none|                 B_TILE_262_i|       pointer|
|B_TILE_263_i         |   in|    32|     ap_none|                 B_TILE_263_i|       pointer|
|B_TILE_263_i_ap_vld  |   in|     1|     ap_none|                 B_TILE_263_i|       pointer|
|B_TILE_264_i         |   in|    32|     ap_none|                 B_TILE_264_i|       pointer|
|B_TILE_264_i_ap_vld  |   in|     1|     ap_none|                 B_TILE_264_i|       pointer|
|B_TILE_265_i         |   in|    32|     ap_none|                 B_TILE_265_i|       pointer|
|B_TILE_265_i_ap_vld  |   in|     1|     ap_none|                 B_TILE_265_i|       pointer|
|B_TILE_266_i         |   in|    32|     ap_none|                 B_TILE_266_i|       pointer|
|B_TILE_266_i_ap_vld  |   in|     1|     ap_none|                 B_TILE_266_i|       pointer|
|B_TILE_267_i         |   in|    32|     ap_none|                 B_TILE_267_i|       pointer|
|B_TILE_267_i_ap_vld  |   in|     1|     ap_none|                 B_TILE_267_i|       pointer|
|B_TILE_268_i         |   in|    32|     ap_none|                 B_TILE_268_i|       pointer|
|B_TILE_268_i_ap_vld  |   in|     1|     ap_none|                 B_TILE_268_i|       pointer|
|B_TILE_269_i         |   in|    32|     ap_none|                 B_TILE_269_i|       pointer|
|B_TILE_269_i_ap_vld  |   in|     1|     ap_none|                 B_TILE_269_i|       pointer|
|B_TILE_270_i         |   in|    32|     ap_none|                 B_TILE_270_i|       pointer|
|B_TILE_270_i_ap_vld  |   in|     1|     ap_none|                 B_TILE_270_i|       pointer|
|B_TILE_271_i         |   in|    32|     ap_none|                 B_TILE_271_i|       pointer|
|B_TILE_271_i_ap_vld  |   in|     1|     ap_none|                 B_TILE_271_i|       pointer|
|B_TILE_272_i         |   in|    32|     ap_none|                 B_TILE_272_i|       pointer|
|B_TILE_272_i_ap_vld  |   in|     1|     ap_none|                 B_TILE_272_i|       pointer|
|B_TILE_273_i         |   in|    32|     ap_none|                 B_TILE_273_i|       pointer|
|B_TILE_273_i_ap_vld  |   in|     1|     ap_none|                 B_TILE_273_i|       pointer|
|B_TILE_274_i         |   in|    32|     ap_none|                 B_TILE_274_i|       pointer|
|B_TILE_274_i_ap_vld  |   in|     1|     ap_none|                 B_TILE_274_i|       pointer|
|B_TILE_275_i         |   in|    32|     ap_none|                 B_TILE_275_i|       pointer|
|B_TILE_275_i_ap_vld  |   in|     1|     ap_none|                 B_TILE_275_i|       pointer|
|B_TILE_276_i         |   in|    32|     ap_none|                 B_TILE_276_i|       pointer|
|B_TILE_276_i_ap_vld  |   in|     1|     ap_none|                 B_TILE_276_i|       pointer|
|B_TILE_277_i         |   in|    32|     ap_none|                 B_TILE_277_i|       pointer|
|B_TILE_277_i_ap_vld  |   in|     1|     ap_none|                 B_TILE_277_i|       pointer|
|B_TILE_278_i         |   in|    32|     ap_none|                 B_TILE_278_i|       pointer|
|B_TILE_278_i_ap_vld  |   in|     1|     ap_none|                 B_TILE_278_i|       pointer|
|B_TILE_279_i         |   in|    32|     ap_none|                 B_TILE_279_i|       pointer|
|B_TILE_279_i_ap_vld  |   in|     1|     ap_none|                 B_TILE_279_i|       pointer|
|B_TILE_280_i         |   in|    32|     ap_none|                 B_TILE_280_i|       pointer|
|B_TILE_280_i_ap_vld  |   in|     1|     ap_none|                 B_TILE_280_i|       pointer|
|B_TILE_281_i         |   in|    32|     ap_none|                 B_TILE_281_i|       pointer|
|B_TILE_281_i_ap_vld  |   in|     1|     ap_none|                 B_TILE_281_i|       pointer|
|B_TILE_282_i         |   in|    32|     ap_none|                 B_TILE_282_i|       pointer|
|B_TILE_282_i_ap_vld  |   in|     1|     ap_none|                 B_TILE_282_i|       pointer|
|B_TILE_283_i         |   in|    32|     ap_none|                 B_TILE_283_i|       pointer|
|B_TILE_283_i_ap_vld  |   in|     1|     ap_none|                 B_TILE_283_i|       pointer|
|B_TILE_284_i         |   in|    32|     ap_none|                 B_TILE_284_i|       pointer|
|B_TILE_284_i_ap_vld  |   in|     1|     ap_none|                 B_TILE_284_i|       pointer|
|B_TILE_285_i         |   in|    32|     ap_none|                 B_TILE_285_i|       pointer|
|B_TILE_285_i_ap_vld  |   in|     1|     ap_none|                 B_TILE_285_i|       pointer|
|B_TILE_286_i         |   in|    32|     ap_none|                 B_TILE_286_i|       pointer|
|B_TILE_286_i_ap_vld  |   in|     1|     ap_none|                 B_TILE_286_i|       pointer|
|B_TILE_287_i         |   in|    32|     ap_none|                 B_TILE_287_i|       pointer|
|B_TILE_287_i_ap_vld  |   in|     1|     ap_none|                 B_TILE_287_i|       pointer|
|B_TILE_288_i         |   in|    32|     ap_none|                 B_TILE_288_i|       pointer|
|B_TILE_288_i_ap_vld  |   in|     1|     ap_none|                 B_TILE_288_i|       pointer|
|B_TILE_289_i         |   in|    32|     ap_none|                 B_TILE_289_i|       pointer|
|B_TILE_289_i_ap_vld  |   in|     1|     ap_none|                 B_TILE_289_i|       pointer|
|B_TILE_290_i         |   in|    32|     ap_none|                 B_TILE_290_i|       pointer|
|B_TILE_290_i_ap_vld  |   in|     1|     ap_none|                 B_TILE_290_i|       pointer|
|B_TILE_291_i         |   in|    32|     ap_none|                 B_TILE_291_i|       pointer|
|B_TILE_291_i_ap_vld  |   in|     1|     ap_none|                 B_TILE_291_i|       pointer|
|B_TILE_292_i         |   in|    32|     ap_none|                 B_TILE_292_i|       pointer|
|B_TILE_292_i_ap_vld  |   in|     1|     ap_none|                 B_TILE_292_i|       pointer|
|B_TILE_293_i         |   in|    32|     ap_none|                 B_TILE_293_i|       pointer|
|B_TILE_293_i_ap_vld  |   in|     1|     ap_none|                 B_TILE_293_i|       pointer|
|B_TILE_294_i         |   in|    32|     ap_none|                 B_TILE_294_i|       pointer|
|B_TILE_294_i_ap_vld  |   in|     1|     ap_none|                 B_TILE_294_i|       pointer|
|B_TILE_295_i         |   in|    32|     ap_none|                 B_TILE_295_i|       pointer|
|B_TILE_295_i_ap_vld  |   in|     1|     ap_none|                 B_TILE_295_i|       pointer|
|B_TILE_296_i         |   in|    32|     ap_none|                 B_TILE_296_i|       pointer|
|B_TILE_296_i_ap_vld  |   in|     1|     ap_none|                 B_TILE_296_i|       pointer|
|B_TILE_297_i         |   in|    32|     ap_none|                 B_TILE_297_i|       pointer|
|B_TILE_297_i_ap_vld  |   in|     1|     ap_none|                 B_TILE_297_i|       pointer|
|B_TILE_298_i         |   in|    32|     ap_none|                 B_TILE_298_i|       pointer|
|B_TILE_298_i_ap_vld  |   in|     1|     ap_none|                 B_TILE_298_i|       pointer|
|B_TILE_299_i         |   in|    32|     ap_none|                 B_TILE_299_i|       pointer|
|B_TILE_299_i_ap_vld  |   in|     1|     ap_none|                 B_TILE_299_i|       pointer|
|B_TILE_300_i         |   in|    32|     ap_none|                 B_TILE_300_i|       pointer|
|B_TILE_300_i_ap_vld  |   in|     1|     ap_none|                 B_TILE_300_i|       pointer|
|B_TILE_301_i         |   in|    32|     ap_none|                 B_TILE_301_i|       pointer|
|B_TILE_301_i_ap_vld  |   in|     1|     ap_none|                 B_TILE_301_i|       pointer|
|B_TILE_302_i         |   in|    32|     ap_none|                 B_TILE_302_i|       pointer|
|B_TILE_302_i_ap_vld  |   in|     1|     ap_none|                 B_TILE_302_i|       pointer|
|B_TILE_303_i         |   in|    32|     ap_none|                 B_TILE_303_i|       pointer|
|B_TILE_303_i_ap_vld  |   in|     1|     ap_none|                 B_TILE_303_i|       pointer|
|B_TILE_304_i         |   in|    32|     ap_none|                 B_TILE_304_i|       pointer|
|B_TILE_304_i_ap_vld  |   in|     1|     ap_none|                 B_TILE_304_i|       pointer|
|B_TILE_305_i         |   in|    32|     ap_none|                 B_TILE_305_i|       pointer|
|B_TILE_305_i_ap_vld  |   in|     1|     ap_none|                 B_TILE_305_i|       pointer|
|B_TILE_306_i         |   in|    32|     ap_none|                 B_TILE_306_i|       pointer|
|B_TILE_306_i_ap_vld  |   in|     1|     ap_none|                 B_TILE_306_i|       pointer|
|B_TILE_307_i         |   in|    32|     ap_none|                 B_TILE_307_i|       pointer|
|B_TILE_307_i_ap_vld  |   in|     1|     ap_none|                 B_TILE_307_i|       pointer|
|B_TILE_308_i         |   in|    32|     ap_none|                 B_TILE_308_i|       pointer|
|B_TILE_308_i_ap_vld  |   in|     1|     ap_none|                 B_TILE_308_i|       pointer|
|B_TILE_309_i         |   in|    32|     ap_none|                 B_TILE_309_i|       pointer|
|B_TILE_309_i_ap_vld  |   in|     1|     ap_none|                 B_TILE_309_i|       pointer|
|B_TILE_310_i         |   in|    32|     ap_none|                 B_TILE_310_i|       pointer|
|B_TILE_310_i_ap_vld  |   in|     1|     ap_none|                 B_TILE_310_i|       pointer|
|B_TILE_311_i         |   in|    32|     ap_none|                 B_TILE_311_i|       pointer|
|B_TILE_311_i_ap_vld  |   in|     1|     ap_none|                 B_TILE_311_i|       pointer|
|B_TILE_312_i         |   in|    32|     ap_none|                 B_TILE_312_i|       pointer|
|B_TILE_312_i_ap_vld  |   in|     1|     ap_none|                 B_TILE_312_i|       pointer|
|B_TILE_313_i         |   in|    32|     ap_none|                 B_TILE_313_i|       pointer|
|B_TILE_313_i_ap_vld  |   in|     1|     ap_none|                 B_TILE_313_i|       pointer|
|B_TILE_314_i         |   in|    32|     ap_none|                 B_TILE_314_i|       pointer|
|B_TILE_314_i_ap_vld  |   in|     1|     ap_none|                 B_TILE_314_i|       pointer|
|B_TILE_315_i         |   in|    32|     ap_none|                 B_TILE_315_i|       pointer|
|B_TILE_315_i_ap_vld  |   in|     1|     ap_none|                 B_TILE_315_i|       pointer|
|B_TILE_316_i         |   in|    32|     ap_none|                 B_TILE_316_i|       pointer|
|B_TILE_316_i_ap_vld  |   in|     1|     ap_none|                 B_TILE_316_i|       pointer|
|B_TILE_317_i         |   in|    32|     ap_none|                 B_TILE_317_i|       pointer|
|B_TILE_317_i_ap_vld  |   in|     1|     ap_none|                 B_TILE_317_i|       pointer|
|B_TILE_318_i         |   in|    32|     ap_none|                 B_TILE_318_i|       pointer|
|B_TILE_318_i_ap_vld  |   in|     1|     ap_none|                 B_TILE_318_i|       pointer|
|B_TILE_319_i         |   in|    32|     ap_none|                 B_TILE_319_i|       pointer|
|B_TILE_319_i_ap_vld  |   in|     1|     ap_none|                 B_TILE_319_i|       pointer|
|B_TILE_320_i         |   in|    32|     ap_none|                 B_TILE_320_i|       pointer|
|B_TILE_320_i_ap_vld  |   in|     1|     ap_none|                 B_TILE_320_i|       pointer|
|B_TILE_321_i         |   in|    32|     ap_none|                 B_TILE_321_i|       pointer|
|B_TILE_321_i_ap_vld  |   in|     1|     ap_none|                 B_TILE_321_i|       pointer|
|B_TILE_322_i         |   in|    32|     ap_none|                 B_TILE_322_i|       pointer|
|B_TILE_322_i_ap_vld  |   in|     1|     ap_none|                 B_TILE_322_i|       pointer|
|B_TILE_323_i         |   in|    32|     ap_none|                 B_TILE_323_i|       pointer|
|B_TILE_323_i_ap_vld  |   in|     1|     ap_none|                 B_TILE_323_i|       pointer|
|B_TILE_324_i         |   in|    32|     ap_none|                 B_TILE_324_i|       pointer|
|B_TILE_324_i_ap_vld  |   in|     1|     ap_none|                 B_TILE_324_i|       pointer|
|B_TILE_325_i         |   in|    32|     ap_none|                 B_TILE_325_i|       pointer|
|B_TILE_325_i_ap_vld  |   in|     1|     ap_none|                 B_TILE_325_i|       pointer|
|B_TILE_326_i         |   in|    32|     ap_none|                 B_TILE_326_i|       pointer|
|B_TILE_326_i_ap_vld  |   in|     1|     ap_none|                 B_TILE_326_i|       pointer|
|B_TILE_327_i         |   in|    32|     ap_none|                 B_TILE_327_i|       pointer|
|B_TILE_327_i_ap_vld  |   in|     1|     ap_none|                 B_TILE_327_i|       pointer|
|B_TILE_328_i         |   in|    32|     ap_none|                 B_TILE_328_i|       pointer|
|B_TILE_328_i_ap_vld  |   in|     1|     ap_none|                 B_TILE_328_i|       pointer|
|B_TILE_329_i         |   in|    32|     ap_none|                 B_TILE_329_i|       pointer|
|B_TILE_329_i_ap_vld  |   in|     1|     ap_none|                 B_TILE_329_i|       pointer|
|B_TILE_330_i         |   in|    32|     ap_none|                 B_TILE_330_i|       pointer|
|B_TILE_330_i_ap_vld  |   in|     1|     ap_none|                 B_TILE_330_i|       pointer|
|B_TILE_331_i         |   in|    32|     ap_none|                 B_TILE_331_i|       pointer|
|B_TILE_331_i_ap_vld  |   in|     1|     ap_none|                 B_TILE_331_i|       pointer|
|B_TILE_332_i         |   in|    32|     ap_none|                 B_TILE_332_i|       pointer|
|B_TILE_332_i_ap_vld  |   in|     1|     ap_none|                 B_TILE_332_i|       pointer|
|B_TILE_333_i         |   in|    32|     ap_none|                 B_TILE_333_i|       pointer|
|B_TILE_333_i_ap_vld  |   in|     1|     ap_none|                 B_TILE_333_i|       pointer|
|B_TILE_334_i         |   in|    32|     ap_none|                 B_TILE_334_i|       pointer|
|B_TILE_334_i_ap_vld  |   in|     1|     ap_none|                 B_TILE_334_i|       pointer|
|B_TILE_335_i         |   in|    32|     ap_none|                 B_TILE_335_i|       pointer|
|B_TILE_335_i_ap_vld  |   in|     1|     ap_none|                 B_TILE_335_i|       pointer|
|B_TILE_336_i         |   in|    32|     ap_none|                 B_TILE_336_i|       pointer|
|B_TILE_336_i_ap_vld  |   in|     1|     ap_none|                 B_TILE_336_i|       pointer|
|B_TILE_337_i         |   in|    32|     ap_none|                 B_TILE_337_i|       pointer|
|B_TILE_337_i_ap_vld  |   in|     1|     ap_none|                 B_TILE_337_i|       pointer|
|B_TILE_338_i         |   in|    32|     ap_none|                 B_TILE_338_i|       pointer|
|B_TILE_338_i_ap_vld  |   in|     1|     ap_none|                 B_TILE_338_i|       pointer|
|B_TILE_339_i         |   in|    32|     ap_none|                 B_TILE_339_i|       pointer|
|B_TILE_339_i_ap_vld  |   in|     1|     ap_none|                 B_TILE_339_i|       pointer|
|B_TILE_340_i         |   in|    32|     ap_none|                 B_TILE_340_i|       pointer|
|B_TILE_340_i_ap_vld  |   in|     1|     ap_none|                 B_TILE_340_i|       pointer|
|B_TILE_341_i         |   in|    32|     ap_none|                 B_TILE_341_i|       pointer|
|B_TILE_341_i_ap_vld  |   in|     1|     ap_none|                 B_TILE_341_i|       pointer|
|B_TILE_342_i         |   in|    32|     ap_none|                 B_TILE_342_i|       pointer|
|B_TILE_342_i_ap_vld  |   in|     1|     ap_none|                 B_TILE_342_i|       pointer|
|B_TILE_343_i         |   in|    32|     ap_none|                 B_TILE_343_i|       pointer|
|B_TILE_343_i_ap_vld  |   in|     1|     ap_none|                 B_TILE_343_i|       pointer|
|B_TILE_344_i         |   in|    32|     ap_none|                 B_TILE_344_i|       pointer|
|B_TILE_344_i_ap_vld  |   in|     1|     ap_none|                 B_TILE_344_i|       pointer|
|B_TILE_345_i         |   in|    32|     ap_none|                 B_TILE_345_i|       pointer|
|B_TILE_345_i_ap_vld  |   in|     1|     ap_none|                 B_TILE_345_i|       pointer|
|B_TILE_346_i         |   in|    32|     ap_none|                 B_TILE_346_i|       pointer|
|B_TILE_346_i_ap_vld  |   in|     1|     ap_none|                 B_TILE_346_i|       pointer|
|B_TILE_347_i         |   in|    32|     ap_none|                 B_TILE_347_i|       pointer|
|B_TILE_347_i_ap_vld  |   in|     1|     ap_none|                 B_TILE_347_i|       pointer|
|B_TILE_348_i         |   in|    32|     ap_none|                 B_TILE_348_i|       pointer|
|B_TILE_348_i_ap_vld  |   in|     1|     ap_none|                 B_TILE_348_i|       pointer|
|B_TILE_349_i         |   in|    32|     ap_none|                 B_TILE_349_i|       pointer|
|B_TILE_349_i_ap_vld  |   in|     1|     ap_none|                 B_TILE_349_i|       pointer|
|B_TILE_350_i         |   in|    32|     ap_none|                 B_TILE_350_i|       pointer|
|B_TILE_350_i_ap_vld  |   in|     1|     ap_none|                 B_TILE_350_i|       pointer|
|B_TILE_351_i         |   in|    32|     ap_none|                 B_TILE_351_i|       pointer|
|B_TILE_351_i_ap_vld  |   in|     1|     ap_none|                 B_TILE_351_i|       pointer|
|B_TILE_352_i         |   in|    32|     ap_none|                 B_TILE_352_i|       pointer|
|B_TILE_352_i_ap_vld  |   in|     1|     ap_none|                 B_TILE_352_i|       pointer|
|B_TILE_353_i         |   in|    32|     ap_none|                 B_TILE_353_i|       pointer|
|B_TILE_353_i_ap_vld  |   in|     1|     ap_none|                 B_TILE_353_i|       pointer|
|B_TILE_354_i         |   in|    32|     ap_none|                 B_TILE_354_i|       pointer|
|B_TILE_354_i_ap_vld  |   in|     1|     ap_none|                 B_TILE_354_i|       pointer|
|B_TILE_355_i         |   in|    32|     ap_none|                 B_TILE_355_i|       pointer|
|B_TILE_355_i_ap_vld  |   in|     1|     ap_none|                 B_TILE_355_i|       pointer|
|B_TILE_356_i         |   in|    32|     ap_none|                 B_TILE_356_i|       pointer|
|B_TILE_356_i_ap_vld  |   in|     1|     ap_none|                 B_TILE_356_i|       pointer|
|B_TILE_357_i         |   in|    32|     ap_none|                 B_TILE_357_i|       pointer|
|B_TILE_357_i_ap_vld  |   in|     1|     ap_none|                 B_TILE_357_i|       pointer|
|B_TILE_358_i         |   in|    32|     ap_none|                 B_TILE_358_i|       pointer|
|B_TILE_358_i_ap_vld  |   in|     1|     ap_none|                 B_TILE_358_i|       pointer|
|B_TILE_359_i         |   in|    32|     ap_none|                 B_TILE_359_i|       pointer|
|B_TILE_359_i_ap_vld  |   in|     1|     ap_none|                 B_TILE_359_i|       pointer|
|B_TILE_360_i         |   in|    32|     ap_none|                 B_TILE_360_i|       pointer|
|B_TILE_360_i_ap_vld  |   in|     1|     ap_none|                 B_TILE_360_i|       pointer|
|B_TILE_361_i         |   in|    32|     ap_none|                 B_TILE_361_i|       pointer|
|B_TILE_361_i_ap_vld  |   in|     1|     ap_none|                 B_TILE_361_i|       pointer|
|B_TILE_362_i         |   in|    32|     ap_none|                 B_TILE_362_i|       pointer|
|B_TILE_362_i_ap_vld  |   in|     1|     ap_none|                 B_TILE_362_i|       pointer|
|B_TILE_363_i         |   in|    32|     ap_none|                 B_TILE_363_i|       pointer|
|B_TILE_363_i_ap_vld  |   in|     1|     ap_none|                 B_TILE_363_i|       pointer|
|B_TILE_364_i         |   in|    32|     ap_none|                 B_TILE_364_i|       pointer|
|B_TILE_364_i_ap_vld  |   in|     1|     ap_none|                 B_TILE_364_i|       pointer|
|B_TILE_365_i         |   in|    32|     ap_none|                 B_TILE_365_i|       pointer|
|B_TILE_365_i_ap_vld  |   in|     1|     ap_none|                 B_TILE_365_i|       pointer|
|B_TILE_366_i         |   in|    32|     ap_none|                 B_TILE_366_i|       pointer|
|B_TILE_366_i_ap_vld  |   in|     1|     ap_none|                 B_TILE_366_i|       pointer|
|B_TILE_367_i         |   in|    32|     ap_none|                 B_TILE_367_i|       pointer|
|B_TILE_367_i_ap_vld  |   in|     1|     ap_none|                 B_TILE_367_i|       pointer|
|B_TILE_368_i         |   in|    32|     ap_none|                 B_TILE_368_i|       pointer|
|B_TILE_368_i_ap_vld  |   in|     1|     ap_none|                 B_TILE_368_i|       pointer|
|B_TILE_369_i         |   in|    32|     ap_none|                 B_TILE_369_i|       pointer|
|B_TILE_369_i_ap_vld  |   in|     1|     ap_none|                 B_TILE_369_i|       pointer|
|B_TILE_370_i         |   in|    32|     ap_none|                 B_TILE_370_i|       pointer|
|B_TILE_370_i_ap_vld  |   in|     1|     ap_none|                 B_TILE_370_i|       pointer|
|B_TILE_371_i         |   in|    32|     ap_none|                 B_TILE_371_i|       pointer|
|B_TILE_371_i_ap_vld  |   in|     1|     ap_none|                 B_TILE_371_i|       pointer|
|B_TILE_372_i         |   in|    32|     ap_none|                 B_TILE_372_i|       pointer|
|B_TILE_372_i_ap_vld  |   in|     1|     ap_none|                 B_TILE_372_i|       pointer|
|B_TILE_373_i         |   in|    32|     ap_none|                 B_TILE_373_i|       pointer|
|B_TILE_373_i_ap_vld  |   in|     1|     ap_none|                 B_TILE_373_i|       pointer|
|B_TILE_374_i         |   in|    32|     ap_none|                 B_TILE_374_i|       pointer|
|B_TILE_374_i_ap_vld  |   in|     1|     ap_none|                 B_TILE_374_i|       pointer|
|B_TILE_375_i         |   in|    32|     ap_none|                 B_TILE_375_i|       pointer|
|B_TILE_375_i_ap_vld  |   in|     1|     ap_none|                 B_TILE_375_i|       pointer|
|B_TILE_376_i         |   in|    32|     ap_none|                 B_TILE_376_i|       pointer|
|B_TILE_376_i_ap_vld  |   in|     1|     ap_none|                 B_TILE_376_i|       pointer|
|B_TILE_377_i         |   in|    32|     ap_none|                 B_TILE_377_i|       pointer|
|B_TILE_377_i_ap_vld  |   in|     1|     ap_none|                 B_TILE_377_i|       pointer|
|B_TILE_378_i         |   in|    32|     ap_none|                 B_TILE_378_i|       pointer|
|B_TILE_378_i_ap_vld  |   in|     1|     ap_none|                 B_TILE_378_i|       pointer|
|B_TILE_379_i         |   in|    32|     ap_none|                 B_TILE_379_i|       pointer|
|B_TILE_379_i_ap_vld  |   in|     1|     ap_none|                 B_TILE_379_i|       pointer|
|B_TILE_380_i         |   in|    32|     ap_none|                 B_TILE_380_i|       pointer|
|B_TILE_380_i_ap_vld  |   in|     1|     ap_none|                 B_TILE_380_i|       pointer|
|B_TILE_381_i         |   in|    32|     ap_none|                 B_TILE_381_i|       pointer|
|B_TILE_381_i_ap_vld  |   in|     1|     ap_none|                 B_TILE_381_i|       pointer|
|B_TILE_382_i         |   in|    32|     ap_none|                 B_TILE_382_i|       pointer|
|B_TILE_382_i_ap_vld  |   in|     1|     ap_none|                 B_TILE_382_i|       pointer|
|B_TILE_383_i         |   in|    32|     ap_none|                 B_TILE_383_i|       pointer|
|B_TILE_383_i_ap_vld  |   in|     1|     ap_none|                 B_TILE_383_i|       pointer|
|B_TILE_384_i         |   in|    32|     ap_none|                 B_TILE_384_i|       pointer|
|B_TILE_384_i_ap_vld  |   in|     1|     ap_none|                 B_TILE_384_i|       pointer|
|B_TILE_385_i         |   in|    32|     ap_none|                 B_TILE_385_i|       pointer|
|B_TILE_385_i_ap_vld  |   in|     1|     ap_none|                 B_TILE_385_i|       pointer|
|B_TILE_386_i         |   in|    32|     ap_none|                 B_TILE_386_i|       pointer|
|B_TILE_386_i_ap_vld  |   in|     1|     ap_none|                 B_TILE_386_i|       pointer|
|B_TILE_387_i         |   in|    32|     ap_none|                 B_TILE_387_i|       pointer|
|B_TILE_387_i_ap_vld  |   in|     1|     ap_none|                 B_TILE_387_i|       pointer|
|B_TILE_388_i         |   in|    32|     ap_none|                 B_TILE_388_i|       pointer|
|B_TILE_388_i_ap_vld  |   in|     1|     ap_none|                 B_TILE_388_i|       pointer|
|B_TILE_389_i         |   in|    32|     ap_none|                 B_TILE_389_i|       pointer|
|B_TILE_389_i_ap_vld  |   in|     1|     ap_none|                 B_TILE_389_i|       pointer|
|B_TILE_390_i         |   in|    32|     ap_none|                 B_TILE_390_i|       pointer|
|B_TILE_390_i_ap_vld  |   in|     1|     ap_none|                 B_TILE_390_i|       pointer|
|B_TILE_391_i         |   in|    32|     ap_none|                 B_TILE_391_i|       pointer|
|B_TILE_391_i_ap_vld  |   in|     1|     ap_none|                 B_TILE_391_i|       pointer|
|B_TILE_392_i         |   in|    32|     ap_none|                 B_TILE_392_i|       pointer|
|B_TILE_392_i_ap_vld  |   in|     1|     ap_none|                 B_TILE_392_i|       pointer|
|B_TILE_393_i         |   in|    32|     ap_none|                 B_TILE_393_i|       pointer|
|B_TILE_393_i_ap_vld  |   in|     1|     ap_none|                 B_TILE_393_i|       pointer|
|B_TILE_394_i         |   in|    32|     ap_none|                 B_TILE_394_i|       pointer|
|B_TILE_394_i_ap_vld  |   in|     1|     ap_none|                 B_TILE_394_i|       pointer|
|B_TILE_395_i         |   in|    32|     ap_none|                 B_TILE_395_i|       pointer|
|B_TILE_395_i_ap_vld  |   in|     1|     ap_none|                 B_TILE_395_i|       pointer|
|B_TILE_396_i         |   in|    32|     ap_none|                 B_TILE_396_i|       pointer|
|B_TILE_396_i_ap_vld  |   in|     1|     ap_none|                 B_TILE_396_i|       pointer|
|B_TILE_397_i         |   in|    32|     ap_none|                 B_TILE_397_i|       pointer|
|B_TILE_397_i_ap_vld  |   in|     1|     ap_none|                 B_TILE_397_i|       pointer|
|B_TILE_398_i         |   in|    32|     ap_none|                 B_TILE_398_i|       pointer|
|B_TILE_398_i_ap_vld  |   in|     1|     ap_none|                 B_TILE_398_i|       pointer|
|B_TILE_399_i         |   in|    32|     ap_none|                 B_TILE_399_i|       pointer|
|B_TILE_399_i_ap_vld  |   in|     1|     ap_none|                 B_TILE_399_i|       pointer|
|B_TILE_400_i         |   in|    32|     ap_none|                 B_TILE_400_i|       pointer|
|B_TILE_400_i_ap_vld  |   in|     1|     ap_none|                 B_TILE_400_i|       pointer|
|B_TILE_401_i         |   in|    32|     ap_none|                 B_TILE_401_i|       pointer|
|B_TILE_401_i_ap_vld  |   in|     1|     ap_none|                 B_TILE_401_i|       pointer|
|B_TILE_402_i         |   in|    32|     ap_none|                 B_TILE_402_i|       pointer|
|B_TILE_402_i_ap_vld  |   in|     1|     ap_none|                 B_TILE_402_i|       pointer|
|B_TILE_403_i         |   in|    32|     ap_none|                 B_TILE_403_i|       pointer|
|B_TILE_403_i_ap_vld  |   in|     1|     ap_none|                 B_TILE_403_i|       pointer|
|B_TILE_404_i         |   in|    32|     ap_none|                 B_TILE_404_i|       pointer|
|B_TILE_404_i_ap_vld  |   in|     1|     ap_none|                 B_TILE_404_i|       pointer|
|B_TILE_405_i         |   in|    32|     ap_none|                 B_TILE_405_i|       pointer|
|B_TILE_405_i_ap_vld  |   in|     1|     ap_none|                 B_TILE_405_i|       pointer|
|B_TILE_406_i         |   in|    32|     ap_none|                 B_TILE_406_i|       pointer|
|B_TILE_406_i_ap_vld  |   in|     1|     ap_none|                 B_TILE_406_i|       pointer|
|B_TILE_407_i         |   in|    32|     ap_none|                 B_TILE_407_i|       pointer|
|B_TILE_407_i_ap_vld  |   in|     1|     ap_none|                 B_TILE_407_i|       pointer|
|B_TILE_408_i         |   in|    32|     ap_none|                 B_TILE_408_i|       pointer|
|B_TILE_408_i_ap_vld  |   in|     1|     ap_none|                 B_TILE_408_i|       pointer|
|B_TILE_409_i         |   in|    32|     ap_none|                 B_TILE_409_i|       pointer|
|B_TILE_409_i_ap_vld  |   in|     1|     ap_none|                 B_TILE_409_i|       pointer|
|B_TILE_410_i         |   in|    32|     ap_none|                 B_TILE_410_i|       pointer|
|B_TILE_410_i_ap_vld  |   in|     1|     ap_none|                 B_TILE_410_i|       pointer|
|B_TILE_411_i         |   in|    32|     ap_none|                 B_TILE_411_i|       pointer|
|B_TILE_411_i_ap_vld  |   in|     1|     ap_none|                 B_TILE_411_i|       pointer|
|B_TILE_412_i         |   in|    32|     ap_none|                 B_TILE_412_i|       pointer|
|B_TILE_412_i_ap_vld  |   in|     1|     ap_none|                 B_TILE_412_i|       pointer|
|B_TILE_413_i         |   in|    32|     ap_none|                 B_TILE_413_i|       pointer|
|B_TILE_413_i_ap_vld  |   in|     1|     ap_none|                 B_TILE_413_i|       pointer|
|B_TILE_414_i         |   in|    32|     ap_none|                 B_TILE_414_i|       pointer|
|B_TILE_414_i_ap_vld  |   in|     1|     ap_none|                 B_TILE_414_i|       pointer|
|B_TILE_415_i         |   in|    32|     ap_none|                 B_TILE_415_i|       pointer|
|B_TILE_415_i_ap_vld  |   in|     1|     ap_none|                 B_TILE_415_i|       pointer|
|B_TILE_416_i         |   in|    32|     ap_none|                 B_TILE_416_i|       pointer|
|B_TILE_416_i_ap_vld  |   in|     1|     ap_none|                 B_TILE_416_i|       pointer|
|B_TILE_417_i         |   in|    32|     ap_none|                 B_TILE_417_i|       pointer|
|B_TILE_417_i_ap_vld  |   in|     1|     ap_none|                 B_TILE_417_i|       pointer|
|B_TILE_418_i         |   in|    32|     ap_none|                 B_TILE_418_i|       pointer|
|B_TILE_418_i_ap_vld  |   in|     1|     ap_none|                 B_TILE_418_i|       pointer|
|B_TILE_419_i         |   in|    32|     ap_none|                 B_TILE_419_i|       pointer|
|B_TILE_419_i_ap_vld  |   in|     1|     ap_none|                 B_TILE_419_i|       pointer|
|B_TILE_420_i         |   in|    32|     ap_none|                 B_TILE_420_i|       pointer|
|B_TILE_420_i_ap_vld  |   in|     1|     ap_none|                 B_TILE_420_i|       pointer|
|B_TILE_421_i         |   in|    32|     ap_none|                 B_TILE_421_i|       pointer|
|B_TILE_421_i_ap_vld  |   in|     1|     ap_none|                 B_TILE_421_i|       pointer|
|B_TILE_422_i         |   in|    32|     ap_none|                 B_TILE_422_i|       pointer|
|B_TILE_422_i_ap_vld  |   in|     1|     ap_none|                 B_TILE_422_i|       pointer|
|B_TILE_423_i         |   in|    32|     ap_none|                 B_TILE_423_i|       pointer|
|B_TILE_423_i_ap_vld  |   in|     1|     ap_none|                 B_TILE_423_i|       pointer|
|B_TILE_424_i         |   in|    32|     ap_none|                 B_TILE_424_i|       pointer|
|B_TILE_424_i_ap_vld  |   in|     1|     ap_none|                 B_TILE_424_i|       pointer|
|B_TILE_425_i         |   in|    32|     ap_none|                 B_TILE_425_i|       pointer|
|B_TILE_425_i_ap_vld  |   in|     1|     ap_none|                 B_TILE_425_i|       pointer|
|B_TILE_426_i         |   in|    32|     ap_none|                 B_TILE_426_i|       pointer|
|B_TILE_426_i_ap_vld  |   in|     1|     ap_none|                 B_TILE_426_i|       pointer|
|B_TILE_427_i         |   in|    32|     ap_none|                 B_TILE_427_i|       pointer|
|B_TILE_427_i_ap_vld  |   in|     1|     ap_none|                 B_TILE_427_i|       pointer|
|B_TILE_428_i         |   in|    32|     ap_none|                 B_TILE_428_i|       pointer|
|B_TILE_428_i_ap_vld  |   in|     1|     ap_none|                 B_TILE_428_i|       pointer|
|B_TILE_429_i         |   in|    32|     ap_none|                 B_TILE_429_i|       pointer|
|B_TILE_429_i_ap_vld  |   in|     1|     ap_none|                 B_TILE_429_i|       pointer|
|B_TILE_430_i         |   in|    32|     ap_none|                 B_TILE_430_i|       pointer|
|B_TILE_430_i_ap_vld  |   in|     1|     ap_none|                 B_TILE_430_i|       pointer|
|B_TILE_431_i         |   in|    32|     ap_none|                 B_TILE_431_i|       pointer|
|B_TILE_431_i_ap_vld  |   in|     1|     ap_none|                 B_TILE_431_i|       pointer|
|B_TILE_432_i         |   in|    32|     ap_none|                 B_TILE_432_i|       pointer|
|B_TILE_432_i_ap_vld  |   in|     1|     ap_none|                 B_TILE_432_i|       pointer|
|B_TILE_433_i         |   in|    32|     ap_none|                 B_TILE_433_i|       pointer|
|B_TILE_433_i_ap_vld  |   in|     1|     ap_none|                 B_TILE_433_i|       pointer|
|B_TILE_434_i         |   in|    32|     ap_none|                 B_TILE_434_i|       pointer|
|B_TILE_434_i_ap_vld  |   in|     1|     ap_none|                 B_TILE_434_i|       pointer|
|B_TILE_435_i         |   in|    32|     ap_none|                 B_TILE_435_i|       pointer|
|B_TILE_435_i_ap_vld  |   in|     1|     ap_none|                 B_TILE_435_i|       pointer|
|B_TILE_436_i         |   in|    32|     ap_none|                 B_TILE_436_i|       pointer|
|B_TILE_436_i_ap_vld  |   in|     1|     ap_none|                 B_TILE_436_i|       pointer|
|B_TILE_437_i         |   in|    32|     ap_none|                 B_TILE_437_i|       pointer|
|B_TILE_437_i_ap_vld  |   in|     1|     ap_none|                 B_TILE_437_i|       pointer|
|B_TILE_438_i         |   in|    32|     ap_none|                 B_TILE_438_i|       pointer|
|B_TILE_438_i_ap_vld  |   in|     1|     ap_none|                 B_TILE_438_i|       pointer|
|B_TILE_439_i         |   in|    32|     ap_none|                 B_TILE_439_i|       pointer|
|B_TILE_439_i_ap_vld  |   in|     1|     ap_none|                 B_TILE_439_i|       pointer|
|B_TILE_440_i         |   in|    32|     ap_none|                 B_TILE_440_i|       pointer|
|B_TILE_440_i_ap_vld  |   in|     1|     ap_none|                 B_TILE_440_i|       pointer|
|B_TILE_441_i         |   in|    32|     ap_none|                 B_TILE_441_i|       pointer|
|B_TILE_441_i_ap_vld  |   in|     1|     ap_none|                 B_TILE_441_i|       pointer|
|B_TILE_442_i         |   in|    32|     ap_none|                 B_TILE_442_i|       pointer|
|B_TILE_442_i_ap_vld  |   in|     1|     ap_none|                 B_TILE_442_i|       pointer|
|B_TILE_443_i         |   in|    32|     ap_none|                 B_TILE_443_i|       pointer|
|B_TILE_443_i_ap_vld  |   in|     1|     ap_none|                 B_TILE_443_i|       pointer|
|B_TILE_444_i         |   in|    32|     ap_none|                 B_TILE_444_i|       pointer|
|B_TILE_444_i_ap_vld  |   in|     1|     ap_none|                 B_TILE_444_i|       pointer|
|B_TILE_445_i         |   in|    32|     ap_none|                 B_TILE_445_i|       pointer|
|B_TILE_445_i_ap_vld  |   in|     1|     ap_none|                 B_TILE_445_i|       pointer|
|B_TILE_446_i         |   in|    32|     ap_none|                 B_TILE_446_i|       pointer|
|B_TILE_446_i_ap_vld  |   in|     1|     ap_none|                 B_TILE_446_i|       pointer|
|B_TILE_447_i         |   in|    32|     ap_none|                 B_TILE_447_i|       pointer|
|B_TILE_447_i_ap_vld  |   in|     1|     ap_none|                 B_TILE_447_i|       pointer|
|B_TILE_448_i         |   in|    32|     ap_none|                 B_TILE_448_i|       pointer|
|B_TILE_448_i_ap_vld  |   in|     1|     ap_none|                 B_TILE_448_i|       pointer|
|B_TILE_449_i         |   in|    32|     ap_none|                 B_TILE_449_i|       pointer|
|B_TILE_449_i_ap_vld  |   in|     1|     ap_none|                 B_TILE_449_i|       pointer|
|B_TILE_450_i         |   in|    32|     ap_none|                 B_TILE_450_i|       pointer|
|B_TILE_450_i_ap_vld  |   in|     1|     ap_none|                 B_TILE_450_i|       pointer|
|B_TILE_451_i         |   in|    32|     ap_none|                 B_TILE_451_i|       pointer|
|B_TILE_451_i_ap_vld  |   in|     1|     ap_none|                 B_TILE_451_i|       pointer|
|B_TILE_452_i         |   in|    32|     ap_none|                 B_TILE_452_i|       pointer|
|B_TILE_452_i_ap_vld  |   in|     1|     ap_none|                 B_TILE_452_i|       pointer|
|B_TILE_453_i         |   in|    32|     ap_none|                 B_TILE_453_i|       pointer|
|B_TILE_453_i_ap_vld  |   in|     1|     ap_none|                 B_TILE_453_i|       pointer|
|B_TILE_454_i         |   in|    32|     ap_none|                 B_TILE_454_i|       pointer|
|B_TILE_454_i_ap_vld  |   in|     1|     ap_none|                 B_TILE_454_i|       pointer|
|B_TILE_455_i         |   in|    32|     ap_none|                 B_TILE_455_i|       pointer|
|B_TILE_455_i_ap_vld  |   in|     1|     ap_none|                 B_TILE_455_i|       pointer|
|B_TILE_456_i         |   in|    32|     ap_none|                 B_TILE_456_i|       pointer|
|B_TILE_456_i_ap_vld  |   in|     1|     ap_none|                 B_TILE_456_i|       pointer|
|B_TILE_457_i         |   in|    32|     ap_none|                 B_TILE_457_i|       pointer|
|B_TILE_457_i_ap_vld  |   in|     1|     ap_none|                 B_TILE_457_i|       pointer|
|B_TILE_458_i         |   in|    32|     ap_none|                 B_TILE_458_i|       pointer|
|B_TILE_458_i_ap_vld  |   in|     1|     ap_none|                 B_TILE_458_i|       pointer|
|B_TILE_459_i         |   in|    32|     ap_none|                 B_TILE_459_i|       pointer|
|B_TILE_459_i_ap_vld  |   in|     1|     ap_none|                 B_TILE_459_i|       pointer|
|B_TILE_460_i         |   in|    32|     ap_none|                 B_TILE_460_i|       pointer|
|B_TILE_460_i_ap_vld  |   in|     1|     ap_none|                 B_TILE_460_i|       pointer|
|B_TILE_461_i         |   in|    32|     ap_none|                 B_TILE_461_i|       pointer|
|B_TILE_461_i_ap_vld  |   in|     1|     ap_none|                 B_TILE_461_i|       pointer|
|B_TILE_462_i         |   in|    32|     ap_none|                 B_TILE_462_i|       pointer|
|B_TILE_462_i_ap_vld  |   in|     1|     ap_none|                 B_TILE_462_i|       pointer|
|B_TILE_463_i         |   in|    32|     ap_none|                 B_TILE_463_i|       pointer|
|B_TILE_463_i_ap_vld  |   in|     1|     ap_none|                 B_TILE_463_i|       pointer|
|B_TILE_464_i         |   in|    32|     ap_none|                 B_TILE_464_i|       pointer|
|B_TILE_464_i_ap_vld  |   in|     1|     ap_none|                 B_TILE_464_i|       pointer|
|B_TILE_465_i         |   in|    32|     ap_none|                 B_TILE_465_i|       pointer|
|B_TILE_465_i_ap_vld  |   in|     1|     ap_none|                 B_TILE_465_i|       pointer|
|B_TILE_466_i         |   in|    32|     ap_none|                 B_TILE_466_i|       pointer|
|B_TILE_466_i_ap_vld  |   in|     1|     ap_none|                 B_TILE_466_i|       pointer|
|B_TILE_467_i         |   in|    32|     ap_none|                 B_TILE_467_i|       pointer|
|B_TILE_467_i_ap_vld  |   in|     1|     ap_none|                 B_TILE_467_i|       pointer|
|B_TILE_468_i         |   in|    32|     ap_none|                 B_TILE_468_i|       pointer|
|B_TILE_468_i_ap_vld  |   in|     1|     ap_none|                 B_TILE_468_i|       pointer|
|B_TILE_469_i         |   in|    32|     ap_none|                 B_TILE_469_i|       pointer|
|B_TILE_469_i_ap_vld  |   in|     1|     ap_none|                 B_TILE_469_i|       pointer|
|B_TILE_470_i         |   in|    32|     ap_none|                 B_TILE_470_i|       pointer|
|B_TILE_470_i_ap_vld  |   in|     1|     ap_none|                 B_TILE_470_i|       pointer|
|B_TILE_471_i         |   in|    32|     ap_none|                 B_TILE_471_i|       pointer|
|B_TILE_471_i_ap_vld  |   in|     1|     ap_none|                 B_TILE_471_i|       pointer|
|B_TILE_472_i         |   in|    32|     ap_none|                 B_TILE_472_i|       pointer|
|B_TILE_472_i_ap_vld  |   in|     1|     ap_none|                 B_TILE_472_i|       pointer|
|B_TILE_473_i         |   in|    32|     ap_none|                 B_TILE_473_i|       pointer|
|B_TILE_473_i_ap_vld  |   in|     1|     ap_none|                 B_TILE_473_i|       pointer|
|B_TILE_474_i         |   in|    32|     ap_none|                 B_TILE_474_i|       pointer|
|B_TILE_474_i_ap_vld  |   in|     1|     ap_none|                 B_TILE_474_i|       pointer|
|B_TILE_475_i         |   in|    32|     ap_none|                 B_TILE_475_i|       pointer|
|B_TILE_475_i_ap_vld  |   in|     1|     ap_none|                 B_TILE_475_i|       pointer|
|B_TILE_476_i         |   in|    32|     ap_none|                 B_TILE_476_i|       pointer|
|B_TILE_476_i_ap_vld  |   in|     1|     ap_none|                 B_TILE_476_i|       pointer|
|B_TILE_477_i         |   in|    32|     ap_none|                 B_TILE_477_i|       pointer|
|B_TILE_477_i_ap_vld  |   in|     1|     ap_none|                 B_TILE_477_i|       pointer|
|B_TILE_478_i         |   in|    32|     ap_none|                 B_TILE_478_i|       pointer|
|B_TILE_478_i_ap_vld  |   in|     1|     ap_none|                 B_TILE_478_i|       pointer|
|B_TILE_479_i         |   in|    32|     ap_none|                 B_TILE_479_i|       pointer|
|B_TILE_479_i_ap_vld  |   in|     1|     ap_none|                 B_TILE_479_i|       pointer|
|B_TILE_480_i         |   in|    32|     ap_none|                 B_TILE_480_i|       pointer|
|B_TILE_480_i_ap_vld  |   in|     1|     ap_none|                 B_TILE_480_i|       pointer|
|B_TILE_481_i         |   in|    32|     ap_none|                 B_TILE_481_i|       pointer|
|B_TILE_481_i_ap_vld  |   in|     1|     ap_none|                 B_TILE_481_i|       pointer|
|B_TILE_482_i         |   in|    32|     ap_none|                 B_TILE_482_i|       pointer|
|B_TILE_482_i_ap_vld  |   in|     1|     ap_none|                 B_TILE_482_i|       pointer|
|B_TILE_483_i         |   in|    32|     ap_none|                 B_TILE_483_i|       pointer|
|B_TILE_483_i_ap_vld  |   in|     1|     ap_none|                 B_TILE_483_i|       pointer|
|B_TILE_484_i         |   in|    32|     ap_none|                 B_TILE_484_i|       pointer|
|B_TILE_484_i_ap_vld  |   in|     1|     ap_none|                 B_TILE_484_i|       pointer|
|B_TILE_485_i         |   in|    32|     ap_none|                 B_TILE_485_i|       pointer|
|B_TILE_485_i_ap_vld  |   in|     1|     ap_none|                 B_TILE_485_i|       pointer|
|B_TILE_486_i         |   in|    32|     ap_none|                 B_TILE_486_i|       pointer|
|B_TILE_486_i_ap_vld  |   in|     1|     ap_none|                 B_TILE_486_i|       pointer|
|B_TILE_487_i         |   in|    32|     ap_none|                 B_TILE_487_i|       pointer|
|B_TILE_487_i_ap_vld  |   in|     1|     ap_none|                 B_TILE_487_i|       pointer|
|B_TILE_488_i         |   in|    32|     ap_none|                 B_TILE_488_i|       pointer|
|B_TILE_488_i_ap_vld  |   in|     1|     ap_none|                 B_TILE_488_i|       pointer|
|B_TILE_489_i         |   in|    32|     ap_none|                 B_TILE_489_i|       pointer|
|B_TILE_489_i_ap_vld  |   in|     1|     ap_none|                 B_TILE_489_i|       pointer|
|B_TILE_490_i         |   in|    32|     ap_none|                 B_TILE_490_i|       pointer|
|B_TILE_490_i_ap_vld  |   in|     1|     ap_none|                 B_TILE_490_i|       pointer|
|B_TILE_491_i         |   in|    32|     ap_none|                 B_TILE_491_i|       pointer|
|B_TILE_491_i_ap_vld  |   in|     1|     ap_none|                 B_TILE_491_i|       pointer|
|B_TILE_492_i         |   in|    32|     ap_none|                 B_TILE_492_i|       pointer|
|B_TILE_492_i_ap_vld  |   in|     1|     ap_none|                 B_TILE_492_i|       pointer|
|B_TILE_493_i         |   in|    32|     ap_none|                 B_TILE_493_i|       pointer|
|B_TILE_493_i_ap_vld  |   in|     1|     ap_none|                 B_TILE_493_i|       pointer|
|B_TILE_494_i         |   in|    32|     ap_none|                 B_TILE_494_i|       pointer|
|B_TILE_494_i_ap_vld  |   in|     1|     ap_none|                 B_TILE_494_i|       pointer|
|B_TILE_495_i         |   in|    32|     ap_none|                 B_TILE_495_i|       pointer|
|B_TILE_495_i_ap_vld  |   in|     1|     ap_none|                 B_TILE_495_i|       pointer|
|B_TILE_496_i         |   in|    32|     ap_none|                 B_TILE_496_i|       pointer|
|B_TILE_496_i_ap_vld  |   in|     1|     ap_none|                 B_TILE_496_i|       pointer|
|B_TILE_497_i         |   in|    32|     ap_none|                 B_TILE_497_i|       pointer|
|B_TILE_497_i_ap_vld  |   in|     1|     ap_none|                 B_TILE_497_i|       pointer|
|B_TILE_498_i         |   in|    32|     ap_none|                 B_TILE_498_i|       pointer|
|B_TILE_498_i_ap_vld  |   in|     1|     ap_none|                 B_TILE_498_i|       pointer|
|B_TILE_499_i         |   in|    32|     ap_none|                 B_TILE_499_i|       pointer|
|B_TILE_499_i_ap_vld  |   in|     1|     ap_none|                 B_TILE_499_i|       pointer|
|B_TILE_500_i         |   in|    32|     ap_none|                 B_TILE_500_i|       pointer|
|B_TILE_500_i_ap_vld  |   in|     1|     ap_none|                 B_TILE_500_i|       pointer|
|B_TILE_501_i         |   in|    32|     ap_none|                 B_TILE_501_i|       pointer|
|B_TILE_501_i_ap_vld  |   in|     1|     ap_none|                 B_TILE_501_i|       pointer|
|B_TILE_502_i         |   in|    32|     ap_none|                 B_TILE_502_i|       pointer|
|B_TILE_502_i_ap_vld  |   in|     1|     ap_none|                 B_TILE_502_i|       pointer|
|B_TILE_503_i         |   in|    32|     ap_none|                 B_TILE_503_i|       pointer|
|B_TILE_503_i_ap_vld  |   in|     1|     ap_none|                 B_TILE_503_i|       pointer|
|B_TILE_504_i         |   in|    32|     ap_none|                 B_TILE_504_i|       pointer|
|B_TILE_504_i_ap_vld  |   in|     1|     ap_none|                 B_TILE_504_i|       pointer|
|B_TILE_505_i         |   in|    32|     ap_none|                 B_TILE_505_i|       pointer|
|B_TILE_505_i_ap_vld  |   in|     1|     ap_none|                 B_TILE_505_i|       pointer|
|B_TILE_506_i         |   in|    32|     ap_none|                 B_TILE_506_i|       pointer|
|B_TILE_506_i_ap_vld  |   in|     1|     ap_none|                 B_TILE_506_i|       pointer|
|B_TILE_507_i         |   in|    32|     ap_none|                 B_TILE_507_i|       pointer|
|B_TILE_507_i_ap_vld  |   in|     1|     ap_none|                 B_TILE_507_i|       pointer|
|B_TILE_508_i         |   in|    32|     ap_none|                 B_TILE_508_i|       pointer|
|B_TILE_508_i_ap_vld  |   in|     1|     ap_none|                 B_TILE_508_i|       pointer|
|B_TILE_509_i         |   in|    32|     ap_none|                 B_TILE_509_i|       pointer|
|B_TILE_509_i_ap_vld  |   in|     1|     ap_none|                 B_TILE_509_i|       pointer|
|B_TILE_510_i         |   in|    32|     ap_none|                 B_TILE_510_i|       pointer|
|B_TILE_510_i_ap_vld  |   in|     1|     ap_none|                 B_TILE_510_i|       pointer|
|B_TILE_511_i         |   in|    32|     ap_none|                 B_TILE_511_i|       pointer|
|B_TILE_511_i_ap_vld  |   in|     1|     ap_none|                 B_TILE_511_i|       pointer|
|A_in_dout            |   in|  1024|     ap_fifo|                         A_in|       pointer|
|A_in_empty_n         |   in|     1|     ap_fifo|                         A_in|       pointer|
|A_in_read            |  out|     1|     ap_fifo|                         A_in|       pointer|
|tileB_dout           |   in|     3|     ap_fifo|                        tileB|       pointer|
|tileB_empty_n        |   in|     1|     ap_fifo|                        tileB|       pointer|
|tileB_read           |  out|     1|     ap_fifo|                        tileB|       pointer|
|C_out_6_6_din        |  out|   512|     ap_fifo|                    C_out_6_6|       pointer|
|C_out_6_6_full_n     |   in|     1|     ap_fifo|                    C_out_6_6|       pointer|
|C_out_6_6_write      |  out|     1|     ap_fifo|                    C_out_6_6|       pointer|
|C_out_6_5_din        |  out|   512|     ap_fifo|                    C_out_6_5|       pointer|
|C_out_6_5_full_n     |   in|     1|     ap_fifo|                    C_out_6_5|       pointer|
|C_out_6_5_write      |  out|     1|     ap_fifo|                    C_out_6_5|       pointer|
|C_out_6_4_din        |  out|   512|     ap_fifo|                    C_out_6_4|       pointer|
|C_out_6_4_full_n     |   in|     1|     ap_fifo|                    C_out_6_4|       pointer|
|C_out_6_4_write      |  out|     1|     ap_fifo|                    C_out_6_4|       pointer|
|C_out_6_3_din        |  out|   512|     ap_fifo|                    C_out_6_3|       pointer|
|C_out_6_3_full_n     |   in|     1|     ap_fifo|                    C_out_6_3|       pointer|
|C_out_6_3_write      |  out|     1|     ap_fifo|                    C_out_6_3|       pointer|
|C_out_6_2_din        |  out|   512|     ap_fifo|                    C_out_6_2|       pointer|
|C_out_6_2_full_n     |   in|     1|     ap_fifo|                    C_out_6_2|       pointer|
|C_out_6_2_write      |  out|     1|     ap_fifo|                    C_out_6_2|       pointer|
|C_out_6_1_din        |  out|   512|     ap_fifo|                    C_out_6_1|       pointer|
|C_out_6_1_full_n     |   in|     1|     ap_fifo|                    C_out_6_1|       pointer|
|C_out_6_1_write      |  out|     1|     ap_fifo|                    C_out_6_1|       pointer|
|C_out_6_0_din        |  out|   512|     ap_fifo|                    C_out_6_0|       pointer|
|C_out_6_0_full_n     |   in|     1|     ap_fifo|                    C_out_6_0|       pointer|
|C_out_6_0_write      |  out|     1|     ap_fifo|                    C_out_6_0|       pointer|
|C_out_6_7_din        |  out|   512|     ap_fifo|                    C_out_6_7|       pointer|
|C_out_6_7_full_n     |   in|     1|     ap_fifo|                    C_out_6_7|       pointer|
|C_out_6_7_write      |  out|     1|     ap_fifo|                    C_out_6_7|       pointer|
|C_out_5_6_din        |  out|   512|     ap_fifo|                    C_out_5_6|       pointer|
|C_out_5_6_full_n     |   in|     1|     ap_fifo|                    C_out_5_6|       pointer|
|C_out_5_6_write      |  out|     1|     ap_fifo|                    C_out_5_6|       pointer|
|C_out_5_5_din        |  out|   512|     ap_fifo|                    C_out_5_5|       pointer|
|C_out_5_5_full_n     |   in|     1|     ap_fifo|                    C_out_5_5|       pointer|
|C_out_5_5_write      |  out|     1|     ap_fifo|                    C_out_5_5|       pointer|
|C_out_5_4_din        |  out|   512|     ap_fifo|                    C_out_5_4|       pointer|
|C_out_5_4_full_n     |   in|     1|     ap_fifo|                    C_out_5_4|       pointer|
|C_out_5_4_write      |  out|     1|     ap_fifo|                    C_out_5_4|       pointer|
|C_out_5_3_din        |  out|   512|     ap_fifo|                    C_out_5_3|       pointer|
|C_out_5_3_full_n     |   in|     1|     ap_fifo|                    C_out_5_3|       pointer|
|C_out_5_3_write      |  out|     1|     ap_fifo|                    C_out_5_3|       pointer|
|C_out_5_2_din        |  out|   512|     ap_fifo|                    C_out_5_2|       pointer|
|C_out_5_2_full_n     |   in|     1|     ap_fifo|                    C_out_5_2|       pointer|
|C_out_5_2_write      |  out|     1|     ap_fifo|                    C_out_5_2|       pointer|
|C_out_5_1_din        |  out|   512|     ap_fifo|                    C_out_5_1|       pointer|
|C_out_5_1_full_n     |   in|     1|     ap_fifo|                    C_out_5_1|       pointer|
|C_out_5_1_write      |  out|     1|     ap_fifo|                    C_out_5_1|       pointer|
|C_out_5_0_din        |  out|   512|     ap_fifo|                    C_out_5_0|       pointer|
|C_out_5_0_full_n     |   in|     1|     ap_fifo|                    C_out_5_0|       pointer|
|C_out_5_0_write      |  out|     1|     ap_fifo|                    C_out_5_0|       pointer|
|C_out_5_7_din        |  out|   512|     ap_fifo|                    C_out_5_7|       pointer|
|C_out_5_7_full_n     |   in|     1|     ap_fifo|                    C_out_5_7|       pointer|
|C_out_5_7_write      |  out|     1|     ap_fifo|                    C_out_5_7|       pointer|
|C_out_4_6_din        |  out|   512|     ap_fifo|                    C_out_4_6|       pointer|
|C_out_4_6_full_n     |   in|     1|     ap_fifo|                    C_out_4_6|       pointer|
|C_out_4_6_write      |  out|     1|     ap_fifo|                    C_out_4_6|       pointer|
|C_out_4_5_din        |  out|   512|     ap_fifo|                    C_out_4_5|       pointer|
|C_out_4_5_full_n     |   in|     1|     ap_fifo|                    C_out_4_5|       pointer|
|C_out_4_5_write      |  out|     1|     ap_fifo|                    C_out_4_5|       pointer|
|C_out_4_4_din        |  out|   512|     ap_fifo|                    C_out_4_4|       pointer|
|C_out_4_4_full_n     |   in|     1|     ap_fifo|                    C_out_4_4|       pointer|
|C_out_4_4_write      |  out|     1|     ap_fifo|                    C_out_4_4|       pointer|
|C_out_4_3_din        |  out|   512|     ap_fifo|                    C_out_4_3|       pointer|
|C_out_4_3_full_n     |   in|     1|     ap_fifo|                    C_out_4_3|       pointer|
|C_out_4_3_write      |  out|     1|     ap_fifo|                    C_out_4_3|       pointer|
|C_out_4_2_din        |  out|   512|     ap_fifo|                    C_out_4_2|       pointer|
|C_out_4_2_full_n     |   in|     1|     ap_fifo|                    C_out_4_2|       pointer|
|C_out_4_2_write      |  out|     1|     ap_fifo|                    C_out_4_2|       pointer|
|C_out_4_1_din        |  out|   512|     ap_fifo|                    C_out_4_1|       pointer|
|C_out_4_1_full_n     |   in|     1|     ap_fifo|                    C_out_4_1|       pointer|
|C_out_4_1_write      |  out|     1|     ap_fifo|                    C_out_4_1|       pointer|
|C_out_4_0_din        |  out|   512|     ap_fifo|                    C_out_4_0|       pointer|
|C_out_4_0_full_n     |   in|     1|     ap_fifo|                    C_out_4_0|       pointer|
|C_out_4_0_write      |  out|     1|     ap_fifo|                    C_out_4_0|       pointer|
|C_out_4_7_din        |  out|   512|     ap_fifo|                    C_out_4_7|       pointer|
|C_out_4_7_full_n     |   in|     1|     ap_fifo|                    C_out_4_7|       pointer|
|C_out_4_7_write      |  out|     1|     ap_fifo|                    C_out_4_7|       pointer|
|C_out_3_6_din        |  out|   512|     ap_fifo|                    C_out_3_6|       pointer|
|C_out_3_6_full_n     |   in|     1|     ap_fifo|                    C_out_3_6|       pointer|
|C_out_3_6_write      |  out|     1|     ap_fifo|                    C_out_3_6|       pointer|
|C_out_3_5_din        |  out|   512|     ap_fifo|                    C_out_3_5|       pointer|
|C_out_3_5_full_n     |   in|     1|     ap_fifo|                    C_out_3_5|       pointer|
|C_out_3_5_write      |  out|     1|     ap_fifo|                    C_out_3_5|       pointer|
|C_out_3_4_din        |  out|   512|     ap_fifo|                    C_out_3_4|       pointer|
|C_out_3_4_full_n     |   in|     1|     ap_fifo|                    C_out_3_4|       pointer|
|C_out_3_4_write      |  out|     1|     ap_fifo|                    C_out_3_4|       pointer|
|C_out_3_3_din        |  out|   512|     ap_fifo|                    C_out_3_3|       pointer|
|C_out_3_3_full_n     |   in|     1|     ap_fifo|                    C_out_3_3|       pointer|
|C_out_3_3_write      |  out|     1|     ap_fifo|                    C_out_3_3|       pointer|
|C_out_3_2_din        |  out|   512|     ap_fifo|                    C_out_3_2|       pointer|
|C_out_3_2_full_n     |   in|     1|     ap_fifo|                    C_out_3_2|       pointer|
|C_out_3_2_write      |  out|     1|     ap_fifo|                    C_out_3_2|       pointer|
|C_out_3_1_din        |  out|   512|     ap_fifo|                    C_out_3_1|       pointer|
|C_out_3_1_full_n     |   in|     1|     ap_fifo|                    C_out_3_1|       pointer|
|C_out_3_1_write      |  out|     1|     ap_fifo|                    C_out_3_1|       pointer|
|C_out_3_0_din        |  out|   512|     ap_fifo|                    C_out_3_0|       pointer|
|C_out_3_0_full_n     |   in|     1|     ap_fifo|                    C_out_3_0|       pointer|
|C_out_3_0_write      |  out|     1|     ap_fifo|                    C_out_3_0|       pointer|
|C_out_3_7_din        |  out|   512|     ap_fifo|                    C_out_3_7|       pointer|
|C_out_3_7_full_n     |   in|     1|     ap_fifo|                    C_out_3_7|       pointer|
|C_out_3_7_write      |  out|     1|     ap_fifo|                    C_out_3_7|       pointer|
|C_out_2_6_din        |  out|   512|     ap_fifo|                    C_out_2_6|       pointer|
|C_out_2_6_full_n     |   in|     1|     ap_fifo|                    C_out_2_6|       pointer|
|C_out_2_6_write      |  out|     1|     ap_fifo|                    C_out_2_6|       pointer|
|C_out_2_5_din        |  out|   512|     ap_fifo|                    C_out_2_5|       pointer|
|C_out_2_5_full_n     |   in|     1|     ap_fifo|                    C_out_2_5|       pointer|
|C_out_2_5_write      |  out|     1|     ap_fifo|                    C_out_2_5|       pointer|
|C_out_2_4_din        |  out|   512|     ap_fifo|                    C_out_2_4|       pointer|
|C_out_2_4_full_n     |   in|     1|     ap_fifo|                    C_out_2_4|       pointer|
|C_out_2_4_write      |  out|     1|     ap_fifo|                    C_out_2_4|       pointer|
|C_out_2_3_din        |  out|   512|     ap_fifo|                    C_out_2_3|       pointer|
|C_out_2_3_full_n     |   in|     1|     ap_fifo|                    C_out_2_3|       pointer|
|C_out_2_3_write      |  out|     1|     ap_fifo|                    C_out_2_3|       pointer|
|C_out_2_2_din        |  out|   512|     ap_fifo|                    C_out_2_2|       pointer|
|C_out_2_2_full_n     |   in|     1|     ap_fifo|                    C_out_2_2|       pointer|
|C_out_2_2_write      |  out|     1|     ap_fifo|                    C_out_2_2|       pointer|
|C_out_2_1_din        |  out|   512|     ap_fifo|                    C_out_2_1|       pointer|
|C_out_2_1_full_n     |   in|     1|     ap_fifo|                    C_out_2_1|       pointer|
|C_out_2_1_write      |  out|     1|     ap_fifo|                    C_out_2_1|       pointer|
|C_out_2_0_din        |  out|   512|     ap_fifo|                    C_out_2_0|       pointer|
|C_out_2_0_full_n     |   in|     1|     ap_fifo|                    C_out_2_0|       pointer|
|C_out_2_0_write      |  out|     1|     ap_fifo|                    C_out_2_0|       pointer|
|C_out_2_7_din        |  out|   512|     ap_fifo|                    C_out_2_7|       pointer|
|C_out_2_7_full_n     |   in|     1|     ap_fifo|                    C_out_2_7|       pointer|
|C_out_2_7_write      |  out|     1|     ap_fifo|                    C_out_2_7|       pointer|
|C_out_1_6_din        |  out|   512|     ap_fifo|                    C_out_1_6|       pointer|
|C_out_1_6_full_n     |   in|     1|     ap_fifo|                    C_out_1_6|       pointer|
|C_out_1_6_write      |  out|     1|     ap_fifo|                    C_out_1_6|       pointer|
|C_out_1_5_din        |  out|   512|     ap_fifo|                    C_out_1_5|       pointer|
|C_out_1_5_full_n     |   in|     1|     ap_fifo|                    C_out_1_5|       pointer|
|C_out_1_5_write      |  out|     1|     ap_fifo|                    C_out_1_5|       pointer|
|C_out_1_4_din        |  out|   512|     ap_fifo|                    C_out_1_4|       pointer|
|C_out_1_4_full_n     |   in|     1|     ap_fifo|                    C_out_1_4|       pointer|
|C_out_1_4_write      |  out|     1|     ap_fifo|                    C_out_1_4|       pointer|
|C_out_1_3_din        |  out|   512|     ap_fifo|                    C_out_1_3|       pointer|
|C_out_1_3_full_n     |   in|     1|     ap_fifo|                    C_out_1_3|       pointer|
|C_out_1_3_write      |  out|     1|     ap_fifo|                    C_out_1_3|       pointer|
|C_out_1_2_din        |  out|   512|     ap_fifo|                    C_out_1_2|       pointer|
|C_out_1_2_full_n     |   in|     1|     ap_fifo|                    C_out_1_2|       pointer|
|C_out_1_2_write      |  out|     1|     ap_fifo|                    C_out_1_2|       pointer|
|C_out_1_1_din        |  out|   512|     ap_fifo|                    C_out_1_1|       pointer|
|C_out_1_1_full_n     |   in|     1|     ap_fifo|                    C_out_1_1|       pointer|
|C_out_1_1_write      |  out|     1|     ap_fifo|                    C_out_1_1|       pointer|
|C_out_1_0_din        |  out|   512|     ap_fifo|                    C_out_1_0|       pointer|
|C_out_1_0_full_n     |   in|     1|     ap_fifo|                    C_out_1_0|       pointer|
|C_out_1_0_write      |  out|     1|     ap_fifo|                    C_out_1_0|       pointer|
|C_out_1_7_din        |  out|   512|     ap_fifo|                    C_out_1_7|       pointer|
|C_out_1_7_full_n     |   in|     1|     ap_fifo|                    C_out_1_7|       pointer|
|C_out_1_7_write      |  out|     1|     ap_fifo|                    C_out_1_7|       pointer|
|C_out_0_6_din        |  out|   512|     ap_fifo|                    C_out_0_6|       pointer|
|C_out_0_6_full_n     |   in|     1|     ap_fifo|                    C_out_0_6|       pointer|
|C_out_0_6_write      |  out|     1|     ap_fifo|                    C_out_0_6|       pointer|
|C_out_0_5_din        |  out|   512|     ap_fifo|                    C_out_0_5|       pointer|
|C_out_0_5_full_n     |   in|     1|     ap_fifo|                    C_out_0_5|       pointer|
|C_out_0_5_write      |  out|     1|     ap_fifo|                    C_out_0_5|       pointer|
|C_out_0_4_din        |  out|   512|     ap_fifo|                    C_out_0_4|       pointer|
|C_out_0_4_full_n     |   in|     1|     ap_fifo|                    C_out_0_4|       pointer|
|C_out_0_4_write      |  out|     1|     ap_fifo|                    C_out_0_4|       pointer|
|C_out_0_3_din        |  out|   512|     ap_fifo|                    C_out_0_3|       pointer|
|C_out_0_3_full_n     |   in|     1|     ap_fifo|                    C_out_0_3|       pointer|
|C_out_0_3_write      |  out|     1|     ap_fifo|                    C_out_0_3|       pointer|
|C_out_0_2_din        |  out|   512|     ap_fifo|                    C_out_0_2|       pointer|
|C_out_0_2_full_n     |   in|     1|     ap_fifo|                    C_out_0_2|       pointer|
|C_out_0_2_write      |  out|     1|     ap_fifo|                    C_out_0_2|       pointer|
|C_out_0_1_din        |  out|   512|     ap_fifo|                    C_out_0_1|       pointer|
|C_out_0_1_full_n     |   in|     1|     ap_fifo|                    C_out_0_1|       pointer|
|C_out_0_1_write      |  out|     1|     ap_fifo|                    C_out_0_1|       pointer|
|C_out_0_0_din        |  out|   512|     ap_fifo|                    C_out_0_0|       pointer|
|C_out_0_0_full_n     |   in|     1|     ap_fifo|                    C_out_0_0|       pointer|
|C_out_0_0_write      |  out|     1|     ap_fifo|                    C_out_0_0|       pointer|
|C_out_0_7_din        |  out|   512|     ap_fifo|                    C_out_0_7|       pointer|
|C_out_0_7_full_n     |   in|     1|     ap_fifo|                    C_out_0_7|       pointer|
|C_out_0_7_write      |  out|     1|     ap_fifo|                    C_out_0_7|       pointer|
|C_out_7_6_din        |  out|   512|     ap_fifo|                    C_out_7_6|       pointer|
|C_out_7_6_full_n     |   in|     1|     ap_fifo|                    C_out_7_6|       pointer|
|C_out_7_6_write      |  out|     1|     ap_fifo|                    C_out_7_6|       pointer|
|C_out_7_5_din        |  out|   512|     ap_fifo|                    C_out_7_5|       pointer|
|C_out_7_5_full_n     |   in|     1|     ap_fifo|                    C_out_7_5|       pointer|
|C_out_7_5_write      |  out|     1|     ap_fifo|                    C_out_7_5|       pointer|
|C_out_7_4_din        |  out|   512|     ap_fifo|                    C_out_7_4|       pointer|
|C_out_7_4_full_n     |   in|     1|     ap_fifo|                    C_out_7_4|       pointer|
|C_out_7_4_write      |  out|     1|     ap_fifo|                    C_out_7_4|       pointer|
|C_out_7_3_din        |  out|   512|     ap_fifo|                    C_out_7_3|       pointer|
|C_out_7_3_full_n     |   in|     1|     ap_fifo|                    C_out_7_3|       pointer|
|C_out_7_3_write      |  out|     1|     ap_fifo|                    C_out_7_3|       pointer|
|C_out_7_2_din        |  out|   512|     ap_fifo|                    C_out_7_2|       pointer|
|C_out_7_2_full_n     |   in|     1|     ap_fifo|                    C_out_7_2|       pointer|
|C_out_7_2_write      |  out|     1|     ap_fifo|                    C_out_7_2|       pointer|
|C_out_7_1_din        |  out|   512|     ap_fifo|                    C_out_7_1|       pointer|
|C_out_7_1_full_n     |   in|     1|     ap_fifo|                    C_out_7_1|       pointer|
|C_out_7_1_write      |  out|     1|     ap_fifo|                    C_out_7_1|       pointer|
|C_out_7_0_din        |  out|   512|     ap_fifo|                    C_out_7_0|       pointer|
|C_out_7_0_full_n     |   in|     1|     ap_fifo|                    C_out_7_0|       pointer|
|C_out_7_0_write      |  out|     1|     ap_fifo|                    C_out_7_0|       pointer|
|C_out_7_7_din        |  out|   512|     ap_fifo|                    C_out_7_7|       pointer|
|C_out_7_7_full_n     |   in|     1|     ap_fifo|                    C_out_7_7|       pointer|
|C_out_7_7_write      |  out|     1|     ap_fifo|                    C_out_7_7|       pointer|
|ap_clk               |   in|     1|  ap_ctrl_hs|  tile_loop_A_proc278.wrapper|  return value|
|ap_rst               |   in|     1|  ap_ctrl_hs|  tile_loop_A_proc278.wrapper|  return value|
|ap_start             |   in|     1|  ap_ctrl_hs|  tile_loop_A_proc278.wrapper|  return value|
|ap_done              |  out|     1|  ap_ctrl_hs|  tile_loop_A_proc278.wrapper|  return value|
|ap_ready             |  out|     1|  ap_ctrl_hs|  tile_loop_A_proc278.wrapper|  return value|
|ap_idle              |  out|     1|  ap_ctrl_hs|  tile_loop_A_proc278.wrapper|  return value|
|ap_continue          |   in|     1|  ap_ctrl_hs|  tile_loop_A_proc278.wrapper|  return value|
+---------------------+-----+------+------------+-----------------------------+--------------+

